age,job,marital,education,default,balance,housing,loan,contact,day,month,campaign,pdays,previous,poutcome,was_contacted_before,xac_suat_dong_y
54,unknown,married,secondary,no,2206,no,no,cellular,11,feb,1,91,3,success,1,0.9375
60,retired,married,secondary,no,523,no,no,cellular,11,feb,1,182,3,success,1,0.9225
43,management,married,tertiary,no,2987,no,no,cellular,11,mar,3,-1,0,unknown,1,0.9225
25,student,single,secondary,no,469,no,no,cellular,24,feb,1,187,2,success,1,0.9125
31,management,single,tertiary,no,533,no,no,cellular,11,feb,1,91,9,success,1,0.905
20,student,single,secondary,no,215,no,no,cellular,24,feb,1,92,6,success,1,0.89
36,services,married,secondary,no,4721,no,no,cellular,9,jun,1,92,5,success,1,0.885
48,unemployed,married,secondary,no,926,no,no,cellular,15,feb,4,185,6,success,1,0.885
33,management,single,tertiary,no,935,no,no,cellular,9,feb,2,92,8,success,1,0.8825
51,management,married,tertiary,no,469,no,no,cellular,14,oct,1,182,3,success,1,0.875
62,retired,married,secondary,no,243,no,no,cellular,25,jan,1,280,1,success,1,0.87
28,management,single,tertiary,no,187,no,no,cellular,9,jun,1,92,1,success,1,0.865
72,retired,married,secondary,no,5715,no,no,cellular,17,may,1,181,2,success,1,0.8575
30,management,single,tertiary,no,572,no,no,cellular,17,jun,3,183,2,success,1,0.855
36,management,married,tertiary,no,495,no,no,cellular,5,aug,3,97,2,success,1,0.855
47,management,married,tertiary,no,699,no,no,cellular,5,aug,3,97,2,success,1,0.8475
35,blue-collar,married,secondary,no,1454,yes,no,cellular,12,aug,1,182,4,success,1,0.845
77,management,married,unknown,no,1780,yes,no,cellular,23,oct,2,183,3,success,1,0.8425
48,unemployed,married,secondary,no,926,no,no,cellular,12,aug,2,178,10,success,1,0.8425
36,management,married,tertiary,no,2161,no,no,cellular,8,sep,2,183,5,success,1,0.84
34,unemployed,single,tertiary,no,1974,no,no,cellular,22,jul,1,342,3,success,1,0.84
38,services,married,secondary,no,2678,no,no,cellular,28,sep,2,187,1,success,1,0.84
31,management,single,tertiary,no,3384,no,no,cellular,22,mar,3,187,3,success,1,0.8375
32,management,single,tertiary,no,1619,no,no,cellular,17,mar,1,321,2,success,1,0.8375
59,unemployed,married,secondary,no,1047,no,no,cellular,21,aug,1,184,3,success,1,0.835
33,management,single,tertiary,no,1781,no,no,cellular,8,oct,2,183,1,success,1,0.835
40,admin.,married,secondary,no,732,no,no,cellular,9,sep,1,139,4,success,1,0.83
51,management,married,tertiary,no,469,no,no,cellular,15,apr,1,181,2,success,1,0.83
54,management,married,tertiary,no,1624,no,no,cellular,12,may,3,182,10,success,1,0.82
57,management,married,tertiary,no,10583,no,no,cellular,28,sep,3,98,3,success,1,0.8175
32,services,married,secondary,no,914,no,no,cellular,29,dec,1,197,1,success,1,0.8175
33,technician,married,secondary,no,133,no,no,cellular,12,nov,2,192,1,success,1,0.8125
28,student,single,secondary,no,1925,no,no,cellular,26,feb,1,93,3,success,1,0.8125
33,blue-collar,single,tertiary,no,700,no,no,cellular,30,apr,1,80,2,success,1,0.8125
64,retired,divorced,primary,no,109,no,no,cellular,23,jun,1,225,2,success,1,0.81
41,unemployed,single,tertiary,no,7968,no,no,cellular,2,sep,1,184,4,success,1,0.8075
46,admin.,married,secondary,no,974,no,no,cellular,5,jun,2,80,1,success,1,0.8025
60,services,single,secondary,no,739,no,no,cellular,15,jul,1,182,1,success,1,0.8025
31,student,single,tertiary,no,64,no,no,cellular,15,sep,1,105,2,success,1,0.8
66,retired,married,primary,no,1004,no,no,cellular,28,apr,1,182,1,success,1,0.8
56,management,married,unknown,no,4623,no,no,cellular,25,feb,1,192,1,success,1,0.8
33,unemployed,married,secondary,no,1211,no,no,cellular,11,feb,1,188,1,success,1,0.7975
30,management,single,tertiary,no,5359,no,no,cellular,26,feb,1,191,3,success,1,0.795
29,management,single,tertiary,no,1445,no,no,cellular,26,apr,2,143,2,success,1,0.79
21,student,single,secondary,no,123,no,no,telephone,11,nov,1,91,1,success,1,0.79
73,retired,married,primary,no,253,no,no,cellular,20,apr,1,-1,0,unknown,1,0.7875
72,retired,married,tertiary,no,3561,no,no,telephone,15,sep,3,184,7,success,1,0.7875
36,services,married,unknown,no,618,no,no,cellular,13,jul,1,335,2,success,1,0.785
42,management,married,tertiary,no,1205,no,no,telephone,15,mar,1,188,2,success,1,0.785
68,retired,divorced,primary,no,2027,no,no,cellular,14,sep,2,91,4,success,1,0.7825
31,technician,single,secondary,no,2544,no,no,cellular,15,jul,1,184,3,success,1,0.7775
35,blue-collar,married,secondary,no,262,no,no,cellular,15,mar,1,181,3,success,1,0.7775
59,unemployed,married,secondary,no,1625,no,no,cellular,4,aug,1,180,2,success,1,0.7775
62,admin.,married,secondary,no,4608,no,no,cellular,14,sep,1,186,1,success,1,0.775
76,retired,married,tertiary,no,2991,no,no,cellular,25,jan,1,95,2,success,1,0.7725
61,management,married,secondary,no,544,no,no,cellular,29,dec,3,200,9,success,1,0.7725
55,admin.,married,secondary,no,8304,no,no,cellular,1,sep,1,92,1,success,1,0.7725
69,retired,married,unknown,no,426,no,no,telephone,10,sep,2,185,2,success,1,0.77
39,services,single,secondary,no,91,no,no,cellular,3,sep,1,185,1,success,1,0.77
33,management,single,tertiary,no,224,no,no,cellular,23,sep,2,92,4,success,1,0.77
41,unemployed,married,tertiary,no,0,no,no,cellular,29,apr,1,181,3,success,1,0.7675
36,technician,married,tertiary,no,341,no,no,cellular,12,feb,2,183,1,success,1,0.7675
35,technician,single,tertiary,no,670,no,no,cellular,13,apr,4,182,2,success,1,0.7675
45,management,married,unknown,no,2724,no,no,cellular,28,jun,2,182,1,success,1,0.7625
74,retired,married,tertiary,no,1843,no,no,cellular,15,sep,2,184,3,success,1,0.7625
43,blue-collar,married,secondary,no,2160,no,no,cellular,2,jun,1,-1,0,unknown,1,0.7625
24,technician,married,secondary,no,556,yes,no,cellular,8,feb,1,94,4,success,1,0.76
75,retired,married,secondary,no,3771,no,no,telephone,15,apr,1,181,2,success,1,0.76
58,management,married,tertiary,no,473,no,no,cellular,18,feb,1,262,1,success,1,0.7575
80,retired,married,secondary,no,8304,no,no,telephone,6,apr,1,118,11,success,1,0.7575
60,technician,married,secondary,no,259,no,no,cellular,6,jul,1,386,2,success,1,0.755
69,retired,divorced,secondary,no,4572,no,no,cellular,27,jan,2,92,3,success,1,0.7525
58,management,married,secondary,no,2155,no,yes,cellular,11,aug,2,182,7,success,1,0.7525
29,self-employed,single,tertiary,no,1579,no,no,cellular,13,jul,1,181,4,success,1,0.7475
39,management,married,tertiary,no,2939,no,no,cellular,29,jun,1,165,2,success,1,0.7475
56,blue-collar,married,primary,no,1137,no,no,telephone,12,oct,3,102,1,success,1,0.7475
44,technician,single,unknown,no,11115,no,no,cellular,25,oct,1,185,4,success,1,0.7475
37,services,single,secondary,no,1045,no,no,cellular,4,jun,1,79,3,success,1,0.7475
61,self-employed,married,tertiary,no,10861,no,no,cellular,26,jul,2,259,3,success,1,0.7475
37,technician,married,tertiary,no,341,no,no,cellular,13,aug,3,182,3,success,1,0.745
33,technician,married,tertiary,no,4401,no,no,cellular,30,apr,1,-1,0,unknown,1,0.745
67,retired,divorced,secondary,no,704,no,no,cellular,6,may,1,87,3,success,1,0.745
26,technician,single,secondary,no,1231,yes,no,cellular,4,sep,1,93,7,success,1,0.745
27,services,single,secondary,no,302,no,no,cellular,8,jan,1,189,1,success,1,0.7425
45,admin.,married,secondary,no,205,no,no,cellular,3,feb,1,92,1,success,1,0.74
83,retired,married,primary,no,425,no,no,telephone,22,sep,1,92,2,success,1,0.74
27,blue-collar,single,secondary,no,535,no,no,cellular,16,aug,3,95,4,success,1,0.74
53,management,married,tertiary,no,1624,no,no,cellular,30,apr,3,84,3,success,1,0.74
24,management,single,tertiary,no,1506,no,no,cellular,12,jun,2,95,4,success,1,0.7375
41,admin.,married,secondary,no,1021,no,no,cellular,2,jun,1,-1,0,unknown,1,0.7375
43,technician,married,secondary,no,1358,no,no,cellular,10,mar,3,-1,0,unknown,1,0.735
68,retired,married,secondary,no,1146,no,no,cellular,13,may,1,71,5,success,1,0.735
28,management,single,tertiary,no,6551,no,no,cellular,23,sep,1,-1,0,unknown,1,0.735
60,blue-collar,married,primary,no,5,no,no,cellular,29,jan,1,92,1,success,1,0.735
34,blue-collar,married,secondary,no,320,yes,no,cellular,12,nov,1,92,3,success,1,0.7325
36,technician,single,tertiary,no,197,no,no,cellular,30,apr,1,-1,0,unknown,1,0.7325
77,retired,married,secondary,no,4112,no,no,telephone,26,jan,1,95,2,success,1,0.7325
42,management,married,tertiary,no,27696,no,no,cellular,11,aug,1,91,7,success,1,0.7275
61,admin.,married,unknown,no,4629,yes,no,cellular,27,jan,1,92,1,success,1,0.725
74,retired,married,secondary,no,935,no,no,cellular,25,oct,1,173,3,success,1,0.7225
37,technician,single,tertiary,no,197,no,no,cellular,15,feb,1,91,2,success,1,0.7225
41,technician,single,tertiary,no,1646,yes,no,cellular,5,may,1,90,7,success,1,0.72
61,retired,married,secondary,no,11,no,no,cellular,29,sep,1,92,3,success,1,0.72
45,management,married,tertiary,no,242,no,no,cellular,30,apr,1,-1,0,unknown,1,0.7175
79,retired,divorced,primary,no,2787,no,no,telephone,13,jul,1,377,1,success,1,0.7125
27,student,single,tertiary,no,1134,no,no,cellular,21,oct,1,183,4,success,1,0.7125
38,blue-collar,single,secondary,no,0,no,no,cellular,27,jan,1,92,4,success,1,0.7125
54,technician,married,secondary,no,3994,no,yes,cellular,20,oct,2,187,2,success,1,0.71
53,admin.,married,secondary,no,1796,no,no,telephone,16,mar,1,91,2,success,1,0.71
29,housemaid,single,tertiary,no,19,no,no,cellular,5,feb,2,64,2,success,1,0.71
53,management,married,tertiary,no,1061,no,no,cellular,8,jun,2,-1,0,unknown,1,0.7072020155938952
27,services,married,secondary,no,0,yes,no,cellular,23,jul,13,-1,0,unknown,1,0.705
48,housemaid,married,tertiary,no,5473,no,no,cellular,24,feb,2,184,2,success,1,0.705
55,admin.,married,secondary,no,1633,no,no,cellular,11,jan,1,192,2,success,1,0.7025
49,admin.,single,tertiary,no,228,yes,no,cellular,3,sep,2,93,2,success,1,0.7
24,student,single,secondary,no,689,no,no,cellular,8,sep,1,-1,0,unknown,1,0.7
44,self-employed,married,unknown,no,163,yes,no,cellular,12,aug,1,100,3,success,1,0.7
57,housemaid,married,tertiary,no,2326,no,no,cellular,28,oct,1,194,1,success,1,0.7
30,student,single,secondary,no,314,no,no,cellular,29,jun,1,204,6,success,1,0.7
36,management,single,tertiary,no,5958,yes,no,cellular,22,sep,1,184,1,success,1,0.6975
60,admin.,married,secondary,no,12980,no,no,cellular,3,sep,2,182,1,success,1,0.6975
32,blue-collar,married,secondary,no,889,yes,no,cellular,10,sep,1,99,5,success,1,0.6975
35,self-employed,single,tertiary,no,353,no,no,cellular,11,feb,1,183,1,success,1,0.695
38,technician,married,tertiary,no,3234,no,no,cellular,8,apr,1,141,2,success,1,0.695
54,technician,married,tertiary,no,876,no,no,cellular,27,oct,3,541,3,success,1,0.6925
44,technician,divorced,secondary,no,14,no,no,cellular,13,nov,1,92,1,success,1,0.6925
34,management,married,tertiary,no,2599,no,no,cellular,16,nov,1,200,2,success,1,0.6925
34,management,married,tertiary,no,1778,no,no,cellular,5,feb,1,93,3,success,1,0.6925
68,retired,married,secondary,no,1443,no,no,telephone,21,dec,2,257,1,success,1,0.6925
46,admin.,divorced,primary,no,429,yes,no,cellular,26,apr,2,369,2,success,1,0.69
35,technician,married,secondary,no,2779,no,no,cellular,26,apr,2,186,2,success,1,0.69
56,services,married,secondary,no,1989,no,no,cellular,3,aug,4,181,4,success,1,0.6875
29,management,single,tertiary,no,265,no,no,cellular,24,aug,2,94,1,success,1,0.6875
35,management,married,tertiary,no,0,yes,no,cellular,11,feb,2,92,5,success,1,0.685
49,management,married,tertiary,no,1093,yes,yes,cellular,15,sep,1,246,4,success,1,0.6825
24,blue-collar,married,secondary,no,272,no,no,cellular,16,nov,2,94,2,success,1,0.6825
46,self-employed,single,secondary,no,526,no,no,cellular,4,aug,1,96,3,success,1,0.6775
27,blue-collar,single,tertiary,no,644,no,no,cellular,2,jun,1,182,1,success,1,0.6775
66,retired,married,tertiary,no,2820,no,no,cellular,5,mar,2,-1,0,unknown,1,0.6775
37,technician,married,secondary,no,1458,no,no,cellular,22,mar,1,326,1,success,1,0.6775
54,blue-collar,divorced,primary,no,4401,no,no,telephone,13,may,1,183,2,success,1,0.6775
32,technician,single,tertiary,no,5514,no,no,cellular,22,apr,1,182,1,success,1,0.6775
40,admin.,married,secondary,no,4775,no,no,cellular,15,sep,1,-1,0,unknown,1,0.675
76,retired,divorced,primary,no,2693,no,no,cellular,23,apr,5,184,2,success,1,0.6725
61,management,married,tertiary,no,13546,no,no,cellular,25,jan,2,283,3,success,1,0.6725
48,management,married,tertiary,no,2351,no,no,cellular,15,sep,1,105,3,success,1,0.6725
26,services,single,tertiary,no,12,no,no,cellular,15,dec,4,186,6,success,1,0.6725
45,technician,married,tertiary,no,5110,no,no,cellular,22,apr,2,-1,0,unknown,1,0.6725
29,management,single,tertiary,no,2753,no,no,cellular,30,apr,1,-1,0,unknown,1,0.67
68,retired,married,secondary,no,1146,no,no,cellular,3,mar,2,110,3,success,1,0.67
58,technician,married,secondary,no,589,yes,no,cellular,10,feb,3,183,6,success,1,0.67
57,management,married,tertiary,no,1227,no,no,cellular,5,jun,1,-1,0,unknown,1,0.6675
25,student,single,secondary,no,304,no,no,cellular,30,nov,1,188,2,success,1,0.6675
26,technician,single,secondary,no,181,no,no,cellular,20,apr,2,-1,0,unknown,1,0.6675
34,technician,single,secondary,no,2085,no,no,cellular,10,aug,3,182,2,success,1,0.6675
56,technician,married,secondary,no,1938,no,yes,cellular,26,feb,1,192,4,success,1,0.665
42,blue-collar,married,secondary,no,413,yes,no,cellular,11,feb,2,184,2,success,1,0.665
28,management,single,tertiary,no,616,yes,no,cellular,7,oct,1,503,2,success,1,0.6625
54,management,married,tertiary,no,8295,no,no,cellular,2,oct,2,119,1,success,1,0.6625
30,self-employed,married,tertiary,no,2666,no,no,cellular,5,aug,2,93,4,success,1,0.66
29,management,single,tertiary,no,874,yes,no,cellular,16,sep,1,103,1,success,1,0.66
33,student,married,secondary,no,1536,no,no,cellular,6,aug,2,178,4,success,1,0.66
37,management,married,tertiary,no,393,yes,no,cellular,12,aug,2,104,2,success,1,0.655
21,blue-collar,single,secondary,no,682,no,no,cellular,6,mar,1,-1,0,unknown,1,0.655
36,blue-collar,married,secondary,no,1828,yes,no,telephone,17,oct,1,-1,0,unknown,1,0.6525
56,retired,married,tertiary,no,281,no,no,cellular,25,may,1,83,2,success,1,0.6525
47,admin.,married,secondary,no,3676,no,no,cellular,18,oct,1,95,3,success,1,0.6525
42,unemployed,married,secondary,no,1289,no,no,cellular,15,oct,3,92,6,success,1,0.65
32,management,married,tertiary,no,628,no,no,cellular,30,apr,1,-1,0,unknown,1,0.65
44,management,single,tertiary,no,483,no,no,cellular,6,mar,2,199,6,success,1,0.65
32,blue-collar,married,secondary,no,136,no,no,cellular,16,nov,1,188,3,success,1,0.6475
59,management,divorced,tertiary,no,258,yes,no,telephone,29,oct,1,-1,0,unknown,1,0.6475
73,retired,married,primary,no,1388,no,no,cellular,20,jul,3,190,3,success,1,0.6475
56,management,married,primary,no,870,no,no,cellular,14,may,1,179,1,success,1,0.6475
24,admin.,single,tertiary,no,0,yes,no,cellular,7,sep,1,103,2,success,1,0.645
38,blue-collar,single,secondary,no,0,no,no,cellular,30,apr,1,-1,0,unknown,1,0.645
37,management,married,tertiary,no,57,no,no,cellular,30,apr,2,84,1,success,1,0.645
41,management,single,tertiary,no,6116,no,no,cellular,7,sep,1,-1,0,unknown,1,0.645
25,blue-collar,single,secondary,no,1857,yes,no,cellular,12,oct,1,91,12,success,1,0.6425
39,management,divorced,tertiary,no,224,no,no,cellular,2,jul,2,88,1,success,1,0.6425
24,admin.,single,secondary,no,1295,no,no,cellular,22,jul,2,92,1,success,1,0.6425
49,technician,married,tertiary,no,2611,no,no,cellular,20,apr,2,-1,0,unknown,1,0.6425
25,services,single,secondary,no,505,no,no,cellular,15,jun,1,-1,0,unknown,1,0.6425
29,admin.,single,secondary,no,464,no,no,cellular,9,nov,2,91,3,success,1,0.64
63,housemaid,married,secondary,no,2,no,no,cellular,4,feb,2,93,1,success,1,0.64
37,admin.,single,tertiary,no,1000,yes,no,cellular,17,mar,1,-1,0,unknown,1,0.64
55,housemaid,married,secondary,no,962,yes,no,cellular,28,apr,1,181,3,success,1,0.6375
27,admin.,married,tertiary,no,2855,no,no,cellular,22,jul,2,178,4,success,1,0.6375
33,services,married,secondary,no,1697,no,no,cellular,4,may,1,182,1,success,1,0.6375
30,student,single,secondary,no,0,no,no,cellular,20,apr,1,-1,0,unknown,1,0.6375
59,technician,married,secondary,no,259,no,no,cellular,18,mar,1,-1,0,unknown,1,0.635
36,technician,divorced,tertiary,no,1381,no,no,cellular,2,mar,1,-1,0,unknown,1,0.635
31,management,single,secondary,no,2317,no,no,cellular,16,apr,2,-1,0,unknown,1,0.63
33,technician,married,tertiary,no,1699,no,no,cellular,6,nov,2,94,1,success,1,0.63
76,housemaid,divorced,primary,no,1411,no,no,telephone,19,oct,2,187,3,success,1,0.63
51,management,single,tertiary,no,151,yes,no,cellular,8,sep,1,427,3,success,1,0.625
28,admin.,single,secondary,no,127,no,no,cellular,16,sep,2,-1,0,unknown,1,0.625
33,admin.,single,tertiary,no,272,yes,no,cellular,1,sep,2,92,3,success,1,0.625
30,management,single,tertiary,no,596,no,no,cellular,4,jun,2,-1,0,unknown,1,0.6225
83,retired,married,tertiary,no,4761,no,no,telephone,8,mar,1,-1,0,unknown,1,0.6225
31,management,single,tertiary,no,1619,no,no,cellular,30,apr,2,-1,0,unknown,1,0.6225
41,self-employed,single,tertiary,no,1616,no,no,telephone,28,jan,1,184,7,success,1,0.62
38,technician,single,secondary,no,1130,no,no,cellular,4,jun,2,98,1,success,1,0.62
46,admin.,single,secondary,no,1693,yes,no,cellular,25,jan,1,97,1,success,1,0.62
31,management,single,tertiary,no,2016,no,no,cellular,30,apr,1,-1,0,unknown,1,0.6175
34,blue-collar,married,secondary,no,262,no,no,cellular,15,sep,2,106,1,success,1,0.615
49,management,divorced,tertiary,no,5223,no,no,cellular,4,aug,1,-1,0,unknown,1,0.615
32,management,single,tertiary,no,2069,no,no,cellular,22,apr,1,-1,0,unknown,1,0.615
22,student,single,tertiary,no,691,no,no,cellular,30,nov,5,103,1,success,1,0.6125
32,admin.,single,tertiary,no,8866,no,no,cellular,9,jun,2,83,2,success,1,0.6125
63,retired,married,secondary,no,708,no,no,cellular,17,nov,2,-1,0,unknown,1,0.61
24,management,single,tertiary,no,1030,no,no,cellular,4,mar,2,-1,0,unknown,1,0.61
31,unemployed,single,tertiary,no,302,no,no,cellular,3,feb,1,357,3,success,1,0.6075
50,housemaid,married,secondary,no,388,no,no,cellular,8,jun,2,89,2,success,1,0.6075
54,housemaid,married,tertiary,no,2473,no,no,cellular,5,mar,2,-1,0,unknown,1,0.6075
59,management,married,tertiary,no,2239,no,no,cellular,20,aug,6,90,1,success,1,0.605
34,management,married,tertiary,no,4859,no,no,cellular,30,apr,1,37,1,other,1,0.605
62,retired,married,secondary,no,569,no,no,cellular,4,aug,1,1,8,success,1,0.605
83,retired,married,tertiary,no,4761,no,no,telephone,9,jun,2,93,1,success,1,0.605
31,management,married,tertiary,no,2395,no,no,cellular,27,apr,1,-1,0,unknown,1,0.6025
45,technician,single,tertiary,no,2033,no,no,cellular,15,jun,5,285,2,success,1,0.6025
37,technician,married,unknown,no,189,no,no,cellular,1,oct,1,107,2,success,1,0.6
56,retired,married,primary,no,9367,no,no,cellular,13,aug,2,101,2,success,1,0.6
40,admin.,married,secondary,no,0,no,no,cellular,28,jul,2,182,11,success,1,0.6
25,student,single,tertiary,no,293,no,no,cellular,12,apr,1,-1,0,unknown,1,0.5975
47,technician,married,tertiary,no,2408,no,no,cellular,30,apr,1,-1,0,unknown,1,0.5975
48,admin.,married,secondary,no,368,no,no,cellular,8,oct,2,140,7,success,1,0.5975
28,management,single,tertiary,no,2380,no,no,cellular,14,sep,2,-1,0,unknown,1,0.595
78,retired,married,unknown,no,4807,no,no,telephone,3,feb,2,104,4,success,1,0.5925
68,retired,married,secondary,no,20723,yes,no,cellular,28,apr,2,-1,0,unknown,1,0.5925
35,management,married,tertiary,no,0,yes,no,cellular,11,nov,2,96,3,success,1,0.5925
74,retired,divorced,primary,no,2308,no,no,telephone,16,sep,2,535,2,success,1,0.59
64,technician,married,tertiary,no,1319,no,no,cellular,12,mar,2,-1,0,unknown,1,0.59
25,management,single,tertiary,no,316,no,no,cellular,27,mar,2,-1,0,unknown,1,0.5875
38,management,married,tertiary,no,1198,yes,no,cellular,2,feb,1,-1,0,unknown,1,0.585
75,retired,married,secondary,no,291,no,no,cellular,12,aug,1,182,2,success,1,0.585
31,technician,married,secondary,no,477,no,no,cellular,30,apr,1,-1,0,unknown,1,0.585
37,technician,single,tertiary,no,197,no,no,cellular,13,may,1,87,3,success,1,0.5825
36,blue-collar,married,primary,no,1177,no,no,cellular,15,apr,1,311,4,success,1,0.5825
35,management,married,tertiary,no,1432,yes,no,cellular,5,may,3,-1,0,unknown,1,0.5825
44,admin.,married,secondary,no,132,no,no,cellular,21,dec,5,124,4,success,1,0.5825
55,admin.,divorced,secondary,no,1693,no,no,cellular,10,aug,1,102,3,success,1,0.5825
43,admin.,married,secondary,no,132,no,no,cellular,27,may,2,71,1,success,1,0.58
77,retired,divorced,secondary,no,0,no,no,cellular,25,sep,1,-1,0,unknown,1,0.58
47,technician,married,secondary,no,57,no,no,cellular,5,may,1,342,1,success,1,0.58
29,technician,single,secondary,no,1165,no,no,cellular,2,jun,1,-1,0,unknown,1,0.58
29,management,single,secondary,no,703,yes,no,cellular,16,nov,1,550,2,success,1,0.58
51,management,married,tertiary,no,2814,no,no,cellular,3,feb,1,-1,0,unknown,1,0.58
25,student,single,unknown,no,2503,no,no,cellular,26,feb,2,-1,0,unknown,1,0.5775
49,management,married,tertiary,no,1,no,no,telephone,13,aug,2,101,4,success,1,0.5775
28,blue-collar,single,secondary,no,-46,yes,no,cellular,1,jun,2,91,12,success,1,0.5775
36,admin.,divorced,secondary,no,1224,yes,no,cellular,12,nov,1,374,1,success,1,0.575
29,technician,single,secondary,no,113,no,no,cellular,12,feb,2,183,4,success,1,0.575
63,retired,married,tertiary,no,1795,no,no,cellular,7,sep,1,-1,0,unknown,1,0.5725
38,technician,divorced,secondary,no,902,yes,no,cellular,14,aug,1,102,4,success,1,0.5725
28,technician,single,tertiary,no,356,no,no,cellular,2,mar,2,-1,0,unknown,1,0.5725
36,management,married,tertiary,no,82,no,no,cellular,2,feb,1,178,4,success,1,0.5725
23,technician,single,secondary,no,283,yes,no,cellular,22,sep,1,184,2,success,1,0.57
34,management,married,tertiary,no,3402,no,no,cellular,3,jun,2,-1,0,unknown,1,0.5697020155938951
38,unemployed,married,tertiary,no,2812,yes,no,cellular,3,nov,1,187,1,success,1,0.5675
53,management,married,tertiary,no,3634,no,no,cellular,7,may,4,88,8,success,1,0.565
48,blue-collar,married,secondary,no,1230,yes,no,cellular,13,may,2,182,3,success,1,0.565
38,technician,married,secondary,no,6728,no,no,cellular,25,nov,1,96,4,success,1,0.565
87,retired,married,secondary,no,433,no,no,telephone,15,dec,1,-1,0,unknown,1,0.5625
26,student,single,secondary,no,620,no,no,cellular,17,feb,1,-1,0,unknown,1,0.5625
24,technician,single,secondary,no,598,no,no,cellular,12,may,1,182,2,success,1,0.56
48,technician,married,secondary,no,2111,no,no,cellular,20,apr,1,-1,0,unknown,1,0.56
52,technician,married,secondary,no,5303,yes,no,unknown,19,oct,1,-1,0,unknown,1,0.56
30,management,single,secondary,no,8101,yes,no,cellular,21,nov,1,-1,0,unknown,1,0.56
35,services,married,unknown,no,618,no,no,cellular,12,aug,1,104,1,success,1,0.5575
64,retired,married,primary,no,48,no,no,cellular,9,sep,3,92,1,success,1,0.5575
27,unemployed,single,tertiary,no,77,no,no,cellular,12,jul,4,77,1,success,1,0.5575
30,admin.,married,secondary,no,873,yes,no,telephone,12,nov,1,167,3,success,1,0.5575
38,technician,married,secondary,no,4539,no,no,cellular,16,sep,1,-1,0,unknown,1,0.5575
28,self-employed,single,tertiary,no,159,no,no,cellular,16,nov,2,33,4,success,1,0.555
32,management,single,tertiary,no,718,yes,no,cellular,29,dec,1,197,1,success,1,0.555
30,management,married,tertiary,no,314,no,no,cellular,19,nov,2,175,2,success,1,0.555
27,services,single,secondary,no,453,no,no,cellular,19,apr,2,-1,0,unknown,1,0.555
34,management,married,tertiary,no,611,no,no,cellular,2,jun,1,-1,0,unknown,1,0.555
43,services,married,primary,no,2557,yes,no,telephone,15,oct,3,183,5,success,1,0.5525
24,technician,single,secondary,no,139,no,no,cellular,14,apr,1,-1,0,unknown,1,0.55
27,student,single,secondary,no,1164,no,no,cellular,21,oct,2,104,2,failure,1,0.55
63,management,married,tertiary,no,2785,no,no,cellular,2,aug,2,392,3,success,1,0.55
31,admin.,married,secondary,no,4457,yes,no,cellular,16,apr,1,146,4,success,1,0.55
37,management,single,tertiary,no,62,yes,no,cellular,2,aug,2,272,8,success,1,0.55
32,admin.,married,secondary,no,35,no,no,cellular,17,dec,3,126,3,success,1,0.5475
58,technician,married,secondary,no,3399,no,no,cellular,26,may,1,97,7,other,1,0.5475
60,retired,divorced,secondary,no,4243,no,no,cellular,30,oct,2,-1,0,unknown,1,0.5475
60,self-employed,married,primary,no,362,no,yes,cellular,28,jan,1,183,6,success,1,0.5475
70,retired,married,primary,no,2346,no,no,cellular,24,aug,3,194,2,success,1,0.5475
64,management,married,tertiary,no,4688,no,no,cellular,21,oct,1,-1,0,unknown,1,0.5475
86,retired,married,primary,no,1817,no,no,cellular,16,mar,3,-1,0,unknown,1,0.5475
50,technician,married,tertiary,no,2611,no,no,cellular,12,may,1,387,2,success,1,0.5475
49,technician,married,secondary,no,307,no,no,cellular,9,dec,1,-1,0,unknown,1,0.5425
55,technician,married,secondary,no,0,yes,yes,cellular,27,oct,1,-1,0,unknown,1,0.5425
57,technician,married,secondary,no,3858,no,no,cellular,27,mar,1,-1,0,unknown,1,0.5425
40,management,married,tertiary,no,2763,yes,no,cellular,2,jul,1,395,2,success,1,0.54
78,retired,divorced,unknown,no,2628,no,no,telephone,14,apr,2,-1,0,unknown,1,0.54
49,entrepreneur,single,secondary,no,5802,no,no,cellular,12,aug,3,104,2,success,1,0.54
35,technician,married,secondary,no,1368,no,no,cellular,13,aug,2,78,3,success,1,0.5375
37,self-employed,single,tertiary,no,1758,no,no,cellular,8,jun,2,-1,0,unknown,1,0.5372020155938951
30,unknown,single,tertiary,no,6836,no,no,cellular,27,feb,3,-1,0,unknown,1,0.535
28,unemployed,single,secondary,no,304,no,no,cellular,14,jun,1,-1,0,unknown,1,0.535
48,management,single,tertiary,no,5689,no,no,cellular,26,may,2,103,1,success,1,0.535
24,student,single,primary,no,474,no,no,cellular,12,aug,1,104,1,success,1,0.535
80,retired,married,primary,no,1861,no,no,telephone,14,apr,2,-1,0,unknown,1,0.535
33,technician,married,secondary,no,183,no,no,cellular,16,jul,2,182,3,other,1,0.5325
25,self-employed,single,tertiary,no,42,yes,no,cellular,3,mar,1,-1,0,unknown,1,0.5325
32,management,single,tertiary,no,2667,yes,no,cellular,19,nov,1,99,2,success,1,0.5325
38,management,married,tertiary,no,1988,yes,no,cellular,4,jun,1,79,4,other,1,0.5325
57,retired,married,secondary,no,3738,yes,no,cellular,19,apr,1,367,7,success,1,0.5325
42,management,married,tertiary,no,2463,no,no,cellular,26,oct,2,-1,0,unknown,1,0.5325
28,technician,single,tertiary,no,865,no,no,cellular,16,sep,1,-1,0,unknown,1,0.53
25,student,single,secondary,no,1868,no,no,cellular,26,oct,1,103,2,other,1,0.53
63,retired,married,secondary,no,1612,no,no,telephone,17,feb,2,-1,0,unknown,1,0.53
41,management,divorced,tertiary,no,3426,no,no,cellular,1,oct,1,119,5,success,1,0.53
20,student,single,secondary,no,1819,no,no,cellular,9,apr,3,-1,0,unknown,1,0.5275
30,technician,single,secondary,no,1532,no,no,cellular,23,sep,1,489,6,failure,1,0.5275
26,admin.,single,tertiary,no,760,yes,no,cellular,6,sep,2,186,7,success,1,0.5275
71,retired,divorced,tertiary,no,780,no,no,telephone,22,apr,1,-1,0,unknown,1,0.525
30,admin.,married,secondary,no,1310,no,no,telephone,27,oct,1,-1,0,unknown,1,0.525
52,technician,married,tertiary,no,2557,no,no,cellular,8,jul,1,156,1,other,1,0.5225
33,management,single,tertiary,no,6807,no,no,cellular,20,apr,1,-1,0,unknown,1,0.5225
57,management,married,tertiary,no,1318,no,no,cellular,14,apr,2,-1,0,unknown,1,0.52
48,management,married,tertiary,no,3842,no,no,cellular,1,jun,2,-1,0,unknown,1,0.5197020155938952
72,retired,married,secondary,no,17739,no,no,cellular,11,sep,4,-1,0,unknown,1,0.5175
34,management,divorced,tertiary,no,2466,no,no,cellular,2,jun,1,281,5,other,1,0.5175
29,blue-collar,married,secondary,no,15,no,no,cellular,3,jun,1,-1,0,unknown,1,0.5175
34,technician,married,secondary,no,1026,no,no,cellular,12,nov,1,100,6,failure,1,0.5175
36,management,married,tertiary,no,5367,no,no,cellular,31,aug,1,455,2,failure,1,0.5175
30,student,single,secondary,no,5836,no,no,cellular,27,apr,2,-1,0,unknown,1,0.515
31,services,single,tertiary,no,2332,no,no,cellular,17,feb,1,-1,0,unknown,1,0.5125
33,technician,married,tertiary,no,4401,no,no,cellular,12,aug,2,104,1,success,1,0.51
30,management,single,tertiary,no,4319,yes,no,cellular,19,nov,1,-1,0,unknown,1,0.5075
24,student,single,secondary,no,382,no,no,cellular,13,nov,2,92,3,failure,1,0.5075
31,admin.,single,secondary,no,410,no,no,cellular,25,oct,1,185,1,success,1,0.5075
32,management,married,tertiary,no,8929,no,no,cellular,11,mar,1,-1,0,unknown,1,0.505
27,student,single,tertiary,no,3687,no,no,cellular,8,apr,2,-1,0,unknown,1,0.505
30,blue-collar,single,unknown,no,6281,no,no,cellular,21,apr,2,-1,0,unknown,1,0.505
32,admin.,single,tertiary,no,8866,no,no,cellular,18,mar,2,-1,0,unknown,1,0.505
26,admin.,single,tertiary,no,760,yes,no,cellular,4,mar,2,281,5,success,1,0.505
46,management,married,tertiary,no,11385,no,no,cellular,24,mar,3,-1,0,unknown,1,0.505
59,technician,married,secondary,no,7766,yes,no,cellular,25,feb,1,461,1,failure,1,0.5025
36,technician,single,secondary,no,1228,yes,no,cellular,14,aug,2,102,3,success,1,0.5025
25,student,single,secondary,no,3090,no,no,cellular,21,aug,1,-1,0,unknown,1,0.5025
70,retired,married,primary,no,3782,no,no,cellular,16,mar,1,-1,0,unknown,1,0.5025
35,technician,married,tertiary,no,1354,no,no,cellular,2,jun,2,-1,0,unknown,1,0.5022020155938951
42,unemployed,divorced,secondary,no,759,no,no,cellular,12,aug,3,-1,0,unknown,1,0.5
46,blue-collar,married,secondary,no,4855,yes,no,cellular,10,aug,1,397,1,failure,1,0.5
29,management,single,tertiary,no,4694,no,no,cellular,15,jun,1,-1,0,unknown,1,0.5
87,retired,married,primary,no,2190,no,no,telephone,12,jan,2,-1,0,unknown,1,0.5
47,blue-collar,married,secondary,no,1568,yes,no,cellular,21,may,3,91,8,success,1,0.5
30,admin.,single,secondary,no,265,yes,no,cellular,25,may,1,181,2,success,1,0.4975
28,management,single,tertiary,no,223,yes,no,cellular,1,jun,1,278,3,success,1,0.4975
43,self-employed,married,primary,no,0,yes,no,telephone,30,oct,1,-1,0,unknown,1,0.4975
24,student,single,primary,no,1283,no,no,cellular,2,apr,2,-1,0,unknown,1,0.4975
22,student,single,secondary,no,23,no,no,cellular,27,oct,1,-1,0,unknown,1,0.4925
38,admin.,married,secondary,no,755,yes,no,cellular,25,may,1,97,1,success,1,0.49
34,admin.,married,tertiary,no,69,no,yes,cellular,3,aug,3,251,3,success,1,0.49
42,unemployed,married,unknown,no,970,yes,no,telephone,17,nov,1,119,10,success,1,0.49
26,management,single,secondary,no,2613,no,no,cellular,1,jun,1,-1,0,unknown,1,0.49
32,management,single,tertiary,no,10281,no,no,cellular,22,apr,1,-1,0,unknown,1,0.49
31,technician,married,tertiary,no,3338,yes,no,cellular,24,jun,2,185,2,success,1,0.49
62,management,married,tertiary,no,7458,no,no,cellular,30,oct,2,-1,0,unknown,1,0.49
33,management,single,tertiary,no,3143,no,no,cellular,29,jun,2,-1,0,unknown,1,0.4875
37,admin.,single,secondary,no,4803,no,no,cellular,15,jan,2,-1,0,unknown,1,0.4875
30,admin.,married,tertiary,no,4168,no,no,cellular,3,jun,1,-1,0,unknown,1,0.4875
28,student,single,secondary,no,196,no,no,cellular,2,jul,3,-1,0,unknown,1,0.4875
39,technician,single,tertiary,no,393,no,no,cellular,26,mar,1,-1,0,unknown,1,0.485
45,blue-collar,married,secondary,no,1144,yes,no,unknown,22,oct,1,-1,0,unknown,1,0.485
62,retired,married,primary,no,383,no,no,cellular,10,sep,1,-1,0,unknown,1,0.485
26,student,single,tertiary,no,193,no,no,cellular,3,apr,2,-1,0,unknown,1,0.485
41,management,divorced,tertiary,no,934,no,no,cellular,4,aug,1,-1,0,unknown,1,0.485
46,management,married,tertiary,no,7485,no,no,cellular,23,sep,1,779,2,failure,1,0.485
49,technician,single,secondary,no,9131,yes,no,cellular,18,aug,1,461,5,failure,1,0.485
72,retired,married,primary,no,3856,no,no,cellular,10,dec,4,115,1,other,1,0.4825
26,technician,single,tertiary,no,11862,no,no,cellular,13,feb,1,-1,0,unknown,1,0.4825
32,admin.,single,secondary,no,154,yes,no,cellular,26,apr,1,521,2,failure,1,0.4825
38,admin.,single,secondary,no,245,yes,yes,cellular,17,apr,2,345,2,success,1,0.4825
26,technician,married,secondary,no,915,no,no,cellular,2,jun,1,-1,0,unknown,1,0.4825
37,technician,married,tertiary,no,127,yes,no,cellular,25,aug,1,193,1,success,1,0.48
37,management,married,tertiary,no,3236,no,no,cellular,20,may,2,202,5,other,1,0.48
30,admin.,married,secondary,no,779,yes,no,cellular,4,jun,2,17,3,other,1,0.48
65,retired,married,primary,no,3629,no,no,cellular,27,apr,1,-1,0,unknown,1,0.48
51,admin.,married,tertiary,no,0,yes,yes,cellular,15,jun,4,99,2,success,1,0.48
25,management,single,tertiary,no,943,no,no,cellular,30,apr,1,-1,0,unknown,1,0.48
20,student,single,unknown,no,829,no,no,cellular,9,jul,2,-1,0,unknown,1,0.4775
52,services,married,secondary,no,992,yes,no,cellular,27,oct,1,515,1,failure,1,0.4775
64,retired,married,secondary,no,2031,no,no,cellular,13,nov,5,-1,0,unknown,1,0.4775
35,self-employed,single,tertiary,no,5462,no,no,cellular,2,nov,1,186,1,success,1,0.4775
48,technician,married,secondary,no,1981,yes,no,cellular,16,jun,3,92,5,failure,1,0.47720201559389513
26,unemployed,single,tertiary,no,3511,no,no,cellular,30,apr,2,-1,0,unknown,1,0.475
41,technician,divorced,tertiary,no,4276,yes,no,cellular,12,feb,3,-1,0,unknown,1,0.475
33,admin.,married,secondary,no,920,no,no,cellular,16,nov,1,95,2,failure,1,0.4725
47,technician,married,tertiary,no,2408,no,no,cellular,12,aug,1,104,1,success,1,0.4725
33,management,married,tertiary,no,1808,no,no,cellular,28,dec,3,-1,0,unknown,1,0.4725
26,student,single,secondary,no,611,no,no,cellular,5,jun,3,-1,0,unknown,1,0.4725
33,technician,married,secondary,no,1,yes,no,cellular,15,mar,4,-1,0,unknown,1,0.4725
55,retired,divorced,secondary,no,1580,no,yes,cellular,21,nov,5,155,1,success,1,0.4725
49,technician,married,secondary,no,308,no,no,cellular,26,oct,2,91,5,failure,1,0.47
24,admin.,single,secondary,no,493,no,no,cellular,23,mar,2,-1,0,unknown,1,0.47
37,unknown,single,tertiary,no,0,no,no,cellular,3,mar,1,-1,0,unknown,1,0.47
48,management,divorced,tertiary,no,0,no,no,cellular,15,oct,2,-1,0,unknown,1,0.47
61,retired,married,secondary,no,5196,no,no,telephone,16,mar,2,95,4,other,1,0.47
47,blue-collar,married,secondary,no,1568,yes,no,cellular,19,feb,1,262,7,success,1,0.47
36,management,married,tertiary,no,361,no,no,cellular,5,jun,2,-1,0,unknown,1,0.46970201559389513
26,blue-collar,married,secondary,no,155,no,yes,cellular,15,jul,3,-1,0,unknown,1,0.4675
26,student,single,secondary,no,5296,no,no,cellular,5,mar,1,205,1,failure,1,0.4675
27,technician,single,tertiary,no,200,no,no,cellular,3,jun,1,-1,0,unknown,1,0.4675
32,management,single,tertiary,no,2915,no,no,cellular,8,sep,1,131,2,failure,1,0.4675
32,management,married,tertiary,no,141,yes,no,cellular,4,may,3,89,9,success,1,0.4675
29,management,single,tertiary,no,92,no,no,cellular,2,mar,5,-1,0,unknown,1,0.4675
38,admin.,single,secondary,no,2470,no,no,telephone,31,oct,1,-1,0,unknown,1,0.4675
41,admin.,divorced,secondary,no,1076,yes,no,cellular,3,jun,2,391,2,other,1,0.4672020155938952
30,self-employed,married,tertiary,no,2666,no,no,cellular,4,may,3,89,1,success,1,0.465
33,technician,single,tertiary,no,258,no,no,cellular,12,mar,4,-1,0,unknown,1,0.465
71,retired,married,secondary,no,2064,no,no,cellular,9,nov,2,92,3,failure,1,0.465
26,admin.,married,tertiary,no,319,no,no,cellular,15,oct,1,-1,0,unknown,1,0.465
29,self-employed,single,tertiary,no,3290,no,no,cellular,12,may,1,50,3,success,1,0.465
39,services,single,secondary,no,600,no,no,cellular,7,apr,1,-1,0,unknown,1,0.465
42,management,married,tertiary,no,254,no,no,cellular,9,dec,7,183,4,success,1,0.465
31,technician,single,secondary,no,863,yes,no,cellular,3,feb,1,263,5,success,1,0.4625
45,technician,married,secondary,no,1673,no,no,cellular,23,oct,1,-1,0,unknown,1,0.4625
33,management,married,tertiary,no,250,no,no,cellular,4,mar,6,-1,0,unknown,1,0.4625
75,retired,divorced,secondary,no,2199,no,no,telephone,13,nov,1,-1,0,unknown,1,0.4625
35,management,single,tertiary,no,747,no,no,cellular,23,feb,2,176,3,failure,1,0.4625
58,management,married,secondary,no,-382,no,no,telephone,5,feb,4,189,12,success,1,0.46
56,blue-collar,married,secondary,no,0,no,no,unknown,11,jun,2,-1,0,unknown,1,0.46
42,technician,divorced,secondary,no,214,no,no,cellular,16,apr,1,-1,0,unknown,1,0.4575
34,technician,single,secondary,no,102,no,no,cellular,30,jan,1,-1,0,unknown,1,0.4575
45,housemaid,married,secondary,no,360,no,no,cellular,3,nov,1,-1,0,unknown,1,0.4575
48,admin.,married,secondary,no,2533,no,no,cellular,29,apr,2,633,1,failure,1,0.4575
78,retired,married,primary,no,301,no,no,cellular,7,sep,2,-1,0,unknown,1,0.4575
39,management,married,tertiary,no,2976,no,no,cellular,5,feb,12,-1,0,unknown,1,0.4575
64,unemployed,divorced,secondary,no,588,no,no,cellular,8,mar,1,-1,0,unknown,1,0.4575
50,management,divorced,tertiary,no,151,no,no,cellular,9,jun,4,-1,0,unknown,1,0.4572020155938952
24,student,single,secondary,no,154,no,no,cellular,4,sep,2,-1,0,unknown,1,0.455
52,management,married,secondary,no,335,no,no,cellular,21,oct,1,182,1,failure,1,0.455
46,blue-collar,married,secondary,no,640,yes,no,cellular,6,may,1,55,5,success,1,0.455
49,admin.,single,tertiary,no,228,yes,no,cellular,2,mar,1,-1,0,unknown,1,0.455
25,technician,single,secondary,no,4859,no,no,cellular,12,jan,1,-1,0,unknown,1,0.455
56,technician,married,secondary,no,589,yes,no,cellular,18,nov,1,26,3,success,1,0.455
36,admin.,married,secondary,no,96,no,no,cellular,30,apr,1,87,1,success,1,0.455
42,blue-collar,married,primary,no,2003,yes,no,cellular,17,apr,3,-1,0,unknown,1,0.455
32,management,single,tertiary,no,312,no,no,cellular,26,may,2,98,2,success,1,0.4525
45,technician,single,secondary,no,4367,yes,no,cellular,27,feb,1,-1,0,unknown,1,0.4525
63,management,married,tertiary,no,5112,no,no,telephone,10,aug,3,-1,0,unknown,1,0.4525
46,management,married,tertiary,no,1446,no,no,cellular,4,may,1,-1,0,unknown,1,0.4525
22,student,single,secondary,no,185,no,no,cellular,8,jul,1,-1,0,unknown,1,0.4525
64,retired,married,tertiary,no,2139,no,no,cellular,13,jan,1,91,2,failure,1,0.45
35,unemployed,single,tertiary,no,154,no,no,cellular,29,jul,4,181,2,failure,1,0.45
30,management,single,tertiary,no,3340,no,no,cellular,3,jun,3,-1,0,unknown,1,0.45
49,technician,divorced,tertiary,no,1807,yes,no,cellular,12,mar,1,-1,0,unknown,1,0.45
29,management,married,tertiary,no,247,no,no,cellular,16,sep,2,587,3,failure,1,0.45
55,management,married,primary,no,113,no,no,cellular,12,aug,1,457,3,failure,1,0.45
37,management,married,tertiary,no,0,no,no,cellular,11,aug,4,-1,0,unknown,1,0.45
22,student,single,unknown,no,1215,no,no,cellular,11,aug,1,-1,0,unknown,1,0.4475
74,retired,married,primary,no,4286,no,no,cellular,30,sep,1,-1,0,unknown,1,0.4475
38,admin.,married,secondary,no,1767,yes,no,cellular,9,jul,4,239,7,success,1,0.4475
42,technician,divorced,tertiary,no,2611,yes,no,cellular,25,jun,1,389,3,failure,1,0.4475
41,management,married,tertiary,no,0,no,no,cellular,17,sep,4,63,11,other,1,0.4475
36,admin.,divorced,tertiary,no,4708,no,no,cellular,15,jun,1,-1,0,unknown,1,0.4475
45,technician,married,tertiary,no,31630,no,no,cellular,30,apr,1,-1,0,unknown,1,0.445
36,self-employed,married,secondary,no,188,yes,yes,cellular,4,may,3,333,2,success,1,0.445
22,self-employed,single,tertiary,no,780,no,no,cellular,17,mar,3,-1,0,unknown,1,0.445
58,management,divorced,tertiary,no,26254,yes,no,unknown,21,oct,1,-1,0,unknown,1,0.4425
25,unemployed,single,secondary,no,771,no,no,cellular,5,mar,1,-1,0,unknown,1,0.4425
57,unemployed,divorced,primary,no,282,no,no,cellular,22,oct,1,88,4,other,1,0.4425
28,management,single,tertiary,yes,1414,yes,no,cellular,8,jul,1,521,1,failure,1,0.4425
42,services,married,tertiary,no,4216,no,no,cellular,12,jun,2,-1,0,unknown,1,0.44220201559389516
26,management,single,secondary,no,651,no,yes,cellular,5,mar,1,-1,0,unknown,1,0.44
50,management,married,tertiary,no,8205,yes,no,telephone,25,oct,3,508,1,other,1,0.44
36,self-employed,married,secondary,no,0,yes,no,cellular,11,may,1,-1,0,unknown,1,0.44
32,technician,married,tertiary,no,8023,no,no,cellular,25,may,1,97,1,other,1,0.44
28,management,single,unknown,no,560,no,no,cellular,2,jun,1,-1,0,unknown,1,0.44
30,admin.,single,secondary,no,648,no,no,cellular,19,oct,1,-1,0,unknown,1,0.44
34,admin.,single,secondary,no,-32,no,yes,cellular,11,aug,3,103,2,success,1,0.4375
62,retired,married,secondary,no,3,no,no,cellular,4,aug,1,-1,0,unknown,1,0.4375
93,retired,married,unknown,no,775,no,no,cellular,4,aug,2,13,9,success,1,0.4375
58,admin.,divorced,secondary,no,1947,no,no,telephone,26,oct,1,-1,0,unknown,1,0.4375
27,admin.,single,tertiary,no,4991,yes,no,cellular,13,feb,1,-1,0,unknown,1,0.4375
35,admin.,single,secondary,no,-32,no,yes,cellular,6,aug,2,178,9,success,1,0.4375
35,management,single,tertiary,no,612,no,no,cellular,11,nov,1,195,1,failure,1,0.4375
61,retired,married,secondary,no,2011,no,no,cellular,22,jun,1,578,2,failure,1,0.4375
40,management,married,tertiary,no,8963,no,no,cellular,3,jun,2,-1,0,unknown,1,0.43720201559389515
58,housemaid,married,primary,no,0,no,no,cellular,3,jun,3,79,3,other,1,0.43720201559389515
24,blue-collar,single,secondary,no,174,yes,yes,cellular,18,may,1,-1,0,unknown,1,0.435
46,admin.,divorced,secondary,no,2087,no,no,cellular,1,jun,1,119,4,other,1,0.435
32,student,single,secondary,no,14,no,no,cellular,19,aug,3,136,1,other,1,0.435
29,services,single,tertiary,no,1788,no,no,cellular,27,oct,1,-1,0,unknown,1,0.435
40,technician,single,tertiary,no,1175,no,no,cellular,14,apr,1,-1,0,unknown,1,0.4325
52,technician,married,secondary,no,196,yes,yes,cellular,27,may,2,99,1,success,1,0.4325
29,management,single,tertiary,no,1673,no,no,cellular,16,aug,2,159,3,other,1,0.4325
39,management,single,tertiary,no,3797,no,no,cellular,2,jun,2,-1,0,unknown,1,0.43220201559389515
48,technician,single,secondary,no,1245,no,no,cellular,13,oct,1,134,1,other,1,0.43
43,management,divorced,tertiary,no,2251,no,no,cellular,7,sep,5,-1,0,unknown,1,0.43
52,technician,married,secondary,no,553,yes,no,telephone,11,oct,1,-1,0,unknown,1,0.43
31,blue-collar,married,secondary,no,1664,yes,no,cellular,20,apr,1,182,1,success,1,0.43
70,retired,married,tertiary,no,44,no,no,cellular,18,sep,2,88,2,other,1,0.43
73,retired,married,tertiary,no,443,no,no,cellular,5,feb,2,-1,0,unknown,1,0.43
53,admin.,single,secondary,no,2892,no,no,cellular,9,apr,3,-1,0,unknown,1,0.43
35,management,single,tertiary,no,1162,no,no,cellular,30,apr,1,-1,0,unknown,1,0.43
82,retired,divorced,primary,no,928,no,no,telephone,23,sep,2,188,3,other,1,0.4275
35,technician,single,secondary,no,183,no,no,cellular,24,apr,2,-1,0,unknown,1,0.4275
55,management,married,tertiary,no,6770,no,no,cellular,27,apr,1,-1,0,unknown,1,0.4275
45,technician,divorced,tertiary,no,10768,yes,no,cellular,16,mar,2,-1,0,unknown,1,0.4275
32,management,single,tertiary,no,0,no,no,cellular,7,jul,1,159,1,other,1,0.4275
29,technician,single,secondary,no,590,no,no,cellular,27,aug,1,94,1,success,1,0.4275
29,admin.,single,secondary,no,854,no,no,cellular,20,jul,5,95,1,other,1,0.425
61,retired,married,secondary,no,286,no,no,cellular,7,oct,1,-1,0,unknown,1,0.425
31,self-employed,single,tertiary,no,1734,no,no,cellular,22,apr,4,-1,0,unknown,1,0.425
20,student,single,unknown,no,457,no,no,cellular,16,jun,1,-1,0,unknown,1,0.425
38,unemployed,married,tertiary,no,380,no,no,cellular,10,feb,1,-1,0,unknown,1,0.425
36,admin.,married,unknown,no,2323,no,no,cellular,19,nov,1,-1,0,unknown,1,0.425
31,technician,single,tertiary,no,1527,yes,no,cellular,18,jun,2,-1,0,unknown,1,0.425
35,technician,single,secondary,no,183,no,no,cellular,23,oct,1,52,4,failure,1,0.425
60,retired,divorced,secondary,no,306,yes,no,cellular,18,may,3,-1,0,unknown,1,0.4225
75,retired,married,primary,no,1413,no,no,cellular,1,sep,2,188,2,success,1,0.4225
33,admin.,single,secondary,no,206,yes,no,cellular,15,mar,2,-1,0,unknown,1,0.42
78,retired,divorced,primary,no,2787,no,no,telephone,1,jul,1,-1,0,unknown,1,0.42
55,management,married,tertiary,no,13578,no,no,cellular,29,oct,2,-1,0,unknown,1,0.42
27,services,single,secondary,no,6279,yes,no,cellular,9,nov,1,-1,0,unknown,1,0.4175
77,retired,single,primary,no,300,no,no,cellular,9,sep,1,-1,0,unknown,1,0.4175
28,self-employed,single,tertiary,no,442,no,no,cellular,19,jun,3,95,3,other,1,0.4175
72,retired,divorced,tertiary,no,402,no,no,cellular,12,jul,3,-1,0,unknown,1,0.4175
36,admin.,divorced,secondary,no,592,no,no,cellular,13,oct,2,99,5,failure,1,0.415
40,unemployed,single,tertiary,no,72,no,no,cellular,30,apr,1,-1,0,unknown,1,0.415
26,admin.,married,secondary,no,1595,no,no,cellular,2,mar,1,-1,0,unknown,1,0.415
30,admin.,single,tertiary,no,41,yes,no,cellular,15,feb,4,186,2,success,1,0.415
46,admin.,single,secondary,no,533,no,no,cellular,22,may,1,-1,0,unknown,1,0.4125
47,management,single,tertiary,no,159,no,no,telephone,29,oct,3,155,3,other,1,0.4125
50,management,married,tertiary,no,469,no,no,cellular,16,apr,1,-1,0,unknown,1,0.4125
55,admin.,married,secondary,no,139,no,no,cellular,30,apr,1,-1,0,unknown,1,0.4125
30,management,married,tertiary,no,2694,no,no,cellular,3,jun,1,-1,0,unknown,1,0.41
60,retired,married,secondary,no,404,no,no,cellular,5,mar,2,196,2,failure,1,0.41
29,student,single,unknown,no,145,no,no,cellular,14,aug,1,-1,0,unknown,1,0.41
67,retired,married,unknown,no,2540,no,no,telephone,14,jun,5,116,4,other,1,0.41
31,blue-collar,single,secondary,no,210,yes,yes,cellular,15,may,1,-1,0,unknown,1,0.41
34,management,married,tertiary,no,520,yes,no,cellular,17,apr,1,248,4,success,1,0.41
31,unemployed,single,secondary,no,8304,no,no,cellular,20,oct,1,183,1,failure,1,0.41
28,technician,single,tertiary,no,0,yes,no,cellular,25,may,1,40,2,failure,1,0.41
24,student,single,tertiary,no,834,no,no,cellular,9,sep,1,-1,0,unknown,1,0.41
40,technician,married,secondary,no,694,yes,no,cellular,3,jun,2,119,9,failure,1,0.40970201559389513
34,blue-collar,single,secondary,no,13408,no,no,cellular,1,apr,2,-1,0,unknown,1,0.4075
27,student,single,unknown,no,598,no,no,cellular,12,aug,1,524,1,failure,1,0.4075
46,services,married,secondary,no,4,no,no,cellular,30,apr,1,261,5,other,1,0.4075
32,student,single,unknown,no,2321,no,no,cellular,30,mar,2,-1,0,unknown,1,0.4075
83,retired,single,primary,no,3349,no,no,telephone,12,feb,1,-1,0,unknown,1,0.4075
59,technician,married,secondary,no,10925,no,no,cellular,21,apr,1,-1,0,unknown,1,0.4075
25,technician,single,secondary,no,3843,no,no,cellular,18,oct,2,95,2,failure,1,0.405
37,technician,married,secondary,no,318,no,no,cellular,7,aug,1,95,4,other,1,0.405
35,management,married,tertiary,no,3402,no,no,cellular,14,dec,1,194,2,failure,1,0.405
35,admin.,married,secondary,no,-428,yes,yes,cellular,10,jul,1,-1,0,unknown,1,0.405
70,technician,married,secondary,no,3020,no,no,telephone,30,apr,1,-1,0,unknown,1,0.405
30,technician,single,tertiary,no,655,no,no,cellular,6,oct,2,-1,0,unknown,1,0.405
26,management,single,tertiary,no,3,yes,yes,cellular,1,apr,1,350,1,success,1,0.405
29,blue-collar,single,secondary,no,8079,no,yes,cellular,10,jul,1,-1,0,unknown,1,0.405
53,management,married,tertiary,no,1759,no,no,cellular,2,feb,3,-1,0,unknown,1,0.405
38,management,single,tertiary,no,1704,no,no,cellular,1,sep,1,-1,0,unknown,1,0.405
64,housemaid,married,primary,no,768,no,no,cellular,14,jan,1,-1,0,unknown,1,0.405
28,admin.,single,secondary,no,261,yes,yes,cellular,30,jul,7,182,9,success,1,0.405
27,student,single,secondary,no,213,no,no,cellular,27,mar,1,-1,0,unknown,1,0.405
57,management,married,tertiary,no,813,no,no,cellular,27,apr,3,-1,0,unknown,1,0.405
40,student,single,secondary,no,595,yes,no,cellular,3,jun,2,-1,0,unknown,1,0.4047020155938952
75,retired,married,primary,no,358,no,no,cellular,17,feb,11,-1,0,unknown,1,0.4025
34,technician,married,secondary,no,0,yes,no,cellular,5,aug,2,2,3,success,1,0.4025
27,student,single,tertiary,no,5291,no,no,cellular,12,nov,2,92,2,failure,1,0.4025
34,management,married,tertiary,no,0,yes,no,cellular,30,apr,1,86,1,success,1,0.4025
26,blue-collar,single,secondary,no,5005,no,yes,cellular,3,apr,1,-1,0,unknown,1,0.4025
44,blue-collar,married,secondary,no,1324,yes,no,telephone,25,oct,1,89,2,other,1,0.4
21,student,single,secondary,no,546,no,no,unknown,17,apr,1,-1,0,unknown,1,0.4
19,student,single,secondary,no,329,no,no,cellular,22,oct,2,-1,0,unknown,1,0.4
61,retired,married,primary,no,2863,no,no,cellular,13,nov,1,-1,0,unknown,1,0.4
33,admin.,divorced,secondary,no,661,yes,no,cellular,11,aug,1,99,7,failure,1,0.4
26,student,single,secondary,no,203,no,no,cellular,16,nov,1,196,1,failure,1,0.3975
35,services,married,unknown,no,618,no,no,cellular,30,apr,1,-1,0,unknown,1,0.3975
78,retired,married,primary,no,14204,no,no,cellular,26,oct,1,183,1,other,1,0.3975
36,blue-collar,married,secondary,no,79,yes,yes,cellular,2,jun,2,-1,0,unknown,1,0.3975
59,retired,married,secondary,no,56,no,no,unknown,5,jun,1,-1,0,unknown,1,0.3975
35,management,single,tertiary,no,2646,no,no,cellular,14,apr,8,183,2,success,1,0.3975
25,student,single,unknown,no,839,no,no,cellular,15,mar,1,181,2,other,1,0.3975
44,technician,married,tertiary,no,717,no,no,cellular,3,jun,2,-1,0,unknown,1,0.3972020155938952
32,technician,single,tertiary,no,1246,yes,no,cellular,30,apr,1,85,2,success,1,0.395
33,technician,married,secondary,no,133,no,no,cellular,4,may,1,-1,0,unknown,1,0.395
51,admin.,single,secondary,no,726,yes,no,cellular,11,may,1,14,8,success,1,0.395
26,student,single,tertiary,no,294,no,no,cellular,4,dec,2,-1,0,unknown,1,0.395
60,technician,married,secondary,no,824,yes,no,cellular,9,feb,1,558,7,other,1,0.395
26,student,single,unknown,no,598,no,no,cellular,6,mar,1,-1,0,unknown,1,0.395
55,technician,married,secondary,no,0,yes,yes,cellular,1,jun,1,91,1,success,1,0.395
30,admin.,single,secondary,no,873,no,no,cellular,7,oct,1,216,2,failure,1,0.3925
64,management,married,tertiary,no,6251,no,no,telephone,5,feb,7,-1,0,unknown,1,0.3925
31,admin.,married,tertiary,no,608,yes,no,cellular,29,apr,2,-1,0,unknown,1,0.3925
46,blue-collar,married,unknown,no,336,yes,no,cellular,14,aug,3,457,1,other,1,0.3925
23,student,single,primary,no,1235,no,no,cellular,11,sep,2,91,3,failure,1,0.3925
80,retired,divorced,primary,no,5861,no,no,telephone,26,apr,8,-1,0,unknown,1,0.3925
68,retired,married,tertiary,no,2820,no,no,cellular,3,dec,1,97,2,failure,1,0.3925
54,management,married,tertiary,no,11391,no,no,cellular,4,aug,1,-1,0,unknown,1,0.3925
60,retired,married,secondary,no,975,no,no,cellular,16,sep,1,792,1,failure,1,0.3925
52,self-employed,married,tertiary,no,4012,no,no,cellular,31,aug,3,92,5,other,1,0.39
29,management,single,tertiary,no,7578,no,no,cellular,22,may,3,-1,0,unknown,1,0.39
49,technician,married,tertiary,no,1071,no,no,cellular,17,jun,1,-1,0,unknown,1,0.39
36,admin.,single,secondary,no,60,yes,no,cellular,23,sep,2,-1,0,unknown,1,0.39
52,services,divorced,secondary,no,43,yes,yes,cellular,11,may,2,-1,0,unknown,1,0.39
44,management,married,tertiary,no,5004,no,no,cellular,20,aug,2,-1,0,unknown,1,0.39
28,admin.,married,secondary,no,330,no,no,cellular,2,dec,1,188,3,other,1,0.39
36,technician,single,secondary,no,27,yes,no,cellular,9,feb,1,260,2,success,1,0.3875
71,retired,married,secondary,no,5715,no,no,cellular,17,nov,2,-1,0,unknown,1,0.3875
38,admin.,married,tertiary,no,1980,no,no,cellular,5,aug,2,-1,0,unknown,1,0.3875
65,management,married,secondary,no,587,no,no,cellular,15,apr,2,-1,0,unknown,1,0.3875
35,services,single,secondary,no,1701,yes,no,cellular,15,jun,1,67,3,other,1,0.3875
63,retired,married,secondary,no,23047,no,no,cellular,17,jun,1,139,2,other,1,0.3875
44,blue-collar,single,primary,no,1593,yes,no,cellular,19,nov,2,174,3,success,1,0.3875
42,management,married,unknown,no,933,no,no,cellular,18,may,1,-1,0,unknown,1,0.3875
50,technician,married,tertiary,no,5114,no,no,telephone,29,jun,2,153,2,other,1,0.3875
40,self-employed,single,tertiary,no,10346,no,no,cellular,15,jun,2,207,1,other,1,0.38720201559389517
34,admin.,single,secondary,no,0,yes,no,cellular,2,jun,2,-1,0,unknown,1,0.38720201559389517
31,blue-collar,single,secondary,no,228,no,no,cellular,6,aug,1,88,4,other,1,0.385
65,retired,married,primary,no,493,no,no,cellular,16,oct,1,182,1,failure,1,0.385
21,student,single,secondary,no,164,no,no,cellular,19,feb,5,-1,0,unknown,1,0.385
33,management,married,tertiary,no,1514,no,no,cellular,10,aug,1,728,2,failure,1,0.385
46,blue-collar,married,tertiary,no,3745,no,no,cellular,19,oct,1,-1,0,unknown,1,0.385
52,admin.,single,unknown,no,2227,no,no,cellular,24,feb,2,-1,0,unknown,1,0.385
34,self-employed,single,tertiary,no,9962,no,no,cellular,20,aug,1,-1,0,unknown,1,0.385
41,entrepreneur,married,secondary,no,30,no,no,cellular,30,apr,1,-1,0,unknown,1,0.385
26,admin.,married,tertiary,no,2855,no,no,cellular,30,mar,3,-1,0,unknown,1,0.3825
29,blue-collar,married,secondary,no,3310,no,no,cellular,1,sep,1,91,4,failure,1,0.3825
41,self-employed,married,secondary,no,28,yes,no,cellular,11,may,1,-1,0,unknown,1,0.3825
54,technician,married,secondary,no,3994,no,yes,cellular,16,apr,2,-1,0,unknown,1,0.3825
27,student,single,secondary,no,253,no,no,cellular,25,may,2,-1,0,unknown,1,0.3825
50,management,single,tertiary,no,3537,no,no,unknown,24,oct,1,-1,0,unknown,1,0.38
60,technician,married,primary,no,2301,no,no,cellular,28,apr,2,-1,0,unknown,1,0.38
33,management,married,secondary,no,369,no,no,cellular,25,aug,1,92,3,failure,1,0.38
23,student,single,secondary,no,381,no,no,cellular,23,feb,1,189,2,other,1,0.38
56,unemployed,married,primary,no,882,no,no,unknown,5,jun,1,-1,0,unknown,1,0.38
58,management,divorced,unknown,no,2986,no,no,cellular,16,sep,1,91,5,other,1,0.38
40,management,single,tertiary,no,3797,no,no,cellular,14,dec,1,195,2,failure,1,0.38
39,technician,married,secondary,no,603,no,yes,cellular,15,apr,1,-1,0,unknown,1,0.38
30,management,married,tertiary,no,8623,no,no,cellular,8,apr,3,-1,0,unknown,1,0.3775
36,unemployed,married,secondary,no,17458,no,no,cellular,23,sep,2,-1,0,unknown,1,0.3775
66,retired,married,secondary,no,3409,no,no,cellular,15,nov,2,27,6,failure,1,0.3775
26,technician,single,tertiary,no,1066,no,no,cellular,15,apr,1,-1,0,unknown,1,0.3775
19,student,single,primary,no,103,no,no,cellular,10,jul,2,-1,0,unknown,1,0.375
39,admin.,married,tertiary,no,1322,yes,no,cellular,24,sep,3,486,1,other,1,0.375
77,retired,married,tertiary,no,699,no,no,cellular,13,aug,2,-1,0,unknown,1,0.375
35,management,married,tertiary,no,77,no,no,cellular,12,aug,4,-1,0,unknown,1,0.375
27,management,married,tertiary,no,893,no,no,cellular,16,oct,2,-1,0,unknown,1,0.375
34,technician,single,secondary,no,1313,no,no,cellular,19,apr,4,-1,0,unknown,1,0.375
62,self-employed,divorced,secondary,no,0,yes,no,cellular,20,aug,1,-1,0,unknown,1,0.375
72,retired,married,primary,no,9160,no,no,cellular,5,feb,1,-1,0,unknown,1,0.3725
36,technician,single,secondary,no,144,no,no,cellular,26,may,1,308,2,failure,1,0.3725
31,technician,single,tertiary,no,1109,no,no,cellular,5,feb,1,167,2,failure,1,0.3725
42,admin.,single,secondary,no,164,yes,yes,unknown,22,oct,1,-1,0,unknown,1,0.3725
26,management,single,tertiary,no,8303,no,no,cellular,8,jul,2,-1,0,unknown,1,0.3725
26,admin.,married,unknown,no,4311,no,no,cellular,26,may,1,-1,0,unknown,1,0.3725
38,student,married,unknown,no,0,no,no,cellular,8,jul,1,385,1,failure,1,0.3725
32,management,married,tertiary,no,9214,no,yes,unknown,18,oct,1,-1,0,unknown,1,0.3725
45,management,single,secondary,no,5993,no,no,cellular,2,jun,1,-1,0,unknown,1,0.3725
34,management,married,tertiary,no,250,no,no,cellular,9,dec,1,188,8,other,1,0.3725
33,self-employed,single,tertiary,no,1129,yes,no,cellular,8,jun,2,-1,0,unknown,1,0.37220201559389515
30,admin.,single,secondary,no,414,no,no,cellular,30,apr,1,-1,0,unknown,1,0.37
30,technician,single,secondary,no,500,yes,no,cellular,8,nov,1,543,3,failure,1,0.37
44,management,married,unknown,no,2724,no,no,cellular,28,dec,1,-1,0,unknown,1,0.37
79,retired,married,secondary,no,4738,no,no,telephone,9,jul,5,-1,0,unknown,1,0.37
74,retired,married,tertiary,no,4912,no,no,telephone,21,oct,3,-1,0,unknown,1,0.37
59,blue-collar,married,primary,no,6271,yes,no,cellular,25,aug,5,-1,0,unknown,1,0.37
32,management,married,tertiary,no,1812,no,no,cellular,4,aug,1,182,4,other,1,0.37
38,management,single,tertiary,no,8953,no,yes,cellular,20,nov,1,-1,0,unknown,1,0.37
29,self-employed,single,tertiary,no,805,no,no,cellular,23,feb,1,103,7,failure,1,0.37
33,management,married,tertiary,no,1390,no,no,cellular,5,mar,1,179,5,failure,1,0.3675
47,retired,divorced,tertiary,no,1431,yes,no,cellular,30,apr,1,-1,0,unknown,1,0.3675
76,retired,married,primary,no,2590,no,no,telephone,9,feb,12,-1,0,unknown,1,0.3675
33,management,married,tertiary,no,22867,yes,no,cellular,10,aug,1,440,2,failure,1,0.3675
26,management,single,tertiary,no,3704,no,no,cellular,19,aug,4,-1,0,unknown,1,0.3675
44,management,married,tertiary,no,2383,no,no,cellular,1,jul,2,-1,0,unknown,1,0.3675
18,student,single,unknown,no,438,no,no,cellular,1,sep,1,-1,0,unknown,1,0.3675
67,retired,married,primary,no,8465,no,no,cellular,26,feb,1,-1,0,unknown,1,0.3675
22,management,single,tertiary,no,104,no,yes,cellular,16,apr,3,-1,0,unknown,1,0.365
34,management,married,tertiary,no,5878,no,no,cellular,29,jan,7,98,3,success,1,0.365
25,management,single,tertiary,no,6246,no,no,cellular,9,jun,3,-1,0,unknown,1,0.365
59,retired,married,primary,no,3400,yes,no,cellular,5,aug,3,-1,0,unknown,1,0.365
27,management,single,tertiary,no,948,yes,no,cellular,12,mar,2,207,1,failure,1,0.365
36,technician,single,secondary,no,54,no,no,cellular,22,may,1,-1,0,unknown,1,0.365
28,admin.,single,secondary,no,659,no,no,cellular,9,feb,2,-1,0,unknown,1,0.3625
49,technician,single,secondary,no,1245,no,no,cellular,29,apr,2,198,2,failure,1,0.3625
53,retired,married,secondary,no,4968,no,no,cellular,8,feb,1,333,1,other,1,0.3625
32,technician,married,tertiary,no,2688,no,no,cellular,14,oct,1,57,1,failure,1,0.3625
53,services,married,secondary,no,341,no,no,cellular,30,apr,2,-1,0,unknown,1,0.3625
36,management,single,unknown,no,62,no,no,cellular,13,apr,2,-1,0,unknown,1,0.3625
50,blue-collar,married,primary,no,12519,yes,no,cellular,17,apr,2,147,4,success,1,0.3625
37,self-employed,single,tertiary,no,1286,no,no,telephone,31,jul,7,-1,0,unknown,1,0.3625
36,admin.,married,tertiary,no,0,no,no,cellular,25,nov,1,205,2,other,1,0.36
43,blue-collar,married,secondary,no,14646,no,no,cellular,23,oct,1,-1,0,unknown,1,0.36
31,management,single,tertiary,no,3289,no,no,cellular,12,apr,1,314,1,failure,1,0.36
38,admin.,single,secondary,no,137,yes,yes,unknown,7,may,2,-1,0,unknown,1,0.36
39,management,married,tertiary,no,562,no,no,cellular,13,sep,2,-1,0,unknown,1,0.36
31,student,single,unknown,no,988,no,no,cellular,4,dec,5,191,11,other,1,0.36
72,retired,married,primary,no,806,no,no,cellular,19,oct,1,-1,0,unknown,1,0.36
57,entrepreneur,married,secondary,no,9902,no,no,cellular,18,jun,3,-1,0,unknown,1,0.36
19,student,single,secondary,no,526,no,no,cellular,14,dec,3,-1,0,unknown,1,0.36
47,technician,divorced,secondary,no,1013,no,no,cellular,15,jun,3,-1,0,unknown,1,0.35970201559389514
54,retired,single,primary,no,466,no,no,cellular,5,jun,2,-1,0,unknown,1,0.35970201559389514
39,technician,single,tertiary,no,25,yes,no,cellular,28,dec,1,210,2,success,1,0.3575
47,unknown,single,unknown,no,1819,no,no,cellular,1,jun,1,-1,0,unknown,1,0.3575
58,retired,married,secondary,no,3382,no,yes,cellular,28,may,2,309,2,failure,1,0.3575
38,services,married,secondary,no,5000,no,no,cellular,4,dec,5,536,5,failure,1,0.3575
55,services,married,tertiary,no,2877,no,no,cellular,9,aug,1,91,2,other,1,0.3575
40,admin.,married,tertiary,no,1108,no,no,cellular,26,jan,1,92,5,failure,1,0.3575
29,management,single,tertiary,no,572,yes,no,telephone,8,may,6,181,1,success,1,0.3575
68,retired,divorced,primary,no,250,no,no,cellular,3,feb,1,-1,0,unknown,1,0.3575
67,retired,married,secondary,no,2048,no,no,cellular,16,sep,5,195,4,other,1,0.3575
33,blue-collar,single,secondary,no,1925,yes,no,cellular,2,mar,2,-1,0,unknown,1,0.3575
28,admin.,single,secondary,no,1448,no,no,cellular,8,jun,5,-1,0,unknown,1,0.3575
59,retired,married,secondary,no,1341,no,no,cellular,27,aug,2,97,1,other,1,0.3575
60,retired,divorced,secondary,no,1091,no,no,cellular,30,jul,5,-1,0,unknown,1,0.355
30,technician,single,secondary,no,3568,yes,no,cellular,7,apr,1,-1,0,unknown,1,0.355
33,technician,single,secondary,no,2583,no,no,cellular,25,may,1,108,1,failure,1,0.355
59,admin.,married,secondary,no,2381,no,no,cellular,30,apr,2,-1,0,unknown,1,0.355
52,blue-collar,married,secondary,no,2230,no,no,cellular,29,oct,3,-1,0,unknown,1,0.355
31,admin.,married,secondary,no,35,no,no,cellular,13,aug,2,105,1,success,1,0.3525
24,management,single,tertiary,no,172,no,no,cellular,3,jul,2,-1,0,unknown,1,0.3525
35,admin.,married,secondary,no,557,yes,no,cellular,17,jun,4,-1,0,unknown,1,0.3525
47,housemaid,single,secondary,no,17023,no,no,cellular,26,may,2,97,4,other,1,0.3525
74,retired,married,primary,no,5539,no,no,cellular,12,jul,2,159,3,failure,1,0.3525
18,student,single,unknown,no,348,no,no,cellular,5,may,4,-1,0,unknown,1,0.3525
55,management,single,unknown,no,111,no,no,cellular,16,apr,1,-1,0,unknown,1,0.3525
54,blue-collar,divorced,primary,no,2656,yes,no,cellular,15,apr,2,320,2,success,1,0.3525
67,retired,divorced,secondary,no,704,no,no,cellular,3,nov,1,-1,0,unknown,1,0.3525
39,admin.,married,secondary,no,168,no,no,cellular,6,oct,1,-1,0,unknown,1,0.3525
57,technician,divorced,secondary,no,372,no,no,cellular,14,aug,4,-1,0,unknown,1,0.3525
25,technician,single,secondary,no,1105,yes,no,cellular,30,apr,1,13,1,failure,1,0.35
42,self-employed,married,tertiary,no,10072,no,no,cellular,22,apr,1,-1,0,unknown,1,0.35
33,blue-collar,married,secondary,no,1905,yes,no,cellular,13,may,1,301,2,success,1,0.35
29,admin.,single,secondary,no,305,yes,no,cellular,6,may,2,-1,0,unknown,1,0.35
51,admin.,divorced,tertiary,no,66,yes,no,cellular,10,mar,1,478,2,failure,1,0.35
28,management,single,tertiary,no,6784,no,no,cellular,1,oct,1,115,3,other,1,0.35
59,retired,married,unknown,no,1116,no,no,cellular,7,aug,2,99,1,failure,1,0.35
74,retired,married,primary,no,1413,no,no,cellular,25,feb,2,-1,0,unknown,1,0.3475
32,management,married,tertiary,no,927,no,no,cellular,8,oct,1,-1,0,unknown,1,0.3475
47,admin.,divorced,secondary,no,555,yes,yes,telephone,17,oct,1,-1,0,unknown,1,0.3475
58,management,divorced,tertiary,no,26831,no,no,cellular,11,feb,18,-1,0,unknown,1,0.3475
41,management,divorced,secondary,no,0,no,no,cellular,6,aug,2,-1,0,unknown,1,0.3475
55,management,divorced,tertiary,no,7010,no,no,cellular,22,sep,1,195,2,failure,1,0.3475
35,management,married,tertiary,no,93,no,no,cellular,4,may,2,88,1,other,1,0.345
66,retired,married,primary,no,747,no,no,telephone,27,oct,1,-1,0,unknown,1,0.345
31,management,married,tertiary,no,877,no,no,cellular,9,jun,1,93,7,other,1,0.345
26,admin.,single,tertiary,no,3730,yes,no,cellular,11,mar,1,98,4,other,1,0.345
56,management,divorced,tertiary,no,2037,no,no,cellular,5,aug,1,91,6,failure,1,0.345
26,self-employed,single,tertiary,no,1444,no,no,cellular,12,jun,5,-1,0,unknown,1,0.345
49,technician,married,tertiary,no,523,yes,no,cellular,3,mar,2,-1,0,unknown,1,0.3425
59,management,married,tertiary,no,2239,no,no,cellular,22,may,1,-1,0,unknown,1,0.3425
46,management,divorced,tertiary,no,624,no,no,cellular,18,mar,1,276,1,other,1,0.3425
26,technician,single,tertiary,no,15161,no,no,cellular,2,feb,1,-1,0,unknown,1,0.3425
29,student,single,secondary,no,314,no,no,cellular,7,dec,2,116,4,failure,1,0.3425
68,retired,married,secondary,no,0,no,no,cellular,22,jun,1,-1,0,unknown,1,0.3425
26,student,single,secondary,no,0,no,no,cellular,27,may,2,-1,0,unknown,1,0.3425
54,management,divorced,tertiary,no,2037,no,no,cellular,2,feb,1,-1,0,unknown,1,0.3425
31,management,divorced,tertiary,no,883,yes,no,cellular,5,mar,2,106,1,failure,1,0.3425
28,student,single,secondary,no,293,no,no,cellular,15,may,3,-1,0,unknown,1,0.34
31,technician,divorced,tertiary,no,0,no,no,cellular,22,aug,2,-1,0,unknown,1,0.34
33,unknown,single,secondary,no,9,no,no,cellular,19,oct,1,-1,0,unknown,1,0.34
64,retired,married,secondary,no,504,no,no,cellular,11,aug,1,14,3,other,1,0.34
23,technician,single,unknown,no,314,no,no,cellular,30,apr,1,-1,0,unknown,1,0.34
48,services,divorced,secondary,no,3186,no,yes,cellular,9,apr,1,-1,0,unknown,1,0.3375
37,entrepreneur,married,tertiary,no,310,no,no,cellular,1,sep,1,-1,0,unknown,1,0.3375
26,services,single,secondary,no,1445,no,no,telephone,23,oct,1,-1,0,unknown,1,0.3375
23,student,single,secondary,no,922,no,no,cellular,25,nov,1,85,8,failure,1,0.3375
27,student,single,secondary,no,8366,no,no,cellular,7,may,2,349,1,other,1,0.3375
52,technician,married,secondary,no,0,yes,no,cellular,10,mar,1,-1,0,unknown,1,0.3375
31,technician,single,secondary,no,3500,yes,no,cellular,19,nov,1,-1,0,unknown,1,0.3375
32,technician,single,secondary,no,554,no,no,cellular,7,aug,3,-1,0,unknown,1,0.3375
37,technician,single,tertiary,no,3943,no,no,cellular,6,apr,2,138,1,failure,1,0.335
53,management,married,tertiary,no,3591,yes,no,cellular,5,aug,2,181,2,other,1,0.335
43,technician,married,secondary,no,1937,yes,no,unknown,5,may,1,-1,0,unknown,1,0.335
79,retired,married,primary,no,429,no,no,telephone,8,jul,2,-1,0,unknown,1,0.335
31,admin.,single,secondary,no,476,no,no,cellular,9,feb,2,-1,0,unknown,1,0.335
47,housemaid,single,primary,no,2785,yes,no,cellular,13,may,1,-1,0,unknown,1,0.335
31,admin.,married,secondary,no,389,yes,no,cellular,5,jun,2,-1,0,unknown,1,0.3347020155938952
60,retired,married,secondary,no,2060,no,no,cellular,29,jun,4,95,4,failure,1,0.3325
32,management,single,tertiary,no,1962,no,no,cellular,13,jan,1,-1,0,unknown,1,0.3325
33,blue-collar,married,secondary,no,463,yes,no,cellular,15,may,5,-1,0,unknown,1,0.3325
32,management,married,tertiary,no,6138,no,no,cellular,29,jul,2,90,9,failure,1,0.3325
54,admin.,married,secondary,no,0,no,no,cellular,22,oct,2,-1,0,unknown,1,0.3325
62,management,married,tertiary,no,0,no,no,cellular,3,sep,1,-1,0,unknown,1,0.3325
56,blue-collar,married,primary,no,151,no,no,cellular,3,feb,1,-1,0,unknown,1,0.3325
54,technician,married,secondary,no,3967,no,yes,cellular,29,jul,3,-1,0,unknown,1,0.3325
36,technician,married,tertiary,no,521,no,no,cellular,20,oct,3,-1,0,unknown,1,0.3325
35,technician,single,secondary,no,1227,no,no,cellular,18,mar,4,90,6,other,1,0.33
31,services,single,tertiary,no,620,no,no,cellular,30,apr,1,87,1,failure,1,0.33
29,entrepreneur,married,secondary,no,5918,yes,no,cellular,13,may,1,-1,0,unknown,1,0.33
37,management,single,tertiary,no,254,no,no,cellular,19,oct,1,-1,0,unknown,1,0.33
19,student,single,secondary,no,291,no,no,telephone,5,may,5,-1,0,unknown,1,0.33
32,technician,married,secondary,no,484,yes,no,cellular,15,feb,6,187,3,success,1,0.33
29,unemployed,married,secondary,no,687,no,no,cellular,8,oct,2,88,6,other,1,0.33
30,unemployed,single,secondary,no,1058,no,no,cellular,4,feb,1,-1,0,unknown,1,0.3275
21,technician,single,unknown,no,360,no,no,cellular,26,may,2,-1,0,unknown,1,0.3275
56,services,divorced,secondary,no,935,no,no,cellular,26,feb,1,227,2,failure,1,0.3275
21,student,single,secondary,no,557,no,no,cellular,31,aug,2,-1,0,unknown,1,0.3275
32,management,single,tertiary,no,623,no,no,cellular,6,jul,3,194,2,failure,1,0.325
37,blue-collar,married,secondary,no,-4,yes,yes,unknown,29,may,1,-1,0,unknown,1,0.325
50,technician,married,secondary,no,402,no,no,cellular,4,may,1,180,2,failure,1,0.325
32,blue-collar,married,primary,no,1644,no,no,cellular,7,sep,3,102,5,other,1,0.325
37,technician,married,secondary,no,1762,no,no,cellular,16,apr,2,-1,0,unknown,1,0.325
52,management,married,tertiary,no,437,no,no,telephone,12,jun,3,113,1,other,1,0.325
33,blue-collar,married,secondary,no,0,yes,yes,cellular,11,jul,1,-1,0,unknown,1,0.325
63,retired,married,tertiary,no,4692,yes,no,cellular,13,jul,1,181,2,failure,1,0.325
77,retired,married,primary,no,2590,no,no,telephone,13,nov,3,277,12,failure,1,0.325
55,management,divorced,tertiary,no,9756,yes,no,cellular,5,jun,2,95,1,other,1,0.32470201559389517
40,management,married,tertiary,no,5142,no,no,cellular,13,jan,2,224,1,failure,1,0.3225
66,retired,married,secondary,no,995,no,no,cellular,27,feb,2,-1,0,unknown,1,0.3225
37,management,married,tertiary,no,3794,no,no,cellular,18,aug,1,379,1,failure,1,0.3225
33,management,single,tertiary,no,307,no,no,cellular,23,jul,6,179,4,failure,1,0.3225
33,unemployed,single,tertiary,no,1974,no,no,cellular,14,aug,2,191,1,failure,1,0.3225
27,services,married,secondary,no,0,yes,no,cellular,28,jul,8,-1,0,unknown,1,0.3225
32,management,single,tertiary,no,623,no,no,telephone,24,dec,1,203,1,failure,1,0.3225
25,blue-collar,married,secondary,no,-288,no,yes,cellular,30,jul,4,-1,0,unknown,1,0.32
50,unemployed,divorced,tertiary,no,64,no,no,cellular,31,jul,6,-1,0,unknown,1,0.32
29,student,single,secondary,no,48,no,no,cellular,26,feb,1,-1,0,unknown,1,0.32
25,management,single,tertiary,no,808,no,no,cellular,18,sep,2,114,2,failure,1,0.32
65,retired,married,primary,no,308,no,no,cellular,1,sep,1,-1,0,unknown,1,0.32
36,self-employed,married,tertiary,no,11387,no,no,cellular,15,apr,1,-1,0,unknown,1,0.32
51,technician,married,secondary,no,117,no,no,cellular,18,feb,2,-1,0,unknown,1,0.32
43,management,divorced,unknown,no,7702,no,no,cellular,1,sep,7,102,3,success,1,0.32
34,technician,married,tertiary,no,218,no,no,cellular,5,aug,2,-1,0,unknown,1,0.32
59,admin.,married,secondary,no,817,no,no,cellular,9,apr,1,-1,0,unknown,1,0.32
52,management,married,unknown,no,1708,no,no,telephone,23,jun,1,145,3,failure,1,0.32
34,blue-collar,single,secondary,no,1475,yes,no,cellular,16,nov,3,530,12,other,1,0.32
66,retired,married,secondary,no,2048,no,no,cellular,27,aug,1,-1,0,unknown,1,0.3175
35,admin.,married,tertiary,no,690,no,no,cellular,19,apr,2,185,1,failure,1,0.3175
44,technician,married,tertiary,no,1933,no,no,cellular,5,jun,1,-1,0,unknown,1,0.3175
30,services,single,tertiary,no,803,no,no,cellular,30,apr,1,-1,0,unknown,1,0.3175
31,management,single,tertiary,no,12569,no,no,cellular,9,sep,1,295,1,failure,1,0.3175
22,student,single,secondary,no,2139,no,no,cellular,17,mar,8,-1,0,unknown,1,0.3175
32,management,single,tertiary,no,697,no,no,cellular,30,apr,3,-1,0,unknown,1,0.3175
53,admin.,married,secondary,no,459,no,no,cellular,5,apr,1,-1,0,unknown,1,0.3175
48,management,married,tertiary,no,1741,yes,yes,telephone,18,nov,1,-1,0,unknown,1,0.3175
34,management,single,tertiary,no,549,no,no,cellular,6,oct,2,-1,0,unknown,1,0.3175
34,management,single,tertiary,no,275,no,no,cellular,2,aug,2,455,23,other,1,0.315
37,admin.,married,secondary,no,3427,no,no,cellular,27,feb,1,-1,0,unknown,1,0.315
35,technician,single,tertiary,no,992,yes,no,cellular,26,aug,1,114,3,failure,1,0.315
25,management,single,tertiary,no,553,yes,no,cellular,17,sep,4,479,1,failure,1,0.315
26,management,single,tertiary,no,170,no,no,cellular,15,jun,1,-1,0,unknown,1,0.315
83,retired,divorced,primary,no,46,no,no,cellular,25,mar,1,-1,0,unknown,1,0.315
27,student,single,tertiary,no,5291,no,no,cellular,12,aug,2,-1,0,unknown,1,0.315
56,retired,married,secondary,no,393,no,yes,cellular,17,dec,1,206,1,failure,1,0.315
32,admin.,single,secondary,no,1649,no,no,cellular,27,may,2,-1,0,unknown,1,0.315
80,retired,married,secondary,no,1610,no,no,cellular,12,aug,1,-1,0,unknown,1,0.315
30,management,single,tertiary,no,147,no,no,cellular,9,sep,1,100,1,failure,1,0.315
60,retired,divorced,secondary,no,216,yes,no,unknown,5,may,1,-1,0,unknown,1,0.315
35,technician,married,tertiary,no,8029,yes,no,cellular,26,may,1,285,4,success,1,0.315
55,admin.,married,unknown,no,2038,no,no,cellular,9,apr,1,-1,0,unknown,1,0.315
56,retired,married,unknown,no,230,no,no,cellular,8,sep,1,92,2,failure,1,0.315
25,blue-collar,single,secondary,no,-350,yes,no,unknown,23,jun,3,-1,0,unknown,1,0.3125
64,retired,married,secondary,no,1370,no,no,cellular,12,aug,1,-1,0,unknown,1,0.3125
34,management,single,tertiary,no,3821,yes,no,cellular,13,may,2,-1,0,unknown,1,0.3125
29,technician,single,secondary,no,825,no,no,cellular,25,jun,2,-1,0,unknown,1,0.3125
45,unknown,married,tertiary,no,406,no,no,cellular,7,sep,1,-1,0,unknown,1,0.3125
55,admin.,married,secondary,no,8304,no,no,cellular,1,jun,1,-1,0,unknown,1,0.3125
26,technician,single,tertiary,no,515,no,no,cellular,31,may,1,-1,0,unknown,1,0.3125
25,technician,single,secondary,no,582,no,yes,cellular,3,feb,1,-1,0,unknown,1,0.3125
28,technician,single,tertiary,no,372,yes,yes,cellular,15,may,3,294,2,success,1,0.3125
33,admin.,single,tertiary,no,1371,yes,no,cellular,5,may,1,-1,0,unknown,1,0.3125
59,management,married,secondary,no,111,no,no,telephone,8,jul,2,381,3,failure,1,0.3125
31,admin.,single,secondary,no,554,yes,no,cellular,25,may,3,103,2,failure,1,0.31
28,management,single,tertiary,no,9314,no,no,cellular,2,jul,2,-1,0,unknown,1,0.31
34,management,married,tertiary,no,1273,no,no,unknown,11,aug,2,-1,0,unknown,1,0.31
38,management,single,tertiary,no,1373,no,no,cellular,22,oct,4,-1,0,unknown,1,0.31
26,blue-collar,single,primary,no,52,yes,no,cellular,20,apr,1,300,2,success,1,0.31
83,retired,married,primary,no,425,no,no,telephone,22,jun,1,140,1,failure,1,0.31
34,admin.,married,tertiary,no,798,yes,no,cellular,8,mar,2,-1,0,unknown,1,0.31
33,management,single,tertiary,no,9317,no,no,cellular,26,may,1,205,3,failure,1,0.31
34,services,single,secondary,no,528,yes,no,cellular,2,sep,3,100,5,other,1,0.31
20,student,single,secondary,no,1191,no,no,cellular,28,sep,2,228,1,failure,1,0.31
64,entrepreneur,married,tertiary,no,2331,no,no,telephone,9,nov,1,-1,0,unknown,1,0.3075
35,admin.,married,secondary,no,-85,no,no,cellular,2,mar,6,-1,0,unknown,1,0.3075
27,unknown,single,tertiary,no,6421,no,no,cellular,18,may,3,110,4,failure,1,0.3075
33,management,single,tertiary,no,101,yes,no,cellular,23,feb,2,130,1,other,1,0.3075
46,management,married,tertiary,no,273,yes,no,cellular,15,sep,1,105,3,failure,1,0.3075
52,admin.,married,secondary,no,0,no,no,cellular,22,apr,2,275,1,failure,1,0.3075
68,retired,married,secondary,no,3588,no,no,telephone,3,apr,1,-1,0,unknown,1,0.3075
69,retired,married,secondary,no,745,no,no,telephone,9,sep,1,-1,0,unknown,1,0.3075
49,blue-collar,divorced,primary,no,24,yes,no,cellular,11,may,1,362,1,success,1,0.3075
25,entrepreneur,single,primary,no,-65,yes,no,unknown,28,may,2,-1,0,unknown,1,0.3075
42,technician,married,secondary,no,1539,no,no,cellular,19,jun,5,211,2,failure,1,0.3075
77,retired,married,tertiary,no,0,no,no,cellular,27,sep,4,-1,0,unknown,1,0.3075
53,retired,married,secondary,no,4968,no,no,cellular,6,may,1,87,2,failure,1,0.305
48,management,married,tertiary,no,1808,yes,no,cellular,26,feb,1,-1,0,unknown,1,0.305
28,management,single,tertiary,no,1086,yes,no,unknown,29,may,2,-1,0,unknown,1,0.305
46,blue-collar,married,secondary,no,1723,no,no,cellular,17,jun,2,52,7,failure,1,0.305
34,unemployed,single,tertiary,no,415,no,no,cellular,12,aug,1,-1,0,unknown,1,0.305
36,entrepreneur,married,tertiary,no,247,no,no,cellular,17,apr,1,-1,0,unknown,1,0.305
27,management,single,unknown,no,3196,no,no,cellular,9,feb,2,-1,0,unknown,1,0.305
58,management,divorced,tertiary,no,372,no,yes,unknown,29,oct,1,-1,0,unknown,1,0.305
27,management,single,tertiary,no,497,no,no,cellular,5,feb,1,-1,0,unknown,1,0.305
59,management,divorced,tertiary,no,3390,no,no,cellular,29,jul,2,-1,0,unknown,1,0.305
51,entrepreneur,divorced,tertiary,no,315,no,no,cellular,11,oct,1,91,4,failure,1,0.305
35,technician,single,secondary,no,70,yes,no,cellular,21,oct,2,188,2,other,1,0.305
26,self-employed,single,tertiary,no,993,no,no,cellular,8,oct,1,-1,0,unknown,1,0.305
30,technician,married,tertiary,no,239,no,no,telephone,20,oct,1,-1,0,unknown,1,0.3025
33,management,single,tertiary,no,373,no,yes,cellular,27,oct,1,-1,0,unknown,1,0.3025
53,admin.,married,secondary,no,0,no,no,telephone,6,sep,1,655,5,failure,1,0.3025
32,entrepreneur,married,primary,no,3083,no,no,cellular,22,jun,2,-1,0,unknown,1,0.3025
60,admin.,married,secondary,no,12980,no,no,cellular,5,mar,1,-1,0,unknown,1,0.3025
29,student,married,unknown,no,2229,no,no,unknown,9,jul,1,252,1,other,1,0.3025
51,technician,married,secondary,no,39,no,no,cellular,2,nov,1,-1,0,unknown,1,0.3025
35,admin.,single,secondary,no,206,yes,no,cellular,30,apr,2,-1,0,unknown,1,0.3025
57,admin.,single,secondary,no,738,no,no,cellular,17,nov,1,-1,0,unknown,1,0.3025
36,blue-collar,married,secondary,no,7579,yes,no,unknown,20,may,1,-1,0,unknown,1,0.3025
33,unemployed,single,secondary,no,2066,no,yes,cellular,9,sep,1,749,2,failure,1,0.3025
28,student,single,secondary,no,2351,no,no,telephone,22,oct,1,-1,0,unknown,1,0.3025
68,retired,married,primary,no,2301,no,no,cellular,14,aug,3,120,1,failure,1,0.3
44,technician,married,tertiary,no,1146,no,no,cellular,4,jul,2,-1,0,unknown,1,0.3
34,admin.,married,tertiary,no,10,no,no,cellular,21,aug,1,91,1,failure,1,0.3
24,student,single,secondary,no,2,no,no,cellular,15,may,1,-1,0,unknown,1,0.3
55,technician,married,secondary,no,0,yes,yes,cellular,2,mar,1,-1,0,unknown,1,0.3
39,management,divorced,tertiary,no,224,no,no,cellular,5,apr,1,-1,0,unknown,1,0.3
40,self-employed,single,tertiary,no,819,no,no,cellular,30,jul,3,-1,0,unknown,1,0.3
38,technician,married,tertiary,no,206,no,no,cellular,8,apr,2,-1,0,unknown,1,0.3
56,housemaid,divorced,secondary,no,1866,no,yes,cellular,1,oct,1,-1,0,unknown,1,0.3
29,technician,single,tertiary,no,323,no,no,cellular,3,feb,1,-1,0,unknown,1,0.3
41,management,married,tertiary,no,285,yes,no,cellular,31,aug,4,147,4,failure,1,0.2975
57,admin.,married,secondary,no,3242,no,no,cellular,8,aug,4,-1,0,unknown,1,0.2975
34,management,married,tertiary,no,402,no,no,cellular,26,may,1,-1,0,unknown,1,0.2975
70,management,married,tertiary,no,13297,no,no,cellular,2,feb,2,-1,0,unknown,1,0.2975
51,management,married,tertiary,no,2635,no,no,cellular,1,sep,1,98,2,failure,1,0.2975
41,blue-collar,divorced,primary,no,0,no,no,cellular,30,jul,2,-1,0,unknown,1,0.2975
34,management,single,tertiary,no,268,no,no,cellular,7,sep,1,-1,0,unknown,1,0.2975
40,management,married,tertiary,no,1855,no,no,telephone,8,feb,6,-1,0,unknown,1,0.2975
36,management,married,tertiary,no,2178,yes,no,cellular,14,may,3,-1,0,unknown,1,0.2975
61,admin.,married,secondary,no,1541,no,no,cellular,20,oct,1,104,3,failure,1,0.2975
33,services,divorced,secondary,no,2411,yes,no,cellular,23,oct,1,161,1,failure,1,0.2975
66,retired,married,primary,no,388,no,no,cellular,17,sep,2,-1,0,unknown,1,0.2975
26,management,single,tertiary,no,200,no,no,cellular,1,sep,2,-1,0,unknown,1,0.295
45,entrepreneur,single,primary,no,0,no,no,cellular,7,apr,1,-1,0,unknown,1,0.295
71,retired,married,secondary,no,1696,no,no,cellular,6,oct,1,-1,0,unknown,1,0.295
59,retired,married,secondary,no,2516,yes,yes,unknown,14,may,1,-1,0,unknown,1,0.295
54,housemaid,married,secondary,yes,0,no,no,cellular,30,apr,3,-1,0,unknown,1,0.295
29,self-employed,married,tertiary,no,2305,no,no,cellular,27,may,2,-1,0,unknown,1,0.295
28,admin.,married,secondary,no,0,yes,no,cellular,7,may,1,-1,0,unknown,1,0.295
27,admin.,single,secondary,no,827,yes,no,cellular,4,jun,1,107,1,failure,1,0.295
47,management,married,tertiary,no,0,yes,no,cellular,4,mar,2,181,3,failure,1,0.295
39,technician,single,secondary,no,1435,no,no,cellular,17,jun,1,296,19,other,1,0.295
36,technician,married,tertiary,no,1731,yes,no,cellular,3,jun,3,-1,0,unknown,1,0.29470201559389514
31,management,married,tertiary,no,4015,yes,no,cellular,2,feb,2,241,3,other,1,0.2925
18,student,single,unknown,no,35,no,no,telephone,21,aug,2,-1,0,unknown,1,0.2925
81,retired,divorced,primary,no,0,no,no,telephone,15,oct,1,-1,0,unknown,1,0.2925
37,services,married,secondary,no,2915,no,no,cellular,26,may,2,-1,0,unknown,1,0.2925
48,admin.,married,secondary,no,156,no,no,cellular,4,aug,1,-1,0,unknown,1,0.2925
29,management,married,tertiary,no,205,no,no,cellular,4,jun,1,-1,0,unknown,1,0.2925
64,retired,married,tertiary,no,846,no,no,cellular,11,feb,1,181,3,failure,1,0.2925
34,unemployed,single,unknown,no,517,no,no,cellular,6,sep,3,-1,0,unknown,1,0.2925
66,retired,married,tertiary,no,1948,no,no,cellular,29,oct,2,269,2,failure,1,0.2925
37,management,married,tertiary,no,2987,yes,no,telephone,16,nov,8,96,1,success,1,0.2925
40,services,married,secondary,no,293,no,no,telephone,4,feb,2,-1,0,unknown,1,0.2925
27,management,married,tertiary,no,802,no,no,cellular,22,sep,1,-1,0,unknown,1,0.29
28,technician,married,secondary,no,742,no,no,cellular,26,may,1,-1,0,unknown,1,0.29
31,management,single,tertiary,no,816,yes,no,cellular,26,may,1,40,1,failure,1,0.29
57,management,married,tertiary,no,1318,no,no,cellular,16,oct,1,185,2,failure,1,0.29
41,unemployed,married,tertiary,no,0,no,no,cellular,30,oct,3,-1,0,unknown,1,0.29
28,services,single,tertiary,no,128,no,no,cellular,27,may,1,414,1,failure,1,0.29
37,unemployed,married,tertiary,no,7620,no,no,telephone,31,aug,3,98,3,failure,1,0.29
61,technician,married,tertiary,no,0,no,no,cellular,3,apr,1,-1,0,unknown,1,0.29
31,technician,single,secondary,no,253,no,no,cellular,13,jan,1,-1,0,unknown,1,0.29
26,admin.,single,secondary,no,125,no,no,cellular,6,oct,1,63,7,failure,1,0.29
57,admin.,married,unknown,no,2038,no,no,cellular,9,aug,1,182,2,failure,1,0.29
54,unemployed,divorced,secondary,no,1664,no,no,cellular,2,jun,3,-1,0,unknown,1,0.28970201559389513
23,management,single,tertiary,no,906,no,no,cellular,30,jul,3,-1,0,unknown,1,0.2875
32,technician,single,tertiary,no,13711,yes,no,cellular,14,may,1,175,3,success,1,0.2875
33,management,single,tertiary,no,259,no,no,cellular,8,apr,6,-1,0,unknown,1,0.2875
37,management,married,tertiary,no,900,yes,no,cellular,25,may,1,18,3,failure,1,0.2875
34,technician,single,tertiary,no,612,no,no,cellular,28,aug,1,95,1,failure,1,0.2875
31,management,single,tertiary,no,6413,no,no,cellular,13,aug,2,-1,0,unknown,1,0.2875
29,management,single,tertiary,no,1351,no,no,cellular,11,mar,1,91,1,failure,1,0.2875
26,technician,single,tertiary,no,4130,no,no,cellular,28,jan,2,-1,0,unknown,1,0.2875
63,management,married,unknown,no,2352,no,no,telephone,4,may,7,-1,0,unknown,1,0.2875
37,technician,married,tertiary,no,88,no,no,cellular,6,may,1,90,3,other,1,0.2875
31,technician,single,tertiary,no,985,yes,no,cellular,17,apr,1,57,2,failure,1,0.2875
55,retired,married,tertiary,no,357,yes,no,cellular,30,apr,1,-1,0,unknown,1,0.2875
33,management,married,tertiary,no,7154,no,no,cellular,2,aug,4,129,4,other,1,0.2875
22,student,single,secondary,no,10971,no,no,cellular,28,jun,2,-1,0,unknown,1,0.2875
40,services,married,secondary,no,471,yes,no,cellular,24,jul,4,-1,0,unknown,1,0.285
33,self-employed,single,tertiary,no,658,yes,no,cellular,12,oct,2,183,3,failure,1,0.285
38,technician,divorced,secondary,no,902,yes,no,cellular,4,may,3,90,1,success,1,0.285
33,technician,single,tertiary,no,109,yes,yes,cellular,25,may,2,10,7,failure,1,0.285
29,unemployed,single,unknown,no,1584,no,no,cellular,6,sep,1,-1,0,unknown,1,0.285
31,management,single,tertiary,no,4718,yes,no,cellular,21,nov,1,-1,0,unknown,1,0.285
60,housemaid,divorced,primary,no,1412,no,no,cellular,22,jul,4,-1,0,unknown,1,0.285
28,management,married,tertiary,no,3589,yes,no,cellular,13,may,1,-1,0,unknown,1,0.285
44,blue-collar,single,secondary,no,276,yes,no,unknown,29,jun,1,411,6,failure,1,0.285
34,technician,single,secondary,no,1866,no,no,cellular,8,may,3,185,1,failure,1,0.2825
39,admin.,married,secondary,no,47,yes,no,cellular,16,aug,2,371,6,failure,1,0.2825
24,student,single,unknown,no,0,no,no,cellular,4,may,2,-1,0,unknown,1,0.2825
36,management,single,tertiary,no,3850,yes,no,cellular,4,may,4,-1,0,unknown,1,0.2825
41,admin.,married,tertiary,no,1536,no,no,cellular,4,may,2,-1,0,unknown,1,0.2825
64,technician,married,tertiary,no,826,no,no,telephone,22,apr,1,-1,0,unknown,1,0.2825
38,technician,single,tertiary,no,1727,no,no,telephone,2,aug,2,185,6,other,1,0.2825
29,admin.,single,secondary,no,488,yes,no,cellular,4,jun,1,-1,0,unknown,1,0.2825
28,admin.,divorced,secondary,no,451,yes,no,cellular,13,may,1,301,1,success,1,0.2825
70,retired,divorced,secondary,no,4572,no,no,cellular,11,oct,2,95,16,failure,1,0.2825
30,management,single,tertiary,no,7788,no,no,cellular,6,aug,4,-1,0,unknown,1,0.2825
77,retired,married,secondary,no,638,no,no,cellular,7,aug,1,-1,0,unknown,1,0.2825
60,retired,married,primary,no,37,no,no,cellular,18,jun,3,-1,0,unknown,1,0.28
26,blue-collar,married,secondary,no,5795,yes,no,cellular,14,may,2,-1,0,unknown,1,0.28
40,services,married,secondary,no,0,yes,no,cellular,2,jun,1,28,3,failure,1,0.28
39,admin.,married,secondary,no,406,no,no,cellular,30,jul,5,-1,0,unknown,1,0.28
43,blue-collar,married,primary,no,3917,no,no,cellular,2,mar,1,-1,0,unknown,1,0.28
28,student,single,secondary,no,1925,no,no,cellular,25,nov,1,97,2,failure,1,0.28
29,unknown,single,secondary,no,923,no,no,cellular,26,may,1,-1,0,unknown,1,0.28
37,management,married,tertiary,no,165,no,no,cellular,24,aug,1,83,1,other,1,0.28
26,admin.,married,secondary,no,1595,no,no,cellular,15,jun,1,105,1,failure,1,0.28
31,technician,married,secondary,no,4182,yes,no,cellular,4,may,2,-1,0,unknown,1,0.28
54,technician,married,secondary,no,899,no,yes,cellular,17,nov,1,145,1,other,1,0.28
32,technician,single,secondary,no,82,no,no,cellular,18,aug,4,-1,0,unknown,1,0.28
37,management,married,tertiary,no,7974,yes,no,cellular,30,oct,5,158,7,other,1,0.28
42,unemployed,single,primary,no,8037,no,no,cellular,5,jun,2,-1,0,unknown,1,0.2797020155938952
48,admin.,single,secondary,no,1253,yes,no,unknown,18,jun,2,-1,0,unknown,1,0.2775
31,services,married,secondary,no,1167,no,no,cellular,3,jul,1,-1,0,unknown,1,0.2775
47,services,divorced,tertiary,no,1639,no,no,cellular,12,jan,1,-1,0,unknown,1,0.2775
56,services,divorced,secondary,no,935,no,no,cellular,2,jun,1,96,3,failure,1,0.2775
31,services,married,secondary,no,132,no,no,cellular,7,jul,1,152,1,other,1,0.2775
34,management,single,tertiary,no,2561,no,no,cellular,29,dec,1,-1,0,unknown,1,0.2775
62,management,married,secondary,no,1128,no,no,cellular,2,sep,1,290,3,other,1,0.2775
45,technician,married,secondary,no,406,yes,no,cellular,3,jun,1,307,10,other,1,0.2775
78,retired,married,primary,no,832,no,no,telephone,11,may,3,-1,0,unknown,1,0.2775
52,technician,married,secondary,no,279,no,yes,cellular,14,jul,3,-1,0,unknown,1,0.2775
37,blue-collar,single,unknown,no,217,no,no,cellular,23,sep,2,-1,0,unknown,1,0.2775
37,unemployed,married,secondary,no,356,no,no,cellular,9,feb,2,216,1,failure,1,0.2775
34,blue-collar,married,secondary,no,0,yes,no,cellular,13,may,4,357,3,success,1,0.275
37,technician,single,secondary,no,267,no,no,cellular,13,may,1,-1,0,unknown,1,0.275
59,management,married,tertiary,no,4606,no,no,telephone,1,sep,2,189,2,failure,1,0.275
50,blue-collar,married,primary,no,12519,yes,no,unknown,18,oct,1,-1,0,unknown,1,0.275
35,housemaid,married,tertiary,no,11219,no,no,cellular,12,aug,2,79,1,failure,1,0.275
31,blue-collar,single,secondary,no,2093,no,no,cellular,7,jul,1,-1,0,unknown,1,0.275
31,management,single,tertiary,no,6495,no,no,cellular,4,may,2,35,3,failure,1,0.275
35,technician,single,secondary,no,1609,yes,no,unknown,30,may,3,-1,0,unknown,1,0.275
20,student,married,unknown,no,292,no,no,cellular,4,may,1,-1,0,unknown,1,0.275
41,blue-collar,single,primary,no,1649,yes,no,unknown,16,may,3,-1,0,unknown,1,0.275
38,technician,single,secondary,no,8381,no,no,cellular,15,apr,1,145,1,failure,1,0.275
82,retired,married,primary,no,103,no,no,cellular,1,sep,1,-1,0,unknown,1,0.275
70,retired,married,primary,no,4982,no,no,cellular,4,may,2,-1,0,unknown,1,0.275
29,management,married,tertiary,no,30,no,no,cellular,30,apr,1,-1,0,unknown,1,0.275
45,technician,married,unknown,no,886,yes,no,cellular,13,oct,2,42,1,failure,1,0.275
59,retired,married,unknown,no,1033,no,no,unknown,11,jun,1,-1,0,unknown,1,0.2725
39,services,married,secondary,no,323,no,no,cellular,3,dec,3,182,3,other,1,0.2725
61,technician,married,secondary,no,1191,no,no,cellular,21,may,4,-1,0,unknown,1,0.2725
59,unemployed,divorced,secondary,no,2026,no,no,cellular,14,aug,3,73,1,failure,1,0.2725
53,blue-collar,married,primary,no,880,no,no,cellular,31,jul,4,-1,0,unknown,1,0.2725
37,management,married,tertiary,no,4044,no,no,cellular,12,aug,4,-1,0,unknown,1,0.2725
70,retired,married,primary,no,579,no,no,cellular,11,feb,2,181,1,failure,1,0.2725
40,services,married,secondary,no,5807,yes,no,unknown,20,jun,1,-1,0,unknown,1,0.2725
37,technician,married,unknown,no,189,no,no,cellular,16,jun,2,-1,0,unknown,1,0.2722020155938952
28,student,single,unknown,no,78,no,no,cellular,4,dec,3,310,2,failure,1,0.27
51,blue-collar,married,primary,no,3185,yes,no,cellular,20,nov,2,-1,0,unknown,1,0.27
54,housemaid,married,unknown,no,0,no,no,cellular,14,apr,5,145,3,other,1,0.27
36,admin.,divorced,secondary,no,437,yes,no,cellular,14,may,2,344,1,success,1,0.27
31,admin.,single,secondary,no,378,no,no,cellular,23,jul,2,-1,0,unknown,1,0.27
30,technician,single,secondary,no,4888,yes,no,cellular,20,nov,2,-1,0,unknown,1,0.27
31,admin.,divorced,secondary,no,2980,no,no,cellular,20,apr,4,292,2,other,1,0.27
63,retired,married,unknown,no,1849,no,no,cellular,1,sep,2,-1,0,unknown,1,0.27
35,technician,married,secondary,no,1092,no,no,cellular,18,may,1,360,1,failure,1,0.27
29,management,single,tertiary,no,21,yes,no,cellular,14,may,4,371,3,failure,1,0.27
60,admin.,divorced,secondary,no,4519,no,no,cellular,2,feb,1,-1,0,unknown,1,0.2675
58,unemployed,married,secondary,no,687,yes,no,cellular,30,apr,2,-1,0,unknown,1,0.2675
27,management,single,tertiary,yes,1414,yes,no,cellular,2,feb,1,-1,0,unknown,1,0.2675
32,blue-collar,single,primary,no,216,yes,no,cellular,7,may,2,351,1,success,1,0.2675
36,management,single,tertiary,no,265,yes,no,cellular,17,apr,1,-1,0,unknown,1,0.2675
34,blue-collar,married,secondary,no,840,yes,no,cellular,12,may,3,-1,0,unknown,1,0.2675
33,management,single,tertiary,no,8514,no,no,cellular,20,aug,1,-1,0,unknown,1,0.2675
36,management,married,tertiary,no,789,yes,yes,cellular,10,jul,1,-1,0,unknown,1,0.2675
54,technician,married,secondary,no,0,no,no,cellular,6,nov,5,192,8,other,1,0.2675
49,technician,married,tertiary,no,523,yes,no,cellular,3,apr,1,31,2,success,1,0.2675
33,unemployed,married,secondary,no,456,no,no,telephone,11,nov,1,-1,0,unknown,1,0.2675
32,admin.,single,tertiary,no,272,yes,no,cellular,7,oct,2,-1,0,unknown,1,0.2675
22,housemaid,single,secondary,no,1796,no,no,cellular,28,jun,3,-1,0,unknown,1,0.2675
57,management,divorced,tertiary,no,2549,no,no,cellular,17,jul,2,-1,0,unknown,1,0.2675
30,management,married,tertiary,no,4948,no,no,cellular,21,aug,2,-1,0,unknown,1,0.2675
41,blue-collar,married,secondary,no,1384,yes,no,cellular,20,apr,4,340,4,success,1,0.2675
33,management,married,tertiary,no,1412,no,no,cellular,6,feb,2,-1,0,unknown,1,0.2675
24,student,single,secondary,no,228,no,no,cellular,2,jun,1,-1,0,unknown,1,0.2675
51,entrepreneur,married,primary,no,1443,no,no,cellular,18,feb,10,-1,0,unknown,1,0.265
27,technician,single,secondary,no,2731,no,no,telephone,16,jun,1,-1,0,unknown,1,0.265
31,management,divorced,tertiary,no,414,no,yes,cellular,16,jul,1,-1,0,unknown,1,0.265
61,admin.,divorced,tertiary,no,89,no,no,cellular,24,nov,2,95,2,other,1,0.265
38,services,single,tertiary,no,5265,no,no,cellular,4,jun,1,-1,0,unknown,1,0.265
34,management,single,tertiary,no,1730,yes,no,cellular,8,oct,2,-1,0,unknown,1,0.265
38,technician,married,secondary,no,318,no,no,cellular,4,feb,1,181,5,failure,1,0.265
33,technician,married,tertiary,no,8023,no,no,cellular,25,feb,1,87,4,failure,1,0.265
46,management,married,tertiary,no,4693,no,yes,cellular,7,aug,1,394,2,failure,1,0.265
31,admin.,single,secondary,no,0,no,no,cellular,17,apr,3,-1,0,unknown,1,0.265
60,retired,married,secondary,no,7038,no,no,telephone,7,oct,4,-1,0,unknown,1,0.265
26,management,single,tertiary,no,1274,yes,no,cellular,1,jun,1,84,1,failure,1,0.265
39,entrepreneur,married,tertiary,no,942,yes,no,cellular,14,aug,3,267,1,other,1,0.265
32,admin.,married,secondary,no,0,yes,no,cellular,30,apr,2,-1,0,unknown,1,0.2625
31,technician,single,secondary,no,1626,no,no,cellular,7,may,2,286,3,failure,1,0.2625
62,housemaid,married,secondary,no,2,no,no,cellular,3,nov,1,-1,0,unknown,1,0.2625
65,retired,married,tertiary,no,162,no,no,cellular,6,aug,3,185,2,failure,1,0.2625
38,services,single,secondary,no,70,yes,no,cellular,15,may,3,-1,0,unknown,1,0.2625
45,management,married,tertiary,no,273,yes,no,cellular,27,feb,2,-1,0,unknown,1,0.2625
67,retired,married,tertiary,no,3810,no,no,cellular,21,oct,1,-1,0,unknown,1,0.2625
31,student,married,tertiary,no,0,no,no,cellular,11,may,2,367,4,other,1,0.26
46,blue-collar,married,primary,no,6150,yes,no,cellular,20,nov,2,-1,0,unknown,1,0.26
61,unemployed,married,primary,no,1,no,no,cellular,25,sep,1,-1,0,unknown,1,0.26
46,retired,divorced,tertiary,no,-48,no,no,cellular,4,aug,4,-1,0,unknown,1,0.26
40,services,divorced,secondary,no,131,yes,no,cellular,14,may,3,-1,0,unknown,1,0.26
46,admin.,married,secondary,no,0,no,no,cellular,5,aug,1,-1,0,unknown,1,0.26
30,technician,single,secondary,no,846,no,no,cellular,2,nov,2,-1,0,unknown,1,0.26
92,retired,married,unknown,no,775,no,no,cellular,22,oct,3,-1,0,unknown,1,0.26
46,technician,married,secondary,no,2045,yes,no,cellular,21,nov,2,-1,0,unknown,1,0.26
33,management,married,tertiary,no,158,no,no,cellular,6,feb,2,-1,0,unknown,1,0.2575
41,self-employed,married,tertiary,no,0,yes,no,telephone,29,apr,3,426,1,other,1,0.2575
55,technician,married,secondary,no,511,yes,no,cellular,1,jun,1,94,2,other,1,0.2575
37,management,married,tertiary,no,3737,no,no,cellular,7,jul,1,-1,0,unknown,1,0.2575
37,services,married,secondary,no,1960,yes,yes,cellular,15,oct,5,-1,0,unknown,1,0.2575
50,management,married,tertiary,no,-94,no,yes,unknown,25,jun,1,-1,0,unknown,1,0.2575
39,admin.,single,tertiary,no,22086,no,no,cellular,4,jun,1,-1,0,unknown,1,0.2575
51,services,married,secondary,no,657,no,no,cellular,3,apr,2,-1,0,unknown,1,0.2575
26,blue-collar,single,secondary,no,535,no,no,cellular,14,aug,1,-1,0,unknown,1,0.2575
50,unemployed,married,tertiary,no,377,no,no,cellular,6,apr,1,319,3,failure,1,0.2575
32,student,single,secondary,no,1102,no,no,telephone,8,oct,1,-1,0,unknown,1,0.255
32,management,single,tertiary,no,19985,no,no,cellular,9,feb,5,-1,0,unknown,1,0.255
34,management,single,tertiary,no,2159,no,no,unknown,18,feb,1,-1,0,unknown,1,0.255
71,retired,married,unknown,no,1741,no,no,cellular,18,aug,1,-1,0,unknown,1,0.255
37,technician,married,secondary,no,6384,yes,yes,cellular,3,jun,1,96,2,failure,1,0.255
36,management,single,tertiary,no,85,no,no,cellular,14,may,1,-1,0,unknown,1,0.255
65,retired,married,tertiary,no,1973,no,no,telephone,21,apr,3,-1,0,unknown,1,0.255
53,blue-collar,married,secondary,no,2531,yes,no,cellular,7,apr,1,-1,0,unknown,1,0.255
42,blue-collar,married,secondary,no,2913,no,no,cellular,3,jun,1,195,1,failure,1,0.255
27,blue-collar,single,primary,no,68,yes,yes,cellular,11,may,5,-1,0,unknown,1,0.255
47,blue-collar,married,primary,no,3067,yes,no,cellular,13,may,2,-1,0,unknown,1,0.255
61,housemaid,single,unknown,no,893,no,no,telephone,2,feb,1,-1,0,unknown,1,0.255
39,services,single,secondary,no,315,yes,no,cellular,15,may,3,-1,0,unknown,1,0.255
75,retired,married,secondary,no,291,no,no,cellular,11,feb,1,183,1,failure,1,0.255
30,technician,single,tertiary,no,2784,no,no,cellular,20,nov,3,-1,0,unknown,1,0.255
34,management,single,tertiary,no,0,no,no,cellular,5,feb,3,-1,0,unknown,1,0.255
36,admin.,married,secondary,no,725,yes,no,cellular,27,feb,3,99,8,failure,1,0.255
25,technician,single,secondary,no,325,no,no,cellular,22,oct,3,-1,0,unknown,1,0.2525
76,retired,married,tertiary,no,0,no,no,telephone,4,feb,3,169,1,failure,1,0.2525
52,services,married,secondary,no,657,no,no,telephone,7,jul,2,460,2,failure,1,0.2525
28,services,single,secondary,no,217,yes,no,cellular,9,feb,3,-1,0,unknown,1,0.2525
36,self-employed,married,tertiary,no,506,no,no,cellular,3,nov,1,70,2,failure,1,0.2525
35,technician,single,tertiary,no,122,no,no,cellular,20,apr,5,328,5,failure,1,0.2525
58,services,divorced,secondary,no,462,no,no,cellular,12,aug,1,-1,0,unknown,1,0.2525
43,management,married,unknown,no,275,no,no,cellular,9,apr,2,339,2,failure,1,0.2525
31,admin.,single,tertiary,no,52,yes,no,cellular,14,oct,1,-1,0,unknown,1,0.2525
43,unemployed,single,primary,no,264,no,no,cellular,4,feb,2,-1,0,unknown,1,0.2525
38,admin.,single,tertiary,no,3954,yes,no,cellular,10,feb,1,182,3,failure,1,0.2525
71,retired,married,primary,no,3230,no,no,cellular,24,may,2,133,3,failure,1,0.2525
42,unemployed,married,tertiary,no,576,no,no,cellular,27,feb,1,-1,0,unknown,1,0.2525
30,services,single,tertiary,no,1788,no,no,cellular,4,aug,1,181,2,failure,1,0.2525
54,technician,divorced,secondary,no,320,no,no,cellular,6,aug,4,-1,0,unknown,1,0.2525
48,unemployed,divorced,secondary,no,201,no,no,cellular,11,aug,1,-1,0,unknown,1,0.2525
25,blue-collar,single,primary,no,4599,no,no,telephone,13,apr,6,-1,0,unknown,1,0.25
38,blue-collar,single,secondary,no,0,no,no,cellular,27,oct,1,75,3,failure,1,0.25
62,retired,married,secondary,no,13,no,no,telephone,28,aug,1,-1,0,unknown,1,0.25
60,self-employed,married,tertiary,no,10861,no,no,cellular,9,nov,1,91,2,failure,1,0.25
29,management,single,tertiary,no,307,yes,no,cellular,2,jun,1,-1,0,unknown,1,0.25
30,blue-collar,married,secondary,no,1,no,yes,cellular,9,jul,1,-1,0,unknown,1,0.25
33,technician,married,tertiary,no,6843,no,no,cellular,20,nov,1,100,10,other,1,0.25
36,blue-collar,married,secondary,no,414,no,no,cellular,3,feb,3,-1,0,unknown,1,0.25
26,technician,single,secondary,no,-266,no,yes,unknown,26,jun,3,-1,0,unknown,1,0.25
33,admin.,married,secondary,no,616,no,no,cellular,6,sep,3,-1,0,unknown,1,0.2475
42,admin.,single,secondary,no,4253,yes,no,cellular,13,may,1,-1,0,unknown,1,0.2475
47,technician,married,secondary,no,3519,no,yes,cellular,28,dec,1,220,1,failure,1,0.2475
30,technician,single,tertiary,no,2325,no,no,cellular,5,apr,3,241,4,other,1,0.2475
40,blue-collar,married,primary,no,-310,yes,yes,cellular,26,may,2,363,5,failure,1,0.2475
31,technician,single,secondary,no,7567,no,no,cellular,14,may,1,276,2,failure,1,0.2475
25,technician,single,tertiary,no,148,no,no,cellular,23,jul,1,-1,0,unknown,1,0.2475
35,admin.,single,tertiary,no,2622,no,no,cellular,15,jul,5,-1,0,unknown,1,0.2475
37,admin.,single,secondary,no,569,yes,yes,unknown,6,may,2,-1,0,unknown,1,0.2475
34,admin.,married,secondary,no,613,yes,no,cellular,4,jun,1,-1,0,unknown,1,0.2475
34,technician,married,secondary,no,390,yes,no,cellular,27,mar,2,231,2,failure,1,0.2475
59,management,single,tertiary,no,705,no,no,cellular,3,feb,4,-1,0,unknown,1,0.2475
24,services,single,secondary,no,1611,yes,no,unknown,28,may,1,-1,0,unknown,1,0.2475
37,management,married,tertiary,no,4174,no,no,cellular,22,apr,5,-1,0,unknown,1,0.2475
77,unknown,married,unknown,no,397,no,no,telephone,7,may,3,-1,0,unknown,1,0.245
47,management,single,tertiary,no,334,yes,no,cellular,26,mar,1,326,8,failure,1,0.245
54,management,single,tertiary,no,2081,no,no,cellular,1,oct,2,108,1,failure,1,0.245
28,technician,single,tertiary,no,676,no,no,cellular,5,feb,2,-1,0,unknown,1,0.245
38,management,married,tertiary,no,106,no,no,cellular,2,feb,1,-1,0,unknown,1,0.245
46,unemployed,married,secondary,no,1040,no,no,telephone,12,aug,1,78,5,failure,1,0.245
30,student,single,tertiary,no,7513,no,no,cellular,11,aug,2,-1,0,unknown,1,0.245
77,retired,married,unknown,no,38,no,no,telephone,3,feb,1,-1,0,unknown,1,0.245
35,management,single,tertiary,no,714,yes,no,cellular,7,apr,2,224,22,failure,1,0.245
38,management,married,tertiary,no,845,no,no,cellular,23,sep,1,-1,0,unknown,1,0.245
53,technician,married,secondary,no,4807,no,no,telephone,19,feb,3,-1,0,unknown,1,0.245
26,admin.,single,tertiary,no,2170,yes,no,cellular,27,apr,1,-1,0,unknown,1,0.245
23,admin.,single,secondary,no,738,yes,no,cellular,15,may,1,-1,0,unknown,1,0.245
70,unknown,married,tertiary,no,353,no,no,cellular,26,oct,2,-1,0,unknown,1,0.245
31,technician,single,unknown,no,187,no,no,cellular,17,jul,1,-1,0,unknown,1,0.245
31,self-employed,single,tertiary,no,120,yes,no,unknown,8,may,2,-1,0,unknown,1,0.245
54,retired,divorced,tertiary,no,3076,no,no,cellular,27,may,2,-1,0,unknown,1,0.245
32,blue-collar,divorced,primary,no,473,yes,no,unknown,7,may,2,-1,0,unknown,1,0.245
48,self-employed,married,secondary,no,1559,no,no,cellular,13,aug,1,190,2,failure,1,0.245
26,entrepreneur,single,tertiary,no,725,no,no,cellular,5,feb,2,189,29,other,1,0.245
34,technician,single,tertiary,no,2733,no,no,cellular,14,jul,1,-1,0,unknown,1,0.2425
68,retired,single,primary,no,363,no,no,cellular,28,jan,1,-1,0,unknown,1,0.2425
49,services,single,secondary,no,308,yes,no,unknown,4,jun,3,-1,0,unknown,1,0.2425
50,management,married,tertiary,no,2635,no,no,cellular,26,may,2,-1,0,unknown,1,0.2425
25,student,single,tertiary,no,326,no,no,cellular,26,may,1,-1,0,unknown,1,0.2425
60,blue-collar,married,primary,no,5,no,no,cellular,29,oct,1,-1,0,unknown,1,0.2425
38,management,married,tertiary,no,0,yes,no,cellular,30,apr,1,-1,0,unknown,1,0.2425
61,retired,married,secondary,no,89,no,no,cellular,28,jan,2,92,3,failure,1,0.2425
29,management,single,tertiary,no,187,yes,no,cellular,28,jan,2,555,2,failure,1,0.2425
25,admin.,single,tertiary,no,1185,no,no,cellular,15,jun,1,-1,0,unknown,1,0.2425
38,technician,married,secondary,no,1,yes,no,cellular,21,nov,5,199,1,success,1,0.2425
31,entrepreneur,single,tertiary,yes,-405,yes,yes,cellular,21,nov,1,100,2,success,1,0.2425
26,student,single,tertiary,no,5741,no,no,cellular,25,may,1,-1,0,unknown,1,0.2425
25,blue-collar,married,secondary,no,4280,no,yes,cellular,8,jul,2,-1,0,unknown,1,0.24
54,blue-collar,single,secondary,no,1633,yes,no,unknown,4,oct,1,-1,0,unknown,1,0.24
44,management,married,tertiary,no,170,no,no,cellular,4,jun,1,-1,0,unknown,1,0.24
46,services,married,secondary,no,244,no,no,cellular,21,aug,2,-1,0,unknown,1,0.24
37,admin.,married,secondary,no,0,yes,no,cellular,2,jun,1,-1,0,unknown,1,0.24
45,management,married,tertiary,no,0,no,no,cellular,11,aug,4,-1,0,unknown,1,0.24
22,student,single,unknown,no,1215,no,no,cellular,19,feb,3,192,1,failure,1,0.24
34,blue-collar,single,unknown,no,484,no,no,cellular,8,oct,1,-1,0,unknown,1,0.24
49,entrepreneur,single,secondary,no,259,no,no,cellular,13,may,1,-1,0,unknown,1,0.24
58,technician,married,tertiary,no,332,no,no,cellular,5,aug,3,-1,0,unknown,1,0.24
26,admin.,single,secondary,no,74,no,yes,cellular,16,jul,2,-1,0,unknown,1,0.24
30,student,single,secondary,no,155,no,no,cellular,3,jun,3,-1,0,unknown,1,0.24
74,retired,married,primary,no,0,no,no,telephone,4,sep,1,-1,0,unknown,1,0.24
40,management,married,tertiary,no,7780,no,no,telephone,4,may,1,355,1,other,1,0.24
28,admin.,single,tertiary,no,832,no,no,telephone,29,mar,3,342,1,failure,1,0.24
31,management,single,tertiary,no,1130,yes,no,cellular,17,apr,3,74,4,failure,1,0.24
33,technician,divorced,secondary,no,4369,yes,no,unknown,21,may,3,-1,0,unknown,1,0.24
42,self-employed,married,tertiary,no,0,no,no,cellular,28,aug,13,-1,0,unknown,1,0.24
31,self-employed,married,tertiary,no,1134,no,no,cellular,6,feb,2,-1,0,unknown,1,0.24
33,student,single,unknown,no,242,no,no,telephone,3,jul,2,-1,0,unknown,1,0.24
28,admin.,single,tertiary,no,313,no,yes,cellular,26,jul,2,326,4,failure,1,0.24
30,management,married,tertiary,no,196,no,no,cellular,20,nov,1,101,4,other,1,0.24
35,blue-collar,single,secondary,no,3623,no,no,telephone,30,oct,1,-1,0,unknown,1,0.2375
32,services,married,secondary,no,3268,no,no,cellular,15,may,1,-1,0,unknown,1,0.2375
55,management,divorced,tertiary,no,2037,no,no,cellular,2,nov,2,273,1,failure,1,0.2375
55,management,married,tertiary,no,42,no,no,cellular,26,may,1,-1,0,unknown,1,0.2375
20,student,single,secondary,no,130,no,no,telephone,4,may,3,-1,0,unknown,1,0.2375
44,unemployed,married,secondary,no,0,no,no,cellular,5,may,2,165,4,failure,1,0.2375
26,management,single,tertiary,no,2725,no,no,cellular,28,jan,1,-1,0,unknown,1,0.2375
53,services,single,secondary,no,1162,yes,no,cellular,21,nov,1,-1,0,unknown,1,0.2375
39,management,married,tertiary,no,1070,yes,yes,cellular,9,jul,1,-1,0,unknown,1,0.2375
43,blue-collar,married,secondary,no,408,yes,no,unknown,14,sep,1,838,3,other,1,0.2375
31,technician,single,tertiary,no,849,no,no,cellular,19,nov,1,-1,0,unknown,1,0.2375
77,retired,married,secondary,no,610,no,no,cellular,13,aug,3,-1,0,unknown,1,0.2375
62,retired,married,secondary,no,1495,no,no,cellular,2,feb,1,-1,0,unknown,1,0.2375
28,admin.,married,secondary,no,254,no,yes,cellular,17,apr,3,-1,0,unknown,1,0.2375
58,entrepreneur,married,secondary,no,496,no,no,cellular,22,apr,1,-1,0,unknown,1,0.2375
37,services,single,secondary,no,1045,no,no,cellular,17,mar,2,41,1,failure,1,0.235
34,unemployed,single,secondary,no,15,no,no,cellular,12,jan,1,-1,0,unknown,1,0.235
57,technician,married,secondary,no,363,no,no,cellular,25,jun,6,-1,0,unknown,1,0.235
51,blue-collar,married,secondary,no,955,no,yes,cellular,17,dec,3,-1,0,unknown,1,0.235
27,technician,single,tertiary,no,3083,yes,no,unknown,29,may,2,-1,0,unknown,1,0.235
33,housemaid,single,secondary,no,1363,no,no,telephone,30,jun,1,-1,0,unknown,1,0.235
38,technician,single,secondary,no,-242,yes,no,cellular,18,may,3,278,6,success,1,0.235
37,services,married,secondary,no,345,yes,yes,cellular,19,nov,1,-1,0,unknown,1,0.235
42,services,single,secondary,no,3403,yes,no,cellular,7,aug,1,99,1,failure,1,0.235
38,management,married,secondary,no,341,no,no,cellular,15,may,3,346,2,failure,1,0.235
45,admin.,married,secondary,no,204,yes,no,cellular,3,jun,2,-1,0,unknown,1,0.23470201559389514
52,technician,single,secondary,no,436,no,yes,unknown,22,mar,1,-1,0,unknown,1,0.2325
46,admin.,married,secondary,no,659,yes,no,telephone,29,jul,11,-1,0,unknown,1,0.2325
29,management,married,tertiary,no,16,yes,no,cellular,16,jul,6,-1,0,unknown,1,0.2325
48,management,divorced,tertiary,no,507,yes,no,cellular,9,apr,1,-1,0,unknown,1,0.2325
39,blue-collar,married,primary,no,2288,yes,no,cellular,15,may,1,-1,0,unknown,1,0.2325
37,technician,divorced,secondary,no,4965,no,no,cellular,6,aug,2,-1,0,unknown,1,0.2325
58,retired,married,secondary,no,1227,no,no,cellular,8,jul,1,156,1,failure,1,0.2325
55,self-employed,married,secondary,no,2408,no,no,telephone,9,apr,2,140,1,failure,1,0.2325
31,blue-collar,single,unknown,no,6281,no,no,cellular,22,oct,1,128,3,other,1,0.2325
32,admin.,single,tertiary,no,3816,yes,no,cellular,21,nov,3,-1,0,unknown,1,0.2325
32,self-employed,single,tertiary,no,519,yes,no,cellular,18,nov,1,-1,0,unknown,1,0.2325
59,admin.,married,secondary,no,3735,no,no,cellular,18,mar,4,121,2,failure,1,0.2325
31,technician,married,tertiary,no,3338,yes,no,cellular,27,sep,2,95,4,failure,1,0.2325
48,unemployed,married,secondary,no,1724,no,no,telephone,4,feb,2,-1,0,unknown,1,0.2325
37,services,single,tertiary,no,1189,no,no,cellular,13,sep,9,199,4,other,1,0.2325
24,self-employed,single,unknown,no,1179,no,no,cellular,26,may,1,105,1,failure,1,0.2325
37,blue-collar,single,secondary,no,5024,no,yes,cellular,25,jul,4,-1,0,unknown,1,0.2325
31,technician,single,secondary,no,40,no,no,cellular,7,aug,2,-1,0,unknown,1,0.2325
41,admin.,married,tertiary,no,1536,no,no,cellular,7,aug,1,95,2,failure,1,0.2325
82,housemaid,married,primary,no,2140,no,no,telephone,14,apr,6,-1,0,unknown,1,0.23
32,services,single,secondary,no,3993,no,no,cellular,22,may,2,-1,0,unknown,1,0.23
35,unemployed,single,primary,no,68,no,no,cellular,3,jul,1,-1,0,unknown,1,0.23
36,student,single,unknown,no,417,no,no,cellular,10,feb,1,-1,0,unknown,1,0.23
73,retired,married,secondary,no,250,no,no,telephone,31,aug,4,-1,0,unknown,1,0.23
44,blue-collar,married,secondary,no,4236,yes,no,cellular,4,may,3,-1,0,unknown,1,0.23
43,technician,married,secondary,no,69,yes,yes,cellular,20,oct,1,337,1,failure,1,0.23
33,services,single,secondary,no,192,no,no,cellular,24,jul,1,-1,0,unknown,1,0.23
44,management,married,secondary,no,8262,yes,no,cellular,6,apr,1,257,16,failure,1,0.23
36,admin.,single,tertiary,no,980,no,no,cellular,1,feb,2,95,2,failure,1,0.23
30,self-employed,single,secondary,no,1031,no,no,unknown,20,oct,1,-1,0,unknown,1,0.23
32,self-employed,single,tertiary,no,386,yes,no,cellular,18,nov,1,-1,0,unknown,1,0.23
46,unemployed,single,tertiary,no,44,no,no,cellular,14,aug,1,-1,0,unknown,1,0.23
50,technician,married,tertiary,no,0,no,yes,cellular,6,jul,1,85,7,failure,1,0.23
39,services,married,secondary,no,20928,no,no,cellular,14,may,1,352,1,other,1,0.23
51,entrepreneur,single,secondary,no,440,no,no,unknown,18,jun,1,-1,0,unknown,1,0.23
25,blue-collar,single,secondary,no,224,no,yes,telephone,8,jul,4,-1,0,unknown,1,0.23
48,technician,divorced,secondary,no,353,no,no,cellular,11,aug,1,-1,0,unknown,1,0.23
49,technician,divorced,tertiary,no,596,yes,no,telephone,15,sep,1,-1,0,unknown,1,0.23
32,management,single,tertiary,no,23,no,no,cellular,22,may,2,-1,0,unknown,1,0.23
59,housemaid,married,primary,no,0,yes,no,cellular,22,jul,2,-1,0,unknown,1,0.23
66,admin.,divorced,secondary,no,220,no,no,cellular,28,aug,1,-1,0,unknown,1,0.23
59,housemaid,married,secondary,no,0,no,no,telephone,5,jun,1,-1,0,unknown,1,0.2275
24,technician,single,secondary,no,3926,yes,no,unknown,16,may,2,-1,0,unknown,1,0.2275
33,management,single,tertiary,no,1530,no,no,cellular,28,aug,25,-1,0,unknown,1,0.2275
32,blue-collar,single,secondary,no,188,no,yes,cellular,18,jul,1,-1,0,unknown,1,0.2275
38,blue-collar,married,secondary,no,4321,no,no,cellular,18,may,1,85,6,failure,1,0.2275
51,management,divorced,tertiary,no,1028,no,no,cellular,5,aug,4,-1,0,unknown,1,0.2275
64,retired,married,tertiary,no,2139,no,no,cellular,14,oct,2,-1,0,unknown,1,0.2275
29,blue-collar,single,secondary,no,208,yes,no,unknown,23,may,1,-1,0,unknown,1,0.2275
72,retired,married,secondary,no,0,no,no,cellular,29,oct,3,-1,0,unknown,1,0.2275
53,blue-collar,married,unknown,no,593,no,no,telephone,6,feb,1,-1,0,unknown,1,0.2275
26,technician,single,tertiary,no,152,no,no,cellular,30,jan,2,2,1,other,1,0.2275
27,admin.,single,secondary,no,261,yes,yes,cellular,3,jun,4,-1,0,unknown,1,0.2275
35,services,single,secondary,no,2223,no,no,cellular,17,nov,3,-1,0,unknown,1,0.2275
66,retired,divorced,unknown,no,53,no,no,cellular,12,jul,4,-1,0,unknown,1,0.2275
35,technician,single,tertiary,no,7546,yes,no,cellular,28,aug,1,88,2,other,1,0.2275
23,services,single,secondary,no,342,yes,no,unknown,3,jun,6,-1,0,unknown,1,0.2275
26,blue-collar,single,primary,no,-35,no,no,cellular,16,jul,1,-1,0,unknown,1,0.2275
32,self-employed,divorced,tertiary,no,3271,no,no,cellular,4,may,3,-1,0,unknown,1,0.2275
33,blue-collar,married,secondary,no,780,yes,no,cellular,13,may,2,-1,0,unknown,1,0.2275
55,retired,married,primary,no,868,no,no,unknown,19,jun,1,-1,0,unknown,1,0.2275
45,blue-collar,married,secondary,no,2246,yes,yes,cellular,21,nov,2,99,2,other,1,0.2275
56,management,single,tertiary,no,3694,no,no,cellular,25,aug,4,-1,0,unknown,1,0.2275
48,technician,married,secondary,no,3519,no,yes,cellular,26,feb,1,60,2,failure,1,0.2275
33,admin.,married,secondary,no,1737,no,no,cellular,14,aug,2,106,2,failure,1,0.2275
19,student,single,primary,no,245,no,no,telephone,10,nov,2,110,2,other,1,0.225
34,admin.,single,secondary,no,63,yes,no,cellular,17,apr,1,-1,0,unknown,1,0.225
38,management,married,tertiary,no,676,no,no,cellular,15,may,3,-1,0,unknown,1,0.225
61,retired,married,secondary,no,1058,no,no,cellular,27,apr,3,-1,0,unknown,1,0.225
25,technician,single,secondary,no,505,no,yes,cellular,17,nov,2,-1,0,unknown,1,0.225
59,management,married,tertiary,no,1,yes,no,cellular,29,apr,1,-1,0,unknown,1,0.225
57,retired,divorced,primary,no,606,no,no,cellular,4,may,2,-1,0,unknown,1,0.225
61,management,married,tertiary,no,0,yes,yes,cellular,7,dec,2,-1,0,unknown,1,0.225
51,management,married,tertiary,no,994,no,no,cellular,28,may,3,-1,0,unknown,1,0.2225
30,technician,single,secondary,no,341,no,no,unknown,23,feb,1,-1,0,unknown,1,0.2225
65,retired,married,tertiary,no,162,no,no,cellular,2,feb,2,-1,0,unknown,1,0.2225
46,services,married,secondary,no,375,no,no,telephone,31,jul,6,-1,0,unknown,1,0.2225
45,management,married,secondary,no,2897,no,no,cellular,2,jul,2,88,5,failure,1,0.2225
34,technician,single,tertiary,no,2838,yes,no,cellular,13,may,3,-1,0,unknown,1,0.2225
75,retired,married,primary,no,3504,no,no,telephone,9,aug,1,-1,0,unknown,1,0.2225
75,blue-collar,married,secondary,no,6053,no,no,telephone,5,aug,1,-1,0,unknown,1,0.2225
29,student,single,tertiary,no,5,no,no,cellular,15,jul,5,-1,0,unknown,1,0.2225
29,housemaid,single,tertiary,no,453,no,no,cellular,13,aug,2,-1,0,unknown,1,0.2225
39,management,divorced,secondary,no,-17,no,no,cellular,16,apr,1,146,4,failure,1,0.2225
46,blue-collar,married,primary,no,809,no,no,cellular,4,aug,1,-1,0,unknown,1,0.2225
43,management,married,tertiary,no,2640,no,no,cellular,21,nov,4,-1,0,unknown,1,0.2225
62,retired,married,primary,no,1084,no,no,cellular,14,apr,1,-1,0,unknown,1,0.2225
33,management,married,tertiary,no,26721,no,no,cellular,5,feb,3,-1,0,unknown,1,0.2225
26,student,single,secondary,no,279,no,no,cellular,7,may,3,-1,0,unknown,1,0.2225
40,services,single,secondary,no,65,yes,no,cellular,15,may,3,-1,0,unknown,1,0.2225
31,management,single,tertiary,no,9629,no,no,cellular,30,mar,1,174,4,failure,1,0.2225
19,student,single,unknown,no,1169,no,no,cellular,6,feb,18,-1,0,unknown,1,0.2225
70,retired,married,secondary,no,1164,no,no,telephone,10,nov,2,-1,0,unknown,1,0.2225
66,retired,married,primary,no,3629,no,no,cellular,2,feb,1,172,2,other,1,0.2225
25,admin.,single,tertiary,no,220,no,no,cellular,26,may,1,-1,0,unknown,1,0.2225
55,services,married,secondary,no,2990,yes,no,cellular,17,apr,1,-1,0,unknown,1,0.22
76,retired,married,secondary,no,820,no,no,telephone,23,apr,4,-1,0,unknown,1,0.22
64,retired,married,unknown,no,34,no,no,cellular,26,aug,2,-1,0,unknown,1,0.22
29,self-employed,single,tertiary,no,814,no,no,unknown,13,aug,1,-1,0,unknown,1,0.22
51,management,married,tertiary,no,630,yes,no,cellular,5,may,1,-1,0,unknown,1,0.22
36,technician,married,tertiary,no,202,no,no,cellular,1,oct,1,122,2,failure,1,0.22
32,technician,married,tertiary,no,432,yes,no,cellular,19,nov,2,195,1,other,1,0.22
47,blue-collar,married,secondary,no,3715,no,no,cellular,12,feb,2,182,4,other,1,0.22
54,admin.,married,secondary,no,1633,no,no,cellular,3,jul,2,-1,0,unknown,1,0.22
49,technician,married,tertiary,no,0,no,yes,cellular,28,jul,5,252,1,failure,1,0.22
58,management,divorced,tertiary,no,1573,yes,yes,cellular,17,nov,1,-1,0,unknown,1,0.22
49,technician,single,secondary,no,-120,yes,yes,cellular,9,jul,5,-1,0,unknown,1,0.22
50,management,married,tertiary,no,346,no,no,cellular,6,feb,1,-1,0,unknown,1,0.22
34,technician,married,secondary,no,0,no,no,cellular,9,jul,1,-1,0,unknown,1,0.22
39,management,single,tertiary,no,0,yes,no,cellular,18,feb,3,-1,0,unknown,1,0.2175
31,services,single,secondary,no,658,no,no,cellular,22,may,1,-1,0,unknown,1,0.2175
37,admin.,divorced,secondary,no,496,no,no,cellular,4,feb,4,272,3,failure,1,0.2175
47,management,divorced,tertiary,no,140,no,yes,cellular,20,nov,2,-1,0,unknown,1,0.2175
31,blue-collar,married,primary,no,48,yes,no,cellular,28,jul,4,-1,0,unknown,1,0.2175
33,management,single,tertiary,no,3655,no,no,cellular,19,aug,20,-1,0,unknown,1,0.2175
43,housemaid,married,secondary,no,743,no,yes,cellular,23,jul,3,-1,0,unknown,1,0.2175
50,admin.,married,secondary,no,1431,no,no,cellular,20,aug,4,-1,0,unknown,1,0.2175
30,admin.,divorced,secondary,no,55,yes,no,cellular,13,may,4,-1,0,unknown,1,0.2175
72,retired,single,unknown,no,588,no,yes,cellular,5,mar,3,-1,0,unknown,1,0.2175
54,technician,married,secondary,no,65,no,no,cellular,24,feb,1,91,3,failure,1,0.2175
48,unemployed,married,tertiary,no,1571,yes,no,cellular,24,feb,3,-1,0,unknown,1,0.2175
30,blue-collar,single,secondary,no,2380,no,no,cellular,21,nov,3,-1,0,unknown,1,0.2175
30,technician,single,tertiary,no,178,no,no,cellular,17,jul,3,-1,0,unknown,1,0.2175
24,admin.,single,tertiary,no,-61,no,no,cellular,11,mar,4,-1,0,unknown,1,0.2175
44,management,married,tertiary,no,430,no,no,cellular,7,may,2,171,2,failure,1,0.2175
35,management,married,tertiary,no,82,no,no,cellular,8,aug,4,-1,0,unknown,1,0.2175
44,services,single,secondary,no,5,no,no,cellular,21,jul,2,-1,0,unknown,1,0.2175
50,technician,married,tertiary,no,1830,no,no,cellular,14,may,3,-1,0,unknown,1,0.2175
25,student,single,secondary,no,1116,yes,no,cellular,12,may,2,71,3,failure,1,0.2175
28,management,single,tertiary,no,7544,yes,no,unknown,26,may,1,-1,0,unknown,1,0.2175
25,technician,single,tertiary,no,2206,yes,no,cellular,15,jun,1,-1,0,unknown,1,0.215
57,management,married,secondary,no,2155,no,yes,cellular,10,nov,3,91,2,failure,1,0.215
35,self-employed,married,tertiary,no,3698,yes,no,cellular,5,mar,1,-1,0,unknown,1,0.215
55,management,divorced,tertiary,no,446,no,no,cellular,2,feb,1,-1,0,unknown,1,0.215
33,entrepreneur,married,unknown,no,73,yes,no,cellular,11,aug,1,263,2,failure,1,0.215
66,self-employed,married,tertiary,no,147,no,no,telephone,12,jan,1,-1,0,unknown,1,0.215
33,management,married,tertiary,no,0,yes,no,cellular,7,apr,1,-1,0,unknown,1,0.215
70,management,married,secondary,no,4,no,no,cellular,25,feb,5,125,4,failure,1,0.215
36,management,single,tertiary,no,1876,no,no,cellular,4,may,1,-1,0,unknown,1,0.215
49,management,married,tertiary,no,1533,no,no,cellular,17,nov,1,172,1,failure,1,0.215
59,admin.,divorced,secondary,no,636,no,no,cellular,12,aug,4,-1,0,unknown,1,0.215
59,management,married,tertiary,no,3640,no,no,cellular,17,nov,2,-1,0,unknown,1,0.215
42,management,single,tertiary,no,0,no,no,cellular,7,sep,1,-1,0,unknown,1,0.215
27,student,single,secondary,no,91,no,no,telephone,4,dec,6,95,37,other,1,0.215
34,technician,single,secondary,no,1313,no,no,cellular,12,aug,1,21,6,failure,1,0.215
60,unknown,married,unknown,no,5003,no,no,telephone,4,jun,5,-1,0,unknown,1,0.215
36,self-employed,married,tertiary,no,1234,no,no,cellular,7,jul,1,-1,0,unknown,1,0.215
81,management,married,tertiary,no,0,no,no,cellular,7,jul,1,-1,0,unknown,1,0.215
36,self-employed,married,secondary,no,1245,yes,no,cellular,9,feb,7,248,9,success,1,0.215
27,technician,single,secondary,no,151,no,no,cellular,30,jul,3,-1,0,unknown,1,0.2125
59,unemployed,married,secondary,no,2740,no,no,cellular,5,feb,1,-1,0,unknown,1,0.2125
32,blue-collar,single,tertiary,no,60,yes,yes,cellular,11,aug,2,462,1,failure,1,0.2125
57,management,divorced,tertiary,no,461,yes,no,unknown,21,may,10,-1,0,unknown,1,0.2125
32,admin.,single,tertiary,no,291,no,no,telephone,28,jan,6,275,5,other,1,0.2125
32,management,single,tertiary,no,229,yes,no,cellular,18,may,1,-1,0,unknown,1,0.2125
38,housemaid,divorced,tertiary,no,4312,no,no,cellular,15,may,4,175,6,failure,1,0.2125
39,services,single,unknown,no,257,yes,no,unknown,5,may,1,-1,0,unknown,1,0.2125
26,admin.,single,secondary,no,681,yes,no,cellular,14,may,2,322,3,failure,1,0.2125
50,entrepreneur,married,tertiary,no,2442,no,no,cellular,3,feb,1,-1,0,unknown,1,0.2125
46,services,married,secondary,no,2420,no,no,cellular,19,nov,2,-1,0,unknown,1,0.2125
32,services,married,secondary,no,1273,yes,no,cellular,16,apr,2,328,1,failure,1,0.2125
25,blue-collar,single,primary,no,116,yes,no,unknown,9,jun,4,-1,0,unknown,1,0.2125
52,management,divorced,tertiary,no,64,no,no,cellular,5,aug,3,-1,0,unknown,1,0.2125
26,blue-collar,single,secondary,no,474,yes,no,cellular,15,may,2,-1,0,unknown,1,0.2125
25,technician,single,secondary,no,31,no,no,cellular,2,aug,3,-1,0,unknown,1,0.2125
59,housemaid,married,secondary,no,0,no,no,telephone,7,aug,2,63,1,failure,1,0.2125
23,blue-collar,single,secondary,no,39,yes,no,cellular,18,may,1,-1,0,unknown,1,0.2125
55,management,divorced,tertiary,no,1633,no,no,telephone,2,jun,1,-1,0,unknown,1,0.21
31,admin.,single,secondary,no,690,no,no,cellular,4,may,4,87,12,failure,1,0.21
29,management,married,primary,no,5547,no,no,cellular,3,jul,2,-1,0,unknown,1,0.21
42,admin.,married,secondary,no,1535,yes,no,cellular,28,aug,1,108,2,failure,1,0.21
35,blue-collar,married,secondary,no,563,no,yes,cellular,4,jun,1,119,3,failure,1,0.21
25,self-employed,single,unknown,no,1179,no,no,cellular,24,may,2,95,5,failure,1,0.21
27,management,single,tertiary,no,317,no,no,cellular,9,feb,3,-1,0,unknown,1,0.21
29,management,married,secondary,no,160,no,no,cellular,9,feb,2,-1,0,unknown,1,0.21
44,management,divorced,tertiary,no,0,no,no,cellular,10,aug,1,-1,0,unknown,1,0.21
76,housemaid,married,primary,no,1483,no,no,cellular,2,aug,4,-1,0,unknown,1,0.21
61,retired,married,secondary,no,479,no,no,cellular,22,jul,5,-1,0,unknown,1,0.21
34,management,married,tertiary,no,1184,yes,no,cellular,5,may,1,-1,0,unknown,1,0.21
41,management,single,tertiary,no,195,no,no,unknown,6,jun,2,-1,0,unknown,1,0.2075
59,admin.,single,secondary,no,2166,yes,yes,cellular,7,may,1,-1,0,unknown,1,0.2075
40,technician,married,secondary,no,826,no,no,unknown,24,feb,1,267,2,other,1,0.2075
31,technician,single,secondary,no,2460,no,no,cellular,1,oct,1,-1,0,unknown,1,0.2075
56,services,married,secondary,no,4914,no,no,cellular,18,aug,4,-1,0,unknown,1,0.2075
60,management,married,secondary,no,0,no,no,telephone,22,feb,2,126,6,failure,1,0.2075
82,housemaid,divorced,primary,no,1381,no,no,cellular,28,jul,5,181,4,failure,1,0.2075
41,admin.,divorced,secondary,no,6046,yes,yes,telephone,14,sep,2,-1,0,unknown,1,0.2075
37,blue-collar,single,tertiary,no,481,no,no,cellular,18,may,8,-1,0,unknown,1,0.2075
36,blue-collar,single,primary,no,1959,yes,no,cellular,13,may,1,-1,0,unknown,1,0.2075
55,management,single,tertiary,no,1498,no,no,cellular,25,aug,5,-1,0,unknown,1,0.2075
33,self-employed,single,tertiary,no,2155,no,no,cellular,17,nov,1,-1,0,unknown,1,0.2075
34,management,divorced,tertiary,no,1173,no,yes,cellular,18,jul,1,-1,0,unknown,1,0.2075
40,management,married,tertiary,no,342,yes,no,cellular,13,may,4,-1,0,unknown,1,0.2075
33,technician,married,tertiary,no,1699,no,no,cellular,4,aug,1,-1,0,unknown,1,0.2075
32,management,single,tertiary,no,12607,no,no,cellular,14,aug,5,84,1,failure,1,0.2075
32,blue-collar,single,secondary,no,118,yes,no,cellular,17,jul,1,-1,0,unknown,1,0.2075
43,services,divorced,secondary,no,62,no,no,unknown,18,jun,1,-1,0,unknown,1,0.2075
33,student,single,tertiary,no,71,no,no,cellular,15,jul,4,-1,0,unknown,1,0.2075
46,unknown,married,tertiary,no,8564,no,no,cellular,2,aug,2,342,1,failure,1,0.2075
35,management,married,tertiary,no,62,no,no,cellular,8,feb,2,185,2,failure,1,0.2075
35,management,single,tertiary,no,2707,no,no,cellular,5,feb,1,-1,0,unknown,1,0.205
37,self-employed,married,secondary,yes,0,yes,no,cellular,17,jul,1,-1,0,unknown,1,0.205
34,self-employed,single,secondary,no,1261,yes,no,cellular,9,apr,2,-1,0,unknown,1,0.205
47,admin.,divorced,secondary,no,980,yes,no,cellular,14,may,1,-1,0,unknown,1,0.205
32,admin.,single,secondary,no,781,no,no,cellular,20,nov,1,-1,0,unknown,1,0.205
32,blue-collar,divorced,secondary,no,-289,yes,yes,cellular,21,jul,5,-1,0,unknown,1,0.205
28,management,single,tertiary,no,466,yes,no,cellular,23,jul,2,-1,0,unknown,1,0.205
70,retired,divorced,secondary,no,4572,no,no,cellular,8,jul,11,162,5,failure,1,0.205
57,retired,married,unknown,no,230,no,no,cellular,6,apr,2,210,3,failure,1,0.205
32,student,single,secondary,no,61,no,yes,cellular,5,jul,3,515,7,failure,1,0.205
36,services,single,tertiary,no,1189,no,no,cellular,17,aug,1,-1,0,unknown,1,0.205
31,management,married,secondary,no,1368,yes,no,cellular,12,aug,4,-1,0,unknown,1,0.205
60,technician,married,tertiary,no,6573,yes,no,cellular,11,aug,1,274,1,failure,1,0.205
32,management,married,tertiary,no,141,no,no,cellular,2,feb,2,-1,0,unknown,1,0.205
20,admin.,single,secondary,no,336,no,yes,cellular,5,jun,1,-1,0,unknown,1,0.205
67,retired,single,tertiary,no,2144,no,no,telephone,21,apr,2,-1,0,unknown,1,0.205
28,services,single,secondary,no,1950,no,no,cellular,9,jul,1,-1,0,unknown,1,0.205
53,technician,married,secondary,no,65,no,no,cellular,17,nov,1,-1,0,unknown,1,0.205
51,blue-collar,married,secondary,no,3370,yes,no,cellular,11,may,1,-1,0,unknown,1,0.205
38,blue-collar,married,secondary,no,1391,yes,no,telephone,5,jun,2,-1,0,unknown,1,0.205
34,management,single,unknown,no,6013,yes,no,cellular,18,may,1,-1,0,unknown,1,0.205
35,admin.,single,tertiary,no,4233,no,no,cellular,13,aug,2,-1,0,unknown,1,0.205
31,technician,single,tertiary,no,830,yes,no,cellular,9,feb,3,-1,0,unknown,1,0.2025
43,blue-collar,married,unknown,no,91,yes,no,unknown,16,may,1,-1,0,unknown,1,0.2025
42,admin.,divorced,secondary,no,490,yes,no,cellular,8,nov,1,97,5,other,1,0.2025
26,services,single,tertiary,no,2803,no,no,cellular,3,feb,7,-1,0,unknown,1,0.2025
50,blue-collar,married,primary,no,383,no,no,telephone,2,oct,2,-1,0,unknown,1,0.2025
60,management,married,secondary,no,0,no,no,cellular,20,may,4,87,8,failure,1,0.2025
27,admin.,single,secondary,no,424,no,no,cellular,5,feb,4,189,13,other,1,0.2025
46,admin.,single,unknown,no,2273,no,no,cellular,14,jul,3,-1,0,unknown,1,0.2025
36,management,married,tertiary,no,190,yes,no,cellular,5,feb,1,-1,0,unknown,1,0.2025
34,management,single,tertiary,no,26575,no,no,cellular,5,may,6,168,1,failure,1,0.2025
21,technician,single,tertiary,no,61,no,yes,cellular,8,jul,1,-1,0,unknown,1,0.2025
35,technician,married,secondary,no,-116,no,yes,cellular,6,aug,2,-1,0,unknown,1,0.2025
29,technician,single,tertiary,no,101,no,no,unknown,2,jul,4,-1,0,unknown,1,0.2025
23,services,single,secondary,no,500,yes,no,unknown,4,jun,3,-1,0,unknown,1,0.2025
37,technician,married,tertiary,no,1092,no,no,cellular,19,nov,3,-1,0,unknown,1,0.2025
63,retired,married,primary,no,12067,no,no,telephone,29,apr,1,191,1,failure,1,0.2025
41,technician,single,unknown,no,2701,yes,no,cellular,6,feb,4,-1,0,unknown,1,0.2025
66,retired,married,secondary,no,4785,no,no,cellular,13,aug,3,-1,0,unknown,1,0.2025
35,services,married,secondary,no,2791,yes,no,cellular,15,may,1,-1,0,unknown,1,0.2025
40,technician,single,secondary,no,572,no,no,cellular,20,nov,1,91,2,failure,1,0.2025
44,management,divorced,tertiary,no,2058,no,yes,cellular,21,nov,1,-1,0,unknown,1,0.2025
40,housemaid,married,secondary,no,4136,yes,no,cellular,11,may,3,173,5,failure,1,0.2025
24,management,single,tertiary,no,0,no,no,cellular,6,oct,1,-1,0,unknown,1,0.2025
27,management,single,secondary,no,589,no,no,cellular,28,jan,1,-1,0,unknown,1,0.2025
53,technician,married,secondary,no,6831,no,no,cellular,13,may,2,-1,0,unknown,1,0.2025
34,technician,married,secondary,no,0,yes,no,cellular,23,jul,1,-1,0,unknown,1,0.2
33,management,single,tertiary,no,9135,yes,no,cellular,25,aug,4,-1,0,unknown,1,0.2
47,admin.,married,secondary,no,1934,no,yes,cellular,14,may,1,364,1,failure,1,0.2
40,technician,married,secondary,no,312,no,no,cellular,25,may,7,-1,0,unknown,1,0.2
41,management,married,tertiary,no,27696,no,no,cellular,30,apr,1,-1,0,unknown,1,0.2
34,blue-collar,married,secondary,no,1298,yes,no,unknown,20,may,1,-1,0,unknown,1,0.2
54,technician,married,secondary,no,187,no,yes,cellular,4,jul,3,-1,0,unknown,1,0.2
62,unknown,married,secondary,no,367,no,no,telephone,7,sep,1,189,5,failure,1,0.2
58,unknown,married,unknown,no,68,no,no,cellular,2,apr,1,-1,0,unknown,1,0.2
46,blue-collar,married,secondary,no,1352,yes,no,cellular,6,feb,1,-1,0,unknown,1,0.2
27,admin.,married,secondary,no,1417,yes,no,cellular,15,may,2,343,3,failure,1,0.2
46,blue-collar,married,primary,no,771,yes,no,cellular,18,nov,1,-1,0,unknown,1,0.2
46,services,single,unknown,no,454,no,no,cellular,24,apr,9,-1,0,unknown,1,0.2
34,admin.,married,tertiary,no,21,no,yes,cellular,2,jun,1,92,2,failure,1,0.2
31,management,divorced,tertiary,no,373,no,no,cellular,10,feb,6,-1,0,unknown,1,0.2
35,technician,single,secondary,no,2496,yes,no,cellular,20,apr,2,-1,0,unknown,1,0.2
51,admin.,married,tertiary,no,0,yes,yes,cellular,8,mar,2,-1,0,unknown,1,0.2
57,unknown,married,primary,no,1884,no,no,telephone,28,jun,4,-1,0,unknown,1,0.2
31,management,single,tertiary,no,2907,yes,no,cellular,12,jul,1,194,3,failure,1,0.2
46,unemployed,married,primary,no,1251,yes,no,cellular,6,feb,2,-1,0,unknown,1,0.2
31,blue-collar,married,secondary,no,864,yes,yes,cellular,13,may,1,-1,0,unknown,1,0.2
33,management,married,tertiary,no,331,yes,no,cellular,13,may,3,-1,0,unknown,1,0.1975
42,management,married,secondary,no,4314,no,no,cellular,7,jul,1,-1,0,unknown,1,0.1975
51,technician,married,secondary,no,1327,no,no,cellular,7,jul,2,-1,0,unknown,1,0.1975
50,management,married,tertiary,no,2050,no,no,cellular,6,aug,3,-1,0,unknown,1,0.1975
32,blue-collar,single,secondary,no,1143,yes,yes,cellular,10,jul,1,-1,0,unknown,1,0.1975
48,services,married,secondary,no,801,no,no,cellular,8,aug,1,-1,0,unknown,1,0.1975
47,blue-collar,married,secondary,no,2173,yes,no,cellular,30,apr,3,344,5,failure,1,0.1975
25,blue-collar,single,secondary,no,84,yes,no,cellular,18,may,2,-1,0,unknown,1,0.1975
52,housemaid,divorced,secondary,no,131,yes,yes,cellular,11,may,1,-1,0,unknown,1,0.1975
58,management,married,secondary,no,111,no,no,telephone,22,jun,1,90,2,failure,1,0.1975
43,self-employed,divorced,primary,no,0,no,no,cellular,30,jul,6,-1,0,unknown,1,0.1975
29,technician,married,tertiary,no,676,no,no,cellular,28,jul,4,-1,0,unknown,1,0.1975
38,technician,single,secondary,no,3278,no,no,cellular,19,aug,14,-1,0,unknown,1,0.1975
37,technician,single,secondary,no,1211,yes,no,unknown,21,may,1,-1,0,unknown,1,0.1975
43,services,single,secondary,no,0,yes,no,cellular,14,may,4,-1,0,unknown,1,0.1975
36,blue-collar,single,tertiary,no,1830,no,no,cellular,15,jul,5,181,6,failure,1,0.1975
38,student,single,tertiary,no,3316,no,no,unknown,17,jun,3,-1,0,unknown,1,0.1975
42,management,married,tertiary,no,17,no,no,cellular,13,aug,6,-1,0,unknown,1,0.1975
29,blue-collar,divorced,secondary,no,-19,yes,no,cellular,20,apr,4,-1,0,unknown,1,0.1975
41,unemployed,divorced,primary,no,487,no,no,cellular,16,nov,1,200,1,failure,1,0.1975
53,housemaid,divorced,primary,no,2253,yes,no,cellular,24,jul,1,-1,0,unknown,1,0.1975
47,housemaid,married,tertiary,no,333,no,no,telephone,7,jul,1,-1,0,unknown,1,0.1975
57,retired,married,secondary,no,2714,no,no,cellular,12,aug,2,-1,0,unknown,1,0.1975
34,technician,married,secondary,no,904,no,no,cellular,6,feb,3,-1,0,unknown,1,0.1975
36,technician,married,secondary,no,4613,no,no,cellular,2,apr,1,134,2,failure,1,0.195
59,management,married,secondary,no,42,no,no,cellular,21,nov,1,-1,0,unknown,1,0.195
30,student,single,tertiary,no,7529,no,no,cellular,19,oct,1,-1,0,unknown,1,0.195
29,technician,single,tertiary,no,673,yes,no,cellular,9,feb,3,-1,0,unknown,1,0.195
39,student,single,tertiary,no,2103,no,no,cellular,2,feb,1,-1,0,unknown,1,0.195
31,management,single,tertiary,no,1441,no,no,cellular,17,aug,1,-1,0,unknown,1,0.195
27,self-employed,single,tertiary,no,560,no,no,telephone,3,sep,9,465,2,failure,1,0.195
76,retired,married,primary,no,3324,no,no,cellular,13,aug,2,192,1,failure,1,0.195
34,unemployed,married,tertiary,no,473,no,no,cellular,28,aug,11,-1,0,unknown,1,0.195
45,technician,single,tertiary,no,1591,no,no,cellular,15,jul,4,-1,0,unknown,1,0.195
36,management,single,tertiary,no,5340,yes,no,cellular,7,aug,4,-1,0,unknown,1,0.195
28,blue-collar,single,secondary,no,387,yes,no,cellular,13,mar,11,282,1,other,1,0.195
56,retired,divorced,primary,no,694,no,no,cellular,29,jan,1,102,1,other,1,0.195
55,technician,divorced,secondary,no,929,no,yes,telephone,28,sep,3,-1,0,unknown,1,0.195
37,services,single,secondary,no,608,no,no,cellular,14,may,3,-1,0,unknown,1,0.195
37,management,single,tertiary,no,4543,yes,no,cellular,8,may,1,340,5,failure,1,0.195
28,student,single,tertiary,no,170,no,no,telephone,14,may,5,-1,0,unknown,1,0.195
55,management,married,tertiary,no,1909,no,no,cellular,8,aug,1,-1,0,unknown,1,0.195
48,management,single,tertiary,no,5904,yes,no,cellular,12,aug,2,-1,0,unknown,1,0.195
63,retired,married,tertiary,no,8103,no,no,cellular,7,aug,1,-1,0,unknown,1,0.195
60,management,married,tertiary,no,261,yes,yes,cellular,1,jun,1,192,1,failure,1,0.195
33,blue-collar,married,secondary,no,263,yes,no,unknown,21,may,3,-1,0,unknown,1,0.195
29,admin.,married,secondary,no,792,yes,no,cellular,14,may,2,-1,0,unknown,1,0.195
31,technician,married,unknown,no,14533,no,no,cellular,16,jun,2,-1,0,unknown,1,0.19470201559389516
37,entrepreneur,married,tertiary,no,189,no,no,cellular,2,jun,2,-1,0,unknown,1,0.19470201559389516
52,technician,married,tertiary,no,876,no,no,cellular,4,may,3,-1,0,unknown,1,0.1925
33,blue-collar,single,unknown,no,129,yes,yes,cellular,30,apr,1,161,1,failure,1,0.1925
45,services,divorced,secondary,no,1381,no,no,unknown,19,jun,2,-1,0,unknown,1,0.1925
31,management,single,tertiary,no,0,yes,yes,cellular,14,may,3,352,3,failure,1,0.1925
45,admin.,married,secondary,no,1435,yes,no,cellular,11,aug,1,103,1,failure,1,0.1925
39,self-employed,divorced,tertiary,no,1415,no,no,unknown,17,jun,1,-1,0,unknown,1,0.1925
58,retired,married,secondary,no,3542,yes,no,telephone,29,jul,17,-1,0,unknown,1,0.1925
32,entrepreneur,divorced,secondary,no,252,no,yes,cellular,8,jul,2,-1,0,unknown,1,0.1925
62,management,married,tertiary,no,10373,no,no,cellular,12,aug,3,-1,0,unknown,1,0.1925
27,student,single,secondary,no,833,no,no,telephone,25,jun,5,-1,0,unknown,1,0.1925
30,blue-collar,single,secondary,no,411,no,no,cellular,25,may,1,-1,0,unknown,1,0.1925
45,blue-collar,married,secondary,no,9680,no,no,cellular,7,aug,4,-1,0,unknown,1,0.1925
55,technician,single,secondary,no,1199,no,yes,telephone,11,aug,1,99,10,failure,1,0.1925
32,management,single,tertiary,no,2134,no,no,cellular,10,nov,2,-1,0,unknown,1,0.1925
60,retired,married,secondary,no,0,no,no,cellular,5,aug,3,-1,0,unknown,1,0.1925
59,blue-collar,married,primary,no,3062,yes,no,cellular,14,aug,2,-1,0,unknown,1,0.1925
33,technician,married,secondary,no,218,yes,yes,cellular,10,aug,1,161,4,failure,1,0.1925
48,housemaid,single,primary,no,46,no,no,cellular,3,aug,2,180,1,failure,1,0.1925
33,technician,single,secondary,no,234,no,no,cellular,1,apr,1,370,2,failure,1,0.1925
56,retired,married,secondary,no,6114,no,no,telephone,29,jul,2,-1,0,unknown,1,0.19
31,services,single,secondary,no,-205,no,no,cellular,1,sep,1,579,1,failure,1,0.19
37,entrepreneur,single,tertiary,no,-961,no,no,cellular,13,apr,1,-1,0,unknown,1,0.19
45,admin.,married,unknown,no,2033,no,no,cellular,28,may,4,-1,0,unknown,1,0.19
55,technician,married,tertiary,no,1354,no,no,cellular,21,aug,4,-1,0,unknown,1,0.19
58,retired,married,primary,no,745,yes,no,cellular,20,apr,1,-1,0,unknown,1,0.19
42,services,married,unknown,no,7482,no,no,cellular,21,nov,2,-1,0,unknown,1,0.19
24,management,single,tertiary,no,1085,no,yes,cellular,7,may,6,-1,0,unknown,1,0.19
47,blue-collar,married,primary,no,2749,yes,no,cellular,30,apr,2,164,1,failure,1,0.19
33,management,married,tertiary,no,335,no,no,cellular,12,may,2,-1,0,unknown,1,0.19
27,management,single,tertiary,no,1117,yes,no,cellular,7,jul,4,-1,0,unknown,1,0.19
59,blue-collar,married,secondary,no,12928,no,no,cellular,8,aug,2,-1,0,unknown,1,0.19
30,admin.,single,secondary,no,983,yes,no,cellular,27,may,2,-1,0,unknown,1,0.19
49,unemployed,single,tertiary,no,631,no,no,cellular,9,feb,6,12,1,other,1,0.19
29,technician,married,tertiary,no,858,yes,no,cellular,12,jun,7,330,1,failure,1,0.19
36,self-employed,married,tertiary,no,506,no,no,cellular,25,aug,1,120,1,failure,1,0.19
35,management,married,tertiary,no,1041,no,no,cellular,18,nov,1,120,3,other,1,0.19
29,self-employed,single,secondary,no,970,yes,no,cellular,13,may,1,-1,0,unknown,1,0.19
46,technician,single,secondary,no,4367,yes,no,cellular,3,jun,1,96,1,failure,1,0.1875
27,blue-collar,divorced,secondary,no,1,yes,no,cellular,14,jul,3,-1,0,unknown,1,0.1875
43,management,single,tertiary,no,146,no,no,cellular,21,nov,1,113,5,other,1,0.1875
63,retired,married,unknown,no,538,no,no,cellular,11,aug,2,-1,0,unknown,1,0.1875
49,management,married,tertiary,no,6613,no,no,cellular,19,nov,1,155,3,failure,1,0.1875
36,technician,single,secondary,yes,-487,yes,no,cellular,17,apr,1,-1,0,unknown,1,0.1875
32,technician,married,tertiary,no,2976,yes,no,cellular,14,aug,5,-1,0,unknown,1,0.1875
26,management,married,secondary,no,288,yes,no,cellular,22,jul,1,-1,0,unknown,1,0.1875
52,technician,divorced,secondary,no,106,no,no,cellular,12,aug,4,-1,0,unknown,1,0.1875
58,retired,married,secondary,no,1227,no,no,cellular,14,aug,2,37,2,failure,1,0.1875
25,services,married,secondary,no,4522,yes,no,cellular,18,may,4,-1,0,unknown,1,0.1875
55,technician,divorced,secondary,no,2730,no,no,cellular,4,aug,2,-1,0,unknown,1,0.1875
58,management,divorced,tertiary,no,315,yes,no,cellular,17,nov,2,-1,0,unknown,1,0.1875
27,blue-collar,single,primary,no,540,no,no,cellular,6,feb,1,-1,0,unknown,1,0.1875
29,blue-collar,married,secondary,no,3310,no,no,cellular,2,jun,2,117,2,failure,1,0.1875
32,technician,single,secondary,no,12,no,no,cellular,7,aug,2,-1,0,unknown,1,0.1875
31,management,married,unknown,no,68,yes,no,cellular,5,feb,2,189,27,other,1,0.1875
44,management,divorced,tertiary,no,3,no,no,cellular,6,may,1,-1,0,unknown,1,0.1875
58,technician,married,secondary,no,1,no,no,cellular,2,apr,1,64,2,failure,1,0.1875
36,management,divorced,tertiary,no,102,yes,no,cellular,14,apr,1,-1,0,unknown,1,0.1875
46,management,married,tertiary,no,1698,yes,no,cellular,6,feb,1,-1,0,unknown,1,0.1875
30,blue-collar,married,secondary,no,246,yes,no,cellular,17,apr,1,150,7,failure,1,0.1875
35,blue-collar,divorced,secondary,no,0,yes,no,unknown,8,may,1,-1,0,unknown,1,0.1875
44,unemployed,single,tertiary,no,810,no,no,cellular,4,aug,1,-1,0,unknown,1,0.1875
59,blue-collar,married,primary,no,3713,yes,yes,cellular,4,aug,2,-1,0,unknown,1,0.1875
30,management,married,tertiary,no,1908,no,no,cellular,5,aug,1,-1,0,unknown,1,0.185
49,technician,married,secondary,no,2765,no,no,cellular,13,aug,4,-1,0,unknown,1,0.185
79,housemaid,married,primary,no,0,no,no,cellular,18,aug,1,-1,0,unknown,1,0.185
27,unemployed,single,secondary,no,0,no,yes,cellular,3,feb,2,-1,0,unknown,1,0.185
60,management,married,secondary,no,0,no,no,telephone,19,oct,3,62,3,failure,1,0.185
42,blue-collar,married,secondary,no,160,yes,yes,unknown,26,jun,1,-1,0,unknown,1,0.185
62,unemployed,married,secondary,no,780,no,no,cellular,28,aug,2,-1,0,unknown,1,0.185
46,management,married,unknown,no,2466,no,no,telephone,1,apr,3,370,1,failure,1,0.185
29,blue-collar,single,secondary,no,783,yes,no,unknown,13,may,1,-1,0,unknown,1,0.185
35,services,single,secondary,no,2467,no,no,cellular,20,nov,5,-1,0,unknown,1,0.185
30,housemaid,married,secondary,no,533,yes,no,cellular,2,jun,1,-1,0,unknown,1,0.185
39,services,divorced,secondary,no,282,yes,no,cellular,17,jul,1,-1,0,unknown,1,0.185
32,management,single,tertiary,no,6542,yes,no,cellular,15,may,4,175,5,failure,1,0.185
33,self-employed,single,tertiary,no,1049,no,no,cellular,4,may,4,-1,0,unknown,1,0.185
32,technician,divorced,tertiary,no,31,no,yes,cellular,8,jul,1,-1,0,unknown,1,0.185
35,blue-collar,married,tertiary,no,2999,no,no,unknown,12,jun,6,-1,0,unknown,1,0.1825
55,blue-collar,married,secondary,no,2854,yes,no,cellular,7,may,1,-1,0,unknown,1,0.1825
32,management,single,secondary,no,2018,no,no,cellular,11,aug,1,-1,0,unknown,1,0.1825
52,management,married,tertiary,no,0,no,no,cellular,12,aug,2,-1,0,unknown,1,0.1825
43,blue-collar,divorced,primary,no,515,yes,no,cellular,18,nov,1,-1,0,unknown,1,0.1825
35,management,married,tertiary,no,71,yes,no,cellular,30,apr,2,-1,0,unknown,1,0.1825
51,housemaid,divorced,primary,no,94,yes,no,cellular,15,may,1,297,4,failure,1,0.1825
33,technician,single,secondary,no,781,yes,no,cellular,3,jun,1,27,1,failure,1,0.1825
23,admin.,single,secondary,no,589,yes,no,cellular,6,may,1,-1,0,unknown,1,0.1825
21,student,single,secondary,no,216,no,no,cellular,5,aug,1,-1,0,unknown,1,0.1825
73,retired,married,primary,no,5539,no,no,telephone,6,aug,1,-1,0,unknown,1,0.1825
30,blue-collar,married,secondary,no,4389,yes,no,cellular,30,apr,6,-1,0,unknown,1,0.1825
30,services,single,secondary,no,346,yes,no,cellular,6,may,3,345,5,other,1,0.1825
26,management,single,tertiary,no,828,yes,no,cellular,17,aug,1,199,1,failure,1,0.1825
25,blue-collar,single,secondary,no,192,no,no,telephone,4,jul,2,-1,0,unknown,1,0.1825
40,unemployed,single,tertiary,no,7968,no,no,cellular,2,jun,1,-1,0,unknown,1,0.1825
32,admin.,single,tertiary,no,497,yes,no,cellular,13,aug,4,-1,0,unknown,1,0.1825
60,retired,married,tertiary,no,846,no,no,telephone,26,may,1,-1,0,unknown,1,0.1825
34,management,married,tertiary,no,16,yes,no,telephone,29,sep,1,119,1,other,1,0.1825
42,entrepreneur,divorced,tertiary,no,626,yes,no,cellular,14,aug,2,-1,0,unknown,1,0.1825
40,services,married,secondary,no,961,no,yes,cellular,19,nov,1,133,4,other,1,0.1825
60,retired,married,secondary,no,2537,yes,yes,unknown,15,may,1,-1,0,unknown,1,0.1825
65,retired,married,secondary,no,23421,no,no,cellular,2,feb,1,-1,0,unknown,1,0.18
51,technician,married,tertiary,no,2506,no,no,cellular,30,nov,3,-1,0,unknown,1,0.18
59,management,married,primary,no,1727,no,no,telephone,25,may,4,358,2,failure,1,0.18
42,management,single,tertiary,no,3371,yes,yes,cellular,13,aug,1,92,2,failure,1,0.18
66,unemployed,single,primary,no,1323,no,no,telephone,10,feb,11,-1,0,unknown,1,0.18
29,entrepreneur,divorced,tertiary,no,444,no,no,cellular,24,jul,2,-1,0,unknown,1,0.18
26,blue-collar,single,secondary,yes,-23,yes,no,unknown,12,may,1,-1,0,unknown,1,0.18
40,self-employed,single,tertiary,no,1693,yes,no,cellular,17,nov,1,-1,0,unknown,1,0.18
32,technician,married,tertiary,no,0,yes,no,cellular,19,nov,4,-1,0,unknown,1,0.18
39,management,married,tertiary,no,271,yes,no,cellular,8,apr,1,-1,0,unknown,1,0.18
31,admin.,single,tertiary,no,355,yes,no,cellular,12,may,1,-1,0,unknown,1,0.18
29,self-employed,single,tertiary,no,300,no,no,cellular,3,feb,1,-1,0,unknown,1,0.18
32,services,divorced,secondary,no,454,yes,no,cellular,18,jul,1,-1,0,unknown,1,0.18
36,entrepreneur,married,tertiary,no,9405,no,no,unknown,18,jun,3,-1,0,unknown,1,0.18
46,blue-collar,married,primary,no,2558,yes,no,telephone,20,nov,1,167,1,other,1,0.18
29,technician,single,secondary,no,525,yes,no,cellular,16,apr,2,-1,0,unknown,1,0.18
22,student,single,secondary,no,0,no,no,cellular,6,feb,6,-1,0,unknown,1,0.18
46,management,divorced,tertiary,no,675,no,yes,unknown,12,jun,2,-1,0,unknown,1,0.1775
35,management,married,tertiary,no,1471,yes,yes,cellular,13,aug,3,-1,0,unknown,1,0.1775
24,blue-collar,married,secondary,no,0,yes,no,unknown,18,jun,4,-1,0,unknown,1,0.1775
35,self-employed,married,tertiary,no,980,no,no,cellular,2,aug,2,336,6,failure,1,0.1775
77,retired,married,primary,no,121,no,no,telephone,7,oct,1,-1,0,unknown,1,0.1775
49,retired,married,secondary,no,993,yes,yes,cellular,8,may,1,301,2,other,1,0.1775
42,services,single,secondary,no,2628,yes,no,cellular,19,nov,1,-1,0,unknown,1,0.1775
30,unemployed,married,secondary,no,1210,no,no,cellular,9,jul,4,-1,0,unknown,1,0.1775
53,blue-collar,married,primary,no,354,no,no,cellular,20,apr,2,-1,0,unknown,1,0.1775
33,admin.,married,secondary,no,0,no,no,cellular,4,nov,3,-1,0,unknown,1,0.1775
39,services,single,secondary,no,26,yes,no,cellular,14,may,3,-1,0,unknown,1,0.1775
31,technician,married,secondary,no,1951,yes,no,cellular,21,jul,2,-1,0,unknown,1,0.1775
52,management,married,tertiary,no,72,no,no,cellular,2,feb,1,-1,0,unknown,1,0.1775
28,admin.,married,secondary,no,252,yes,no,unknown,9,may,1,-1,0,unknown,1,0.1775
83,retired,divorced,primary,no,0,no,no,telephone,3,sep,1,-1,0,unknown,1,0.1775
45,management,divorced,tertiary,yes,-946,yes,no,cellular,13,may,1,-1,0,unknown,1,0.1775
39,admin.,single,secondary,no,2345,yes,no,cellular,8,may,2,344,2,failure,1,0.1775
25,management,single,tertiary,no,289,no,no,cellular,5,jun,1,-1,0,unknown,1,0.1775
38,blue-collar,single,secondary,no,2422,yes,no,cellular,1,apr,2,-1,0,unknown,1,0.1775
45,technician,married,secondary,no,89,yes,no,cellular,30,apr,2,350,2,failure,1,0.1775
32,services,divorced,secondary,no,-34,yes,no,cellular,15,may,2,-1,0,unknown,1,0.1775
43,technician,married,primary,no,2586,yes,no,cellular,20,apr,1,-1,0,unknown,1,0.1775
41,self-employed,single,tertiary,no,1755,no,no,unknown,11,jun,10,-1,0,unknown,1,0.1775
44,self-employed,married,secondary,no,706,no,no,unknown,5,nov,1,-1,0,unknown,1,0.1775
76,retired,married,primary,no,163,no,no,telephone,13,oct,1,-1,0,unknown,1,0.1775
35,blue-collar,married,secondary,no,809,yes,yes,unknown,29,may,1,-1,0,unknown,1,0.1775
40,admin.,divorced,secondary,no,-105,yes,no,unknown,30,may,2,-1,0,unknown,1,0.175
44,housemaid,divorced,primary,no,629,no,no,cellular,30,jul,4,-1,0,unknown,1,0.175
38,technician,single,secondary,no,1211,yes,no,cellular,14,may,1,358,1,success,1,0.175
33,self-employed,single,tertiary,no,61,no,no,cellular,19,aug,3,-1,0,unknown,1,0.175
53,management,married,tertiary,no,34230,yes,yes,cellular,7,may,1,358,9,other,1,0.175
46,management,married,tertiary,no,587,no,no,telephone,2,feb,1,-1,0,unknown,1,0.175
19,student,single,primary,no,0,no,no,cellular,4,may,4,-1,0,unknown,1,0.175
44,management,married,tertiary,no,1850,yes,no,cellular,6,may,1,-1,0,unknown,1,0.175
43,services,single,secondary,no,-63,yes,no,cellular,18,may,3,374,1,other,1,0.175
29,blue-collar,married,secondary,no,358,no,no,cellular,21,jul,5,-1,0,unknown,1,0.175
34,services,single,secondary,no,2,yes,no,cellular,15,may,2,-1,0,unknown,1,0.175
46,technician,married,secondary,no,0,no,no,telephone,20,apr,2,-1,0,unknown,1,0.175
50,admin.,married,secondary,no,3608,yes,no,cellular,14,may,8,182,4,success,1,0.175
39,entrepreneur,married,secondary,no,5562,no,no,cellular,20,nov,3,-1,0,unknown,1,0.175
65,retired,married,primary,no,1343,no,no,telephone,2,feb,2,-1,0,unknown,1,0.175
56,technician,divorced,secondary,no,5,no,no,cellular,19,aug,1,-1,0,unknown,1,0.175
42,blue-collar,married,secondary,no,165,no,no,telephone,20,apr,1,-1,0,unknown,1,0.175
45,management,married,tertiary,no,3857,yes,no,cellular,2,feb,1,-1,0,unknown,1,0.175
49,admin.,married,secondary,no,5361,no,no,cellular,7,aug,1,-1,0,unknown,1,0.175
28,admin.,single,secondary,no,649,yes,no,cellular,25,jul,3,-1,0,unknown,1,0.175
38,management,single,tertiary,no,-119,yes,no,cellular,14,may,1,-1,0,unknown,1,0.175
58,retired,married,primary,no,2969,no,no,telephone,30,apr,1,-1,0,unknown,1,0.175
33,blue-collar,single,secondary,no,228,no,no,telephone,5,may,1,89,4,failure,1,0.175
32,student,single,tertiary,no,1138,no,no,telephone,10,feb,3,-1,0,unknown,1,0.1725
28,services,single,secondary,no,118,yes,yes,cellular,15,may,3,368,1,failure,1,0.1725
34,management,married,tertiary,no,4714,yes,yes,cellular,11,may,2,-1,0,unknown,1,0.1725
51,blue-collar,married,primary,no,63,yes,yes,cellular,31,jul,4,-1,0,unknown,1,0.1725
28,admin.,single,secondary,no,579,yes,no,cellular,21,jul,2,-1,0,unknown,1,0.1725
41,blue-collar,divorced,secondary,no,388,no,no,cellular,14,aug,2,-1,0,unknown,1,0.1725
58,retired,divorced,tertiary,no,5253,no,no,cellular,9,apr,4,295,3,failure,1,0.1725
52,management,married,tertiary,no,0,no,no,cellular,7,aug,4,-1,0,unknown,1,0.1725
51,management,married,tertiary,no,0,yes,yes,cellular,19,aug,1,84,1,other,1,0.1725
53,management,divorced,tertiary,no,6649,yes,no,cellular,31,aug,1,55,1,failure,1,0.1725
43,management,married,tertiary,no,1993,no,no,cellular,19,nov,1,174,1,failure,1,0.1725
58,housemaid,married,secondary,no,196,no,yes,cellular,27,may,3,-1,0,unknown,1,0.1725
30,management,single,tertiary,no,0,yes,no,cellular,2,apr,2,314,2,failure,1,0.1725
36,self-employed,married,tertiary,no,980,no,no,cellular,24,sep,2,53,8,failure,1,0.1725
26,services,single,tertiary,no,12,no,no,cellular,14,jun,1,181,10,failure,1,0.1725
29,technician,married,tertiary,no,-722,no,yes,unknown,27,jun,4,-1,0,unknown,1,0.1725
22,student,single,secondary,no,466,yes,no,cellular,20,apr,1,-1,0,unknown,1,0.1725
34,services,married,secondary,no,2825,yes,no,cellular,12,may,1,-1,0,unknown,1,0.1725
33,services,single,secondary,no,0,no,no,cellular,8,jul,2,-1,0,unknown,1,0.1725
26,services,single,secondary,no,46,yes,no,cellular,15,may,3,351,6,other,1,0.1725
29,management,single,tertiary,no,176,no,no,cellular,9,feb,2,-1,0,unknown,1,0.1725
31,blue-collar,married,primary,no,196,no,no,cellular,7,aug,1,-1,0,unknown,1,0.1725
35,blue-collar,divorced,primary,no,289,yes,no,cellular,13,may,1,-1,0,unknown,1,0.1725
39,technician,single,tertiary,no,1674,no,no,cellular,15,may,10,178,1,failure,1,0.1725
35,technician,single,tertiary,no,670,yes,no,cellular,28,jul,18,-1,0,unknown,1,0.1725
42,services,single,secondary,no,7704,yes,no,cellular,20,nov,3,-1,0,unknown,1,0.1725
25,admin.,single,secondary,no,18,yes,no,cellular,22,jul,1,-1,0,unknown,1,0.17
38,entrepreneur,divorced,tertiary,no,7929,no,no,cellular,8,jul,3,-1,0,unknown,1,0.17
32,management,married,tertiary,no,-149,no,no,cellular,5,feb,1,8,1,other,1,0.17
39,entrepreneur,divorced,secondary,no,990,yes,no,cellular,23,jul,1,-1,0,unknown,1,0.17
39,admin.,divorced,unknown,no,64,yes,no,cellular,18,jul,1,-1,0,unknown,1,0.17
47,entrepreneur,married,tertiary,no,3659,no,no,cellular,14,jul,4,-1,0,unknown,1,0.17
36,services,single,secondary,no,568,yes,no,cellular,15,may,3,364,2,failure,1,0.17
51,housemaid,married,secondary,no,2239,no,no,cellular,27,may,1,-1,0,unknown,1,0.17
42,admin.,divorced,secondary,no,2133,yes,no,cellular,5,may,5,-1,0,unknown,1,0.17
32,technician,married,tertiary,no,3850,yes,no,cellular,20,apr,4,-1,0,unknown,1,0.17
34,blue-collar,married,secondary,no,559,yes,no,telephone,18,nov,1,193,1,other,1,0.17
30,admin.,married,secondary,no,124,no,no,telephone,16,jun,2,-1,0,unknown,1,0.17
30,technician,married,secondary,no,854,yes,no,unknown,2,jun,2,-1,0,unknown,1,0.17
20,student,married,unknown,no,292,no,no,cellular,5,aug,2,93,1,failure,1,0.17
32,technician,married,secondary,no,282,yes,no,cellular,4,may,2,-1,0,unknown,1,0.17
48,blue-collar,married,secondary,no,1913,yes,no,unknown,15,may,1,-1,0,unknown,1,0.17
41,admin.,married,secondary,no,158,yes,no,cellular,1,oct,2,120,4,other,1,0.17
60,retired,married,primary,no,1588,no,no,cellular,6,oct,1,-1,0,unknown,1,0.17
23,student,single,tertiary,no,0,no,no,cellular,10,aug,1,-1,0,unknown,1,0.17
56,blue-collar,married,primary,no,115,no,no,telephone,4,feb,1,-1,0,unknown,1,0.17
50,admin.,married,secondary,no,-185,no,no,cellular,2,feb,1,-1,0,unknown,1,0.17
35,management,married,tertiary,no,0,no,no,cellular,6,aug,4,-1,0,unknown,1,0.1675
36,management,married,tertiary,no,393,yes,no,cellular,30,apr,2,-1,0,unknown,1,0.1675
58,unknown,married,unknown,no,1547,no,no,telephone,5,aug,4,-1,0,unknown,1,0.1675
30,self-employed,single,tertiary,no,1259,no,no,cellular,20,nov,1,-1,0,unknown,1,0.1675
77,retired,married,primary,no,680,no,no,telephone,27,nov,4,94,3,failure,1,0.1675
31,self-employed,single,tertiary,no,84,no,no,cellular,6,aug,4,-1,0,unknown,1,0.1675
24,blue-collar,single,secondary,no,9883,no,no,cellular,8,jul,5,-1,0,unknown,1,0.1675
27,admin.,single,secondary,no,80,no,no,cellular,10,aug,1,-1,0,unknown,1,0.1675
44,blue-collar,divorced,primary,no,3953,yes,no,cellular,20,nov,1,-1,0,unknown,1,0.1675
32,management,single,tertiary,no,438,no,no,cellular,21,aug,5,-1,0,unknown,1,0.1675
30,student,single,primary,no,1527,no,no,telephone,22,apr,7,-1,0,unknown,1,0.1675
45,services,single,secondary,no,303,yes,no,cellular,20,apr,3,-1,0,unknown,1,0.1675
39,technician,divorced,secondary,no,1972,yes,no,cellular,9,feb,3,-1,0,unknown,1,0.1675
31,student,married,secondary,no,200,yes,no,cellular,4,may,5,-1,0,unknown,1,0.1675
26,technician,single,secondary,no,-168,no,yes,cellular,3,feb,1,-1,0,unknown,1,0.1675
48,technician,married,secondary,no,1449,yes,yes,cellular,28,jan,1,-1,0,unknown,1,0.1675
35,management,single,tertiary,no,75,no,no,cellular,21,aug,5,-1,0,unknown,1,0.1675
38,admin.,married,primary,no,-175,yes,no,telephone,21,jul,9,-1,0,unknown,1,0.1675
54,admin.,married,secondary,no,66,yes,no,cellular,11,nov,1,-1,0,unknown,1,0.1675
42,services,single,secondary,no,877,no,no,cellular,17,nov,2,-1,0,unknown,1,0.1675
35,management,single,tertiary,yes,-1980,yes,yes,cellular,11,aug,1,-1,0,unknown,1,0.1675
78,retired,married,unknown,no,38,no,no,telephone,4,aug,1,1,3,other,1,0.1675
44,blue-collar,divorced,primary,no,25,yes,no,cellular,13,may,1,344,7,failure,1,0.1675
49,admin.,divorced,secondary,no,769,no,no,cellular,30,jul,4,-1,0,unknown,1,0.1675
30,admin.,single,tertiary,no,305,no,no,cellular,4,feb,2,-1,0,unknown,1,0.1675
25,blue-collar,single,primary,no,15,no,no,cellular,21,jul,3,-1,0,unknown,1,0.165
30,admin.,single,tertiary,no,0,yes,no,cellular,4,feb,2,-1,0,unknown,1,0.165
54,technician,divorced,secondary,no,0,yes,yes,cellular,3,feb,2,203,5,failure,1,0.165
61,management,single,tertiary,no,2,no,no,cellular,12,aug,1,114,3,failure,1,0.165
57,unemployed,married,unknown,no,288,no,no,cellular,9,feb,3,-1,0,unknown,1,0.165
29,technician,married,tertiary,no,604,yes,no,cellular,14,may,4,-1,0,unknown,1,0.165
59,retired,married,tertiary,no,1425,no,no,cellular,26,oct,2,77,3,failure,1,0.165
27,entrepreneur,married,tertiary,no,59,no,no,cellular,28,jul,6,-1,0,unknown,1,0.165
54,technician,married,secondary,no,-777,no,yes,cellular,12,aug,2,-1,0,unknown,1,0.165
27,student,single,tertiary,no,3733,yes,no,telephone,13,feb,6,-1,0,unknown,1,0.165
60,technician,married,secondary,no,216,yes,yes,cellular,2,feb,1,-1,0,unknown,1,0.165
37,technician,single,secondary,no,181,no,no,cellular,5,aug,1,-1,0,unknown,1,0.165
45,admin.,married,primary,no,542,no,no,cellular,11,may,5,350,3,other,1,0.165
26,blue-collar,single,secondary,no,188,yes,yes,cellular,21,jul,1,-1,0,unknown,1,0.165
33,technician,single,secondary,no,287,yes,no,cellular,14,may,1,358,8,failure,1,0.165
45,blue-collar,married,primary,no,194,yes,yes,unknown,3,jun,2,-1,0,unknown,1,0.165
60,retired,divorced,tertiary,no,380,no,no,cellular,21,jul,1,-1,0,unknown,1,0.165
35,admin.,married,secondary,no,190,yes,no,unknown,20,may,3,-1,0,unknown,1,0.165
33,entrepreneur,single,secondary,no,278,no,no,cellular,1,feb,5,-1,0,unknown,1,0.165
44,blue-collar,single,secondary,no,34,yes,no,unknown,5,may,4,-1,0,unknown,1,0.165
54,management,married,secondary,no,1987,no,no,cellular,14,jul,3,-1,0,unknown,1,0.165
39,blue-collar,single,secondary,no,519,yes,yes,cellular,5,may,3,166,15,failure,1,0.165
39,technician,married,tertiary,no,794,no,no,telephone,3,jun,2,121,1,failure,1,0.1625
42,services,single,unknown,no,410,no,no,cellular,21,nov,2,-1,0,unknown,1,0.1625
23,entrepreneur,married,tertiary,no,489,no,yes,cellular,18,aug,4,-1,0,unknown,1,0.1625
37,admin.,single,tertiary,no,2505,no,no,cellular,7,aug,3,-1,0,unknown,1,0.1625
49,admin.,divorced,secondary,no,1320,no,no,cellular,21,nov,2,-1,0,unknown,1,0.1625
37,admin.,single,secondary,no,115,no,no,cellular,13,nov,4,101,5,failure,1,0.1625
34,entrepreneur,married,tertiary,no,842,yes,no,cellular,6,may,2,-1,0,unknown,1,0.1625
60,blue-collar,married,secondary,no,414,no,no,cellular,4,feb,1,-1,0,unknown,1,0.1625
39,technician,married,tertiary,no,-1099,yes,no,cellular,30,jul,9,-1,0,unknown,1,0.1625
26,blue-collar,single,secondary,no,0,yes,no,cellular,6,may,1,-1,0,unknown,1,0.1625
60,unemployed,single,tertiary,no,361,no,no,cellular,5,feb,1,-1,0,unknown,1,0.1625
46,self-employed,married,unknown,no,-257,no,no,cellular,21,nov,1,189,2,failure,1,0.1625
31,student,single,tertiary,no,0,no,no,cellular,4,may,2,-1,0,unknown,1,0.1625
35,unknown,married,primary,no,4144,no,no,cellular,21,aug,3,-1,0,unknown,1,0.1625
39,technician,married,primary,no,1846,no,no,cellular,5,feb,5,-1,0,unknown,1,0.1625
41,blue-collar,married,primary,no,438,no,no,cellular,5,feb,1,-1,0,unknown,1,0.1625
25,student,single,unknown,no,722,no,no,telephone,21,apr,2,-1,0,unknown,1,0.1625
60,management,married,tertiary,no,2222,yes,no,cellular,11,jul,2,-1,0,unknown,1,0.1625
38,blue-collar,single,secondary,no,0,no,no,cellular,13,aug,2,105,1,failure,1,0.1625
57,retired,married,secondary,no,975,no,no,cellular,16,jul,1,-1,0,unknown,1,0.1625
25,services,single,secondary,no,895,yes,no,unknown,3,jun,1,-1,0,unknown,1,0.1625
40,unemployed,married,secondary,no,1872,no,no,cellular,21,nov,1,-1,0,unknown,1,0.1625
32,admin.,married,tertiary,no,118,no,no,cellular,21,nov,4,176,10,failure,1,0.1625
37,admin.,divorced,secondary,no,141,yes,no,cellular,14,may,1,-1,0,unknown,1,0.1625
45,management,divorced,tertiary,no,6572,yes,no,cellular,17,nov,2,-1,0,unknown,1,0.1625
57,technician,divorced,tertiary,no,126,no,no,telephone,4,jun,2,-1,0,unknown,1,0.1625
38,management,single,tertiary,no,6836,yes,no,unknown,29,may,4,-1,0,unknown,1,0.1625
57,retired,married,tertiary,no,1458,no,no,cellular,19,aug,1,107,5,failure,1,0.1625
54,unknown,married,secondary,no,1157,no,no,cellular,26,may,2,-1,0,unknown,1,0.1625
32,admin.,married,secondary,no,337,no,no,cellular,15,may,3,368,1,failure,1,0.1625
30,services,single,secondary,no,194,yes,no,cellular,12,may,3,301,3,other,1,0.1625
32,management,single,tertiary,no,715,no,no,cellular,11,aug,1,-1,0,unknown,1,0.1625
41,management,single,secondary,no,911,no,no,cellular,6,aug,2,-1,0,unknown,1,0.1625
47,unemployed,married,primary,no,324,no,no,cellular,21,nov,2,-1,0,unknown,1,0.1625
46,blue-collar,married,primary,no,1303,no,no,cellular,4,aug,1,-1,0,unknown,1,0.1625
32,management,single,tertiary,no,4262,yes,no,cellular,19,nov,1,-1,0,unknown,1,0.1625
34,blue-collar,married,primary,no,1451,yes,no,cellular,9,apr,3,-1,0,unknown,1,0.1625
29,admin.,single,secondary,no,454,no,no,telephone,16,jul,11,-1,0,unknown,1,0.1625
49,self-employed,married,tertiary,no,503,yes,no,cellular,27,feb,5,21,5,failure,1,0.1625
30,blue-collar,single,secondary,no,583,no,no,cellular,18,may,2,-1,0,unknown,1,0.1625
34,unemployed,single,secondary,no,1965,no,no,telephone,4,may,1,-1,0,unknown,1,0.16
42,blue-collar,married,primary,no,1520,yes,no,cellular,5,feb,1,-1,0,unknown,1,0.16
31,admin.,divorced,secondary,no,93,yes,no,cellular,18,nov,1,-1,0,unknown,1,0.16
33,student,single,tertiary,no,882,yes,no,cellular,6,feb,1,-1,0,unknown,1,0.16
35,management,divorced,tertiary,no,321,yes,no,unknown,9,may,1,-1,0,unknown,1,0.16
28,blue-collar,single,secondary,no,-127,yes,no,cellular,4,jul,3,-1,0,unknown,1,0.16
56,management,married,primary,no,870,no,no,cellular,16,nov,1,-1,0,unknown,1,0.16
57,retired,divorced,tertiary,no,476,no,no,telephone,21,nov,1,-1,0,unknown,1,0.16
62,blue-collar,married,secondary,no,272,no,no,cellular,11,aug,1,286,2,failure,1,0.16
44,blue-collar,married,secondary,no,233,no,yes,cellular,9,jul,3,-1,0,unknown,1,0.16
39,services,married,secondary,no,53,no,no,unknown,5,mar,1,394,1,failure,1,0.16
37,admin.,divorced,tertiary,no,-65,no,no,cellular,21,jul,1,-1,0,unknown,1,0.16
33,blue-collar,single,secondary,no,1254,yes,no,cellular,14,apr,1,-1,0,unknown,1,0.16
23,admin.,single,tertiary,no,230,no,no,cellular,5,jun,1,-1,0,unknown,1,0.16
38,self-employed,divorced,secondary,no,0,yes,no,cellular,20,apr,1,-1,0,unknown,1,0.16
31,services,married,secondary,no,1167,yes,yes,cellular,20,nov,1,-1,0,unknown,1,0.16
36,management,single,tertiary,yes,-508,yes,no,cellular,17,apr,2,-1,0,unknown,1,0.16
30,technician,single,secondary,no,707,no,no,cellular,26,may,1,-1,0,unknown,1,0.16
49,blue-collar,married,secondary,no,2159,no,no,cellular,17,apr,1,-1,0,unknown,1,0.16
28,management,single,tertiary,no,810,yes,no,cellular,5,feb,2,-1,0,unknown,1,0.16
28,admin.,single,secondary,no,352,yes,yes,cellular,18,may,1,-1,0,unknown,1,0.16
54,technician,single,secondary,no,2237,no,no,cellular,21,nov,5,-1,0,unknown,1,0.16
31,management,married,tertiary,no,155,yes,no,cellular,8,sep,1,99,1,failure,1,0.16
40,admin.,married,secondary,no,767,yes,no,cellular,6,feb,1,-1,0,unknown,1,0.16
48,services,single,secondary,no,0,yes,yes,cellular,5,may,1,-1,0,unknown,1,0.16
31,blue-collar,single,secondary,no,1882,no,no,cellular,7,may,2,-1,0,unknown,1,0.16
26,unemployed,single,primary,no,1213,no,no,cellular,29,jan,1,-1,0,unknown,1,0.16
31,technician,married,tertiary,no,165,no,no,cellular,15,may,4,-1,0,unknown,1,0.16
45,technician,divorced,secondary,no,3271,no,no,cellular,7,may,2,-1,0,unknown,1,0.1575
54,management,married,tertiary,no,0,no,no,cellular,5,aug,3,-1,0,unknown,1,0.1575
32,management,married,primary,no,5,yes,no,cellular,16,apr,2,-1,0,unknown,1,0.1575
45,management,single,tertiary,no,2532,no,no,cellular,29,jul,6,-1,0,unknown,1,0.1575
58,retired,married,unknown,no,928,no,no,telephone,4,aug,2,-1,0,unknown,1,0.1575
54,housemaid,married,primary,no,167,yes,no,cellular,22,jul,2,-1,0,unknown,1,0.1575
39,management,single,tertiary,no,-145,yes,no,cellular,2,feb,2,196,2,failure,1,0.1575
41,services,divorced,tertiary,no,1583,yes,no,cellular,9,jul,1,-1,0,unknown,1,0.1575
36,blue-collar,married,secondary,no,129,yes,no,cellular,12,may,4,-1,0,unknown,1,0.1575
59,management,married,tertiary,no,2540,no,no,cellular,16,jul,5,-1,0,unknown,1,0.1575
29,admin.,single,secondary,no,27,yes,no,cellular,6,may,1,-1,0,unknown,1,0.1575
33,blue-collar,married,secondary,no,705,yes,no,cellular,14,may,2,-1,0,unknown,1,0.1575
32,self-employed,divorced,primary,no,0,yes,no,cellular,17,apr,2,-1,0,unknown,1,0.1575
58,blue-collar,married,secondary,no,1075,yes,no,cellular,18,may,1,-1,0,unknown,1,0.1575
29,technician,single,secondary,no,738,no,no,unknown,5,jul,1,-1,0,unknown,1,0.1575
44,blue-collar,single,secondary,no,184,yes,no,cellular,11,may,2,-1,0,unknown,1,0.1575
40,admin.,single,secondary,no,985,yes,no,cellular,15,apr,3,145,5,other,1,0.1575
34,blue-collar,single,secondary,no,-199,no,no,cellular,22,jul,10,-1,0,unknown,1,0.1575
38,technician,single,secondary,no,311,yes,no,cellular,28,may,2,-1,0,unknown,1,0.1575
30,management,married,secondary,no,850,no,no,cellular,12,aug,2,-1,0,unknown,1,0.1575
36,admin.,married,secondary,no,0,yes,yes,cellular,9,feb,2,-1,0,unknown,1,0.1575
32,blue-collar,single,secondary,no,681,no,yes,cellular,13,may,1,-1,0,unknown,1,0.1575
32,unemployed,married,unknown,no,881,no,no,cellular,9,feb,5,-1,0,unknown,1,0.1575
47,unemployed,single,primary,no,7351,no,no,cellular,4,feb,3,-1,0,unknown,1,0.1575
27,management,single,tertiary,no,406,no,no,cellular,9,feb,9,-1,0,unknown,1,0.1575
36,technician,single,tertiary,no,251,yes,no,cellular,8,may,4,-1,0,unknown,1,0.1575
29,management,married,tertiary,no,198,yes,no,cellular,4,aug,1,1,1,failure,1,0.1575
56,management,married,tertiary,no,1674,yes,yes,cellular,10,jul,1,-1,0,unknown,1,0.155
33,technician,single,secondary,no,555,no,yes,cellular,4,jul,2,-1,0,unknown,1,0.155
48,blue-collar,married,primary,no,783,no,yes,cellular,6,aug,2,-1,0,unknown,1,0.155
35,admin.,married,secondary,no,34,yes,no,cellular,13,may,2,365,3,failure,1,0.155
31,unemployed,single,secondary,no,284,yes,no,cellular,2,feb,1,-1,0,unknown,1,0.155
58,technician,married,tertiary,no,12322,no,no,telephone,2,jun,2,-1,0,unknown,1,0.155
60,services,divorced,secondary,no,758,no,no,cellular,3,feb,1,-1,0,unknown,1,0.155
41,management,married,tertiary,no,397,yes,no,cellular,18,jul,1,-1,0,unknown,1,0.155
56,management,married,unknown,no,4623,no,no,cellular,17,aug,1,-1,0,unknown,1,0.155
58,retired,married,secondary,no,195,no,no,cellular,2,feb,1,-1,0,unknown,1,0.155
47,technician,divorced,secondary,no,22,no,no,cellular,18,may,6,-1,0,unknown,1,0.155
36,unemployed,married,primary,no,0,no,no,cellular,6,feb,1,-1,0,unknown,1,0.155
36,management,single,tertiary,no,2944,no,no,cellular,18,aug,8,-1,0,unknown,1,0.155
36,admin.,divorced,tertiary,no,289,yes,yes,cellular,28,aug,3,280,4,failure,1,0.155
60,retired,married,primary,no,1167,no,no,cellular,14,oct,2,-1,0,unknown,1,0.155
46,admin.,married,secondary,no,70,yes,no,cellular,27,mar,2,-1,0,unknown,1,0.155
30,self-employed,single,tertiary,no,3343,no,no,cellular,1,jun,1,-1,0,unknown,1,0.155
36,management,married,tertiary,no,521,no,yes,cellular,18,nov,2,152,1,other,1,0.155
38,unemployed,single,tertiary,no,560,no,no,cellular,29,jan,1,-1,0,unknown,1,0.155
25,student,single,secondary,no,41,yes,no,telephone,5,aug,2,93,2,failure,1,0.155
30,management,single,tertiary,no,1466,no,no,cellular,12,aug,4,-1,0,unknown,1,0.155
32,technician,married,tertiary,no,2688,no,no,cellular,18,aug,1,-1,0,unknown,1,0.155
32,management,single,tertiary,no,0,no,no,cellular,4,may,2,-1,0,unknown,1,0.155
37,blue-collar,married,primary,no,-106,yes,yes,cellular,12,may,1,-1,0,unknown,1,0.155
56,retired,married,tertiary,no,478,no,no,cellular,5,feb,1,-1,0,unknown,1,0.155
55,technician,divorced,tertiary,no,0,no,no,cellular,18,aug,1,-1,0,unknown,1,0.155
80,retired,married,unknown,no,355,no,no,telephone,10,aug,1,-1,0,unknown,1,0.155
25,services,single,secondary,no,3217,yes,no,unknown,28,may,1,-1,0,unknown,1,0.1525
32,blue-collar,single,secondary,no,400,no,no,cellular,4,may,3,-1,0,unknown,1,0.1525
54,entrepreneur,single,tertiary,no,5417,yes,no,cellular,3,apr,1,-1,0,unknown,1,0.1525
33,services,married,secondary,no,210,yes,no,cellular,13,may,2,-1,0,unknown,1,0.1525
35,admin.,married,tertiary,no,948,yes,no,cellular,8,jun,1,-1,0,unknown,1,0.1525
32,technician,single,secondary,no,324,no,yes,cellular,23,feb,1,-1,0,unknown,1,0.1525
39,admin.,single,secondary,no,720,yes,no,telephone,22,apr,8,14,5,other,1,0.1525
51,blue-collar,married,secondary,no,2918,no,no,cellular,5,aug,2,-1,0,unknown,1,0.1525
51,blue-collar,married,primary,no,7134,no,no,cellular,25,aug,7,-1,0,unknown,1,0.1525
27,management,single,tertiary,no,80,no,no,cellular,27,may,2,-1,0,unknown,1,0.1525
31,services,married,secondary,no,14387,yes,no,cellular,20,nov,1,-1,0,unknown,1,0.1525
39,admin.,divorced,secondary,no,458,no,no,cellular,21,nov,2,-1,0,unknown,1,0.1525
33,management,married,tertiary,no,2173,yes,no,cellular,15,apr,1,-1,0,unknown,1,0.1525
32,management,single,tertiary,no,191,no,no,cellular,8,jul,4,-1,0,unknown,1,0.1525
48,unemployed,married,secondary,no,1218,no,no,cellular,4,aug,1,-1,0,unknown,1,0.1525
32,services,single,secondary,no,936,yes,no,cellular,18,nov,1,-1,0,unknown,1,0.1525
36,services,married,secondary,no,8114,yes,no,unknown,6,jun,1,-1,0,unknown,1,0.1525
45,admin.,single,secondary,no,2394,yes,yes,telephone,18,may,12,-1,0,unknown,1,0.1525
32,student,single,unknown,no,4110,no,no,cellular,6,feb,8,-1,0,unknown,1,0.1525
44,management,married,tertiary,no,1646,yes,no,cellular,29,jul,6,251,1,failure,1,0.1525
58,retired,married,secondary,no,919,yes,yes,cellular,30,apr,2,346,2,failure,1,0.1525
51,entrepreneur,married,unknown,no,2396,yes,no,cellular,6,may,2,-1,0,unknown,1,0.1525
47,housemaid,married,primary,no,1747,yes,no,cellular,20,apr,1,-1,0,unknown,1,0.1525
26,management,single,tertiary,yes,-130,yes,no,cellular,18,may,1,-1,0,unknown,1,0.1525
34,management,divorced,tertiary,no,488,yes,no,unknown,16,may,2,-1,0,unknown,1,0.1525
30,unemployed,single,tertiary,no,306,no,no,cellular,6,feb,6,256,14,failure,1,0.1525
25,admin.,single,tertiary,no,11,no,yes,cellular,27,aug,3,-1,0,unknown,1,0.1525
31,admin.,single,secondary,no,554,yes,no,cellular,5,feb,1,-1,0,unknown,1,0.1525
30,blue-collar,single,primary,no,296,no,no,telephone,5,feb,7,-1,0,unknown,1,0.1525
57,entrepreneur,married,tertiary,no,0,yes,yes,unknown,20,jun,2,-1,0,unknown,1,0.1525
36,unemployed,married,primary,no,646,no,no,cellular,5,feb,2,-1,0,unknown,1,0.1525
34,services,married,secondary,no,2956,no,no,cellular,6,aug,2,-1,0,unknown,1,0.1525
32,management,single,tertiary,no,4582,yes,no,cellular,20,nov,3,-1,0,unknown,1,0.1525
52,unemployed,married,secondary,no,94,no,no,cellular,30,apr,1,-1,0,unknown,1,0.15
29,management,single,tertiary,no,2799,yes,no,cellular,5,may,2,-1,0,unknown,1,0.15
38,entrepreneur,divorced,secondary,no,36,no,no,cellular,18,nov,2,-1,0,unknown,1,0.15
48,blue-collar,married,secondary,no,157,yes,no,unknown,6,may,1,-1,0,unknown,1,0.15
37,management,single,tertiary,no,72,yes,yes,cellular,20,apr,5,150,7,failure,1,0.15
56,retired,married,primary,no,9367,no,no,cellular,4,may,2,-1,0,unknown,1,0.15
54,management,married,tertiary,no,810,no,no,cellular,5,aug,1,-1,0,unknown,1,0.15
30,blue-collar,single,primary,no,546,yes,no,unknown,21,may,1,-1,0,unknown,1,0.15
58,admin.,married,secondary,no,1142,no,no,telephone,4,feb,3,-1,0,unknown,1,0.15
34,blue-collar,married,secondary,no,622,yes,no,unknown,21,may,1,-1,0,unknown,1,0.15
30,admin.,married,tertiary,no,285,no,no,cellular,5,feb,2,-1,0,unknown,1,0.15
42,technician,single,secondary,no,-853,yes,no,cellular,11,may,1,-1,0,unknown,1,0.15
34,management,single,tertiary,no,2347,no,yes,cellular,17,nov,1,-1,0,unknown,1,0.15
35,technician,married,secondary,no,294,yes,no,cellular,2,sep,6,79,11,failure,1,0.15
31,admin.,single,tertiary,no,701,yes,no,unknown,23,may,2,-1,0,unknown,1,0.15
40,technician,divorced,tertiary,no,1082,no,no,cellular,4,feb,1,-1,0,unknown,1,0.15
40,technician,single,secondary,no,191,yes,no,cellular,18,may,4,374,1,other,1,0.15
51,housemaid,married,primary,no,1093,no,yes,unknown,18,jun,1,-1,0,unknown,1,0.15
40,admin.,single,secondary,no,782,yes,no,cellular,21,dec,5,202,17,failure,1,0.15
56,management,married,tertiary,no,935,yes,no,cellular,17,nov,1,-1,0,unknown,1,0.15
36,technician,married,secondary,no,72,yes,no,cellular,19,nov,3,-1,0,unknown,1,0.15
32,services,married,secondary,no,-489,yes,yes,cellular,18,may,1,180,3,failure,1,0.15
34,technician,single,secondary,no,201,no,no,cellular,22,jul,2,-1,0,unknown,1,0.15
30,services,married,secondary,no,1222,yes,no,cellular,14,may,1,-1,0,unknown,1,0.15
25,management,single,tertiary,no,1,yes,no,cellular,13,may,5,-1,0,unknown,1,0.15
30,technician,single,secondary,no,156,yes,no,cellular,25,may,4,363,5,failure,1,0.15
32,admin.,divorced,secondary,no,187,yes,no,cellular,14,jul,2,-1,0,unknown,1,0.15
28,blue-collar,single,secondary,no,371,yes,no,cellular,23,jul,2,-1,0,unknown,1,0.15
57,management,divorced,secondary,no,396,no,no,cellular,12,aug,2,-1,0,unknown,1,0.1475
38,blue-collar,married,primary,no,406,yes,no,cellular,25,jul,5,-1,0,unknown,1,0.1475
40,management,married,tertiary,no,226,yes,no,cellular,12,may,2,-1,0,unknown,1,0.1475
29,management,single,tertiary,no,1895,no,no,cellular,28,jul,6,-1,0,unknown,1,0.1475
29,blue-collar,married,primary,no,18,yes,no,cellular,13,apr,3,-1,0,unknown,1,0.1475
34,blue-collar,single,primary,no,4260,yes,no,cellular,15,may,1,-1,0,unknown,1,0.1475
52,management,divorced,tertiary,no,427,no,yes,telephone,20,nov,3,-1,0,unknown,1,0.1475
36,management,single,tertiary,no,20,yes,no,cellular,20,apr,2,150,3,other,1,0.1475
27,student,single,tertiary,no,24,yes,no,cellular,2,feb,2,-1,0,unknown,1,0.1475
34,entrepreneur,married,tertiary,no,-508,yes,no,cellular,2,feb,1,-1,0,unknown,1,0.1475
30,self-employed,single,tertiary,no,0,yes,no,cellular,5,may,1,301,1,failure,1,0.1475
33,blue-collar,married,secondary,no,23,yes,no,cellular,5,may,1,-1,0,unknown,1,0.1475
41,management,single,tertiary,no,4477,no,no,cellular,4,aug,2,-1,0,unknown,1,0.1475
32,blue-collar,single,secondary,no,551,yes,no,cellular,14,aug,3,-1,0,unknown,1,0.1475
20,student,single,primary,no,0,no,no,cellular,2,nov,4,182,4,failure,1,0.1475
60,retired,married,primary,no,838,no,no,cellular,9,jul,1,-1,0,unknown,1,0.1475
46,entrepreneur,married,primary,no,0,no,no,cellular,2,feb,1,-1,0,unknown,1,0.1475
32,admin.,married,secondary,no,389,yes,no,cellular,28,jul,3,233,3,failure,1,0.1475
33,management,single,tertiary,no,87,no,no,cellular,12,aug,1,-1,0,unknown,1,0.1475
32,management,single,tertiary,no,4291,no,no,cellular,7,aug,9,-1,0,unknown,1,0.1475
29,management,single,tertiary,no,4210,yes,no,cellular,18,may,1,-1,0,unknown,1,0.1475
52,blue-collar,divorced,primary,no,1758,yes,no,unknown,15,may,1,-1,0,unknown,1,0.1475
38,management,married,tertiary,no,1187,yes,yes,cellular,2,feb,1,-1,0,unknown,1,0.1475
53,blue-collar,married,secondary,no,20,no,no,cellular,19,aug,7,-1,0,unknown,1,0.1475
31,services,single,secondary,no,278,no,no,cellular,28,may,3,-1,0,unknown,1,0.1475
28,management,married,tertiary,no,1240,no,no,cellular,4,aug,1,-1,0,unknown,1,0.1475
37,technician,single,tertiary,no,3315,yes,no,cellular,9,apr,2,-1,0,unknown,1,0.1475
28,management,married,secondary,no,143,yes,no,cellular,22,jul,13,-1,0,unknown,1,0.1475
54,management,divorced,tertiary,no,5475,no,no,cellular,22,jul,4,-1,0,unknown,1,0.1475
31,services,single,tertiary,no,1626,no,no,unknown,31,jul,1,-1,0,unknown,1,0.1475
27,services,married,secondary,no,0,yes,no,cellular,17,jul,5,-1,0,unknown,1,0.1475
39,unknown,single,unknown,no,2822,no,no,cellular,21,nov,3,-1,0,unknown,1,0.1475
46,admin.,divorced,secondary,no,98,yes,yes,cellular,12,may,1,-1,0,unknown,1,0.1475
29,blue-collar,single,primary,no,269,no,no,telephone,6,feb,1,-1,0,unknown,1,0.1475
45,blue-collar,single,primary,no,695,yes,no,cellular,21,jul,1,-1,0,unknown,1,0.145
37,blue-collar,married,secondary,no,208,no,no,cellular,13,may,1,-1,0,unknown,1,0.145
60,blue-collar,married,unknown,no,2090,yes,no,cellular,7,may,2,-1,0,unknown,1,0.145
51,technician,married,secondary,no,216,no,no,cellular,7,jul,2,-1,0,unknown,1,0.145
55,retired,married,tertiary,no,127,no,no,cellular,5,feb,2,-1,0,unknown,1,0.145
39,blue-collar,married,secondary,no,576,yes,no,cellular,8,may,1,-1,0,unknown,1,0.145
27,blue-collar,married,secondary,no,102,no,yes,cellular,7,jul,2,-1,0,unknown,1,0.145
36,management,married,tertiary,no,139,yes,no,cellular,20,apr,1,-1,0,unknown,1,0.145
54,management,married,tertiary,no,588,no,no,cellular,13,aug,1,-1,0,unknown,1,0.145
44,management,married,tertiary,no,-600,yes,no,cellular,18,aug,1,-1,0,unknown,1,0.145
39,blue-collar,divorced,primary,no,3970,yes,no,cellular,18,nov,1,-1,0,unknown,1,0.145
32,technician,single,secondary,no,271,yes,yes,cellular,11,may,2,-1,0,unknown,1,0.145
39,technician,married,secondary,no,-112,no,yes,cellular,11,aug,2,-1,0,unknown,1,0.145
27,admin.,single,secondary,no,116,no,no,cellular,30,jan,1,-1,0,unknown,1,0.145
40,self-employed,married,primary,no,2077,yes,no,cellular,13,may,1,173,24,other,1,0.145
40,management,single,tertiary,no,-222,yes,no,unknown,5,jun,1,-1,0,unknown,1,0.145
33,management,single,tertiary,no,-149,yes,no,cellular,22,jul,3,-1,0,unknown,1,0.145
50,entrepreneur,divorced,tertiary,no,1790,no,yes,cellular,6,feb,3,-1,0,unknown,1,0.145
29,technician,married,secondary,no,23,yes,no,cellular,2,jun,1,55,2,failure,1,0.145
60,self-employed,married,tertiary,no,2149,no,no,cellular,19,aug,4,-1,0,unknown,1,0.145
54,management,married,tertiary,no,7249,yes,yes,cellular,11,may,1,96,3,failure,1,0.145
60,retired,divorced,tertiary,no,-134,no,no,cellular,12,may,1,271,4,failure,1,0.145
36,management,single,tertiary,no,876,yes,no,unknown,23,may,2,-1,0,unknown,1,0.145
27,management,single,secondary,no,116,yes,no,cellular,6,feb,2,-1,0,unknown,1,0.145
45,technician,married,secondary,no,3241,no,no,cellular,12,aug,2,-1,0,unknown,1,0.145
35,technician,single,tertiary,no,0,no,no,cellular,14,jan,7,-1,0,unknown,1,0.145
35,management,single,tertiary,no,3544,yes,no,cellular,8,jun,1,-1,0,unknown,1,0.145
38,management,divorced,tertiary,no,0,no,no,cellular,10,feb,3,-1,0,unknown,1,0.145
33,technician,single,tertiary,no,1190,yes,no,cellular,17,apr,2,252,4,failure,1,0.145
57,technician,married,secondary,no,7766,yes,no,cellular,21,nov,1,-1,0,unknown,1,0.145
58,self-employed,married,secondary,no,28318,yes,no,cellular,14,may,2,-1,0,unknown,1,0.145
29,blue-collar,single,secondary,no,853,yes,no,unknown,9,may,2,-1,0,unknown,1,0.145
35,management,married,tertiary,no,520,yes,no,cellular,4,may,3,17,5,failure,1,0.145
32,technician,single,tertiary,no,2684,yes,no,cellular,18,may,2,-1,0,unknown,1,0.145
41,technician,single,secondary,no,568,yes,no,unknown,30,may,2,-1,0,unknown,1,0.145
59,management,married,unknown,no,3428,yes,yes,cellular,19,nov,1,-1,0,unknown,1,0.145
36,services,divorced,secondary,no,223,yes,yes,cellular,11,may,1,-1,0,unknown,1,0.145
30,student,single,tertiary,no,3115,no,no,telephone,13,aug,2,-1,0,unknown,1,0.145
52,management,married,tertiary,no,751,no,no,cellular,14,may,4,371,5,failure,1,0.145
43,entrepreneur,married,tertiary,no,11532,yes,no,telephone,25,jul,1,-1,0,unknown,1,0.145
20,student,single,primary,no,825,no,no,unknown,28,aug,1,-1,0,unknown,1,0.145
55,self-employed,married,secondary,no,12159,yes,no,cellular,8,apr,5,139,4,failure,1,0.145
52,unemployed,married,primary,no,425,no,no,unknown,19,jun,1,-1,0,unknown,1,0.145
50,admin.,divorced,secondary,no,1332,yes,no,unknown,16,may,3,-1,0,unknown,1,0.145
27,technician,single,secondary,no,-69,no,no,unknown,26,jul,1,-1,0,unknown,1,0.145
30,management,single,tertiary,no,5288,yes,no,unknown,28,may,3,-1,0,unknown,1,0.145
46,management,married,tertiary,no,946,yes,no,cellular,3,jun,4,-1,0,unknown,1,0.14470201559389514
53,technician,divorced,secondary,no,1950,no,no,cellular,13,aug,1,-1,0,unknown,1,0.1425
54,admin.,married,secondary,no,0,no,no,cellular,28,jan,1,98,2,failure,1,0.1425
29,blue-collar,single,secondary,no,1296,yes,yes,cellular,29,jan,1,240,1,other,1,0.1425
49,self-employed,married,tertiary,no,599,no,no,cellular,12,aug,1,-1,0,unknown,1,0.1425
28,technician,single,tertiary,no,102,no,no,cellular,28,jan,2,-1,0,unknown,1,0.1425
53,technician,divorced,secondary,no,453,no,no,cellular,17,nov,2,-1,0,unknown,1,0.1425
34,blue-collar,married,secondary,no,855,no,yes,cellular,14,jul,3,-1,0,unknown,1,0.1425
38,technician,divorced,secondary,no,410,no,no,cellular,11,aug,6,-1,0,unknown,1,0.1425
21,services,single,secondary,no,1903,yes,no,unknown,29,may,2,-1,0,unknown,1,0.1425
56,admin.,married,secondary,no,510,yes,no,cellular,10,jul,1,-1,0,unknown,1,0.1425
39,admin.,married,secondary,no,260,yes,no,cellular,11,aug,2,116,2,failure,1,0.1425
36,blue-collar,divorced,primary,no,-308,yes,no,cellular,12,may,1,-1,0,unknown,1,0.1425
30,unemployed,single,secondary,no,0,yes,no,cellular,16,apr,1,-1,0,unknown,1,0.1425
39,self-employed,single,tertiary,no,0,no,no,unknown,16,jun,1,-1,0,unknown,1,0.1425
38,blue-collar,single,secondary,no,1137,no,no,cellular,13,may,1,-1,0,unknown,1,0.1425
42,technician,married,secondary,no,1355,no,no,cellular,13,aug,6,-1,0,unknown,1,0.1425
27,technician,single,secondary,no,126,yes,yes,cellular,5,feb,2,216,4,failure,1,0.1425
36,management,divorced,tertiary,no,1057,no,no,cellular,19,jul,2,164,2,failure,1,0.1425
56,retired,married,secondary,no,5737,no,no,cellular,5,feb,5,-1,0,unknown,1,0.1425
34,services,married,secondary,no,703,no,no,cellular,17,apr,2,150,2,failure,1,0.1425
27,technician,single,unknown,no,0,yes,no,cellular,2,feb,1,-1,0,unknown,1,0.1425
41,blue-collar,married,secondary,no,1521,yes,no,cellular,8,apr,4,-1,0,unknown,1,0.1425
37,management,married,tertiary,no,1949,yes,no,cellular,12,may,2,-1,0,unknown,1,0.1425
31,services,single,secondary,no,8,no,no,cellular,7,jul,3,-1,0,unknown,1,0.1425
28,technician,married,secondary,no,7102,yes,no,cellular,20,apr,3,325,9,failure,1,0.1425
35,blue-collar,married,unknown,no,1662,no,no,cellular,31,jul,2,-1,0,unknown,1,0.1425
31,services,single,secondary,yes,68,yes,no,unknown,9,may,2,-1,0,unknown,1,0.1425
45,services,married,primary,no,323,no,no,cellular,5,aug,1,-1,0,unknown,1,0.1425
31,technician,single,secondary,no,1170,yes,no,unknown,2,jun,2,-1,0,unknown,1,0.1425
45,technician,single,secondary,no,1196,yes,no,cellular,14,jul,6,-1,0,unknown,1,0.1425
33,housemaid,single,secondary,no,191,no,no,cellular,9,feb,2,-1,0,unknown,1,0.1425
30,blue-collar,single,primary,no,5641,no,no,cellular,21,nov,3,-1,0,unknown,1,0.1425
60,retired,married,secondary,no,18967,yes,no,cellular,29,jan,2,-1,0,unknown,1,0.1425
32,services,single,secondary,no,159,yes,yes,cellular,14,may,1,-1,0,unknown,1,0.1425
45,blue-collar,married,primary,no,2523,yes,no,cellular,13,may,4,-1,0,unknown,1,0.1425
27,blue-collar,single,primary,no,-579,yes,no,cellular,18,may,1,367,3,failure,1,0.14
60,blue-collar,married,secondary,no,5450,no,no,cellular,18,aug,4,-1,0,unknown,1,0.14
27,admin.,married,secondary,no,0,yes,yes,cellular,18,may,5,-1,0,unknown,1,0.14
57,blue-collar,married,secondary,no,14093,no,no,cellular,11,aug,5,-1,0,unknown,1,0.14
37,blue-collar,married,secondary,no,139,yes,no,cellular,18,may,5,-1,0,unknown,1,0.14
34,technician,single,secondary,no,27,no,no,cellular,12,aug,9,-1,0,unknown,1,0.14
43,admin.,married,secondary,no,0,no,no,cellular,31,jul,8,-1,0,unknown,1,0.14
26,technician,single,secondary,no,-213,no,yes,cellular,21,jul,5,-1,0,unknown,1,0.14
22,services,married,primary,no,7982,yes,no,unknown,4,jun,1,-1,0,unknown,1,0.14
55,services,married,secondary,no,841,yes,no,cellular,15,may,9,372,4,failure,1,0.14
42,management,married,tertiary,no,2772,yes,no,cellular,2,apr,1,-1,0,unknown,1,0.14
46,blue-collar,married,primary,no,7982,no,no,cellular,8,aug,5,-1,0,unknown,1,0.14
32,management,single,tertiary,no,28,no,no,cellular,8,aug,2,-1,0,unknown,1,0.14
39,management,divorced,tertiary,no,126,no,no,cellular,14,may,1,-1,0,unknown,1,0.14
34,blue-collar,divorced,primary,no,172,yes,no,cellular,17,apr,1,-1,0,unknown,1,0.14
66,entrepreneur,married,primary,no,0,no,no,telephone,12,aug,1,-1,0,unknown,1,0.14
34,admin.,married,secondary,no,155,no,no,cellular,5,feb,2,-1,0,unknown,1,0.14
53,technician,married,secondary,no,112,no,no,telephone,4,may,4,-1,0,unknown,1,0.14
32,unemployed,married,tertiary,no,283,yes,no,cellular,22,jul,2,-1,0,unknown,1,0.14
34,blue-collar,single,secondary,no,1239,yes,no,cellular,18,jul,1,-1,0,unknown,1,0.14
40,services,divorced,secondary,no,768,yes,no,cellular,12,may,3,-1,0,unknown,1,0.14
25,student,single,secondary,no,1765,yes,no,telephone,14,apr,3,326,2,failure,1,0.14
41,housemaid,single,secondary,no,231,no,no,cellular,9,jul,2,-1,0,unknown,1,0.14
34,management,single,tertiary,no,1494,yes,no,cellular,18,nov,1,182,1,other,1,0.14
32,technician,married,primary,no,3774,yes,no,cellular,20,nov,3,-1,0,unknown,1,0.14
33,admin.,single,secondary,no,2554,yes,no,telephone,6,apr,3,249,15,failure,1,0.14
33,technician,single,tertiary,no,8047,yes,no,cellular,18,may,1,263,13,failure,1,0.14
49,management,divorced,tertiary,no,300,no,no,cellular,21,jul,1,-1,0,unknown,1,0.14
38,blue-collar,divorced,secondary,no,814,yes,no,cellular,21,nov,1,155,3,other,1,0.14
34,blue-collar,single,secondary,no,4536,yes,no,cellular,21,nov,1,-1,0,unknown,1,0.14
44,blue-collar,married,secondary,no,167,yes,no,cellular,15,may,2,373,1,failure,1,0.14
41,blue-collar,married,primary,no,1491,yes,no,cellular,19,nov,2,-1,0,unknown,1,0.14
50,management,single,tertiary,no,490,no,no,cellular,14,aug,5,-1,0,unknown,1,0.14
32,services,single,tertiary,no,945,no,no,cellular,20,nov,1,-1,0,unknown,1,0.14
49,services,married,secondary,no,653,no,no,cellular,11,aug,2,-1,0,unknown,1,0.14
31,admin.,single,secondary,no,1201,no,no,cellular,6,feb,5,-1,0,unknown,1,0.1375
25,services,single,secondary,no,-371,yes,no,cellular,18,may,2,347,3,other,1,0.1375
26,blue-collar,single,secondary,no,-29,yes,no,unknown,8,may,1,-1,0,unknown,1,0.1375
35,blue-collar,single,secondary,no,3508,yes,no,cellular,15,jul,3,-1,0,unknown,1,0.1375
43,blue-collar,married,primary,no,12618,yes,no,cellular,19,nov,1,-1,0,unknown,1,0.1375
29,blue-collar,single,secondary,no,908,yes,no,unknown,20,jun,1,-1,0,unknown,1,0.1375
30,blue-collar,single,primary,no,1395,yes,no,cellular,21,nov,1,175,3,other,1,0.1375
28,student,single,secondary,no,1377,yes,no,cellular,14,may,2,-1,0,unknown,1,0.1375
51,technician,divorced,secondary,no,43,no,no,cellular,30,jul,2,-1,0,unknown,1,0.1375
33,management,married,tertiary,no,5792,yes,no,cellular,18,may,2,-1,0,unknown,1,0.1375
33,management,single,tertiary,no,576,no,no,cellular,2,nov,1,-1,0,unknown,1,0.1375
54,admin.,divorced,secondary,no,459,no,yes,telephone,20,nov,3,-1,0,unknown,1,0.1375
26,management,single,tertiary,no,390,no,no,cellular,7,aug,1,-1,0,unknown,1,0.1375
29,technician,single,tertiary,no,828,yes,no,cellular,16,apr,3,321,3,other,1,0.1375
31,entrepreneur,single,tertiary,no,1454,no,no,cellular,17,nov,1,-1,0,unknown,1,0.1375
40,blue-collar,married,primary,no,1389,yes,no,cellular,9,feb,5,-1,0,unknown,1,0.1375
28,admin.,single,secondary,no,-36,yes,no,cellular,18,may,1,-1,0,unknown,1,0.1375
27,blue-collar,single,primary,no,497,yes,no,cellular,20,apr,2,272,1,other,1,0.1375
42,blue-collar,married,secondary,no,5639,yes,no,cellular,17,jul,2,-1,0,unknown,1,0.1375
33,admin.,married,secondary,no,1293,yes,no,cellular,15,may,9,373,2,failure,1,0.1375
39,entrepreneur,single,secondary,no,829,no,no,cellular,5,feb,1,-1,0,unknown,1,0.1375
34,management,divorced,tertiary,no,0,no,no,cellular,5,feb,4,175,3,failure,1,0.1375
33,technician,single,secondary,no,315,yes,no,cellular,18,may,3,374,2,other,1,0.1375
37,self-employed,single,tertiary,no,2087,no,no,unknown,18,jun,1,-1,0,unknown,1,0.1375
33,management,single,tertiary,no,109,no,no,cellular,21,aug,5,-1,0,unknown,1,0.1375
53,blue-collar,married,primary,no,38,no,yes,cellular,15,jul,5,-1,0,unknown,1,0.1375
32,services,single,secondary,no,717,no,no,cellular,30,jan,2,-1,0,unknown,1,0.1375
55,technician,married,tertiary,no,-466,yes,no,cellular,15,may,1,-1,0,unknown,1,0.1375
45,management,married,tertiary,no,1433,no,no,cellular,14,aug,1,-1,0,unknown,1,0.1375
33,management,divorced,tertiary,no,990,yes,no,cellular,24,jul,2,-1,0,unknown,1,0.1375
46,blue-collar,divorced,secondary,no,2441,no,no,unknown,19,jun,2,-1,0,unknown,1,0.1375
47,entrepreneur,married,tertiary,no,0,no,no,cellular,5,may,3,-1,0,unknown,1,0.135
44,blue-collar,divorced,primary,no,-97,yes,yes,cellular,15,may,3,288,4,failure,1,0.135
31,technician,married,tertiary,no,3564,no,no,cellular,18,nov,1,-1,0,unknown,1,0.135
44,technician,married,secondary,no,2776,yes,no,cellular,27,jan,1,-1,0,unknown,1,0.135
44,entrepreneur,married,secondary,no,4389,yes,no,cellular,15,jul,4,-1,0,unknown,1,0.135
26,self-employed,single,tertiary,no,50,no,no,cellular,30,jul,4,-1,0,unknown,1,0.135
29,management,married,tertiary,no,54,no,no,cellular,28,jan,3,-1,0,unknown,1,0.135
41,unemployed,single,secondary,no,295,no,no,cellular,29,jul,1,-1,0,unknown,1,0.135
44,admin.,married,secondary,no,32,no,yes,unknown,16,jun,3,-1,0,unknown,1,0.135
29,blue-collar,married,secondary,no,1052,yes,no,cellular,13,may,1,-1,0,unknown,1,0.135
31,entrepreneur,married,secondary,no,162,yes,yes,cellular,11,may,2,-1,0,unknown,1,0.135
36,self-employed,divorced,tertiary,no,149,no,no,cellular,18,nov,2,-1,0,unknown,1,0.135
52,admin.,divorced,tertiary,no,0,yes,yes,cellular,27,apr,1,-1,0,unknown,1,0.135
39,management,married,tertiary,no,1572,no,no,cellular,7,aug,4,-1,0,unknown,1,0.135
49,admin.,married,tertiary,no,8413,no,no,cellular,19,aug,6,-1,0,unknown,1,0.135
26,blue-collar,single,secondary,no,24,yes,no,unknown,7,may,1,-1,0,unknown,1,0.135
55,unemployed,married,secondary,no,2489,no,no,cellular,30,jul,1,-1,0,unknown,1,0.135
53,management,married,tertiary,no,1356,yes,no,cellular,9,nov,2,96,4,failure,1,0.135
30,blue-collar,divorced,primary,no,-258,yes,no,cellular,18,may,2,-1,0,unknown,1,0.135
19,student,single,secondary,no,55,no,no,telephone,6,oct,2,193,1,other,1,0.135
52,management,married,tertiary,no,576,no,no,cellular,18,aug,3,-1,0,unknown,1,0.135
43,management,married,tertiary,no,348,no,yes,cellular,15,jul,3,-1,0,unknown,1,0.135
28,management,single,tertiary,no,637,yes,no,cellular,4,feb,1,-1,0,unknown,1,0.135
32,unemployed,single,secondary,no,747,yes,no,cellular,8,may,2,-1,0,unknown,1,0.135
47,unemployed,divorced,secondary,yes,342,yes,no,cellular,15,apr,1,-1,0,unknown,1,0.135
54,technician,married,secondary,no,1378,yes,no,unknown,5,may,1,-1,0,unknown,1,0.135
51,retired,married,secondary,no,0,yes,no,cellular,11,oct,4,-1,0,unknown,1,0.135
23,management,single,tertiary,no,736,yes,no,cellular,30,apr,1,-1,0,unknown,1,0.135
35,blue-collar,married,primary,no,2490,yes,no,cellular,18,may,1,180,3,failure,1,0.135
31,blue-collar,married,secondary,no,152,yes,yes,cellular,8,jul,1,-1,0,unknown,1,0.135
29,blue-collar,single,primary,no,950,yes,no,unknown,4,jun,3,-1,0,unknown,1,0.135
42,blue-collar,married,unknown,no,2906,no,no,cellular,20,nov,1,-1,0,unknown,1,0.135
57,housemaid,divorced,primary,no,8278,no,no,cellular,17,nov,3,-1,0,unknown,1,0.135
36,unemployed,single,tertiary,no,221,no,no,cellular,3,feb,4,-1,0,unknown,1,0.135
42,blue-collar,married,secondary,no,-150,yes,no,cellular,20,apr,3,-1,0,unknown,1,0.135
52,blue-collar,married,secondary,no,633,yes,no,cellular,14,may,1,-1,0,unknown,1,0.135
49,blue-collar,single,secondary,no,-367,yes,no,cellular,2,feb,1,207,1,failure,1,0.1325
54,blue-collar,married,secondary,no,3002,no,no,cellular,13,aug,4,-1,0,unknown,1,0.1325
33,management,married,tertiary,no,1064,yes,no,cellular,13,may,1,-1,0,unknown,1,0.1325
30,admin.,married,secondary,no,2284,yes,no,cellular,19,nov,1,-1,0,unknown,1,0.1325
32,management,single,tertiary,no,2629,no,no,cellular,28,aug,4,-1,0,unknown,1,0.1325
55,blue-collar,married,primary,no,3297,yes,yes,telephone,30,apr,1,-1,0,unknown,1,0.1325
35,blue-collar,married,secondary,no,2737,yes,no,cellular,13,may,3,-1,0,unknown,1,0.1325
39,management,single,tertiary,no,257,no,no,cellular,7,jul,1,-1,0,unknown,1,0.1325
32,technician,single,tertiary,no,654,yes,no,cellular,25,may,4,-1,0,unknown,1,0.1325
44,management,married,tertiary,no,1788,no,no,cellular,5,aug,2,-1,0,unknown,1,0.1325
42,entrepreneur,married,secondary,no,324,yes,no,cellular,15,jul,3,-1,0,unknown,1,0.1325
37,technician,married,secondary,no,5380,no,no,cellular,25,aug,6,-1,0,unknown,1,0.1325
39,management,single,tertiary,no,1428,yes,no,cellular,6,may,1,-1,0,unknown,1,0.1325
26,blue-collar,single,primary,no,941,no,no,cellular,29,jan,1,-1,0,unknown,1,0.1325
29,admin.,single,secondary,no,187,no,no,cellular,28,jan,1,-1,0,unknown,1,0.1325
24,admin.,single,secondary,no,3505,yes,no,cellular,18,may,1,355,1,other,1,0.1325
42,management,married,tertiary,no,9009,no,no,cellular,20,nov,2,-1,0,unknown,1,0.1325
37,blue-collar,married,secondary,no,2364,yes,no,cellular,12,may,4,-1,0,unknown,1,0.1325
36,self-employed,single,tertiary,no,583,no,no,cellular,30,jan,1,235,1,other,1,0.1325
35,technician,single,tertiary,no,632,no,no,cellular,7,aug,1,-1,0,unknown,1,0.1325
41,blue-collar,married,primary,no,178,yes,no,unknown,20,jul,1,791,1,failure,1,0.1325
27,blue-collar,single,secondary,no,137,no,yes,cellular,25,jul,1,-1,0,unknown,1,0.1325
29,technician,single,tertiary,no,2485,no,no,telephone,24,jul,6,-1,0,unknown,1,0.1325
25,unemployed,married,secondary,no,715,no,no,cellular,4,may,4,-1,0,unknown,1,0.1325
42,technician,single,secondary,no,2646,yes,no,cellular,23,jul,4,-1,0,unknown,1,0.1325
52,management,single,tertiary,no,824,no,no,cellular,8,may,1,354,2,failure,1,0.1325
56,management,divorced,tertiary,no,3885,yes,no,cellular,10,jul,1,-1,0,unknown,1,0.1325
38,technician,single,secondary,no,103,yes,no,cellular,2,feb,1,187,3,failure,1,0.1325
28,blue-collar,single,secondary,no,1955,no,no,cellular,29,jan,1,-1,0,unknown,1,0.1325
27,blue-collar,single,secondary,no,2,no,no,telephone,13,may,7,366,10,other,1,0.1325
34,services,single,secondary,no,-374,yes,no,cellular,11,may,1,-1,0,unknown,1,0.1325
59,admin.,divorced,tertiary,no,39,no,no,cellular,11,jul,1,-1,0,unknown,1,0.1325
25,blue-collar,single,secondary,no,-375,yes,no,cellular,14,jul,2,-1,0,unknown,1,0.1325
28,technician,married,secondary,no,-579,yes,yes,cellular,9,feb,2,-1,0,unknown,1,0.1325
29,blue-collar,married,primary,no,200,yes,no,unknown,30,may,2,-1,0,unknown,1,0.1325
27,technician,single,secondary,no,3485,no,yes,cellular,25,jul,2,-1,0,unknown,1,0.1325
46,admin.,married,secondary,no,1804,no,no,cellular,11,aug,2,-1,0,unknown,1,0.1325
56,unemployed,married,primary,no,122,no,no,cellular,4,feb,2,-1,0,unknown,1,0.1325
33,self-employed,married,tertiary,no,1099,no,no,cellular,5,feb,5,-1,0,unknown,1,0.1325
34,management,single,tertiary,no,705,yes,no,cellular,6,may,3,-1,0,unknown,1,0.1325
35,management,single,tertiary,no,657,yes,no,cellular,23,jul,2,-1,0,unknown,1,0.1325
52,technician,divorced,secondary,no,-558,no,no,cellular,14,aug,5,-1,0,unknown,1,0.1325
27,management,single,secondary,no,145,yes,no,cellular,5,feb,3,-1,0,unknown,1,0.1325
38,admin.,divorced,secondary,no,-212,yes,no,unknown,27,may,2,-1,0,unknown,1,0.1325
58,management,married,tertiary,no,37,no,no,cellular,28,jan,2,-1,0,unknown,1,0.13
32,blue-collar,married,secondary,no,1905,yes,no,cellular,16,jul,2,-1,0,unknown,1,0.13
30,admin.,married,secondary,no,3750,yes,no,cellular,20,nov,1,-1,0,unknown,1,0.13
33,unknown,married,tertiary,no,8971,no,no,cellular,22,aug,1,-1,0,unknown,1,0.13
29,technician,single,unknown,no,1729,yes,no,cellular,6,apr,1,-1,0,unknown,1,0.13
36,management,divorced,tertiary,no,133,yes,no,unknown,9,may,1,-1,0,unknown,1,0.13
44,self-employed,single,tertiary,no,1367,yes,no,cellular,13,apr,3,146,1,other,1,0.13
21,admin.,single,secondary,no,66,yes,no,cellular,15,may,1,330,2,failure,1,0.13
37,blue-collar,married,secondary,no,-67,no,no,cellular,2,feb,1,-1,0,unknown,1,0.13
25,management,single,tertiary,no,565,yes,no,cellular,9,apr,1,-1,0,unknown,1,0.13
56,unemployed,married,secondary,no,2629,no,no,cellular,16,jul,2,-1,0,unknown,1,0.13
50,management,married,tertiary,no,78,yes,no,cellular,14,jan,3,161,9,other,1,0.13
37,admin.,divorced,secondary,no,0,yes,no,unknown,30,may,5,-1,0,unknown,1,0.13
39,admin.,single,tertiary,no,23,no,no,unknown,11,jun,3,-1,0,unknown,1,0.13
24,services,single,secondary,no,281,yes,no,cellular,8,may,2,337,3,other,1,0.13
56,entrepreneur,single,unknown,no,2351,no,no,unknown,18,jun,1,-1,0,unknown,1,0.13
53,blue-collar,married,secondary,no,-626,yes,no,cellular,9,jul,1,-1,0,unknown,1,0.13
26,self-employed,single,tertiary,no,560,no,no,telephone,26,may,2,-1,0,unknown,1,0.13
33,management,single,tertiary,no,134,no,no,cellular,18,aug,2,-1,0,unknown,1,0.13
37,management,single,tertiary,yes,-25,no,no,unknown,17,jun,2,-1,0,unknown,1,0.13
47,admin.,married,secondary,no,3936,yes,no,telephone,31,jul,2,-1,0,unknown,1,0.13
33,management,single,secondary,no,2859,yes,no,cellular,13,aug,1,-1,0,unknown,1,0.13
56,housemaid,divorced,secondary,no,977,no,no,cellular,7,jul,1,-1,0,unknown,1,0.13
43,management,married,tertiary,no,1336,yes,yes,cellular,27,may,2,309,1,failure,1,0.13
33,admin.,married,secondary,no,3519,no,no,cellular,2,feb,1,-1,0,unknown,1,0.13
43,admin.,divorced,secondary,no,540,yes,no,cellular,30,jan,1,-1,0,unknown,1,0.13
44,management,single,tertiary,no,1356,no,yes,cellular,18,nov,2,134,2,other,1,0.13
48,services,married,secondary,no,665,yes,no,cellular,7,apr,2,230,3,failure,1,0.13
51,admin.,married,secondary,no,423,yes,yes,cellular,16,jul,5,183,2,failure,1,0.13
35,management,single,tertiary,no,467,yes,no,cellular,14,aug,2,-1,0,unknown,1,0.13
30,blue-collar,married,primary,no,935,yes,no,cellular,5,feb,2,-1,0,unknown,1,0.13
34,admin.,married,tertiary,no,899,yes,no,unknown,12,nov,1,170,3,failure,1,0.13
36,management,single,tertiary,no,5171,yes,no,cellular,21,nov,1,-1,0,unknown,1,0.13
38,admin.,married,secondary,no,1767,yes,no,cellular,12,nov,7,-1,0,unknown,1,0.13
46,management,single,tertiary,no,653,no,yes,cellular,21,nov,1,-1,0,unknown,1,0.13
36,services,married,secondary,no,472,yes,no,unknown,19,jun,1,-1,0,unknown,1,0.13
31,admin.,divorced,secondary,no,1210,no,no,cellular,16,jul,1,-1,0,unknown,1,0.13
56,retired,divorced,tertiary,no,13094,no,no,cellular,25,may,1,-1,0,unknown,1,0.13
36,management,married,tertiary,no,2547,no,no,cellular,31,jul,1,-1,0,unknown,1,0.13
27,services,divorced,secondary,no,10,yes,no,cellular,22,jul,1,-1,0,unknown,1,0.13
34,management,married,tertiary,no,0,no,yes,cellular,14,jul,3,-1,0,unknown,1,0.13
36,housemaid,married,primary,no,4324,yes,no,cellular,14,jul,4,-1,0,unknown,1,0.13
28,blue-collar,single,secondary,no,3817,yes,no,cellular,4,may,3,-1,0,unknown,1,0.13
26,admin.,married,secondary,no,383,yes,yes,cellular,7,jul,2,-1,0,unknown,1,0.13
34,admin.,married,tertiary,no,10,no,no,cellular,22,may,1,-1,0,unknown,1,0.13
28,management,single,tertiary,no,1252,yes,yes,cellular,8,jul,4,-1,0,unknown,1,0.13
30,services,single,secondary,no,370,no,no,cellular,20,nov,1,-1,0,unknown,1,0.1275
27,services,single,secondary,no,1928,no,yes,cellular,15,jul,5,-1,0,unknown,1,0.1275
36,management,single,tertiary,no,0,no,no,cellular,11,aug,2,-1,0,unknown,1,0.1275
47,blue-collar,married,secondary,no,1536,yes,no,cellular,17,apr,1,301,4,other,1,0.1275
29,technician,married,secondary,no,-28,no,no,cellular,7,jul,1,-1,0,unknown,1,0.1275
53,self-employed,married,tertiary,no,730,yes,no,unknown,2,nov,1,368,2,failure,1,0.1275
36,unemployed,divorced,primary,no,510,no,no,cellular,6,feb,2,-1,0,unknown,1,0.1275
40,technician,single,secondary,no,8259,no,no,cellular,8,aug,4,-1,0,unknown,1,0.1275
58,management,married,secondary,no,835,no,no,unknown,9,jun,1,-1,0,unknown,1,0.1275
33,technician,single,secondary,no,79,yes,no,cellular,25,aug,3,-1,0,unknown,1,0.1275
27,technician,single,secondary,no,1235,no,no,cellular,3,feb,1,-1,0,unknown,1,0.1275
25,services,single,secondary,no,2798,yes,no,unknown,29,may,2,-1,0,unknown,1,0.1275
37,technician,single,secondary,no,194,yes,no,cellular,2,feb,1,-1,0,unknown,1,0.1275
51,self-employed,divorced,primary,no,10924,no,no,cellular,6,may,2,-1,0,unknown,1,0.1275
27,admin.,single,secondary,no,592,yes,yes,cellular,5,feb,3,-1,0,unknown,1,0.1275
50,entrepreneur,married,tertiary,no,2198,no,no,unknown,16,jun,6,-1,0,unknown,1,0.1275
34,self-employed,married,secondary,no,47,no,no,cellular,4,feb,2,169,2,failure,1,0.1275
36,blue-collar,single,secondary,no,-175,yes,no,unknown,15,may,2,-1,0,unknown,1,0.1275
41,admin.,married,secondary,no,16517,no,no,cellular,18,nov,2,-1,0,unknown,1,0.1275
27,unemployed,married,secondary,no,724,yes,yes,cellular,17,apr,3,-1,0,unknown,1,0.1275
34,blue-collar,single,tertiary,no,1011,yes,no,unknown,6,may,1,-1,0,unknown,1,0.1275
52,admin.,married,secondary,no,693,no,no,unknown,12,jun,1,-1,0,unknown,1,0.1275
56,management,married,secondary,no,145,no,no,cellular,4,feb,1,-1,0,unknown,1,0.1275
27,student,single,secondary,no,24,yes,no,cellular,17,jul,2,-1,0,unknown,1,0.1275
36,management,married,tertiary,no,6404,yes,yes,telephone,9,jul,1,-1,0,unknown,1,0.1275
57,retired,married,secondary,no,4365,no,no,cellular,11,aug,1,-1,0,unknown,1,0.1275
40,management,married,secondary,no,752,no,yes,cellular,21,nov,1,157,1,failure,1,0.1275
42,management,single,tertiary,no,1608,no,no,cellular,28,aug,21,-1,0,unknown,1,0.1275
43,technician,married,secondary,no,3049,no,no,cellular,28,jan,2,-1,0,unknown,1,0.1275
52,management,divorced,tertiary,no,2909,yes,no,unknown,30,may,1,-1,0,unknown,1,0.1275
40,technician,single,secondary,no,3,yes,yes,cellular,11,may,1,305,9,failure,1,0.1275
51,admin.,married,secondary,no,-229,no,no,cellular,9,feb,3,12,1,other,1,0.1275
43,blue-collar,divorced,secondary,no,-91,yes,yes,cellular,7,may,3,167,4,other,1,0.1275
26,blue-collar,single,primary,no,16,no,yes,cellular,8,jul,2,-1,0,unknown,1,0.1275
32,blue-collar,married,secondary,no,150,no,no,cellular,5,feb,1,-1,0,unknown,1,0.1275
26,self-employed,single,tertiary,no,3044,yes,yes,cellular,17,apr,1,325,1,other,1,0.1275
43,blue-collar,married,secondary,no,1025,yes,no,cellular,2,jun,1,-1,0,unknown,1,0.1275
41,entrepreneur,single,secondary,no,3216,no,no,unknown,9,jun,3,-1,0,unknown,1,0.1275
56,retired,married,secondary,no,728,no,no,cellular,18,nov,2,110,15,failure,1,0.1275
41,technician,single,secondary,no,-618,yes,yes,cellular,11,jul,1,-1,0,unknown,1,0.1275
38,technician,married,secondary,no,32,yes,no,unknown,9,may,1,-1,0,unknown,1,0.1275
53,blue-collar,married,secondary,no,2047,no,no,telephone,30,jul,6,-1,0,unknown,1,0.125
34,blue-collar,married,unknown,no,1117,yes,no,unknown,20,may,1,-1,0,unknown,1,0.125
41,unemployed,married,primary,no,819,no,no,cellular,9,feb,3,-1,0,unknown,1,0.125
52,technician,married,secondary,no,137,no,no,cellular,6,jul,2,-1,0,unknown,1,0.125
31,self-employed,single,tertiary,no,3361,no,no,cellular,19,nov,2,-1,0,unknown,1,0.125
42,management,married,tertiary,no,0,no,yes,telephone,12,may,3,361,4,failure,1,0.125
43,management,married,tertiary,no,3529,yes,no,cellular,4,aug,3,-1,0,unknown,1,0.125
37,management,single,tertiary,no,2173,no,no,cellular,30,jul,1,-1,0,unknown,1,0.125
40,blue-collar,married,primary,no,669,yes,no,unknown,26,may,3,-1,0,unknown,1,0.125
34,blue-collar,married,primary,no,351,no,yes,cellular,14,jul,11,-1,0,unknown,1,0.125
33,services,married,secondary,no,930,no,yes,cellular,24,jul,2,-1,0,unknown,1,0.125
59,management,married,tertiary,no,2260,yes,no,cellular,14,may,1,-1,0,unknown,1,0.125
41,admin.,single,tertiary,no,873,yes,no,cellular,9,feb,9,-1,0,unknown,1,0.125
30,services,single,secondary,no,311,yes,no,cellular,22,jul,1,-1,0,unknown,1,0.125
36,technician,married,secondary,no,1659,no,no,cellular,12,aug,2,-1,0,unknown,1,0.125
29,services,single,secondary,no,37,no,yes,cellular,17,jul,2,-1,0,unknown,1,0.125
29,services,single,secondary,no,612,no,no,cellular,5,feb,1,198,5,other,1,0.125
33,technician,divorced,secondary,no,801,no,no,cellular,7,aug,5,-1,0,unknown,1,0.125
32,self-employed,married,secondary,no,8,yes,yes,cellular,13,may,2,-1,0,unknown,1,0.125
34,blue-collar,single,primary,no,4723,yes,no,cellular,18,may,3,-1,0,unknown,1,0.125
43,entrepreneur,single,tertiary,no,744,no,yes,cellular,29,jul,4,-1,0,unknown,1,0.125
50,retired,divorced,primary,no,2790,no,no,cellular,21,jul,2,-1,0,unknown,1,0.125
55,blue-collar,single,tertiary,no,325,yes,no,unknown,8,may,1,-1,0,unknown,1,0.125
59,unemployed,single,primary,no,7724,no,no,cellular,21,nov,3,-1,0,unknown,1,0.125
32,blue-collar,single,secondary,no,123,yes,no,cellular,8,jul,4,-1,0,unknown,1,0.125
31,technician,single,secondary,no,2846,no,no,cellular,8,aug,3,-1,0,unknown,1,0.125
28,admin.,single,tertiary,no,1773,yes,no,cellular,23,jul,1,-1,0,unknown,1,0.125
36,management,married,tertiary,no,114,no,no,cellular,13,aug,1,-1,0,unknown,1,0.125
36,services,single,secondary,no,461,no,no,cellular,18,nov,2,-1,0,unknown,1,0.125
36,management,married,tertiary,no,2195,no,no,cellular,14,aug,4,-1,0,unknown,1,0.125
34,management,married,tertiary,no,813,yes,no,cellular,28,may,3,-1,0,unknown,1,0.125
26,services,married,secondary,no,116,no,no,cellular,5,feb,2,-1,0,unknown,1,0.125
48,blue-collar,married,secondary,no,149,yes,no,unknown,9,may,1,-1,0,unknown,1,0.125
59,entrepreneur,married,tertiary,no,-820,no,no,unknown,8,may,2,-1,0,unknown,1,0.125
48,blue-collar,single,secondary,no,339,no,yes,telephone,14,jul,4,-1,0,unknown,1,0.125
45,admin.,married,secondary,no,129,yes,no,cellular,9,sep,2,191,1,failure,1,0.125
56,management,married,tertiary,no,2366,yes,yes,cellular,3,feb,2,188,4,failure,1,0.125
32,technician,single,secondary,no,303,no,no,cellular,14,aug,3,-1,0,unknown,1,0.125
42,services,married,secondary,no,154,yes,no,telephone,14,may,5,372,1,other,1,0.125
57,technician,married,secondary,no,192,no,no,cellular,3,feb,4,-1,0,unknown,1,0.125
37,self-employed,married,tertiary,no,865,yes,yes,cellular,9,jul,1,-1,0,unknown,1,0.125
33,housemaid,single,tertiary,no,23663,yes,no,cellular,16,apr,2,146,2,failure,1,0.125
23,management,single,tertiary,no,377,no,no,unknown,28,aug,1,-1,0,unknown,1,0.125
32,management,divorced,secondary,no,-107,yes,no,unknown,3,jun,2,-1,0,unknown,1,0.125
44,technician,divorced,secondary,no,275,no,no,cellular,17,nov,1,-1,0,unknown,1,0.1225
28,management,single,tertiary,no,3053,no,no,telephone,18,jan,4,-1,0,unknown,1,0.1225
30,admin.,married,secondary,no,214,yes,yes,unknown,26,may,1,-1,0,unknown,1,0.1225
56,blue-collar,married,secondary,no,1686,no,no,telephone,17,apr,2,-1,0,unknown,1,0.1225
30,management,married,tertiary,no,126,yes,yes,cellular,23,jul,10,-1,0,unknown,1,0.1225
50,blue-collar,married,secondary,no,716,yes,no,cellular,5,may,2,-1,0,unknown,1,0.1225
46,management,married,tertiary,no,2732,yes,no,telephone,11,feb,2,-1,0,unknown,1,0.1225
60,housemaid,married,unknown,no,15681,no,no,cellular,30,jul,3,-1,0,unknown,1,0.1225
32,technician,single,secondary,no,3586,no,no,cellular,18,aug,3,-1,0,unknown,1,0.1225
35,admin.,single,secondary,no,-101,yes,no,cellular,16,apr,1,318,1,other,1,0.1225
50,blue-collar,divorced,primary,no,602,yes,no,cellular,31,jul,2,-1,0,unknown,1,0.1225
49,management,married,tertiary,no,1311,yes,no,cellular,8,may,1,-1,0,unknown,1,0.1225
31,unemployed,single,primary,no,1,no,no,cellular,2,feb,6,-1,0,unknown,1,0.1225
59,unemployed,married,secondary,no,4497,yes,no,cellular,4,feb,1,251,1,failure,1,0.1225
35,management,single,tertiary,no,18111,no,no,cellular,14,aug,4,-1,0,unknown,1,0.1225
36,blue-collar,married,tertiary,no,-534,yes,no,cellular,4,feb,1,-1,0,unknown,1,0.1225
46,unknown,married,unknown,no,677,no,no,unknown,13,nov,1,-1,0,unknown,1,0.1225
49,blue-collar,married,primary,no,408,no,no,cellular,12,aug,4,-1,0,unknown,1,0.1225
37,unemployed,single,tertiary,no,1032,no,no,telephone,4,feb,1,-1,0,unknown,1,0.1225
52,services,married,secondary,no,10021,no,no,cellular,20,nov,1,-1,0,unknown,1,0.1225
60,technician,married,secondary,no,1139,no,no,cellular,6,feb,2,207,2,failure,1,0.1225
32,management,married,tertiary,no,1230,yes,no,cellular,4,feb,3,253,4,failure,1,0.1225
37,self-employed,married,secondary,no,2575,yes,no,cellular,14,jul,2,-1,0,unknown,1,0.1225
44,services,married,secondary,no,-289,no,yes,cellular,20,nov,1,118,1,other,1,0.1225
33,services,married,secondary,no,-49,yes,no,unknown,29,may,2,-1,0,unknown,1,0.1225
39,management,single,tertiary,no,1143,yes,no,cellular,8,may,6,-1,0,unknown,1,0.1225
40,management,married,secondary,no,6695,yes,no,cellular,6,feb,1,252,1,failure,1,0.1225
33,admin.,married,secondary,no,394,yes,no,telephone,1,sep,3,-1,0,unknown,1,0.1225
30,management,married,tertiary,no,6432,yes,no,cellular,5,may,6,165,5,failure,1,0.1225
39,management,divorced,tertiary,no,5009,yes,no,cellular,15,jul,2,-1,0,unknown,1,0.1225
33,entrepreneur,married,secondary,no,137,yes,no,cellular,15,jul,3,-1,0,unknown,1,0.1225
60,unemployed,divorced,secondary,no,385,yes,no,cellular,4,feb,1,-1,0,unknown,1,0.1225
39,management,single,secondary,no,1623,yes,no,unknown,3,jun,2,-1,0,unknown,1,0.12
30,blue-collar,married,secondary,no,5,no,no,cellular,17,apr,3,-1,0,unknown,1,0.12
36,blue-collar,married,secondary,no,1055,yes,no,cellular,4,feb,1,-1,0,unknown,1,0.12
39,management,divorced,tertiary,no,9541,no,no,unknown,15,may,1,-1,0,unknown,1,0.12
23,blue-collar,single,secondary,no,5145,yes,no,unknown,30,may,3,-1,0,unknown,1,0.12
48,technician,married,secondary,no,547,no,no,cellular,5,aug,2,-1,0,unknown,1,0.12
32,blue-collar,married,secondary,no,23,yes,no,unknown,16,may,1,-1,0,unknown,1,0.12
36,management,married,tertiary,no,254,no,no,cellular,3,feb,2,-1,0,unknown,1,0.12
43,technician,single,tertiary,no,1154,no,no,cellular,15,jul,11,-1,0,unknown,1,0.12
59,retired,married,secondary,no,11,no,no,cellular,20,nov,2,-1,0,unknown,1,0.12
55,management,married,unknown,no,831,yes,yes,telephone,27,jan,1,100,6,failure,1,0.12
38,services,married,secondary,no,-448,yes,no,cellular,21,jul,15,-1,0,unknown,1,0.12
28,services,single,tertiary,no,2938,yes,no,cellular,23,jul,2,-1,0,unknown,1,0.12
41,management,married,tertiary,no,5883,no,no,cellular,20,nov,2,-1,0,unknown,1,0.12
25,technician,single,tertiary,no,184,yes,yes,cellular,20,apr,1,-1,0,unknown,1,0.12
58,unemployed,married,secondary,no,4497,yes,no,unknown,29,may,1,-1,0,unknown,1,0.12
40,entrepreneur,divorced,secondary,no,1247,yes,no,cellular,2,feb,2,-1,0,unknown,1,0.12
57,unemployed,divorced,secondary,no,3,no,no,cellular,20,nov,3,-1,0,unknown,1,0.12
26,admin.,single,tertiary,no,1100,yes,no,cellular,21,jul,1,-1,0,unknown,1,0.12
53,self-employed,single,secondary,no,731,no,no,cellular,21,nov,2,-1,0,unknown,1,0.12
38,services,single,primary,no,393,yes,no,cellular,14,may,1,-1,0,unknown,1,0.12
30,management,single,tertiary,no,0,no,no,cellular,18,aug,3,-1,0,unknown,1,0.12
60,retired,divorced,tertiary,no,-79,yes,no,unknown,2,jun,1,-1,0,unknown,1,0.12
37,management,married,tertiary,no,1780,yes,no,cellular,7,may,1,-1,0,unknown,1,0.12
31,technician,married,secondary,no,84,no,no,cellular,15,may,2,-1,0,unknown,1,0.12
51,retired,single,secondary,no,5885,no,no,telephone,3,feb,6,-1,0,unknown,1,0.12
35,unemployed,married,primary,no,4564,yes,no,telephone,5,feb,1,-1,0,unknown,1,0.12
22,student,single,secondary,no,4038,yes,no,cellular,15,may,1,-1,0,unknown,1,0.12
27,unemployed,married,secondary,no,1228,no,no,cellular,15,jul,2,-1,0,unknown,1,0.12
45,technician,single,secondary,no,113,yes,yes,cellular,13,aug,2,-1,0,unknown,1,0.12
36,self-employed,single,tertiary,no,1296,yes,no,cellular,19,nov,4,-1,0,unknown,1,0.12
36,blue-collar,married,primary,no,655,yes,no,unknown,23,may,4,-1,0,unknown,1,0.12
28,blue-collar,married,secondary,no,822,yes,no,unknown,6,jun,18,-1,0,unknown,1,0.12
53,self-employed,divorced,tertiary,no,1841,no,no,unknown,12,jun,5,-1,0,unknown,1,0.12
58,retired,divorced,tertiary,no,1321,no,no,telephone,29,jul,6,-1,0,unknown,1,0.12
50,management,divorced,tertiary,no,100,yes,yes,cellular,13,may,1,299,3,failure,1,0.12
34,blue-collar,single,primary,no,2146,yes,no,unknown,13,may,1,-1,0,unknown,1,0.12
25,management,single,tertiary,no,710,no,no,unknown,9,jul,1,-1,0,unknown,1,0.12
30,management,married,tertiary,no,1288,no,no,unknown,7,jun,1,-1,0,unknown,1,0.12
57,entrepreneur,married,tertiary,no,0,no,no,telephone,18,jun,15,-1,0,unknown,1,0.12
38,technician,divorced,tertiary,no,1425,yes,no,cellular,15,jul,4,-1,0,unknown,1,0.12
41,unemployed,divorced,secondary,no,142,yes,no,cellular,17,jul,3,-1,0,unknown,1,0.12
36,admin.,married,tertiary,no,1145,yes,no,cellular,29,sep,1,239,2,failure,1,0.12
38,admin.,single,tertiary,no,4,yes,yes,cellular,18,nov,3,-1,0,unknown,1,0.12
58,admin.,married,secondary,no,2,yes,yes,telephone,25,jul,9,-1,0,unknown,1,0.12
56,retired,divorced,tertiary,no,-458,yes,no,cellular,15,may,4,296,3,failure,1,0.1175
55,blue-collar,divorced,primary,no,215,no,no,unknown,12,jun,1,-1,0,unknown,1,0.1175
41,admin.,married,secondary,no,158,yes,no,cellular,13,may,1,50,2,failure,1,0.1175
38,services,married,secondary,no,7708,yes,no,cellular,14,may,4,331,3,other,1,0.1175
35,management,single,tertiary,no,51,no,no,cellular,18,aug,5,-1,0,unknown,1,0.1175
26,services,single,secondary,no,50,yes,no,cellular,12,aug,1,-1,0,unknown,1,0.1175
33,services,single,secondary,no,310,yes,no,cellular,12,may,2,371,1,failure,1,0.1175
50,blue-collar,married,secondary,no,562,yes,no,cellular,8,apr,2,-1,0,unknown,1,0.1175
58,admin.,married,secondary,no,310,yes,yes,cellular,21,apr,1,-1,0,unknown,1,0.1175
42,blue-collar,married,secondary,no,698,no,no,unknown,5,jun,2,-1,0,unknown,1,0.1175
52,technician,married,secondary,no,195,yes,no,cellular,18,feb,1,63,5,failure,1,0.1175
58,management,single,tertiary,no,331,no,yes,cellular,28,jul,3,-1,0,unknown,1,0.1175
33,management,single,tertiary,no,5437,no,no,cellular,2,feb,1,-1,0,unknown,1,0.1175
43,unemployed,single,tertiary,no,408,no,no,cellular,14,jul,8,-1,0,unknown,1,0.1175
58,retired,married,unknown,no,662,yes,no,cellular,2,feb,1,-1,0,unknown,1,0.1175
47,blue-collar,married,primary,no,269,yes,no,cellular,30,jul,5,-1,0,unknown,1,0.1175
32,services,single,tertiary,no,143,yes,yes,cellular,22,jul,3,-1,0,unknown,1,0.1175
32,management,married,tertiary,no,2853,yes,yes,cellular,4,feb,1,-1,0,unknown,1,0.1175
31,admin.,single,secondary,no,690,no,no,cellular,6,feb,12,-1,0,unknown,1,0.1175
43,technician,single,secondary,no,-266,yes,yes,cellular,15,may,5,-1,0,unknown,1,0.1175
39,technician,married,secondary,no,186,no,no,cellular,2,feb,1,-1,0,unknown,1,0.1175
26,blue-collar,single,secondary,yes,81,no,yes,cellular,8,jul,2,-1,0,unknown,1,0.1175
38,services,married,secondary,no,5003,no,no,cellular,6,aug,9,-1,0,unknown,1,0.1175
41,technician,single,unknown,no,356,yes,no,unknown,13,may,2,-1,0,unknown,1,0.1175
33,blue-collar,married,secondary,no,308,yes,no,cellular,13,may,2,-1,0,unknown,1,0.1175
32,technician,married,tertiary,no,514,yes,no,unknown,20,may,2,-1,0,unknown,1,0.1175
43,technician,married,secondary,no,434,yes,no,unknown,5,may,1,-1,0,unknown,1,0.1175
33,student,single,tertiary,no,4,yes,no,cellular,18,nov,2,-1,0,unknown,1,0.1175
42,unemployed,single,secondary,no,1523,yes,no,cellular,2,feb,1,-1,0,unknown,1,0.1175
53,admin.,married,secondary,no,109,no,no,telephone,2,jun,1,-1,0,unknown,1,0.1175
51,admin.,married,secondary,no,176,no,no,cellular,28,jan,1,183,2,failure,1,0.1175
34,management,single,tertiary,no,2679,yes,no,cellular,7,may,1,-1,0,unknown,1,0.1175
56,admin.,married,secondary,no,150,no,no,cellular,22,aug,1,-1,0,unknown,1,0.1175
28,unemployed,single,secondary,no,16,no,no,cellular,12,aug,4,-1,0,unknown,1,0.1175
29,unemployed,single,primary,no,34,no,no,cellular,5,feb,1,-1,0,unknown,1,0.1175
36,admin.,divorced,secondary,no,-811,yes,no,cellular,12,may,2,-1,0,unknown,1,0.1175
30,blue-collar,single,secondary,no,155,yes,yes,cellular,9,jul,3,-1,0,unknown,1,0.1175
34,housemaid,married,secondary,no,265,no,no,cellular,6,aug,2,-1,0,unknown,1,0.1175
40,entrepreneur,single,secondary,no,943,yes,no,cellular,4,feb,3,-1,0,unknown,1,0.1175
46,technician,divorced,secondary,no,1547,yes,no,cellular,3,feb,4,-1,0,unknown,1,0.1175
37,technician,divorced,secondary,no,566,yes,no,cellular,6,aug,2,-1,0,unknown,1,0.1175
26,blue-collar,single,primary,no,-887,yes,no,cellular,18,may,2,-1,0,unknown,1,0.1175
32,technician,married,tertiary,no,231,yes,no,cellular,17,jul,2,-1,0,unknown,1,0.1175
29,blue-collar,single,secondary,no,0,yes,no,unknown,29,may,4,-1,0,unknown,1,0.1175
58,management,divorced,unknown,no,3498,no,no,cellular,19,nov,1,-1,0,unknown,1,0.1175
37,management,married,secondary,no,121,no,yes,unknown,19,jun,2,-1,0,unknown,1,0.1175
56,self-employed,divorced,primary,no,97,no,yes,telephone,17,nov,1,-1,0,unknown,1,0.1175
47,technician,married,secondary,no,3519,no,yes,telephone,22,may,1,-1,0,unknown,1,0.1175
24,services,single,secondary,no,496,yes,no,cellular,3,apr,1,323,2,failure,1,0.1175
46,unemployed,married,secondary,no,3533,yes,no,cellular,12,aug,2,-1,0,unknown,1,0.115
49,management,married,tertiary,no,0,no,no,telephone,17,oct,1,-1,0,unknown,1,0.115
26,services,single,secondary,no,127,yes,yes,cellular,23,jul,3,-1,0,unknown,1,0.115
44,technician,married,secondary,no,10888,yes,no,cellular,5,aug,1,-1,0,unknown,1,0.115
41,admin.,single,secondary,no,90,yes,no,cellular,15,may,2,347,4,failure,1,0.115
48,entrepreneur,divorced,secondary,no,2,yes,yes,cellular,6,may,2,281,4,failure,1,0.115
30,management,single,tertiary,no,849,yes,no,unknown,28,may,6,-1,0,unknown,1,0.115
34,blue-collar,married,secondary,no,2495,yes,no,unknown,23,may,1,-1,0,unknown,1,0.115
23,technician,single,secondary,no,632,yes,no,cellular,5,may,1,-1,0,unknown,1,0.115
30,technician,divorced,tertiary,no,317,yes,no,cellular,15,may,3,294,5,failure,1,0.115
39,management,single,tertiary,no,202,yes,no,cellular,12,may,1,301,1,other,1,0.115
60,retired,married,tertiary,no,225,no,no,cellular,19,aug,2,-1,0,unknown,1,0.115
41,housemaid,married,primary,no,322,no,no,cellular,7,may,1,324,2,failure,1,0.115
48,management,divorced,secondary,no,720,yes,no,unknown,17,jun,2,-1,0,unknown,1,0.115
23,unemployed,single,primary,no,1003,no,no,telephone,27,nov,1,-1,0,unknown,1,0.115
28,management,single,secondary,no,1154,no,no,cellular,29,jul,3,-1,0,unknown,1,0.115
51,technician,divorced,secondary,no,107,no,no,unknown,19,jun,1,-1,0,unknown,1,0.115
56,blue-collar,married,primary,no,0,yes,no,cellular,17,jul,1,-1,0,unknown,1,0.115
29,management,single,tertiary,no,29,no,no,cellular,2,feb,1,-1,0,unknown,1,0.115
44,unemployed,married,secondary,no,317,yes,yes,unknown,1,jun,1,-1,0,unknown,1,0.115
35,management,single,tertiary,no,31,yes,no,cellular,14,jul,3,-1,0,unknown,1,0.115
43,self-employed,married,tertiary,no,2501,no,no,cellular,29,jan,4,-1,0,unknown,1,0.115
25,technician,married,secondary,no,-559,yes,no,cellular,14,jul,3,-1,0,unknown,1,0.115
40,technician,married,secondary,no,40,yes,no,cellular,21,nov,1,-1,0,unknown,1,0.115
34,management,single,tertiary,no,1058,yes,no,cellular,4,may,1,-1,0,unknown,1,0.115
53,self-employed,married,tertiary,no,4675,yes,no,cellular,29,jul,4,-1,0,unknown,1,0.115
35,blue-collar,married,primary,no,453,yes,no,unknown,21,may,2,-1,0,unknown,1,0.115
43,blue-collar,married,secondary,no,105,no,yes,cellular,4,jul,2,-1,0,unknown,1,0.115
33,technician,single,tertiary,no,849,yes,no,cellular,15,may,2,291,5,failure,1,0.115
49,management,married,tertiary,no,15,no,no,cellular,30,jan,3,2,2,other,1,0.115
41,blue-collar,married,primary,no,943,yes,no,unknown,29,may,3,-1,0,unknown,1,0.115
51,unemployed,married,secondary,no,234,no,no,cellular,22,aug,1,-1,0,unknown,1,0.115
56,unemployed,married,primary,no,5496,yes,no,cellular,3,feb,3,-1,0,unknown,1,0.115
54,blue-collar,married,primary,no,466,no,no,cellular,4,jul,1,-1,0,unknown,1,0.115
48,blue-collar,divorced,secondary,yes,-535,yes,no,cellular,2,feb,2,187,2,failure,1,0.115
46,services,divorced,primary,no,3854,yes,no,cellular,17,apr,2,150,4,other,1,0.115
42,admin.,single,secondary,no,1143,yes,yes,telephone,17,nov,1,-1,0,unknown,1,0.115
42,entrepreneur,married,tertiary,no,2249,yes,no,telephone,3,apr,2,136,6,failure,1,0.115
54,blue-collar,married,primary,no,258,no,no,telephone,26,feb,1,-1,0,unknown,1,0.115
26,self-employed,married,secondary,no,492,yes,yes,cellular,15,may,4,-1,0,unknown,1,0.115
38,management,single,tertiary,no,2454,yes,no,cellular,14,aug,2,-1,0,unknown,1,0.115
52,blue-collar,married,secondary,no,372,yes,no,cellular,8,may,1,-1,0,unknown,1,0.115
44,management,divorced,secondary,no,5757,yes,no,cellular,18,may,1,-1,0,unknown,1,0.115
47,technician,divorced,secondary,no,691,no,no,cellular,14,aug,2,-1,0,unknown,1,0.115
31,technician,single,secondary,no,754,no,no,cellular,7,aug,2,-1,0,unknown,1,0.115
43,technician,divorced,tertiary,no,27,no,no,cellular,7,jul,4,-1,0,unknown,1,0.115
32,technician,single,tertiary,no,1534,no,no,cellular,2,feb,2,-1,0,unknown,1,0.115
47,admin.,divorced,primary,no,1095,yes,no,cellular,18,nov,1,110,2,other,1,0.115
49,management,divorced,tertiary,no,2370,yes,yes,unknown,17,nov,1,103,2,other,1,0.115
53,technician,married,secondary,no,9146,no,no,cellular,13,aug,4,-1,0,unknown,1,0.115
39,admin.,single,secondary,no,4917,yes,yes,cellular,6,may,1,-1,0,unknown,1,0.115
50,housemaid,married,primary,no,5296,no,no,cellular,19,nov,7,-1,0,unknown,1,0.115
44,management,single,secondary,no,3684,yes,no,cellular,15,may,5,179,3,failure,1,0.115
41,blue-collar,married,secondary,no,1539,yes,no,cellular,21,nov,6,130,3,failure,1,0.115
36,blue-collar,married,secondary,no,1704,no,no,unknown,11,jun,4,-1,0,unknown,1,0.115
50,retired,divorced,secondary,no,4861,no,no,unknown,20,jun,3,-1,0,unknown,1,0.115
30,management,single,secondary,no,269,no,yes,cellular,7,jul,2,-1,0,unknown,1,0.115
32,management,married,tertiary,no,322,no,no,cellular,4,feb,1,-1,0,unknown,1,0.115
28,blue-collar,single,primary,no,442,no,no,cellular,30,jan,2,-1,0,unknown,1,0.115
56,management,married,tertiary,no,25290,no,no,cellular,31,jul,12,-1,0,unknown,1,0.115
29,technician,single,tertiary,no,1185,yes,no,unknown,26,may,1,-1,0,unknown,1,0.1125
35,admin.,divorced,secondary,no,1803,no,no,cellular,28,jan,2,-1,0,unknown,1,0.1125
35,services,married,secondary,no,-197,yes,no,unknown,26,may,1,-1,0,unknown,1,0.1125
36,management,married,tertiary,no,1584,yes,no,cellular,18,jul,1,-1,0,unknown,1,0.1125
28,self-employed,single,tertiary,no,0,yes,no,unknown,26,may,2,-1,0,unknown,1,0.1125
31,admin.,single,tertiary,no,676,yes,no,cellular,22,apr,2,343,2,other,1,0.1125
38,entrepreneur,married,tertiary,no,228,yes,no,cellular,5,feb,1,-1,0,unknown,1,0.1125
32,blue-collar,single,tertiary,no,3014,yes,no,cellular,7,may,2,-1,0,unknown,1,0.1125
28,admin.,single,secondary,no,-181,yes,yes,cellular,7,may,2,343,4,failure,1,0.1125
50,technician,divorced,secondary,no,0,yes,no,cellular,14,may,3,92,3,failure,1,0.1125
36,blue-collar,married,secondary,no,771,yes,no,unknown,9,may,4,-1,0,unknown,1,0.1125
38,services,married,secondary,no,968,yes,no,cellular,6,apr,1,-1,0,unknown,1,0.1125
42,blue-collar,single,tertiary,no,1736,no,no,telephone,21,jul,2,-1,0,unknown,1,0.1125
32,technician,married,secondary,no,782,yes,no,unknown,26,may,4,-1,0,unknown,1,0.1125
28,admin.,married,secondary,no,957,yes,yes,unknown,12,may,3,-1,0,unknown,1,0.1125
45,technician,married,secondary,no,1081,yes,no,cellular,17,jul,3,-1,0,unknown,1,0.1125
25,self-employed,single,tertiary,no,931,yes,no,cellular,11,may,2,348,4,failure,1,0.1125
30,blue-collar,single,secondary,no,163,yes,yes,cellular,23,jul,2,-1,0,unknown,1,0.1125
33,blue-collar,married,tertiary,no,870,no,yes,cellular,8,jul,3,-1,0,unknown,1,0.1125
33,management,divorced,tertiary,no,802,no,no,cellular,6,feb,1,-1,0,unknown,1,0.1125
36,management,divorced,tertiary,no,14930,no,no,cellular,23,jul,1,-1,0,unknown,1,0.1125
29,admin.,married,secondary,no,795,yes,yes,cellular,10,jul,2,-1,0,unknown,1,0.1125
25,student,married,tertiary,no,10,yes,no,cellular,21,jul,4,-1,0,unknown,1,0.1125
66,housemaid,married,primary,no,40,no,no,telephone,14,oct,2,-1,0,unknown,1,0.1125
42,entrepreneur,divorced,tertiary,no,367,yes,no,cellular,10,jul,1,-1,0,unknown,1,0.1125
39,unemployed,married,secondary,no,1309,yes,no,cellular,4,feb,2,-1,0,unknown,1,0.1125
37,management,married,tertiary,no,57,no,no,cellular,5,feb,1,-1,0,unknown,1,0.1125
36,technician,married,tertiary,no,202,no,no,cellular,29,jan,1,120,3,failure,1,0.1125
42,housemaid,single,primary,no,1179,yes,no,cellular,14,may,1,337,4,failure,1,0.1125
35,blue-collar,married,unknown,no,53,no,no,unknown,17,jun,2,-1,0,unknown,1,0.1125
41,blue-collar,married,primary,no,33,yes,yes,cellular,30,jul,5,-1,0,unknown,1,0.1125
41,technician,single,tertiary,no,15302,no,no,cellular,19,aug,4,-1,0,unknown,1,0.1125
34,management,single,tertiary,no,431,no,no,cellular,16,jul,1,-1,0,unknown,1,0.1125
52,management,married,secondary,no,5601,no,no,cellular,4,aug,1,-1,0,unknown,1,0.1125
35,technician,single,tertiary,no,4,yes,no,cellular,24,jul,1,-1,0,unknown,1,0.1125
26,technician,single,secondary,no,-859,yes,no,unknown,19,jun,1,-1,0,unknown,1,0.1125
31,services,single,secondary,no,671,yes,no,unknown,7,may,3,-1,0,unknown,1,0.1125
44,technician,divorced,secondary,no,1196,yes,no,unknown,27,may,1,-1,0,unknown,1,0.1125
43,blue-collar,divorced,secondary,no,1138,no,no,unknown,19,jun,1,-1,0,unknown,1,0.1125
34,admin.,single,secondary,no,407,no,no,cellular,29,jan,1,-1,0,unknown,1,0.1125
57,admin.,divorced,secondary,no,658,no,no,cellular,10,jul,1,-1,0,unknown,1,0.1125
52,retired,married,secondary,no,5423,no,yes,cellular,17,nov,1,115,1,failure,1,0.1125
28,blue-collar,single,secondary,no,975,yes,no,unknown,18,jun,3,-1,0,unknown,1,0.1125
47,services,married,secondary,no,223,no,no,cellular,15,may,2,-1,0,unknown,1,0.1125
26,admin.,single,secondary,no,1690,no,yes,cellular,28,jul,3,-1,0,unknown,1,0.1125
34,technician,single,tertiary,no,228,yes,no,cellular,22,jul,4,-1,0,unknown,1,0.1125
29,technician,married,secondary,no,493,yes,yes,unknown,2,jun,6,-1,0,unknown,1,0.1125
40,blue-collar,married,secondary,no,5060,no,no,unknown,9,nov,1,-1,0,unknown,1,0.1125
39,blue-collar,married,secondary,no,1756,yes,no,cellular,3,apr,1,-1,0,unknown,1,0.1125
32,admin.,married,tertiary,no,1,yes,yes,cellular,10,jul,1,-1,0,unknown,1,0.1125
43,blue-collar,married,secondary,no,917,yes,no,cellular,8,may,2,-1,0,unknown,1,0.1125
38,blue-collar,married,secondary,no,43,no,yes,cellular,4,jul,3,-1,0,unknown,1,0.1125
28,blue-collar,single,secondary,no,4054,yes,no,cellular,11,may,2,-1,0,unknown,1,0.1125
26,services,married,secondary,yes,13,yes,yes,cellular,30,jul,25,-1,0,unknown,1,0.1125
44,technician,single,secondary,no,7138,no,no,cellular,8,aug,2,-1,0,unknown,1,0.1125
30,blue-collar,married,primary,no,-93,yes,no,cellular,13,apr,4,-1,0,unknown,1,0.1125
41,management,married,tertiary,no,472,yes,no,cellular,10,jul,1,-1,0,unknown,1,0.1125
28,blue-collar,married,secondary,no,1134,no,no,cellular,9,feb,3,-1,0,unknown,1,0.1125
30,management,single,tertiary,no,414,no,no,cellular,18,nov,5,-1,0,unknown,1,0.11
29,blue-collar,single,tertiary,no,98,no,no,cellular,10,aug,2,-1,0,unknown,1,0.11
54,admin.,divorced,secondary,no,791,no,yes,cellular,10,jul,1,-1,0,unknown,1,0.11
30,blue-collar,single,primary,no,464,yes,no,cellular,13,apr,1,-1,0,unknown,1,0.11
39,blue-collar,married,primary,no,710,no,no,cellular,3,feb,6,-1,0,unknown,1,0.11
54,management,married,tertiary,no,0,no,no,cellular,16,jul,5,-1,0,unknown,1,0.11
59,admin.,married,secondary,no,1914,yes,no,cellular,7,jul,3,-1,0,unknown,1,0.11
44,entrepreneur,married,tertiary,no,3850,no,no,cellular,3,feb,2,-1,0,unknown,1,0.11
27,blue-collar,single,primary,no,1209,no,no,cellular,29,jan,1,-1,0,unknown,1,0.11
31,admin.,married,secondary,no,298,yes,yes,unknown,26,may,1,-1,0,unknown,1,0.11
25,blue-collar,married,secondary,no,-306,yes,no,unknown,20,jun,3,-1,0,unknown,1,0.11
36,technician,married,secondary,no,145,yes,yes,cellular,5,feb,2,-1,0,unknown,1,0.11
28,blue-collar,single,secondary,no,1285,no,no,telephone,30,jan,2,2,17,other,1,0.11
27,management,single,secondary,no,35,no,no,cellular,4,jul,1,-1,0,unknown,1,0.11
40,self-employed,divorced,tertiary,no,4647,yes,no,telephone,8,may,2,-1,0,unknown,1,0.11
60,retired,married,primary,no,751,yes,no,unknown,15,may,1,-1,0,unknown,1,0.11
59,services,divorced,primary,no,6290,yes,no,cellular,17,apr,4,-1,0,unknown,1,0.11
26,services,divorced,primary,yes,2,yes,yes,cellular,25,jul,16,-1,0,unknown,1,0.11
32,admin.,single,secondary,no,92,yes,no,cellular,18,may,1,315,2,failure,1,0.11
43,management,married,tertiary,no,2886,no,no,cellular,20,nov,1,-1,0,unknown,1,0.11
27,management,single,tertiary,no,498,yes,no,cellular,12,may,1,369,3,failure,1,0.11
35,services,married,secondary,no,152,yes,no,unknown,2,jun,1,-1,0,unknown,1,0.11
41,services,single,secondary,no,92,no,no,cellular,21,nov,1,-1,0,unknown,1,0.11
35,management,single,tertiary,no,1756,no,no,cellular,20,aug,1,-1,0,unknown,1,0.11
31,blue-collar,married,secondary,no,5345,yes,no,cellular,18,nov,1,-1,0,unknown,1,0.11
35,technician,married,secondary,no,1546,yes,no,cellular,13,may,1,174,4,failure,1,0.11
38,management,married,tertiary,no,76,yes,no,cellular,7,jul,3,-1,0,unknown,1,0.11
40,blue-collar,single,primary,no,-187,yes,no,cellular,5,feb,1,-1,0,unknown,1,0.11
59,retired,married,secondary,no,667,no,no,cellular,20,nov,1,-1,0,unknown,1,0.11
43,self-employed,married,secondary,yes,-1415,no,no,cellular,10,jul,1,-1,0,unknown,1,0.11
27,blue-collar,married,secondary,no,818,yes,no,unknown,3,jun,5,-1,0,unknown,1,0.11
53,retired,married,tertiary,no,7132,no,no,cellular,13,aug,2,-1,0,unknown,1,0.11
34,management,married,secondary,no,0,no,no,cellular,2,feb,1,-1,0,unknown,1,0.11
54,retired,married,secondary,no,3538,no,no,cellular,27,may,1,-1,0,unknown,1,0.11
28,services,single,secondary,no,2992,yes,no,cellular,30,jan,4,-1,0,unknown,1,0.11
31,blue-collar,married,secondary,no,990,yes,yes,cellular,7,may,1,-1,0,unknown,1,0.11
31,management,married,tertiary,no,357,yes,no,cellular,13,apr,2,228,5,failure,1,0.11
36,blue-collar,single,secondary,no,767,no,no,cellular,5,feb,1,-1,0,unknown,1,0.11
42,management,single,secondary,no,9720,no,no,cellular,5,aug,2,-1,0,unknown,1,0.11
39,management,married,secondary,no,215,no,no,cellular,11,aug,4,-1,0,unknown,1,0.11
38,management,single,tertiary,no,6742,no,no,cellular,21,nov,2,-1,0,unknown,1,0.11
30,technician,single,secondary,no,411,yes,no,cellular,16,apr,1,-1,0,unknown,1,0.11
33,management,married,tertiary,no,4,yes,no,cellular,16,jul,5,-1,0,unknown,1,0.11
42,technician,single,secondary,no,3,no,no,cellular,19,aug,1,-1,0,unknown,1,0.11
54,blue-collar,married,secondary,no,2047,no,no,telephone,9,feb,7,194,6,failure,1,0.11
29,management,single,tertiary,no,559,no,no,telephone,27,may,4,-1,0,unknown,1,0.11
30,blue-collar,divorced,secondary,no,0,no,yes,cellular,8,jul,1,-1,0,unknown,1,0.11
44,admin.,married,secondary,no,-137,no,no,cellular,31,jul,13,-1,0,unknown,1,0.11
34,technician,divorced,secondary,no,3997,yes,no,unknown,20,may,1,-1,0,unknown,1,0.11
32,management,single,secondary,no,86,yes,no,cellular,21,nov,1,-1,0,unknown,1,0.11
43,entrepreneur,married,tertiary,yes,-250,no,no,unknown,5,jun,1,-1,0,unknown,1,0.11
24,technician,single,secondary,no,681,yes,no,unknown,4,jun,2,-1,0,unknown,1,0.1075
29,technician,single,tertiary,no,2269,yes,no,cellular,20,apr,1,346,1,failure,1,0.1075
57,admin.,married,secondary,no,1218,no,no,cellular,29,aug,7,-1,0,unknown,1,0.1075
46,technician,divorced,secondary,no,454,no,no,unknown,16,jun,2,-1,0,unknown,1,0.1075
24,services,single,tertiary,no,1385,yes,no,unknown,28,may,2,-1,0,unknown,1,0.1075
55,services,married,secondary,no,0,no,no,cellular,7,may,1,-1,0,unknown,1,0.1075
47,blue-collar,married,secondary,no,410,yes,yes,cellular,17,nov,1,-1,0,unknown,1,0.1075
30,student,single,tertiary,no,228,yes,no,cellular,13,may,2,-1,0,unknown,1,0.1075
26,entrepreneur,married,secondary,no,321,yes,yes,cellular,23,jul,2,-1,0,unknown,1,0.1075
57,management,married,tertiary,no,4547,no,no,cellular,7,aug,4,-1,0,unknown,1,0.1075
33,technician,single,tertiary,no,3827,no,no,cellular,20,nov,1,-1,0,unknown,1,0.1075
32,management,divorced,tertiary,no,5306,yes,no,unknown,20,may,1,-1,0,unknown,1,0.1075
29,services,single,secondary,no,9,yes,no,cellular,18,may,5,-1,0,unknown,1,0.1075
31,management,married,tertiary,no,2344,yes,no,cellular,14,aug,6,-1,0,unknown,1,0.1075
35,unemployed,single,secondary,no,947,yes,no,unknown,26,may,2,-1,0,unknown,1,0.1075
31,admin.,married,secondary,no,184,yes,no,unknown,12,may,3,-1,0,unknown,1,0.1075
57,management,married,tertiary,no,372,no,no,cellular,21,nov,3,-1,0,unknown,1,0.1075
35,admin.,married,secondary,no,100,yes,no,cellular,14,may,4,-1,0,unknown,1,0.1075
38,technician,single,secondary,no,12926,yes,no,cellular,6,apr,2,307,1,failure,1,0.1075
39,services,married,secondary,no,208,no,yes,cellular,9,feb,2,-1,0,unknown,1,0.1075
30,admin.,married,secondary,no,67,yes,no,unknown,16,may,1,-1,0,unknown,1,0.1075
59,admin.,married,secondary,no,373,yes,yes,cellular,28,jul,7,-1,0,unknown,1,0.1075
50,admin.,divorced,secondary,no,-194,yes,no,cellular,13,apr,2,-1,0,unknown,1,0.1075
25,services,single,secondary,no,5533,yes,no,cellular,28,jul,4,-1,0,unknown,1,0.1075
41,management,married,tertiary,no,-370,yes,no,cellular,8,may,2,-1,0,unknown,1,0.1075
26,technician,single,tertiary,no,36,no,yes,unknown,4,jul,2,-1,0,unknown,1,0.1075
36,blue-collar,married,secondary,no,2454,yes,no,cellular,6,apr,1,-1,0,unknown,1,0.1075
33,blue-collar,married,secondary,no,61,yes,no,unknown,26,may,3,-1,0,unknown,1,0.1075
52,management,married,unknown,no,414,yes,no,cellular,8,jul,1,-1,0,unknown,1,0.1075
27,unemployed,single,tertiary,no,3060,no,no,cellular,30,jan,1,-1,0,unknown,1,0.1075
34,technician,single,secondary,no,1183,yes,no,unknown,20,may,2,-1,0,unknown,1,0.1075
50,management,married,tertiary,no,3284,yes,no,cellular,4,feb,2,271,3,failure,1,0.1075
33,admin.,divorced,secondary,no,212,yes,no,unknown,7,jan,1,-1,0,unknown,1,0.1075
43,blue-collar,single,secondary,no,421,yes,no,unknown,15,may,3,-1,0,unknown,1,0.1075
54,admin.,married,secondary,no,3136,yes,no,telephone,14,apr,1,146,1,failure,1,0.1075
58,retired,divorced,primary,no,2538,yes,no,cellular,31,jul,6,-1,0,unknown,1,0.1075
42,technician,married,secondary,no,83,yes,yes,cellular,11,may,2,-1,0,unknown,1,0.1075
42,admin.,married,secondary,no,101,yes,no,unknown,6,may,3,-1,0,unknown,1,0.1075
30,blue-collar,married,primary,no,-336,no,no,cellular,10,jul,6,-1,0,unknown,1,0.1075
54,services,divorced,unknown,no,0,yes,no,cellular,16,apr,1,-1,0,unknown,1,0.1075
51,blue-collar,married,secondary,no,717,no,no,cellular,5,aug,2,-1,0,unknown,1,0.1075
33,unemployed,single,tertiary,no,685,yes,no,cellular,2,feb,1,96,2,failure,1,0.1075
32,technician,single,tertiary,no,548,no,no,cellular,18,aug,7,-1,0,unknown,1,0.1075
31,housemaid,married,tertiary,no,0,no,no,unknown,28,aug,15,-1,0,unknown,1,0.1075
38,unemployed,married,tertiary,no,201,no,no,cellular,4,feb,1,-1,0,unknown,1,0.1075
33,management,single,tertiary,no,20,no,no,cellular,21,aug,2,-1,0,unknown,1,0.1075
37,management,married,tertiary,no,0,yes,no,cellular,4,feb,1,-1,0,unknown,1,0.1075
38,self-employed,single,tertiary,no,1612,yes,no,cellular,8,may,1,-1,0,unknown,1,0.1075
30,admin.,married,secondary,no,350,no,yes,cellular,9,jul,5,-1,0,unknown,1,0.1075
51,services,married,unknown,no,7175,no,no,cellular,28,aug,14,-1,0,unknown,1,0.1075
35,management,single,tertiary,no,1891,yes,no,cellular,3,feb,3,270,5,failure,1,0.1075
53,blue-collar,married,primary,no,2135,no,no,cellular,4,feb,2,-1,0,unknown,1,0.105
37,self-employed,married,tertiary,no,0,no,no,unknown,6,jun,1,-1,0,unknown,1,0.105
55,retired,married,secondary,no,3948,no,no,cellular,19,nov,1,170,2,failure,1,0.105
44,housemaid,divorced,secondary,no,653,no,no,cellular,17,nov,1,-1,0,unknown,1,0.105
35,technician,single,secondary,no,-816,no,no,cellular,25,aug,19,-1,0,unknown,1,0.105
43,technician,married,secondary,no,69,yes,yes,cellular,7,jul,1,260,2,failure,1,0.105
56,management,married,tertiary,no,6798,yes,no,cellular,17,nov,1,-1,0,unknown,1,0.105
32,technician,single,tertiary,no,47,yes,no,cellular,14,jul,3,-1,0,unknown,1,0.105
30,technician,divorced,secondary,no,3100,yes,no,unknown,21,may,4,-1,0,unknown,1,0.105
45,retired,divorced,secondary,no,187,yes,no,cellular,11,may,2,-1,0,unknown,1,0.105
52,admin.,married,primary,no,6286,no,no,cellular,19,nov,1,-1,0,unknown,1,0.105
32,services,divorced,secondary,no,264,no,no,cellular,10,jul,1,-1,0,unknown,1,0.105
34,self-employed,single,tertiary,no,1272,yes,no,cellular,14,may,1,-1,0,unknown,1,0.105
52,management,single,tertiary,no,556,no,no,cellular,13,aug,6,-1,0,unknown,1,0.105
32,housemaid,single,tertiary,no,23663,yes,no,cellular,21,nov,2,-1,0,unknown,1,0.105
37,blue-collar,married,secondary,no,954,yes,no,unknown,2,jun,9,-1,0,unknown,1,0.105
29,management,single,tertiary,no,0,yes,no,cellular,12,may,2,-1,0,unknown,1,0.105
52,management,married,tertiary,no,547,no,no,cellular,5,aug,2,-1,0,unknown,1,0.105
29,services,single,secondary,no,498,yes,no,unknown,3,jun,26,-1,0,unknown,1,0.105
51,blue-collar,married,primary,no,863,no,no,cellular,19,nov,1,189,2,other,1,0.105
59,retired,divorced,primary,no,1534,yes,no,unknown,14,may,1,-1,0,unknown,1,0.105
43,management,married,secondary,no,-100,yes,no,cellular,5,may,1,-1,0,unknown,1,0.105
39,blue-collar,single,tertiary,no,172,yes,no,cellular,9,feb,2,183,2,failure,1,0.105
48,technician,married,secondary,no,14148,yes,no,cellular,18,aug,2,-1,0,unknown,1,0.105
29,self-employed,married,tertiary,no,0,yes,no,cellular,7,may,2,302,1,failure,1,0.105
46,services,married,primary,no,4343,yes,no,unknown,20,sep,1,-1,0,unknown,1,0.105
57,retired,married,primary,no,-464,yes,no,cellular,4,feb,1,190,6,failure,1,0.105
38,management,married,tertiary,no,1198,yes,no,cellular,3,sep,3,213,1,failure,1,0.105
21,student,single,primary,no,281,no,no,unknown,24,aug,1,-1,0,unknown,1,0.105
30,management,married,secondary,no,1439,yes,no,cellular,18,nov,1,-1,0,unknown,1,0.105
34,blue-collar,single,secondary,no,297,yes,no,unknown,9,may,4,-1,0,unknown,1,0.105
25,blue-collar,single,primary,no,-289,yes,no,telephone,13,may,2,-1,0,unknown,1,0.105
41,management,divorced,tertiary,no,846,no,yes,cellular,23,jul,3,-1,0,unknown,1,0.105
33,technician,married,secondary,no,7621,no,no,cellular,21,aug,1,-1,0,unknown,1,0.105
35,self-employed,married,secondary,no,598,yes,no,cellular,20,apr,1,-1,0,unknown,1,0.105
34,entrepreneur,married,tertiary,no,-28,yes,no,cellular,16,jul,1,-1,0,unknown,1,0.105
38,technician,married,secondary,no,37,no,no,cellular,17,jul,1,-1,0,unknown,1,0.105
56,admin.,divorced,secondary,no,985,no,yes,cellular,18,aug,2,-1,0,unknown,1,0.105
30,management,married,tertiary,no,1235,no,no,cellular,28,jan,2,-1,0,unknown,1,0.105
24,admin.,single,secondary,no,843,yes,no,cellular,18,may,2,-1,0,unknown,1,0.105
28,blue-collar,single,secondary,yes,0,no,yes,cellular,10,jul,1,-1,0,unknown,1,0.105
58,blue-collar,divorced,primary,no,474,yes,yes,cellular,18,jul,1,-1,0,unknown,1,0.105
34,technician,married,secondary,no,33,no,no,cellular,28,aug,1,-1,0,unknown,1,0.105
49,blue-collar,married,secondary,no,1946,no,no,cellular,16,jul,1,-1,0,unknown,1,0.105
47,housemaid,married,secondary,no,1152,no,no,telephone,7,jul,13,-1,0,unknown,1,0.105
27,student,single,tertiary,no,4869,yes,no,cellular,15,may,2,343,4,other,1,0.105
47,entrepreneur,divorced,tertiary,no,178,no,no,cellular,4,feb,1,-1,0,unknown,1,0.105
53,management,married,unknown,no,527,yes,no,cellular,23,jul,3,-1,0,unknown,1,0.105
50,admin.,single,secondary,no,167,no,yes,cellular,28,jul,3,-1,0,unknown,1,0.105
40,blue-collar,married,secondary,no,3765,yes,no,cellular,20,nov,2,-1,0,unknown,1,0.105
60,services,divorced,primary,no,58,no,yes,cellular,11,jul,2,-1,0,unknown,1,0.1025
53,technician,married,secondary,no,3429,no,no,cellular,19,aug,4,-1,0,unknown,1,0.1025
33,blue-collar,married,primary,no,5151,yes,yes,cellular,4,may,3,165,5,failure,1,0.1025
35,entrepreneur,married,secondary,no,4872,yes,no,cellular,15,may,3,-1,0,unknown,1,0.1025
52,blue-collar,divorced,secondary,no,497,no,yes,cellular,7,jul,2,-1,0,unknown,1,0.1025
55,entrepreneur,married,secondary,no,8104,no,no,cellular,6,feb,2,-1,0,unknown,1,0.1025
31,technician,divorced,secondary,no,345,yes,no,cellular,5,may,3,-1,0,unknown,1,0.1025
44,entrepreneur,married,secondary,no,781,no,yes,cellular,14,jul,2,-1,0,unknown,1,0.1025
34,admin.,married,secondary,no,61,no,yes,unknown,5,may,1,-1,0,unknown,1,0.1025
35,technician,married,secondary,no,1364,yes,yes,cellular,20,apr,2,-1,0,unknown,1,0.1025
57,management,divorced,secondary,no,23,no,yes,telephone,25,jul,1,-1,0,unknown,1,0.1025
25,blue-collar,married,secondary,no,192,yes,no,unknown,28,may,3,-1,0,unknown,1,0.1025
35,management,married,tertiary,no,0,yes,no,cellular,5,aug,2,-1,0,unknown,1,0.1025
43,blue-collar,single,primary,yes,69,no,yes,cellular,28,jul,5,-1,0,unknown,1,0.1025
37,admin.,divorced,secondary,no,3975,yes,no,cellular,11,may,2,-1,0,unknown,1,0.1025
59,retired,married,secondary,no,4457,no,no,cellular,28,jan,2,-1,0,unknown,1,0.1025
55,technician,married,secondary,yes,-308,no,no,cellular,2,feb,1,-1,0,unknown,1,0.1025
46,admin.,divorced,secondary,no,7378,no,no,cellular,18,nov,1,-1,0,unknown,1,0.1025
35,technician,single,tertiary,no,144,yes,yes,cellular,4,feb,4,113,20,failure,1,0.1025
33,services,married,tertiary,no,570,no,no,cellular,25,may,1,-1,0,unknown,1,0.1025
34,admin.,married,secondary,no,1365,yes,no,unknown,29,may,2,-1,0,unknown,1,0.1025
35,services,married,secondary,no,347,yes,no,cellular,6,may,4,-1,0,unknown,1,0.1025
49,self-employed,single,secondary,no,766,yes,no,cellular,7,jul,4,-1,0,unknown,1,0.1025
31,unknown,divorced,tertiary,no,137,no,no,cellular,22,aug,9,-1,0,unknown,1,0.1025
36,management,single,tertiary,no,7,no,no,unknown,21,nov,1,-1,0,unknown,1,0.1025
31,blue-collar,single,secondary,no,411,no,no,cellular,21,may,3,361,1,failure,1,0.1025
36,blue-collar,divorced,primary,no,102,no,no,cellular,3,feb,2,-1,0,unknown,1,0.1025
45,technician,married,tertiary,no,2359,no,no,cellular,18,aug,7,-1,0,unknown,1,0.1025
30,technician,single,tertiary,no,290,no,no,cellular,11,aug,5,-1,0,unknown,1,0.1025
59,unemployed,married,primary,no,19102,no,no,cellular,5,feb,1,-1,0,unknown,1,0.1025
55,retired,married,primary,no,3334,no,no,cellular,14,aug,4,-1,0,unknown,1,0.1025
39,technician,single,secondary,no,4380,no,no,telephone,9,jul,8,-1,0,unknown,1,0.1025
60,housemaid,married,primary,no,11904,no,no,telephone,6,jul,3,-1,0,unknown,1,0.1025
32,management,single,tertiary,no,11,yes,yes,cellular,5,may,1,-1,0,unknown,1,0.1025
37,management,married,tertiary,no,2366,yes,no,cellular,11,may,1,-1,0,unknown,1,0.1025
33,admin.,married,secondary,no,796,yes,no,telephone,6,apr,1,-1,0,unknown,1,0.1025
51,housemaid,divorced,secondary,no,9228,no,no,cellular,18,jul,4,-1,0,unknown,1,0.1025
25,blue-collar,single,secondary,no,286,yes,no,cellular,18,may,2,-1,0,unknown,1,0.1025
37,admin.,married,secondary,no,0,yes,no,cellular,25,may,1,-1,0,unknown,1,0.1025
28,blue-collar,married,secondary,no,-493,yes,no,unknown,18,jun,4,-1,0,unknown,1,0.1025
57,technician,married,secondary,no,573,yes,yes,cellular,22,may,2,-1,0,unknown,1,0.1025
42,management,single,tertiary,no,10561,no,no,unknown,16,may,2,-1,0,unknown,1,0.1025
59,management,single,tertiary,no,1180,no,no,cellular,30,jul,3,-1,0,unknown,1,0.1025
29,admin.,divorced,tertiary,yes,0,no,yes,cellular,9,jul,3,-1,0,unknown,1,0.1025
37,management,divorced,secondary,no,0,yes,no,unknown,18,jun,1,-1,0,unknown,1,0.1025
34,technician,single,tertiary,no,2521,no,no,cellular,13,aug,2,-1,0,unknown,1,0.1025
53,technician,married,unknown,no,2242,no,no,cellular,10,jul,14,-1,0,unknown,1,0.1025
27,technician,married,tertiary,no,276,no,no,unknown,16,may,2,-1,0,unknown,1,0.1025
35,services,single,secondary,no,257,yes,no,unknown,2,jun,1,-1,0,unknown,1,0.1025
30,technician,married,secondary,no,239,yes,no,cellular,20,apr,3,150,10,failure,1,0.1025
37,technician,married,secondary,no,177,yes,no,cellular,16,jul,3,-1,0,unknown,1,0.1025
28,blue-collar,married,primary,no,702,yes,no,unknown,26,jun,2,-1,0,unknown,1,0.1025
45,unemployed,married,primary,no,2,no,no,cellular,4,aug,1,-1,0,unknown,1,0.1
40,management,divorced,secondary,no,1148,yes,no,cellular,11,aug,2,-1,0,unknown,1,0.1
53,housemaid,married,primary,no,104,no,yes,unknown,5,jun,1,-1,0,unknown,1,0.1
34,management,divorced,secondary,no,124,yes,no,cellular,21,nov,1,163,4,other,1,0.1
52,technician,married,secondary,no,195,yes,no,cellular,17,dec,2,205,3,failure,1,0.1
31,entrepreneur,single,tertiary,no,1957,no,no,cellular,4,feb,3,-1,0,unknown,1,0.1
38,entrepreneur,single,secondary,no,473,yes,yes,unknown,30,may,4,-1,0,unknown,1,0.1
28,blue-collar,married,secondary,no,2257,yes,no,cellular,15,may,1,-1,0,unknown,1,0.1
51,management,divorced,secondary,no,-35,yes,no,cellular,8,may,1,263,5,failure,1,0.1
41,blue-collar,married,secondary,no,1236,yes,no,cellular,11,may,3,-1,0,unknown,1,0.1
39,management,married,tertiary,yes,47,no,no,unknown,16,jun,3,-1,0,unknown,1,0.1
45,management,divorced,tertiary,no,24598,yes,no,unknown,5,may,3,-1,0,unknown,1,0.1
39,services,married,secondary,no,554,yes,no,cellular,14,apr,1,-1,0,unknown,1,0.1
32,admin.,married,tertiary,no,176,yes,no,cellular,25,jul,1,-1,0,unknown,1,0.1
40,services,married,secondary,no,10406,no,no,cellular,21,nov,2,127,4,other,1,0.1
35,blue-collar,married,secondary,no,3015,yes,no,unknown,9,jun,2,-1,0,unknown,1,0.1
74,retired,married,tertiary,no,20422,no,no,cellular,12,aug,2,-1,0,unknown,1,0.1
51,technician,single,tertiary,no,11222,yes,no,unknown,3,jun,7,-1,0,unknown,1,0.1
24,technician,single,secondary,no,288,yes,no,unknown,28,may,1,-1,0,unknown,1,0.1
40,management,single,tertiary,no,15,no,yes,unknown,22,aug,1,-1,0,unknown,1,0.1
32,blue-collar,married,secondary,no,0,no,no,cellular,6,feb,1,-1,0,unknown,1,0.1
45,admin.,single,secondary,no,597,no,yes,telephone,17,nov,1,-1,0,unknown,1,0.1
52,retired,married,secondary,no,424,no,no,cellular,19,nov,1,154,3,failure,1,0.1
43,blue-collar,divorced,primary,no,92,yes,no,unknown,15,may,2,-1,0,unknown,1,0.1
59,admin.,married,unknown,no,283,no,yes,unknown,17,nov,1,-1,0,unknown,1,0.1
40,unemployed,divorced,secondary,no,507,yes,no,cellular,2,feb,1,266,7,failure,1,0.1
27,technician,single,secondary,yes,0,no,yes,cellular,8,jul,1,-1,0,unknown,1,0.1
46,management,married,tertiary,no,-191,yes,no,cellular,5,feb,3,202,3,failure,1,0.1
27,student,single,secondary,no,585,no,no,cellular,28,jan,3,-1,0,unknown,1,0.1
59,services,married,secondary,no,33,yes,no,cellular,11,may,1,-1,0,unknown,1,0.1
42,technician,single,secondary,no,541,yes,no,cellular,5,feb,1,-1,0,unknown,1,0.1
37,technician,married,secondary,no,2707,yes,no,telephone,16,jul,1,-1,0,unknown,1,0.1
27,technician,single,secondary,no,2293,yes,no,cellular,18,may,3,364,1,other,1,0.1
29,student,married,tertiary,no,10596,yes,no,cellular,12,apr,1,-1,0,unknown,1,0.1
37,self-employed,married,tertiary,no,804,yes,no,cellular,19,nov,1,170,1,other,1,0.1
31,management,married,tertiary,no,163,yes,yes,telephone,10,nov,1,-1,0,unknown,1,0.1
58,blue-collar,married,secondary,no,1626,no,no,cellular,20,aug,4,-1,0,unknown,1,0.1
33,admin.,married,secondary,no,-111,yes,yes,unknown,20,jun,3,-1,0,unknown,1,0.1
28,blue-collar,single,tertiary,no,727,yes,no,unknown,6,jun,4,-1,0,unknown,1,0.1
45,admin.,divorced,secondary,no,8032,no,no,cellular,20,nov,1,-1,0,unknown,1,0.1
25,services,single,secondary,no,94,no,no,unknown,25,feb,1,-1,0,unknown,1,0.1
48,management,divorced,unknown,no,343,no,no,cellular,4,feb,1,-1,0,unknown,1,0.1
34,management,married,secondary,yes,879,yes,no,cellular,17,apr,1,344,1,failure,1,0.1
55,management,married,secondary,no,964,no,no,cellular,3,feb,3,-1,0,unknown,1,0.1
57,retired,divorced,secondary,no,-331,yes,no,unknown,6,may,1,-1,0,unknown,1,0.1
37,admin.,married,secondary,no,250,yes,no,cellular,10,aug,1,-1,0,unknown,1,0.1
36,blue-collar,married,primary,no,49,yes,no,cellular,15,may,2,365,5,other,1,0.1
23,blue-collar,single,secondary,no,1311,yes,no,unknown,3,jun,3,-1,0,unknown,1,0.1
33,services,divorced,secondary,no,2,yes,no,unknown,16,may,1,-1,0,unknown,1,0.1
32,self-employed,married,primary,no,102,yes,no,cellular,18,jul,1,-1,0,unknown,1,0.1
57,management,married,secondary,no,139,no,no,cellular,17,aug,1,-1,0,unknown,1,0.1
35,admin.,divorced,tertiary,no,262,yes,no,cellular,20,apr,2,335,4,other,1,0.1
45,entrepreneur,married,tertiary,no,2476,no,no,cellular,13,aug,2,-1,0,unknown,1,0.1
27,services,single,tertiary,no,691,no,yes,cellular,6,feb,12,-1,0,unknown,1,0.1
60,admin.,married,primary,no,41,no,no,cellular,26,aug,6,-1,0,unknown,1,0.1
35,management,married,tertiary,no,1361,no,yes,cellular,7,jul,11,-1,0,unknown,1,0.1
43,blue-collar,divorced,primary,no,75,yes,no,cellular,9,jul,1,-1,0,unknown,1,0.1
49,blue-collar,married,primary,no,3478,no,no,cellular,26,aug,4,-1,0,unknown,1,0.1
36,management,married,tertiary,no,2987,yes,no,cellular,12,aug,1,-1,0,unknown,1,0.1
38,blue-collar,single,unknown,no,5338,no,no,telephone,19,nov,1,-1,0,unknown,1,0.1
58,technician,married,secondary,no,1476,yes,no,cellular,17,apr,1,-1,0,unknown,1,0.1
46,technician,married,secondary,no,3434,no,yes,cellular,27,feb,1,-1,0,unknown,1,0.1
27,management,single,secondary,no,967,yes,no,unknown,21,may,1,-1,0,unknown,1,0.0975
29,admin.,single,secondary,no,200,yes,no,cellular,18,may,1,-1,0,unknown,1,0.0975
33,blue-collar,single,secondary,no,-147,yes,no,unknown,30,may,2,-1,0,unknown,1,0.0975
41,technician,married,secondary,no,965,no,no,cellular,22,aug,10,-1,0,unknown,1,0.0975
28,blue-collar,single,secondary,no,-267,yes,no,cellular,15,may,2,329,4,failure,1,0.0975
26,blue-collar,married,primary,no,40,no,yes,cellular,28,jul,3,-1,0,unknown,1,0.0975
45,technician,married,secondary,no,0,no,no,cellular,8,may,1,340,1,failure,1,0.0975
43,blue-collar,married,unknown,no,3373,yes,no,unknown,13,may,1,-1,0,unknown,1,0.0975
45,management,divorced,tertiary,no,2406,no,no,cellular,8,aug,2,-1,0,unknown,1,0.0975
31,technician,single,secondary,no,198,no,no,cellular,30,jan,4,-1,0,unknown,1,0.0975
45,blue-collar,married,unknown,no,0,no,no,cellular,4,aug,1,-1,0,unknown,1,0.0975
31,unemployed,divorced,primary,no,0,yes,no,unknown,30,may,12,-1,0,unknown,1,0.0975
24,student,single,secondary,no,745,yes,no,telephone,8,apr,2,-1,0,unknown,1,0.0975
54,technician,married,tertiary,no,258,no,no,unknown,5,may,4,-1,0,unknown,1,0.0975
48,admin.,married,secondary,no,-379,yes,no,cellular,22,jul,2,-1,0,unknown,1,0.0975
31,management,single,tertiary,no,1536,no,no,cellular,22,aug,2,-1,0,unknown,1,0.0975
57,services,divorced,primary,no,362,no,no,cellular,28,jan,1,231,1,failure,1,0.0975
56,blue-collar,married,primary,no,136,no,no,cellular,4,aug,1,-1,0,unknown,1,0.0975
56,retired,divorced,tertiary,no,2370,no,no,cellular,23,jul,1,-1,0,unknown,1,0.0975
28,management,single,tertiary,no,4937,yes,no,telephone,13,may,3,-1,0,unknown,1,0.0975
33,blue-collar,married,primary,yes,2,yes,yes,cellular,9,jul,1,-1,0,unknown,1,0.0975
36,technician,married,tertiary,no,473,no,no,cellular,22,aug,2,-1,0,unknown,1,0.0975
34,services,married,secondary,no,1611,no,yes,telephone,20,nov,7,-1,0,unknown,1,0.0975
31,management,single,secondary,no,99,yes,yes,cellular,18,nov,1,-1,0,unknown,1,0.0975
29,self-employed,single,tertiary,no,-114,yes,no,unknown,13,may,1,-1,0,unknown,1,0.0975
31,admin.,single,secondary,no,507,yes,no,cellular,13,may,2,299,3,other,1,0.0975
41,blue-collar,single,primary,no,22,yes,no,unknown,14,may,1,-1,0,unknown,1,0.0975
37,technician,married,secondary,no,952,yes,no,cellular,16,apr,1,-1,0,unknown,1,0.0975
50,unemployed,married,primary,no,210,no,no,unknown,16,jun,2,-1,0,unknown,1,0.0975
34,management,single,tertiary,no,-444,yes,yes,cellular,17,apr,2,148,4,other,1,0.0975
34,services,single,primary,no,3648,yes,no,cellular,5,feb,1,-1,0,unknown,1,0.0975
38,admin.,divorced,secondary,no,661,yes,no,unknown,30,may,1,-1,0,unknown,1,0.0975
30,services,divorced,secondary,no,1336,yes,no,cellular,18,may,3,355,5,failure,1,0.0975
50,management,married,tertiary,no,1859,no,no,cellular,11,aug,5,-1,0,unknown,1,0.0975
60,retired,married,primary,no,458,yes,no,unknown,16,may,1,-1,0,unknown,1,0.0975
34,management,single,tertiary,no,454,no,no,cellular,14,aug,3,-1,0,unknown,1,0.0975
58,retired,single,secondary,no,-158,yes,no,cellular,5,feb,1,8,1,other,1,0.0975
29,technician,single,tertiary,no,218,yes,no,cellular,12,apr,1,-1,0,unknown,1,0.0975
37,unemployed,married,secondary,no,80,no,no,cellular,3,feb,2,-1,0,unknown,1,0.0975
31,blue-collar,married,primary,no,290,yes,no,cellular,15,may,1,291,3,failure,1,0.0975
47,blue-collar,married,secondary,yes,-5,yes,no,unknown,7,may,1,-1,0,unknown,1,0.0975
34,technician,married,secondary,no,6324,yes,no,cellular,21,jul,4,-1,0,unknown,1,0.0975
46,blue-collar,married,primary,no,1533,no,yes,cellular,14,aug,4,-1,0,unknown,1,0.0975
26,services,married,secondary,no,864,yes,yes,cellular,14,may,1,-1,0,unknown,1,0.0975
38,technician,divorced,secondary,no,1803,no,yes,cellular,17,jul,1,-1,0,unknown,1,0.0975
53,services,divorced,unknown,no,1012,yes,no,cellular,28,jul,2,-1,0,unknown,1,0.0975
27,blue-collar,single,secondary,no,1,yes,no,cellular,18,jul,2,-1,0,unknown,1,0.0975
56,blue-collar,married,secondary,no,317,no,no,cellular,7,aug,7,-1,0,unknown,1,0.0975
56,management,divorced,tertiary,no,2959,yes,no,telephone,18,may,1,-1,0,unknown,1,0.0975
32,admin.,married,secondary,no,3540,yes,no,cellular,18,may,1,178,1,failure,1,0.0975
37,services,single,secondary,no,1045,no,no,cellular,4,feb,1,-1,0,unknown,1,0.0975
25,blue-collar,single,secondary,no,150,yes,no,unknown,5,jun,2,-1,0,unknown,1,0.0975
47,self-employed,married,tertiary,no,192,no,no,telephone,30,jul,6,-1,0,unknown,1,0.0975
40,blue-collar,married,secondary,no,565,yes,yes,cellular,20,apr,2,-1,0,unknown,1,0.0975
59,management,married,tertiary,no,20798,yes,no,cellular,21,nov,7,-1,0,unknown,1,0.0975
41,management,married,secondary,no,1273,no,no,unknown,20,jun,3,-1,0,unknown,1,0.0975
53,entrepreneur,married,unknown,no,19850,no,no,cellular,18,nov,1,165,1,failure,1,0.0975
33,management,single,tertiary,no,923,yes,no,unknown,30,may,6,-1,0,unknown,1,0.0975
55,housemaid,married,primary,no,1563,yes,no,cellular,17,nov,2,-1,0,unknown,1,0.0975
37,entrepreneur,single,secondary,no,926,no,no,unknown,17,jun,2,-1,0,unknown,1,0.0975
25,management,single,tertiary,no,493,yes,no,unknown,4,jun,1,-1,0,unknown,1,0.0975
53,entrepreneur,divorced,tertiary,no,321,yes,no,cellular,5,may,1,-1,0,unknown,1,0.0975
34,technician,married,secondary,no,-1490,yes,yes,cellular,7,may,1,-1,0,unknown,1,0.0975
43,management,married,secondary,no,481,yes,no,telephone,18,nov,1,110,2,other,1,0.0975
40,housemaid,married,primary,no,4904,yes,no,cellular,11,may,1,356,1,failure,1,0.0975
32,management,single,tertiary,no,151,no,no,unknown,23,may,2,-1,0,unknown,1,0.0975
32,services,single,tertiary,no,1763,yes,no,cellular,7,may,2,-1,0,unknown,1,0.0975
29,technician,single,secondary,no,286,no,no,telephone,2,feb,2,-1,0,unknown,1,0.0975
36,blue-collar,married,primary,no,0,yes,no,unknown,21,may,2,-1,0,unknown,1,0.0975
36,blue-collar,married,secondary,no,2894,yes,no,cellular,17,jul,1,-1,0,unknown,1,0.0975
50,management,single,secondary,no,4527,yes,no,cellular,14,may,1,-1,0,unknown,1,0.0975
31,management,single,secondary,no,202,yes,no,cellular,8,jul,1,62,1,failure,1,0.0975
46,blue-collar,single,primary,no,259,no,yes,cellular,31,jul,7,-1,0,unknown,1,0.0975
32,technician,single,tertiary,no,1190,yes,no,cellular,8,aug,4,-1,0,unknown,1,0.0975
53,retired,divorced,secondary,no,-172,yes,yes,cellular,17,apr,1,-1,0,unknown,1,0.0975
37,self-employed,divorced,tertiary,no,160,yes,yes,unknown,6,jun,2,-1,0,unknown,1,0.0975
36,management,married,tertiary,no,518,no,no,cellular,21,aug,1,-1,0,unknown,1,0.0975
29,technician,single,tertiary,no,940,yes,no,cellular,15,may,1,330,1,failure,1,0.0975
31,technician,single,secondary,no,1222,yes,no,cellular,20,apr,3,-1,0,unknown,1,0.0975
44,management,single,tertiary,no,3,yes,no,cellular,6,may,1,-1,0,unknown,1,0.0975
45,blue-collar,single,unknown,no,816,no,no,cellular,20,nov,3,-1,0,unknown,1,0.0975
53,management,divorced,tertiary,no,243,yes,no,cellular,7,jul,2,-1,0,unknown,1,0.095
45,services,single,secondary,no,1757,yes,no,cellular,20,apr,3,326,1,other,1,0.095
42,management,divorced,tertiary,no,497,no,no,unknown,15,may,22,-1,0,unknown,1,0.095
40,management,divorced,tertiary,no,9541,no,no,cellular,20,nov,2,189,1,failure,1,0.095
37,services,divorced,secondary,no,532,yes,no,unknown,11,jun,1,-1,0,unknown,1,0.095
31,technician,single,secondary,no,1188,yes,no,cellular,19,nov,1,-1,0,unknown,1,0.095
46,admin.,single,secondary,no,1070,yes,no,cellular,6,apr,2,-1,0,unknown,1,0.095
37,blue-collar,married,secondary,no,0,no,yes,cellular,10,jul,2,-1,0,unknown,1,0.095
41,technician,divorced,tertiary,no,533,yes,no,cellular,14,jul,4,-1,0,unknown,1,0.095
60,blue-collar,married,primary,no,38,yes,no,cellular,15,may,11,373,1,other,1,0.095
57,admin.,married,secondary,no,128,no,no,telephone,29,jul,8,-1,0,unknown,1,0.095
29,services,married,secondary,no,57,yes,no,telephone,21,jul,9,-1,0,unknown,1,0.095
52,admin.,divorced,unknown,no,0,no,no,cellular,26,aug,4,-1,0,unknown,1,0.095
45,technician,divorced,secondary,no,2657,no,no,cellular,7,aug,3,-1,0,unknown,1,0.095
26,management,married,tertiary,no,3360,yes,no,cellular,29,jan,1,-1,0,unknown,1,0.095
46,management,married,tertiary,no,4,no,no,cellular,8,aug,4,-1,0,unknown,1,0.095
44,blue-collar,single,tertiary,no,827,yes,no,unknown,18,jun,4,-1,0,unknown,1,0.095
47,technician,married,secondary,no,734,yes,no,cellular,17,nov,3,-1,0,unknown,1,0.095
29,services,single,secondary,no,2,yes,no,cellular,6,may,4,-1,0,unknown,1,0.095
37,management,single,tertiary,no,7179,yes,no,unknown,6,jun,8,-1,0,unknown,1,0.095
21,blue-collar,single,secondary,no,292,yes,yes,telephone,13,may,4,-1,0,unknown,1,0.095
50,blue-collar,divorced,primary,no,171,no,no,cellular,14,aug,3,-1,0,unknown,1,0.095
27,admin.,single,tertiary,no,43,no,no,cellular,2,feb,3,-1,0,unknown,1,0.095
43,technician,single,secondary,no,451,no,no,cellular,12,aug,2,-1,0,unknown,1,0.095
52,services,divorced,primary,no,432,yes,yes,cellular,6,may,4,-1,0,unknown,1,0.095
33,technician,single,tertiary,no,0,no,no,cellular,28,jan,2,-1,0,unknown,1,0.095
50,blue-collar,divorced,primary,no,1545,yes,no,cellular,20,nov,1,-1,0,unknown,1,0.095
27,blue-collar,married,secondary,no,872,yes,no,cellular,17,apr,3,-1,0,unknown,1,0.095
23,student,single,unknown,no,854,yes,no,unknown,28,may,2,-1,0,unknown,1,0.095
36,blue-collar,married,secondary,no,873,yes,no,unknown,20,jun,3,-1,0,unknown,1,0.095
47,technician,divorced,secondary,no,5735,no,no,unknown,19,jun,4,-1,0,unknown,1,0.095
49,technician,married,tertiary,no,-888,no,yes,cellular,21,jul,1,-1,0,unknown,1,0.095
61,entrepreneur,divorced,secondary,no,369,no,no,unknown,18,jun,1,-1,0,unknown,1,0.095
31,management,single,tertiary,no,796,no,yes,cellular,21,nov,1,-1,0,unknown,1,0.095
35,student,single,tertiary,no,873,yes,no,cellular,11,may,1,277,2,failure,1,0.095
33,blue-collar,divorced,primary,no,1022,yes,no,cellular,5,may,1,-1,0,unknown,1,0.095
26,services,married,secondary,no,199,no,no,cellular,24,jul,6,-1,0,unknown,1,0.095
48,admin.,divorced,secondary,no,238,yes,no,unknown,26,may,2,-1,0,unknown,1,0.095
29,management,single,tertiary,no,-689,yes,no,cellular,29,jul,9,-1,0,unknown,1,0.095
45,technician,married,secondary,no,0,no,no,telephone,13,aug,1,-1,0,unknown,1,0.095
44,blue-collar,married,secondary,no,701,no,yes,cellular,21,nov,1,141,2,failure,1,0.095
27,self-employed,single,tertiary,no,108,no,yes,cellular,8,jul,2,-1,0,unknown,1,0.095
46,technician,divorced,tertiary,no,532,no,no,cellular,22,aug,2,-1,0,unknown,1,0.095
34,management,single,tertiary,no,138,yes,no,cellular,18,may,5,-1,0,unknown,1,0.095
31,management,single,tertiary,no,518,yes,no,cellular,18,may,1,-1,0,unknown,1,0.095
51,admin.,married,tertiary,no,1463,yes,no,telephone,23,jul,1,-1,0,unknown,1,0.095
27,blue-collar,single,primary,no,1,no,no,cellular,3,feb,6,-1,0,unknown,1,0.095
33,blue-collar,married,secondary,no,1101,yes,no,cellular,6,apr,2,-1,0,unknown,1,0.095
40,management,married,tertiary,no,2840,yes,no,cellular,8,jul,4,-1,0,unknown,1,0.095
49,management,married,tertiary,no,-190,no,no,unknown,20,jun,7,-1,0,unknown,1,0.095
39,management,married,tertiary,no,514,no,no,telephone,18,nov,4,-1,0,unknown,1,0.095
43,admin.,single,secondary,no,445,yes,no,unknown,19,may,2,-1,0,unknown,1,0.095
52,retired,divorced,primary,no,-779,yes,yes,cellular,17,apr,1,-1,0,unknown,1,0.095
53,admin.,divorced,secondary,no,28,yes,yes,cellular,12,may,4,-1,0,unknown,1,0.095
32,management,married,tertiary,no,859,yes,yes,cellular,11,may,5,172,11,other,1,0.095
59,retired,married,primary,no,741,no,no,cellular,19,nov,2,152,2,failure,1,0.095
22,blue-collar,married,secondary,no,36,yes,no,unknown,19,may,3,-1,0,unknown,1,0.095
49,blue-collar,married,secondary,no,2039,yes,no,cellular,6,may,1,169,2,failure,1,0.095
27,technician,divorced,secondary,no,1977,yes,no,cellular,22,may,1,-1,0,unknown,1,0.095
36,management,married,tertiary,no,0,yes,no,cellular,5,feb,2,8,1,other,1,0.095
38,housemaid,single,secondary,no,113,yes,no,unknown,2,jun,4,-1,0,unknown,1,0.095
28,student,single,secondary,no,330,no,no,telephone,2,feb,1,-1,0,unknown,1,0.095
43,technician,married,secondary,no,1824,yes,no,unknown,8,may,1,-1,0,unknown,1,0.095
32,services,married,secondary,no,99,yes,no,cellular,13,may,3,-1,0,unknown,1,0.095
30,unemployed,married,tertiary,no,1067,no,no,cellular,4,feb,2,-1,0,unknown,1,0.095
30,technician,divorced,tertiary,no,33,yes,no,cellular,8,may,3,-1,0,unknown,1,0.095
32,management,single,tertiary,no,347,yes,no,cellular,18,may,1,264,6,failure,1,0.095
33,management,single,secondary,no,1326,no,yes,cellular,7,jul,2,-1,0,unknown,1,0.095
25,student,single,primary,no,373,yes,no,cellular,11,may,2,-1,0,unknown,1,0.095
36,technician,divorced,secondary,no,407,no,no,cellular,21,nov,1,-1,0,unknown,1,0.095
48,services,single,secondary,no,133,yes,yes,cellular,16,jul,1,-1,0,unknown,1,0.095
53,self-employed,married,secondary,no,248,no,yes,cellular,17,nov,1,126,3,failure,1,0.095
31,admin.,single,tertiary,no,0,no,no,cellular,17,nov,1,-1,0,unknown,1,0.095
45,blue-collar,single,primary,yes,-183,no,yes,cellular,15,jul,4,-1,0,unknown,1,0.095
43,management,married,tertiary,no,175,yes,no,cellular,17,apr,4,337,1,other,1,0.0925
38,management,divorced,tertiary,no,349,yes,no,cellular,11,jul,2,-1,0,unknown,1,0.0925
35,blue-collar,married,secondary,no,625,no,no,cellular,13,may,1,-1,0,unknown,1,0.0925
33,blue-collar,married,secondary,no,745,yes,no,unknown,23,may,4,-1,0,unknown,1,0.0925
26,admin.,single,secondary,no,96,yes,no,cellular,13,may,2,348,3,other,1,0.0925
60,admin.,married,secondary,no,-396,yes,no,cellular,11,may,1,350,1,failure,1,0.0925
38,technician,married,secondary,no,2398,yes,yes,cellular,31,jul,33,-1,0,unknown,1,0.0925
46,management,divorced,tertiary,no,1297,no,no,cellular,11,aug,3,-1,0,unknown,1,0.0925
59,management,married,tertiary,no,332,yes,yes,cellular,30,jul,2,-1,0,unknown,1,0.0925
41,blue-collar,married,unknown,no,732,yes,no,unknown,16,may,1,-1,0,unknown,1,0.0925
53,self-employed,married,tertiary,no,2013,no,no,cellular,19,aug,14,-1,0,unknown,1,0.0925
48,management,married,tertiary,no,4060,no,no,cellular,19,aug,2,-1,0,unknown,1,0.0925
39,technician,married,secondary,no,130,no,no,cellular,8,jul,2,-1,0,unknown,1,0.0925
32,blue-collar,married,secondary,no,3514,yes,no,unknown,20,may,2,-1,0,unknown,1,0.0925
50,management,married,tertiary,no,4,no,no,cellular,13,aug,2,-1,0,unknown,1,0.0925
53,technician,married,tertiary,no,6072,no,yes,unknown,16,jun,4,-1,0,unknown,1,0.0925
39,blue-collar,married,primary,no,52,no,no,cellular,13,aug,1,-1,0,unknown,1,0.0925
29,admin.,married,secondary,no,252,yes,no,cellular,15,may,3,371,1,failure,1,0.0925
55,technician,divorced,secondary,no,852,no,no,cellular,20,aug,6,-1,0,unknown,1,0.0925
30,admin.,single,tertiary,no,218,no,no,unknown,4,jul,2,-1,0,unknown,1,0.0925
50,technician,divorced,secondary,no,1303,no,no,telephone,30,jul,2,-1,0,unknown,1,0.0925
35,blue-collar,married,secondary,no,594,yes,no,unknown,6,jun,2,-1,0,unknown,1,0.0925
37,management,married,tertiary,no,1300,yes,no,cellular,16,apr,1,-1,0,unknown,1,0.0925
35,admin.,married,secondary,no,430,yes,no,cellular,17,apr,1,270,4,failure,1,0.0925
42,services,single,secondary,no,-193,yes,no,cellular,13,may,4,-1,0,unknown,1,0.0925
41,admin.,single,secondary,no,386,no,no,cellular,29,jan,1,-1,0,unknown,1,0.0925
43,admin.,divorced,secondary,no,587,yes,no,cellular,17,jul,1,-1,0,unknown,1,0.0925
31,blue-collar,married,primary,no,290,yes,no,cellular,28,jul,3,-1,0,unknown,1,0.0925
44,technician,divorced,primary,no,538,no,no,cellular,31,jul,2,-1,0,unknown,1,0.0925
38,technician,married,tertiary,no,536,no,no,cellular,20,aug,4,-1,0,unknown,1,0.0925
56,technician,married,secondary,no,1750,no,no,cellular,19,aug,7,-1,0,unknown,1,0.0925
31,services,married,secondary,no,655,no,yes,cellular,9,feb,6,-1,0,unknown,1,0.0925
36,services,married,secondary,no,257,yes,no,cellular,12,may,2,-1,0,unknown,1,0.0925
60,management,married,tertiary,no,3876,no,yes,cellular,5,aug,3,-1,0,unknown,1,0.0925
40,blue-collar,married,secondary,no,384,no,yes,cellular,30,jul,3,-1,0,unknown,1,0.0925
32,blue-collar,married,secondary,no,290,yes,no,cellular,6,may,1,-1,0,unknown,1,0.0925
42,services,single,secondary,no,2348,yes,no,cellular,7,may,2,-1,0,unknown,1,0.0925
33,housemaid,married,secondary,no,0,yes,yes,cellular,23,jul,13,-1,0,unknown,1,0.0925
42,entrepreneur,married,secondary,no,0,yes,no,cellular,9,apr,1,140,4,failure,1,0.0925
36,blue-collar,married,primary,no,106,yes,no,cellular,29,jul,13,-1,0,unknown,1,0.0925
53,technician,married,tertiary,no,2336,no,no,telephone,30,jan,2,2,3,other,1,0.0925
25,services,single,secondary,no,-141,yes,no,cellular,18,may,2,348,2,failure,1,0.0925
50,blue-collar,married,primary,no,533,no,no,cellular,21,aug,4,-1,0,unknown,1,0.0925
34,technician,married,secondary,no,0,no,yes,cellular,9,jul,1,-1,0,unknown,1,0.0925
47,technician,married,tertiary,yes,-813,yes,yes,cellular,21,nov,2,158,25,failure,1,0.0925
38,blue-collar,single,tertiary,no,14058,no,no,telephone,17,jul,20,-1,0,unknown,1,0.0925
41,management,married,tertiary,no,1199,yes,no,cellular,18,nov,1,-1,0,unknown,1,0.0925
59,management,married,tertiary,no,1857,no,no,cellular,14,aug,4,-1,0,unknown,1,0.0925
35,management,married,secondary,no,1825,yes,no,unknown,2,jun,1,-1,0,unknown,1,0.0925
31,blue-collar,married,secondary,no,822,yes,no,unknown,13,may,6,-1,0,unknown,1,0.0925
34,services,married,primary,no,31,no,yes,cellular,9,jul,3,-1,0,unknown,1,0.0925
36,admin.,married,secondary,no,587,no,no,cellular,3,feb,2,-1,0,unknown,1,0.0925
33,admin.,married,secondary,no,616,no,no,unknown,6,sep,1,-1,0,unknown,1,0.0925
41,blue-collar,married,primary,no,-441,yes,no,cellular,5,may,1,-1,0,unknown,1,0.0925
59,retired,married,primary,no,4450,no,no,cellular,28,aug,3,-1,0,unknown,1,0.0925
36,self-employed,single,tertiary,no,4752,yes,no,unknown,21,may,2,-1,0,unknown,1,0.0925
31,management,divorced,secondary,no,0,yes,no,cellular,15,jul,7,-1,0,unknown,1,0.0925
44,housemaid,married,primary,no,26,yes,no,cellular,23,jul,2,-1,0,unknown,1,0.0925
59,retired,divorced,primary,no,-88,yes,no,unknown,5,jun,2,-1,0,unknown,1,0.0925
37,self-employed,married,secondary,no,4153,yes,no,cellular,31,jul,16,-1,0,unknown,1,0.0925
27,admin.,married,secondary,no,941,yes,no,cellular,11,jul,1,-1,0,unknown,1,0.0925
41,admin.,single,secondary,no,242,no,yes,cellular,9,feb,3,-1,0,unknown,1,0.0925
41,unemployed,married,tertiary,no,0,no,no,cellular,30,jan,1,-1,0,unknown,1,0.0925
30,management,married,tertiary,no,931,no,no,cellular,17,jul,1,-1,0,unknown,1,0.0925
31,management,single,tertiary,no,-234,yes,no,cellular,18,may,1,-1,0,unknown,1,0.0925
40,technician,married,tertiary,no,1641,yes,no,cellular,14,apr,1,-1,0,unknown,1,0.0925
36,blue-collar,married,secondary,no,1772,no,no,unknown,5,jun,1,-1,0,unknown,1,0.0925
44,management,divorced,tertiary,no,0,yes,yes,cellular,19,nov,1,-1,0,unknown,1,0.0925
56,retired,married,secondary,no,488,no,no,telephone,6,feb,4,-1,0,unknown,1,0.0925
23,technician,single,secondary,no,76,yes,no,unknown,15,may,1,-1,0,unknown,1,0.0925
53,services,divorced,primary,no,200,no,no,cellular,17,nov,3,-1,0,unknown,1,0.09
27,unemployed,single,primary,no,93,no,no,unknown,11,oct,1,-1,0,unknown,1,0.09
30,services,single,secondary,no,245,no,yes,cellular,8,jul,2,-1,0,unknown,1,0.09
30,services,single,secondary,no,572,yes,no,cellular,5,may,1,319,4,other,1,0.09
34,management,single,tertiary,no,344,no,no,cellular,14,jul,3,-1,0,unknown,1,0.09
35,blue-collar,married,primary,no,1176,yes,no,unknown,21,may,2,-1,0,unknown,1,0.09
44,admin.,divorced,secondary,no,163,yes,no,cellular,14,jul,2,-1,0,unknown,1,0.09
54,management,married,tertiary,no,1114,yes,no,cellular,21,nov,2,175,1,other,1,0.09
59,blue-collar,married,primary,no,699,no,no,cellular,28,jan,1,154,6,failure,1,0.09
45,management,married,secondary,no,724,yes,yes,cellular,7,aug,1,-1,0,unknown,1,0.09
47,technician,married,secondary,no,17206,yes,no,cellular,19,aug,4,-1,0,unknown,1,0.09
33,student,single,secondary,no,706,yes,no,cellular,4,feb,2,-1,0,unknown,1,0.09
49,admin.,single,secondary,no,827,yes,no,cellular,30,jan,1,-1,0,unknown,1,0.09
26,student,single,secondary,no,334,no,no,telephone,4,feb,1,-1,0,unknown,1,0.09
41,technician,married,secondary,no,768,yes,no,unknown,15,may,4,-1,0,unknown,1,0.09
47,technician,divorced,secondary,no,84,no,no,cellular,8,aug,2,-1,0,unknown,1,0.09
28,admin.,single,secondary,no,6100,no,no,unknown,27,dec,1,-1,0,unknown,1,0.09
60,housemaid,divorced,secondary,no,555,yes,no,cellular,22,jul,3,-1,0,unknown,1,0.09
58,retired,married,unknown,no,911,no,no,cellular,27,aug,4,-1,0,unknown,1,0.09
41,services,married,secondary,no,56,yes,no,cellular,31,jul,21,-1,0,unknown,1,0.09
51,management,married,tertiary,no,1394,yes,no,cellular,5,aug,1,-1,0,unknown,1,0.09
48,management,married,tertiary,no,770,no,yes,cellular,5,aug,2,-1,0,unknown,1,0.09
26,blue-collar,married,primary,no,133,no,yes,cellular,25,jul,3,-1,0,unknown,1,0.09
37,technician,married,secondary,no,95,no,no,cellular,6,feb,3,-1,0,unknown,1,0.09
45,management,married,tertiary,no,2671,no,no,cellular,14,aug,4,-1,0,unknown,1,0.09
43,blue-collar,married,primary,no,1968,yes,no,cellular,10,jul,1,-1,0,unknown,1,0.09
38,entrepreneur,married,tertiary,no,4,yes,no,cellular,16,jul,1,-1,0,unknown,1,0.09
29,student,single,tertiary,no,652,yes,no,cellular,22,jul,1,-1,0,unknown,1,0.09
41,services,divorced,secondary,no,840,yes,no,cellular,2,feb,1,-1,0,unknown,1,0.09
40,technician,married,secondary,no,6,yes,no,cellular,16,jul,1,-1,0,unknown,1,0.09
60,technician,married,tertiary,no,131,no,no,cellular,12,aug,6,-1,0,unknown,1,0.09
36,blue-collar,married,secondary,no,0,yes,no,cellular,5,may,1,-1,0,unknown,1,0.09
31,management,single,tertiary,no,62,yes,no,cellular,18,may,1,293,5,failure,1,0.09
60,self-employed,single,secondary,no,312,yes,no,unknown,2,jun,2,-1,0,unknown,1,0.09
49,admin.,divorced,secondary,no,169,yes,no,unknown,30,may,1,-1,0,unknown,1,0.09
35,services,married,unknown,no,1935,yes,no,cellular,17,apr,2,318,2,other,1,0.09
26,management,single,tertiary,no,1837,no,no,cellular,3,feb,2,-1,0,unknown,1,0.09
39,admin.,married,secondary,no,9618,yes,no,cellular,13,may,2,338,1,failure,1,0.09
49,blue-collar,married,secondary,no,90,yes,no,unknown,7,may,1,-1,0,unknown,1,0.09
46,entrepreneur,married,primary,no,8873,yes,no,cellular,24,jul,2,-1,0,unknown,1,0.09
50,blue-collar,married,secondary,no,1400,yes,no,cellular,11,may,1,-1,0,unknown,1,0.09
35,blue-collar,single,secondary,no,546,yes,no,cellular,13,may,2,-1,0,unknown,1,0.09
45,technician,married,secondary,no,268,no,no,cellular,7,jul,14,-1,0,unknown,1,0.09
31,technician,single,secondary,no,1094,yes,no,unknown,12,jun,8,-1,0,unknown,1,0.09
41,management,divorced,tertiary,no,236,no,no,cellular,3,feb,2,-1,0,unknown,1,0.09
53,services,divorced,tertiary,no,329,no,no,cellular,30,jan,1,-1,0,unknown,1,0.09
25,services,single,secondary,no,443,yes,no,cellular,5,may,1,-1,0,unknown,1,0.09
51,blue-collar,married,primary,no,5206,yes,no,cellular,20,nov,3,-1,0,unknown,1,0.09
37,technician,single,secondary,yes,-56,yes,no,cellular,6,aug,4,-1,0,unknown,1,0.09
57,retired,married,secondary,no,2774,no,no,cellular,18,aug,6,-1,0,unknown,1,0.09
51,services,single,primary,no,2499,yes,no,cellular,12,may,5,-1,0,unknown,1,0.09
48,housemaid,married,secondary,no,0,no,no,cellular,28,jul,5,-1,0,unknown,1,0.09
45,management,single,tertiary,no,0,no,no,cellular,27,may,1,-1,0,unknown,1,0.09
29,management,married,tertiary,no,10576,no,no,unknown,15,may,2,-1,0,unknown,1,0.09
35,blue-collar,single,unknown,no,88,no,no,cellular,13,may,2,-1,0,unknown,1,0.09
30,services,single,tertiary,no,1785,no,no,cellular,8,aug,2,-1,0,unknown,1,0.09
44,blue-collar,married,secondary,no,2455,yes,no,telephone,18,nov,1,-1,0,unknown,1,0.09
41,admin.,single,unknown,no,419,yes,no,cellular,11,may,1,370,3,failure,1,0.09
46,housemaid,divorced,primary,no,41,no,no,cellular,11,aug,2,-1,0,unknown,1,0.09
39,entrepreneur,married,tertiary,no,6495,no,no,unknown,19,jun,3,-1,0,unknown,1,0.09
25,blue-collar,single,secondary,no,217,yes,no,cellular,18,may,1,-1,0,unknown,1,0.09
46,management,married,secondary,no,766,yes,no,unknown,16,jul,1,-1,0,unknown,1,0.09
42,technician,married,tertiary,no,250,no,yes,cellular,12,aug,3,-1,0,unknown,1,0.09
28,blue-collar,single,primary,no,722,yes,no,unknown,21,may,1,-1,0,unknown,1,0.09
30,services,married,secondary,no,-298,no,yes,cellular,10,jul,1,-1,0,unknown,1,0.09
32,technician,married,secondary,no,90,yes,yes,unknown,6,may,2,-1,0,unknown,1,0.09
25,technician,single,secondary,no,1135,yes,no,unknown,12,may,3,-1,0,unknown,1,0.09
30,admin.,married,secondary,no,187,yes,no,cellular,7,may,1,170,1,failure,1,0.09
42,entrepreneur,single,primary,no,388,no,yes,cellular,17,jul,3,-1,0,unknown,1,0.09
27,blue-collar,married,primary,no,237,yes,no,cellular,22,jul,6,-1,0,unknown,1,0.09
51,technician,divorced,tertiary,no,0,no,no,cellular,28,aug,7,-1,0,unknown,1,0.09
48,technician,single,secondary,no,329,no,no,cellular,23,jul,1,-1,0,unknown,1,0.09
57,management,married,tertiary,no,4929,yes,no,telephone,31,jul,4,-1,0,unknown,1,0.09
55,entrepreneur,married,tertiary,no,78,no,no,cellular,18,nov,2,-1,0,unknown,1,0.09
27,admin.,divorced,secondary,no,0,no,yes,cellular,14,jul,4,-1,0,unknown,1,0.09
59,self-employed,married,secondary,no,201,no,no,cellular,18,nov,2,-1,0,unknown,1,0.09
38,blue-collar,married,secondary,no,814,yes,no,cellular,4,feb,1,-1,0,unknown,1,0.09
50,management,single,tertiary,no,0,no,no,cellular,22,aug,4,-1,0,unknown,1,0.0875
39,blue-collar,married,secondary,no,164,yes,no,telephone,15,may,6,373,2,failure,1,0.0875
52,admin.,married,primary,no,2281,yes,yes,telephone,4,feb,1,244,1,failure,1,0.0875
33,management,divorced,tertiary,no,525,yes,yes,cellular,17,apr,1,281,1,other,1,0.0875
29,technician,single,tertiary,no,226,yes,no,cellular,15,may,1,-1,0,unknown,1,0.0875
38,management,divorced,tertiary,no,76,no,no,cellular,30,jan,3,-1,0,unknown,1,0.0875
60,retired,divorced,tertiary,no,129,no,no,cellular,17,jul,7,-1,0,unknown,1,0.0875
44,self-employed,divorced,secondary,no,80,yes,yes,unknown,14,may,2,-1,0,unknown,1,0.0875
40,unemployed,single,secondary,no,356,yes,no,cellular,4,may,2,339,2,failure,1,0.0875
38,blue-collar,married,primary,no,246,no,no,unknown,17,jun,2,-1,0,unknown,1,0.0875
49,technician,divorced,secondary,no,0,yes,no,cellular,11,feb,3,-1,0,unknown,1,0.0875
41,blue-collar,married,primary,no,2770,yes,yes,unknown,5,jun,2,-1,0,unknown,1,0.0875
36,entrepreneur,married,secondary,no,246,yes,no,cellular,18,may,4,-1,0,unknown,1,0.0875
46,self-employed,married,tertiary,no,291,no,no,cellular,9,feb,4,-1,0,unknown,1,0.0875
35,self-employed,married,tertiary,no,182,no,yes,unknown,5,jun,1,-1,0,unknown,1,0.0875
33,unknown,married,secondary,no,2727,no,no,cellular,6,aug,3,-1,0,unknown,1,0.0875
34,technician,married,primary,no,1301,no,no,cellular,2,feb,1,-1,0,unknown,1,0.0875
40,services,married,secondary,no,884,no,no,cellular,15,jul,4,-1,0,unknown,1,0.0875
42,services,divorced,unknown,no,-291,yes,no,cellular,14,jul,2,-1,0,unknown,1,0.0875
30,admin.,married,tertiary,no,42,yes,yes,cellular,16,nov,1,-1,0,unknown,1,0.0875
33,management,married,tertiary,no,296,no,no,cellular,13,aug,4,-1,0,unknown,1,0.0875
37,entrepreneur,single,secondary,no,-22,yes,no,cellular,15,may,1,-1,0,unknown,1,0.0875
57,retired,married,primary,no,0,no,no,cellular,5,aug,2,-1,0,unknown,1,0.0875
35,management,married,tertiary,no,854,no,yes,cellular,19,aug,20,-1,0,unknown,1,0.0875
32,technician,married,secondary,no,524,no,no,cellular,19,nov,1,106,1,failure,1,0.0875
59,self-employed,married,tertiary,no,6237,yes,no,cellular,8,may,1,169,2,failure,1,0.0875
58,admin.,married,secondary,no,1813,yes,no,telephone,17,jul,1,-1,0,unknown,1,0.0875
51,entrepreneur,single,tertiary,no,0,no,no,cellular,30,jan,1,-1,0,unknown,1,0.0875
50,management,married,tertiary,no,877,no,yes,unknown,27,jun,1,-1,0,unknown,1,0.0875
38,technician,married,secondary,no,114,no,no,cellular,11,jul,3,-1,0,unknown,1,0.0875
58,housemaid,single,tertiary,no,145,yes,yes,cellular,16,jul,2,-1,0,unknown,1,0.0875
39,management,married,tertiary,no,380,no,no,cellular,11,aug,4,-1,0,unknown,1,0.0875
35,admin.,single,secondary,no,0,yes,no,cellular,3,feb,1,273,1,failure,1,0.0875
31,management,married,tertiary,yes,0,no,no,cellular,14,jul,4,-1,0,unknown,1,0.0875
26,blue-collar,single,primary,no,17,yes,no,cellular,15,may,2,367,2,failure,1,0.0875
45,management,married,tertiary,no,634,yes,no,cellular,25,jul,1,-1,0,unknown,1,0.0875
42,unemployed,divorced,primary,no,1699,no,yes,cellular,17,jul,2,-1,0,unknown,1,0.0875
34,services,married,secondary,no,790,yes,no,cellular,20,apr,2,350,1,failure,1,0.0875
26,blue-collar,married,primary,no,595,yes,yes,cellular,18,may,3,-1,0,unknown,1,0.0875
36,management,married,tertiary,no,3007,yes,no,cellular,4,aug,1,-1,0,unknown,1,0.0875
43,management,single,tertiary,no,0,no,no,cellular,28,aug,2,-1,0,unknown,1,0.0875
57,management,divorced,tertiary,no,429,yes,no,cellular,17,jul,1,-1,0,unknown,1,0.0875
49,management,married,tertiary,no,53,no,no,cellular,12,aug,6,-1,0,unknown,1,0.0875
50,management,divorced,secondary,no,458,no,no,cellular,3,feb,3,-1,0,unknown,1,0.0875
32,management,single,tertiary,no,1966,no,no,cellular,18,aug,3,-1,0,unknown,1,0.0875
35,blue-collar,married,secondary,no,137,no,yes,unknown,4,oct,1,808,12,failure,1,0.0875
49,blue-collar,married,secondary,no,-581,yes,no,unknown,3,jun,5,-1,0,unknown,1,0.0875
42,management,married,tertiary,no,0,yes,no,cellular,15,jul,4,-1,0,unknown,1,0.0875
44,management,divorced,tertiary,yes,-26,no,no,cellular,22,aug,4,-1,0,unknown,1,0.0875
41,blue-collar,single,secondary,no,1880,no,yes,cellular,14,may,1,356,10,other,1,0.0875
47,blue-collar,married,secondary,no,473,yes,no,cellular,21,nov,2,176,2,other,1,0.0875
32,management,single,tertiary,no,7419,yes,no,unknown,18,jun,29,-1,0,unknown,1,0.0875
52,blue-collar,married,secondary,no,1319,no,no,telephone,30,apr,2,-1,0,unknown,1,0.0875
34,technician,single,secondary,no,124,no,no,telephone,14,aug,2,-1,0,unknown,1,0.0875
37,entrepreneur,married,tertiary,no,227,yes,no,cellular,10,jul,1,-1,0,unknown,1,0.0875
42,management,divorced,secondary,no,117,yes,no,unknown,9,may,1,-1,0,unknown,1,0.0875
27,services,single,secondary,no,-151,no,no,cellular,8,jul,2,-1,0,unknown,1,0.0875
45,management,divorced,tertiary,no,2307,no,no,cellular,14,aug,3,-1,0,unknown,1,0.0875
24,technician,single,secondary,no,278,yes,no,unknown,30,may,1,-1,0,unknown,1,0.0875
41,services,single,secondary,no,-68,yes,no,cellular,3,apr,3,-1,0,unknown,1,0.0875
59,services,married,secondary,no,0,yes,no,cellular,12,may,3,-1,0,unknown,1,0.0875
37,entrepreneur,single,tertiary,no,65,no,no,cellular,31,jul,4,-1,0,unknown,1,0.0875
34,technician,married,unknown,no,4053,yes,no,unknown,23,may,2,-1,0,unknown,1,0.0875
49,services,married,primary,no,784,yes,no,cellular,14,jul,4,-1,0,unknown,1,0.0875
26,services,divorced,primary,no,633,yes,no,unknown,27,may,2,-1,0,unknown,1,0.0875
37,unknown,single,unknown,no,414,yes,no,unknown,7,may,1,-1,0,unknown,1,0.0875
50,blue-collar,married,secondary,no,-731,yes,no,cellular,15,jul,4,-1,0,unknown,1,0.0875
27,management,single,tertiary,no,703,yes,no,unknown,5,jun,3,-1,0,unknown,1,0.0875
38,blue-collar,married,primary,no,1428,yes,no,telephone,18,may,5,-1,0,unknown,1,0.0875
49,entrepreneur,married,secondary,no,2655,no,no,cellular,17,nov,1,-1,0,unknown,1,0.0875
44,technician,married,secondary,no,-372,yes,no,cellular,17,apr,3,-1,0,unknown,1,0.0875
57,self-employed,married,secondary,no,2109,no,no,cellular,21,aug,6,-1,0,unknown,1,0.0875
43,management,married,tertiary,no,690,yes,no,cellular,6,aug,3,-1,0,unknown,1,0.085
54,management,married,primary,no,1691,yes,no,cellular,20,nov,1,-1,0,unknown,1,0.085
36,housemaid,divorced,secondary,no,181,yes,no,cellular,18,jul,1,-1,0,unknown,1,0.085
27,management,single,tertiary,yes,-308,yes,no,unknown,16,may,16,-1,0,unknown,1,0.085
22,student,single,secondary,no,252,yes,no,cellular,7,may,3,-1,0,unknown,1,0.085
26,student,single,secondary,no,-147,no,no,unknown,4,jun,2,-1,0,unknown,1,0.085
42,technician,single,tertiary,no,166,no,no,cellular,12,aug,4,-1,0,unknown,1,0.085
53,technician,single,secondary,no,6164,yes,no,cellular,17,nov,1,-1,0,unknown,1,0.085
36,management,married,tertiary,no,242,yes,no,cellular,14,may,1,-1,0,unknown,1,0.085
37,management,divorced,tertiary,no,-42,yes,no,cellular,14,may,2,-1,0,unknown,1,0.085
32,technician,married,secondary,no,641,yes,no,unknown,21,may,1,-1,0,unknown,1,0.085
46,technician,single,tertiary,no,1448,no,no,cellular,17,nov,1,-1,0,unknown,1,0.085
32,management,divorced,tertiary,no,4393,no,no,cellular,27,aug,3,-1,0,unknown,1,0.085
33,management,married,tertiary,no,22867,yes,no,cellular,10,nov,2,92,3,failure,1,0.085
39,technician,married,unknown,no,195,no,no,cellular,6,feb,2,-1,0,unknown,1,0.085
50,management,married,tertiary,no,2479,no,no,cellular,17,nov,1,-1,0,unknown,1,0.085
40,management,divorced,tertiary,no,205,no,no,cellular,25,jul,1,-1,0,unknown,1,0.085
44,admin.,married,tertiary,no,688,no,no,telephone,19,nov,1,-1,0,unknown,1,0.085
41,admin.,married,secondary,no,2661,yes,no,telephone,24,jul,1,-1,0,unknown,1,0.085
32,blue-collar,married,secondary,yes,-238,yes,no,unknown,27,may,1,-1,0,unknown,1,0.085
39,management,divorced,tertiary,no,267,yes,yes,cellular,16,apr,1,-1,0,unknown,1,0.085
22,blue-collar,single,secondary,no,104,yes,no,cellular,17,apr,1,339,1,other,1,0.085
34,technician,married,secondary,no,656,yes,no,cellular,15,may,7,372,1,other,1,0.085
44,management,married,tertiary,no,0,no,no,cellular,28,jan,2,-1,0,unknown,1,0.085
29,technician,single,unknown,no,0,no,yes,cellular,22,jul,6,-1,0,unknown,1,0.085
59,retired,married,secondary,no,1066,yes,no,cellular,28,jan,2,-1,0,unknown,1,0.085
35,admin.,married,tertiary,no,163,yes,no,cellular,6,aug,6,-1,0,unknown,1,0.085
31,technician,single,tertiary,no,454,no,no,cellular,4,feb,3,-1,0,unknown,1,0.085
33,technician,single,secondary,no,3264,no,no,cellular,14,aug,4,-1,0,unknown,1,0.085
54,retired,married,primary,no,235,no,yes,cellular,31,jul,5,-1,0,unknown,1,0.085
33,management,married,tertiary,no,1163,yes,no,cellular,10,jul,1,-1,0,unknown,1,0.085
24,technician,single,secondary,no,-232,yes,no,cellular,18,may,1,-1,0,unknown,1,0.085
44,management,married,secondary,no,597,yes,no,cellular,7,aug,2,-1,0,unknown,1,0.085
27,blue-collar,married,primary,no,1,yes,no,cellular,5,may,2,-1,0,unknown,1,0.085
32,admin.,single,secondary,no,5,yes,yes,cellular,8,apr,1,-1,0,unknown,1,0.085
27,admin.,single,secondary,no,-550,yes,no,cellular,9,feb,3,195,15,other,1,0.085
26,admin.,married,secondary,no,0,yes,no,cellular,18,jul,6,-1,0,unknown,1,0.085
32,services,married,secondary,no,8043,yes,no,cellular,21,nov,1,-1,0,unknown,1,0.085
34,self-employed,married,tertiary,no,870,no,no,cellular,10,jul,1,-1,0,unknown,1,0.085
30,services,single,secondary,no,190,no,no,cellular,21,nov,1,-1,0,unknown,1,0.085
49,admin.,married,secondary,no,3608,yes,no,unknown,13,nov,1,-1,0,unknown,1,0.085
29,management,single,tertiary,no,572,yes,no,telephone,8,nov,1,-1,0,unknown,1,0.085
38,blue-collar,married,secondary,no,0,no,no,cellular,20,nov,3,-1,0,unknown,1,0.085
24,technician,married,secondary,no,556,yes,no,cellular,18,aug,2,-1,0,unknown,1,0.085
39,management,single,tertiary,no,4239,yes,no,cellular,7,may,1,-1,0,unknown,1,0.085
26,admin.,married,secondary,no,1417,yes,no,unknown,6,jun,3,-1,0,unknown,1,0.085
31,technician,married,secondary,no,5467,yes,no,cellular,13,apr,1,-1,0,unknown,1,0.085
30,management,single,secondary,no,7870,yes,no,cellular,28,aug,7,-1,0,unknown,1,0.085
24,admin.,married,secondary,no,0,yes,no,cellular,16,apr,1,-1,0,unknown,1,0.085
34,technician,single,secondary,no,105,yes,no,cellular,7,may,2,171,3,failure,1,0.085
43,blue-collar,married,secondary,no,4520,yes,no,unknown,15,may,4,-1,0,unknown,1,0.085
24,self-employed,single,tertiary,no,931,yes,no,unknown,28,may,4,-1,0,unknown,1,0.085
52,technician,married,secondary,no,786,no,no,cellular,8,jul,1,-1,0,unknown,1,0.085
50,admin.,married,unknown,no,4861,no,no,cellular,17,nov,2,-1,0,unknown,1,0.085
40,technician,single,secondary,no,287,yes,no,cellular,8,may,1,298,3,failure,1,0.085
38,self-employed,single,secondary,no,677,yes,no,cellular,14,may,2,-1,0,unknown,1,0.085
31,admin.,divorced,secondary,no,824,yes,no,unknown,2,jul,3,-1,0,unknown,1,0.085
33,entrepreneur,married,tertiary,no,407,yes,no,cellular,28,jul,2,-1,0,unknown,1,0.085
26,services,married,secondary,no,4,yes,no,cellular,28,jul,2,-1,0,unknown,1,0.085
33,management,married,tertiary,no,271,yes,no,cellular,14,aug,2,-1,0,unknown,1,0.085
57,admin.,married,secondary,no,999,no,no,cellular,4,aug,1,-1,0,unknown,1,0.085
34,services,single,secondary,no,1921,yes,no,cellular,4,feb,1,-1,0,unknown,1,0.085
49,blue-collar,married,primary,no,3103,no,no,cellular,9,feb,5,-1,0,unknown,1,0.085
35,services,married,secondary,no,2048,yes,no,cellular,11,may,1,173,2,failure,1,0.085
27,technician,married,secondary,no,-392,yes,no,cellular,23,jul,2,-1,0,unknown,1,0.085
30,management,single,tertiary,yes,35,no,no,cellular,30,jul,4,-1,0,unknown,1,0.085
51,blue-collar,married,primary,no,2095,yes,yes,cellular,2,feb,4,-1,0,unknown,1,0.085
53,technician,single,secondary,no,198,yes,yes,unknown,30,may,2,-1,0,unknown,1,0.085
35,blue-collar,married,unknown,no,568,yes,no,cellular,14,may,2,293,1,failure,1,0.085
37,management,married,primary,no,5427,no,no,cellular,18,nov,1,159,1,failure,1,0.085
39,blue-collar,divorced,secondary,yes,-202,yes,yes,cellular,15,may,4,-1,0,unknown,1,0.085
44,technician,divorced,secondary,no,-865,yes,no,cellular,20,apr,1,-1,0,unknown,1,0.085
39,services,married,secondary,no,1068,yes,no,cellular,14,jul,3,-1,0,unknown,1,0.085
46,entrepreneur,married,tertiary,no,120,no,no,unknown,17,jun,4,-1,0,unknown,1,0.085
31,blue-collar,single,unknown,no,-340,yes,no,cellular,30,jul,6,-1,0,unknown,1,0.085
30,management,single,tertiary,no,334,no,no,cellular,14,aug,2,-1,0,unknown,1,0.085
40,admin.,divorced,secondary,no,221,yes,no,unknown,13,may,2,-1,0,unknown,1,0.085
38,admin.,single,unknown,no,446,yes,no,unknown,13,may,1,-1,0,unknown,1,0.085
54,admin.,married,secondary,no,276,yes,yes,cellular,27,apr,1,-1,0,unknown,1,0.0825
36,technician,married,secondary,no,6384,yes,yes,cellular,18,nov,1,-1,0,unknown,1,0.0825
46,technician,single,secondary,no,874,no,no,cellular,19,nov,3,-1,0,unknown,1,0.0825
31,management,single,tertiary,no,18,no,no,cellular,8,aug,2,-1,0,unknown,1,0.0825
53,technician,divorced,tertiary,no,2228,no,no,cellular,17,nov,1,-1,0,unknown,1,0.0825
38,blue-collar,single,secondary,no,577,yes,no,unknown,2,jun,2,-1,0,unknown,1,0.0825
59,blue-collar,married,primary,no,80,yes,no,telephone,31,jul,21,-1,0,unknown,1,0.0825
34,entrepreneur,married,secondary,yes,-868,yes,no,unknown,30,jun,2,-1,0,unknown,1,0.0825
43,management,married,tertiary,no,15423,yes,yes,cellular,21,nov,2,-1,0,unknown,1,0.0825
29,management,single,tertiary,no,13,yes,no,cellular,15,may,6,-1,0,unknown,1,0.0825
33,admin.,married,secondary,no,105,yes,no,unknown,26,may,4,-1,0,unknown,1,0.0825
59,retired,married,primary,no,3079,no,no,telephone,31,jul,2,-1,0,unknown,1,0.0825
47,entrepreneur,married,secondary,no,0,no,no,unknown,5,jun,1,-1,0,unknown,1,0.0825
31,blue-collar,married,secondary,no,79,yes,yes,cellular,23,jul,11,-1,0,unknown,1,0.0825
29,admin.,single,secondary,no,305,yes,no,cellular,18,may,4,304,1,failure,1,0.0825
27,student,single,secondary,no,3,no,no,cellular,28,jan,1,-1,0,unknown,1,0.0825
30,services,single,secondary,no,566,no,no,cellular,5,feb,1,-1,0,unknown,1,0.0825
37,management,single,tertiary,no,2576,yes,no,cellular,13,may,1,-1,0,unknown,1,0.0825
50,management,married,secondary,no,125,yes,yes,cellular,14,may,5,-1,0,unknown,1,0.0825
45,management,married,tertiary,no,-52,yes,no,unknown,19,jun,1,-1,0,unknown,1,0.0825
41,management,single,tertiary,no,1982,no,no,cellular,21,nov,1,-1,0,unknown,1,0.0825
42,management,married,tertiary,no,5,no,no,cellular,21,nov,2,-1,0,unknown,1,0.0825
39,management,single,tertiary,no,889,no,no,cellular,20,nov,2,185,4,failure,1,0.0825
38,technician,married,secondary,no,284,yes,no,unknown,6,may,1,-1,0,unknown,1,0.0825
36,self-employed,single,tertiary,no,2000,no,no,unknown,6,jun,1,-1,0,unknown,1,0.0825
39,management,married,tertiary,no,2450,no,no,cellular,20,nov,2,-1,0,unknown,1,0.0825
37,self-employed,divorced,tertiary,yes,353,yes,yes,cellular,18,nov,1,-1,0,unknown,1,0.0825
36,technician,single,secondary,no,140,yes,no,cellular,19,aug,9,-1,0,unknown,1,0.0825
33,entrepreneur,single,tertiary,no,484,yes,no,cellular,29,jan,1,-1,0,unknown,1,0.0825
34,technician,single,secondary,no,27446,yes,no,cellular,21,nov,2,-1,0,unknown,1,0.0825
34,services,single,tertiary,no,239,no,no,cellular,28,jan,2,-1,0,unknown,1,0.0825
37,technician,single,secondary,no,133,yes,no,cellular,24,jul,2,-1,0,unknown,1,0.0825
39,technician,single,tertiary,no,1043,no,no,cellular,18,aug,10,-1,0,unknown,1,0.0825
39,management,married,tertiary,no,-468,yes,yes,cellular,8,aug,2,-1,0,unknown,1,0.0825
33,blue-collar,married,secondary,no,328,yes,no,telephone,30,jul,9,-1,0,unknown,1,0.0825
32,management,single,tertiary,no,611,yes,yes,cellular,9,jul,1,-1,0,unknown,1,0.0825
60,retired,divorced,tertiary,no,1349,no,yes,unknown,26,jun,2,-1,0,unknown,1,0.0825
44,self-employed,married,secondary,no,335,no,no,cellular,2,feb,1,-1,0,unknown,1,0.0825
59,blue-collar,married,secondary,yes,-918,yes,no,unknown,16,jun,2,-1,0,unknown,1,0.0825
26,student,single,secondary,no,715,yes,no,unknown,20,jun,10,-1,0,unknown,1,0.0825
40,management,single,secondary,no,10378,yes,no,cellular,17,nov,3,-1,0,unknown,1,0.0825
29,technician,single,tertiary,no,183,yes,yes,cellular,6,may,1,343,2,failure,1,0.0825
27,technician,married,secondary,no,2460,yes,no,cellular,15,may,2,-1,0,unknown,1,0.0825
33,technician,single,tertiary,no,81,no,no,cellular,18,jul,1,-1,0,unknown,1,0.0825
28,admin.,single,secondary,no,392,yes,yes,cellular,4,feb,2,259,2,failure,1,0.0825
47,blue-collar,married,secondary,no,4101,yes,no,cellular,23,jul,1,-1,0,unknown,1,0.0825
30,entrepreneur,married,tertiary,no,366,no,no,cellular,13,aug,6,-1,0,unknown,1,0.0825
38,admin.,married,primary,no,0,yes,yes,telephone,25,jul,5,-1,0,unknown,1,0.0825
36,management,single,tertiary,no,4,yes,no,cellular,7,may,2,342,1,failure,1,0.0825
41,unemployed,divorced,secondary,no,1281,no,no,cellular,31,jul,3,-1,0,unknown,1,0.0825
46,technician,divorced,secondary,no,3455,yes,no,unknown,14,may,2,-1,0,unknown,1,0.0825
32,blue-collar,married,primary,no,1504,yes,no,cellular,17,apr,2,-1,0,unknown,1,0.0825
59,retired,single,secondary,no,30,yes,no,unknown,5,may,1,-1,0,unknown,1,0.0825
26,blue-collar,married,secondary,no,284,yes,no,unknown,27,may,1,-1,0,unknown,1,0.0825
29,unemployed,single,primary,no,550,no,no,cellular,29,jan,1,-1,0,unknown,1,0.0825
39,admin.,divorced,secondary,no,536,no,no,cellular,28,jan,1,-1,0,unknown,1,0.0825
59,management,married,tertiary,no,3779,no,no,cellular,18,aug,3,-1,0,unknown,1,0.0825
27,services,single,secondary,no,-74,yes,no,cellular,15,may,1,345,1,failure,1,0.0825
33,housemaid,married,primary,no,212,yes,no,cellular,11,jul,2,-1,0,unknown,1,0.0825
28,services,divorced,secondary,no,6,yes,yes,cellular,5,may,2,278,23,other,1,0.0825
36,management,divorced,tertiary,yes,20,no,yes,unknown,24,jun,5,-1,0,unknown,1,0.0825
33,management,married,tertiary,no,685,no,no,cellular,12,aug,2,-1,0,unknown,1,0.0825
47,self-employed,married,unknown,no,14,yes,no,cellular,15,may,1,-1,0,unknown,1,0.0825
55,management,single,tertiary,no,1464,yes,no,unknown,16,may,1,-1,0,unknown,1,0.0825
37,blue-collar,married,secondary,no,0,yes,no,cellular,21,nov,1,113,5,other,1,0.0825
29,services,single,unknown,no,33,no,no,unknown,1,jul,1,-1,0,unknown,1,0.0825
35,technician,married,secondary,no,18,yes,yes,cellular,14,may,2,-1,0,unknown,1,0.0825
29,admin.,single,secondary,no,209,no,no,cellular,5,feb,2,-1,0,unknown,1,0.0825
29,technician,married,secondary,no,1180,yes,no,cellular,17,apr,3,323,3,failure,1,0.0825
25,admin.,single,secondary,no,248,yes,no,cellular,14,may,1,-1,0,unknown,1,0.0825
35,blue-collar,married,secondary,no,199,yes,no,cellular,17,apr,1,344,3,failure,1,0.0825
57,services,married,primary,no,1896,no,no,cellular,29,jul,4,-1,0,unknown,1,0.0825
28,admin.,married,secondary,no,49,yes,no,cellular,20,apr,3,-1,0,unknown,1,0.0825
34,blue-collar,single,primary,no,2299,no,no,cellular,21,nov,2,-1,0,unknown,1,0.0825
52,management,married,tertiary,no,809,no,no,cellular,4,aug,1,-1,0,unknown,1,0.0825
29,management,single,tertiary,no,1218,no,no,cellular,30,jan,2,-1,0,unknown,1,0.0825
43,blue-collar,married,secondary,no,1311,yes,no,unknown,14,may,1,-1,0,unknown,1,0.0825
43,services,divorced,secondary,no,957,no,yes,cellular,22,jul,4,-1,0,unknown,1,0.0825
58,services,divorced,secondary,no,796,no,no,cellular,18,aug,7,-1,0,unknown,1,0.0825
28,management,single,tertiary,no,-380,yes,no,unknown,4,jun,4,-1,0,unknown,1,0.0825
31,management,single,tertiary,no,574,yes,no,cellular,16,jul,2,-1,0,unknown,1,0.0825
38,services,divorced,primary,no,0,yes,no,cellular,20,apr,3,151,3,failure,1,0.0825
45,blue-collar,married,secondary,no,827,yes,yes,cellular,8,aug,2,-1,0,unknown,1,0.0825
30,technician,single,secondary,no,115,no,no,cellular,13,may,1,351,1,failure,1,0.0825
40,unemployed,single,secondary,no,350,yes,no,unknown,7,may,1,-1,0,unknown,1,0.0825
40,blue-collar,married,primary,no,-214,yes,no,cellular,16,apr,2,266,1,other,1,0.0825
48,admin.,single,secondary,no,1234,yes,no,cellular,8,apr,1,-1,0,unknown,1,0.0825
47,management,married,tertiary,no,3556,yes,no,unknown,20,jun,4,-1,0,unknown,1,0.08
24,technician,single,secondary,no,-46,yes,no,unknown,19,may,1,-1,0,unknown,1,0.08
50,admin.,divorced,secondary,no,81,no,yes,cellular,21,nov,1,-1,0,unknown,1,0.08
40,blue-collar,divorced,secondary,no,973,no,no,cellular,14,may,1,-1,0,unknown,1,0.08
27,blue-collar,single,secondary,no,87,no,no,telephone,10,jul,1,-1,0,unknown,1,0.08
52,entrepreneur,divorced,secondary,no,7,no,no,cellular,24,jul,5,-1,0,unknown,1,0.08
33,technician,married,secondary,no,575,no,yes,cellular,4,feb,2,-1,0,unknown,1,0.08
48,services,single,secondary,no,3778,yes,no,unknown,3,jun,6,-1,0,unknown,1,0.08
22,admin.,single,secondary,no,1157,yes,yes,cellular,18,may,2,-1,0,unknown,1,0.08
35,unemployed,single,secondary,no,9,yes,no,cellular,13,may,2,364,2,failure,1,0.08
36,blue-collar,married,secondary,no,218,yes,no,cellular,4,may,6,-1,0,unknown,1,0.08
50,technician,married,secondary,no,3176,no,no,cellular,7,aug,1,-1,0,unknown,1,0.08
32,blue-collar,single,secondary,no,235,yes,no,cellular,12,may,1,-1,0,unknown,1,0.08
30,management,married,secondary,yes,471,yes,no,cellular,26,aug,4,-1,0,unknown,1,0.08
33,blue-collar,married,secondary,no,1130,yes,no,cellular,7,apr,1,-1,0,unknown,1,0.08
50,entrepreneur,married,secondary,no,533,yes,no,cellular,11,may,2,-1,0,unknown,1,0.08
46,blue-collar,divorced,primary,no,358,no,no,unknown,17,jun,2,-1,0,unknown,1,0.08
32,management,married,tertiary,no,393,no,no,cellular,28,jan,2,-1,0,unknown,1,0.08
31,technician,single,tertiary,no,1710,yes,no,unknown,23,may,1,-1,0,unknown,1,0.08
27,technician,single,unknown,no,555,no,no,unknown,11,jun,9,-1,0,unknown,1,0.08
44,blue-collar,married,secondary,no,215,no,yes,cellular,28,jul,5,-1,0,unknown,1,0.08
43,self-employed,married,primary,yes,385,no,no,cellular,6,aug,2,-1,0,unknown,1,0.08
52,management,married,tertiary,no,2428,yes,no,cellular,28,jul,3,-1,0,unknown,1,0.08
46,technician,divorced,secondary,no,111,yes,no,cellular,19,nov,3,183,2,other,1,0.08
42,admin.,single,secondary,no,30,yes,no,cellular,4,feb,1,266,3,failure,1,0.08
47,technician,divorced,tertiary,no,8,no,no,cellular,29,aug,2,-1,0,unknown,1,0.08
45,management,married,tertiary,no,1293,no,no,telephone,16,jul,3,-1,0,unknown,1,0.08
33,technician,single,secondary,no,151,yes,no,cellular,27,aug,6,-1,0,unknown,1,0.08
37,technician,married,secondary,no,1016,yes,yes,cellular,20,nov,3,8,1,failure,1,0.08
54,technician,single,tertiary,no,3233,no,no,unknown,20,jun,3,-1,0,unknown,1,0.08
38,management,married,tertiary,no,1223,no,no,cellular,12,aug,5,-1,0,unknown,1,0.08
43,management,married,tertiary,no,28,yes,no,cellular,15,may,1,176,1,failure,1,0.08
55,blue-collar,divorced,secondary,no,462,yes,no,cellular,20,apr,1,332,3,failure,1,0.08
44,services,divorced,tertiary,no,2279,no,yes,cellular,19,nov,1,146,1,failure,1,0.08
38,management,single,tertiary,no,2357,yes,no,cellular,21,jul,1,-1,0,unknown,1,0.08
38,technician,married,tertiary,no,472,yes,no,cellular,20,apr,5,326,3,failure,1,0.08
36,management,single,secondary,no,0,no,no,cellular,13,aug,5,-1,0,unknown,1,0.08
23,technician,single,secondary,no,-782,yes,yes,unknown,19,jun,10,-1,0,unknown,1,0.08
27,technician,single,secondary,no,357,yes,no,unknown,29,may,3,-1,0,unknown,1,0.08
59,blue-collar,married,primary,no,-365,yes,no,cellular,17,jul,11,-1,0,unknown,1,0.08
32,blue-collar,single,primary,no,5418,yes,no,unknown,6,jun,6,-1,0,unknown,1,0.08
37,services,single,unknown,no,-118,yes,no,unknown,6,may,2,-1,0,unknown,1,0.08
55,retired,divorced,primary,no,53,yes,no,unknown,29,may,2,-1,0,unknown,1,0.08
47,technician,married,primary,no,187,yes,no,unknown,9,may,1,-1,0,unknown,1,0.08
31,management,married,tertiary,no,0,yes,no,cellular,4,may,2,167,1,failure,1,0.08
51,admin.,married,secondary,no,1574,no,no,cellular,4,feb,2,-1,0,unknown,1,0.08
27,services,single,primary,no,140,yes,yes,cellular,25,jul,1,-1,0,unknown,1,0.08
46,entrepreneur,married,tertiary,no,954,yes,yes,cellular,4,feb,2,-1,0,unknown,1,0.08
42,technician,single,tertiary,no,-411,yes,no,cellular,12,may,5,292,3,failure,1,0.08
34,management,single,tertiary,no,-292,yes,no,cellular,11,aug,2,-1,0,unknown,1,0.08
31,management,single,tertiary,no,86,no,no,cellular,29,jan,1,170,4,failure,1,0.08
51,unemployed,married,primary,no,1162,yes,no,cellular,25,jul,1,-1,0,unknown,1,0.08
38,admin.,single,secondary,no,902,yes,no,telephone,31,jul,13,-1,0,unknown,1,0.08
35,management,married,tertiary,no,106,no,yes,cellular,11,aug,2,-1,0,unknown,1,0.08
25,self-employed,single,secondary,no,1242,yes,no,unknown,28,may,2,-1,0,unknown,1,0.08
30,technician,single,secondary,no,224,yes,no,cellular,8,aug,2,-1,0,unknown,1,0.08
49,blue-collar,married,unknown,no,1944,no,no,unknown,5,jun,1,-1,0,unknown,1,0.08
30,management,divorced,tertiary,no,415,yes,yes,cellular,6,may,1,343,4,failure,1,0.08
56,management,married,tertiary,no,247,no,no,cellular,30,jul,2,-1,0,unknown,1,0.08
52,services,married,secondary,no,1645,no,no,cellular,28,aug,1,-1,0,unknown,1,0.08
53,retired,married,secondary,no,1278,yes,no,telephone,15,jul,3,-1,0,unknown,1,0.08
31,entrepreneur,divorced,secondary,no,82,no,no,telephone,21,nov,5,-1,0,unknown,1,0.08
56,admin.,single,secondary,no,791,yes,no,cellular,18,may,2,-1,0,unknown,1,0.08
32,admin.,single,secondary,no,458,no,yes,cellular,23,jul,2,-1,0,unknown,1,0.08
57,unemployed,married,tertiary,no,42,no,no,unknown,5,may,1,-1,0,unknown,1,0.08
46,admin.,married,secondary,no,1083,no,no,cellular,25,aug,9,-1,0,unknown,1,0.08
52,management,married,secondary,no,-892,yes,no,cellular,13,aug,2,-1,0,unknown,1,0.08
42,blue-collar,divorced,secondary,no,3407,no,no,cellular,7,jul,2,-1,0,unknown,1,0.08
28,technician,single,tertiary,no,1628,yes,no,cellular,25,jul,2,-1,0,unknown,1,0.08
32,management,divorced,secondary,no,-352,no,yes,cellular,6,aug,5,-1,0,unknown,1,0.08
33,management,single,secondary,no,802,yes,no,cellular,6,may,1,-1,0,unknown,1,0.08
44,services,married,secondary,no,850,no,yes,cellular,16,jul,5,-1,0,unknown,1,0.08
44,blue-collar,married,primary,no,749,yes,no,unknown,16,jun,2,-1,0,unknown,1,0.08
28,admin.,married,secondary,no,934,yes,no,unknown,4,jul,2,-1,0,unknown,1,0.08
27,admin.,single,secondary,no,321,no,yes,unknown,2,sep,1,-1,0,unknown,1,0.08
28,services,single,secondary,no,-221,no,yes,cellular,23,jul,12,-1,0,unknown,1,0.08
51,admin.,married,secondary,no,907,yes,no,telephone,21,jul,3,-1,0,unknown,1,0.08
41,blue-collar,married,primary,no,219,no,yes,unknown,18,jun,3,-1,0,unknown,1,0.08
43,management,single,secondary,no,469,yes,no,cellular,17,nov,4,-1,0,unknown,1,0.08
33,admin.,married,secondary,no,680,yes,no,cellular,6,may,1,-1,0,unknown,1,0.08
36,services,single,secondary,no,-253,yes,no,cellular,14,apr,1,-1,0,unknown,1,0.0775
30,technician,married,tertiary,no,141,no,no,cellular,29,jan,2,-1,0,unknown,1,0.0775
52,blue-collar,married,secondary,no,543,yes,no,cellular,13,apr,2,-1,0,unknown,1,0.0775
31,blue-collar,married,secondary,no,932,yes,no,unknown,21,may,2,-1,0,unknown,1,0.0775
35,blue-collar,divorced,primary,no,4401,yes,no,cellular,6,may,2,279,4,failure,1,0.0775
37,management,married,tertiary,no,7785,yes,no,cellular,17,apr,2,-1,0,unknown,1,0.0775
30,technician,divorced,secondary,no,2403,no,no,cellular,20,aug,2,-1,0,unknown,1,0.0775
28,services,single,secondary,no,1636,yes,no,cellular,18,may,1,355,2,failure,1,0.0775
29,technician,single,tertiary,no,615,yes,no,cellular,18,may,1,-1,0,unknown,1,0.0775
47,management,divorced,tertiary,no,10399,yes,no,unknown,15,may,2,-1,0,unknown,1,0.0775
31,admin.,single,secondary,no,4388,yes,no,unknown,27,may,2,-1,0,unknown,1,0.0775
32,blue-collar,married,secondary,no,0,yes,no,cellular,20,nov,1,170,1,other,1,0.0775
40,technician,single,tertiary,no,1646,yes,no,cellular,2,feb,1,242,2,failure,1,0.0775
46,technician,married,secondary,no,0,no,no,cellular,28,aug,2,-1,0,unknown,1,0.0775
31,blue-collar,married,secondary,no,897,yes,no,unknown,20,may,2,-1,0,unknown,1,0.0775
56,admin.,divorced,primary,no,207,yes,no,unknown,3,jun,4,-1,0,unknown,1,0.0775
55,services,married,secondary,no,617,yes,no,cellular,20,apr,3,-1,0,unknown,1,0.0775
31,management,married,tertiary,no,3,yes,yes,cellular,11,feb,1,-1,0,unknown,1,0.0775
34,admin.,married,secondary,no,48,yes,no,cellular,7,may,2,287,3,other,1,0.0775
53,management,married,tertiary,no,1945,no,no,cellular,21,nov,4,106,7,failure,1,0.0775
59,admin.,married,secondary,no,4196,no,no,telephone,31,jul,2,-1,0,unknown,1,0.0775
48,management,single,tertiary,no,0,yes,yes,cellular,8,may,1,-1,0,unknown,1,0.0775
27,services,single,secondary,no,795,no,no,cellular,6,feb,3,-1,0,unknown,1,0.0775
35,management,married,tertiary,no,0,yes,no,telephone,29,jul,12,-1,0,unknown,1,0.0775
30,admin.,divorced,primary,no,1032,yes,no,unknown,29,may,5,-1,0,unknown,1,0.0775
54,retired,married,secondary,no,1826,yes,no,cellular,17,nov,4,-1,0,unknown,1,0.0775
25,admin.,married,unknown,no,349,yes,no,cellular,22,jul,8,-1,0,unknown,1,0.0775
44,blue-collar,divorced,secondary,no,427,yes,no,cellular,18,jul,1,-1,0,unknown,1,0.0775
49,blue-collar,married,secondary,no,1838,yes,no,cellular,8,jul,1,-1,0,unknown,1,0.0775
42,admin.,divorced,secondary,no,490,no,no,cellular,31,jul,4,-1,0,unknown,1,0.0775
45,technician,married,tertiary,no,4647,no,no,cellular,29,jul,3,-1,0,unknown,1,0.0775
49,blue-collar,divorced,primary,no,912,no,no,unknown,20,jun,2,-1,0,unknown,1,0.0775
31,management,single,tertiary,no,682,yes,no,unknown,26,may,5,-1,0,unknown,1,0.0775
50,technician,single,secondary,no,246,yes,no,cellular,17,jul,2,-1,0,unknown,1,0.0775
58,housemaid,married,primary,no,419,no,yes,unknown,5,jun,3,-1,0,unknown,1,0.0775
32,management,single,tertiary,no,36,no,no,cellular,28,aug,7,-1,0,unknown,1,0.0775
52,blue-collar,married,primary,no,9444,no,no,cellular,7,jul,3,-1,0,unknown,1,0.0775
34,technician,married,tertiary,no,477,no,no,telephone,29,jul,11,-1,0,unknown,1,0.0775
58,management,married,tertiary,no,230,yes,no,telephone,30,jul,10,-1,0,unknown,1,0.0775
50,blue-collar,divorced,secondary,no,204,yes,yes,unknown,14,may,1,-1,0,unknown,1,0.0775
56,blue-collar,married,primary,no,0,yes,no,cellular,16,jul,1,-1,0,unknown,1,0.0775
53,technician,married,tertiary,no,856,yes,no,cellular,4,feb,2,-1,0,unknown,1,0.0775
50,blue-collar,married,primary,no,12519,yes,no,cellular,21,nov,3,34,1,failure,1,0.0775
27,technician,single,secondary,no,1693,yes,no,unknown,26,may,2,-1,0,unknown,1,0.0775
43,blue-collar,married,unknown,no,175,no,no,cellular,7,may,1,-1,0,unknown,1,0.0775
59,retired,married,primary,no,1245,no,no,unknown,18,jun,2,-1,0,unknown,1,0.0775
35,management,divorced,tertiary,no,538,yes,no,unknown,12,may,4,-1,0,unknown,1,0.0775
51,management,married,primary,no,33,yes,no,cellular,24,jul,2,-1,0,unknown,1,0.0775
33,management,single,tertiary,no,637,no,no,cellular,14,aug,2,-1,0,unknown,1,0.0775
48,admin.,married,secondary,no,1403,no,no,cellular,7,aug,2,-1,0,unknown,1,0.0775
32,management,single,secondary,no,1615,yes,no,cellular,21,nov,3,-1,0,unknown,1,0.0775
31,management,married,tertiary,no,0,no,no,cellular,11,aug,2,-1,0,unknown,1,0.0775
49,management,divorced,tertiary,no,1904,no,yes,cellular,17,nov,2,-1,0,unknown,1,0.0775
50,management,divorced,tertiary,no,201,yes,no,cellular,24,jul,1,-1,0,unknown,1,0.0775
38,blue-collar,single,secondary,no,48,no,no,unknown,19,jun,3,-1,0,unknown,1,0.0775
31,technician,single,tertiary,no,53,no,no,cellular,28,jan,2,-1,0,unknown,1,0.0775
38,services,divorced,primary,no,92,yes,yes,unknown,29,may,3,-1,0,unknown,1,0.0775
37,admin.,divorced,unknown,no,471,yes,no,cellular,18,may,1,-1,0,unknown,1,0.0775
47,management,married,tertiary,no,6637,yes,no,cellular,17,apr,2,-1,0,unknown,1,0.0775
39,entrepreneur,married,secondary,no,10200,yes,no,cellular,3,apr,4,-1,0,unknown,1,0.0775
39,blue-collar,married,primary,no,85,yes,no,cellular,24,jul,1,-1,0,unknown,1,0.0775
23,services,single,secondary,no,292,yes,no,cellular,13,may,2,-1,0,unknown,1,0.0775
44,management,married,tertiary,no,-61,no,no,cellular,11,aug,1,-1,0,unknown,1,0.0775
60,blue-collar,married,primary,no,1477,yes,no,cellular,16,jul,3,-1,0,unknown,1,0.0775
33,management,single,tertiary,no,0,yes,yes,cellular,21,nov,2,-1,0,unknown,1,0.0775
37,blue-collar,married,unknown,no,722,yes,no,cellular,17,apr,1,150,3,failure,1,0.0775
31,blue-collar,single,secondary,no,1139,yes,no,cellular,22,jul,1,-1,0,unknown,1,0.0775
49,technician,married,secondary,no,-205,yes,yes,cellular,14,may,6,309,1,failure,1,0.0775
38,admin.,married,primary,no,3913,yes,no,cellular,20,apr,2,315,2,failure,1,0.0775
38,blue-collar,married,secondary,no,1434,no,no,unknown,6,jun,4,-1,0,unknown,1,0.0775
52,management,divorced,tertiary,no,96,no,no,cellular,19,aug,1,-1,0,unknown,1,0.0775
47,services,single,secondary,no,870,yes,no,cellular,9,feb,7,-1,0,unknown,1,0.0775
34,self-employed,single,tertiary,no,2800,yes,no,unknown,14,may,1,-1,0,unknown,1,0.0775
41,admin.,married,secondary,no,2993,yes,no,cellular,22,jul,12,-1,0,unknown,1,0.0775
43,self-employed,married,tertiary,no,819,no,no,unknown,20,jun,4,-1,0,unknown,1,0.0775
51,self-employed,divorced,secondary,no,7848,no,no,cellular,18,nov,1,-1,0,unknown,1,0.0775
33,technician,married,tertiary,no,463,no,no,cellular,25,aug,7,-1,0,unknown,1,0.0775
58,housemaid,married,tertiary,no,2858,no,no,cellular,31,jul,6,-1,0,unknown,1,0.0775
36,blue-collar,single,secondary,no,1598,yes,no,cellular,5,feb,1,-1,0,unknown,1,0.0775
38,management,single,tertiary,no,83,no,yes,telephone,15,jul,7,-1,0,unknown,1,0.0775
37,housemaid,married,secondary,no,7433,no,yes,cellular,5,feb,3,-1,0,unknown,1,0.0775
46,entrepreneur,married,tertiary,no,406,yes,no,telephone,15,jul,4,-1,0,unknown,1,0.0775
41,services,married,secondary,no,6687,yes,no,cellular,21,jul,3,-1,0,unknown,1,0.0775
57,technician,divorced,secondary,no,3105,yes,no,unknown,14,may,11,-1,0,unknown,1,0.0775
46,blue-collar,married,primary,no,2499,yes,no,unknown,16,may,3,-1,0,unknown,1,0.0775
38,management,married,secondary,no,3500,yes,no,cellular,16,jul,4,-1,0,unknown,1,0.0775
48,technician,married,secondary,no,0,yes,no,cellular,21,jul,1,-1,0,unknown,1,0.0775
28,management,single,secondary,no,62,no,no,cellular,14,jul,3,-1,0,unknown,1,0.0775
28,self-employed,single,tertiary,no,0,yes,no,cellular,29,jan,1,192,1,failure,1,0.0775
46,technician,married,secondary,no,349,yes,yes,unknown,5,may,1,-1,0,unknown,1,0.0775
20,admin.,single,secondary,no,66,yes,no,unknown,19,jun,2,-1,0,unknown,1,0.0775
37,management,married,secondary,no,857,yes,no,cellular,28,jan,1,-1,0,unknown,1,0.0775
44,management,divorced,tertiary,no,0,yes,yes,cellular,5,may,2,167,1,failure,1,0.0775
48,management,married,secondary,no,2204,yes,no,cellular,12,may,1,-1,0,unknown,1,0.0775
53,blue-collar,married,primary,no,-294,yes,yes,cellular,31,jul,22,-1,0,unknown,1,0.0775
47,self-employed,married,tertiary,no,0,no,no,telephone,21,nov,1,-1,0,unknown,1,0.0775
39,services,married,secondary,no,93,yes,no,cellular,11,may,4,-1,0,unknown,1,0.0775
37,management,married,tertiary,no,0,yes,no,telephone,28,jul,8,-1,0,unknown,1,0.0775
47,blue-collar,married,primary,no,1452,yes,yes,cellular,4,aug,2,-1,0,unknown,1,0.0775
47,technician,married,secondary,no,-59,yes,yes,cellular,11,may,1,343,2,failure,1,0.0775
28,student,single,secondary,no,689,no,no,cellular,2,feb,1,-1,0,unknown,1,0.0775
58,services,married,secondary,no,-37,no,yes,telephone,6,feb,2,205,6,failure,1,0.0775
30,services,single,secondary,no,438,yes,no,cellular,21,nov,1,-1,0,unknown,1,0.075
33,management,single,secondary,no,-665,yes,yes,cellular,16,apr,1,342,1,failure,1,0.075
33,admin.,single,secondary,no,-281,yes,yes,cellular,20,nov,1,-1,0,unknown,1,0.075
30,unemployed,single,primary,no,1,no,no,cellular,18,nov,2,-1,0,unknown,1,0.075
29,technician,single,secondary,no,1856,yes,yes,cellular,18,may,1,-1,0,unknown,1,0.075
34,entrepreneur,married,tertiary,no,0,yes,no,telephone,4,nov,1,-1,0,unknown,1,0.075
31,self-employed,single,secondary,no,202,yes,no,cellular,18,nov,1,-1,0,unknown,1,0.075
37,blue-collar,married,primary,no,1053,yes,no,unknown,29,may,2,-1,0,unknown,1,0.075
26,blue-collar,single,primary,yes,344,no,yes,cellular,29,jul,4,-1,0,unknown,1,0.075
52,retired,married,primary,no,537,no,no,unknown,9,jun,1,-1,0,unknown,1,0.075
31,blue-collar,single,secondary,no,-538,no,yes,cellular,6,feb,1,-1,0,unknown,1,0.075
40,entrepreneur,divorced,tertiary,no,992,yes,no,cellular,31,jul,2,-1,0,unknown,1,0.075
34,technician,divorced,secondary,no,558,no,no,cellular,20,nov,2,-1,0,unknown,1,0.075
55,management,divorced,tertiary,no,5253,yes,yes,cellular,20,apr,1,287,19,failure,1,0.075
31,technician,married,tertiary,no,237,yes,no,cellular,31,jul,2,-1,0,unknown,1,0.075
39,blue-collar,married,primary,no,976,yes,no,cellular,30,jan,1,2,2,other,1,0.075
47,entrepreneur,married,primary,no,668,no,no,cellular,12,may,1,-1,0,unknown,1,0.075
32,blue-collar,single,secondary,no,2696,yes,no,cellular,8,may,6,169,3,failure,1,0.075
33,technician,married,tertiary,no,300,no,no,cellular,14,aug,3,-1,0,unknown,1,0.075
51,technician,married,secondary,no,2,yes,yes,cellular,4,feb,1,205,3,failure,1,0.075
27,entrepreneur,single,secondary,no,2,yes,no,cellular,17,jul,1,-1,0,unknown,1,0.075
51,technician,married,secondary,no,100,no,no,cellular,2,feb,2,-1,0,unknown,1,0.075
33,services,married,secondary,no,255,yes,yes,cellular,5,may,4,165,4,failure,1,0.075
36,management,single,tertiary,no,0,no,yes,cellular,18,nov,1,96,4,failure,1,0.075
42,self-employed,married,tertiary,no,1202,no,no,unknown,11,jun,1,-1,0,unknown,1,0.075
45,technician,divorced,tertiary,no,206,no,no,cellular,13,aug,4,-1,0,unknown,1,0.075
27,services,single,secondary,no,430,yes,no,unknown,23,may,2,-1,0,unknown,1,0.075
33,management,married,secondary,no,4040,yes,no,cellular,20,apr,2,-1,0,unknown,1,0.075
56,management,married,tertiary,no,2551,yes,no,cellular,17,nov,2,-1,0,unknown,1,0.075
34,admin.,divorced,secondary,no,-75,no,no,cellular,3,feb,1,-1,0,unknown,1,0.075
54,services,married,secondary,no,386,yes,no,cellular,2,aug,2,-1,0,unknown,1,0.075
47,blue-collar,married,primary,yes,25,yes,yes,cellular,7,jul,3,-1,0,unknown,1,0.075
38,services,single,secondary,no,-196,yes,no,cellular,2,feb,1,271,1,failure,1,0.075
34,self-employed,married,tertiary,no,1545,yes,no,cellular,20,nov,1,183,2,failure,1,0.075
32,admin.,married,secondary,no,739,yes,yes,unknown,28,may,3,-1,0,unknown,1,0.075
31,technician,married,secondary,no,134,no,yes,unknown,4,jul,6,-1,0,unknown,1,0.075
34,technician,married,secondary,no,1234,yes,no,cellular,8,may,1,288,6,failure,1,0.075
28,services,single,secondary,no,6332,yes,no,unknown,29,may,4,-1,0,unknown,1,0.075
32,blue-collar,married,secondary,no,897,yes,no,cellular,7,apr,3,322,2,failure,1,0.075
52,unemployed,divorced,tertiary,no,0,no,no,unknown,19,jun,1,-1,0,unknown,1,0.075
41,services,married,primary,no,124,yes,no,unknown,16,may,2,-1,0,unknown,1,0.075
58,blue-collar,divorced,primary,no,2246,yes,no,cellular,14,may,2,-1,0,unknown,1,0.075
33,management,single,tertiary,no,2667,yes,no,cellular,18,may,1,180,3,failure,1,0.075
41,management,married,tertiary,no,3348,no,no,cellular,4,aug,1,-1,0,unknown,1,0.075
31,unemployed,married,primary,no,3837,no,no,cellular,20,nov,1,-1,0,unknown,1,0.075
59,retired,married,primary,no,2568,no,no,cellular,20,aug,5,-1,0,unknown,1,0.075
33,housemaid,married,primary,no,813,no,no,telephone,18,aug,2,-1,0,unknown,1,0.075
46,blue-collar,married,secondary,no,922,yes,no,telephone,18,nov,2,-1,0,unknown,1,0.075
32,management,married,secondary,no,6217,yes,yes,cellular,18,nov,2,181,2,failure,1,0.075
43,blue-collar,married,unknown,no,-19,no,yes,unknown,20,jun,2,-1,0,unknown,1,0.075
38,technician,single,tertiary,no,1674,no,no,cellular,18,nov,1,-1,0,unknown,1,0.075
33,technician,married,tertiary,no,575,yes,no,cellular,19,nov,1,-1,0,unknown,1,0.075
36,management,single,tertiary,no,546,yes,no,cellular,6,aug,3,-1,0,unknown,1,0.075
33,entrepreneur,single,secondary,yes,-1,yes,no,cellular,21,nov,2,-1,0,unknown,1,0.075
29,blue-collar,single,primary,no,1768,yes,no,cellular,13,may,3,344,1,other,1,0.075
60,blue-collar,married,primary,no,0,no,yes,cellular,13,aug,4,-1,0,unknown,1,0.075
40,services,married,secondary,no,-342,yes,no,unknown,26,may,1,-1,0,unknown,1,0.075
36,blue-collar,married,primary,no,4608,yes,no,cellular,14,may,7,-1,0,unknown,1,0.075
37,management,married,tertiary,no,7100,no,no,cellular,20,nov,2,-1,0,unknown,1,0.075
40,admin.,single,secondary,no,576,yes,yes,cellular,20,apr,3,-1,0,unknown,1,0.075
55,blue-collar,married,secondary,no,644,no,no,cellular,21,aug,3,-1,0,unknown,1,0.075
34,blue-collar,married,secondary,no,34,no,no,cellular,30,jan,1,-1,0,unknown,1,0.075
46,blue-collar,married,unknown,no,209,no,no,cellular,11,aug,2,-1,0,unknown,1,0.075
37,management,single,unknown,no,715,yes,no,unknown,20,may,2,-1,0,unknown,1,0.075
32,management,single,secondary,no,1473,no,no,cellular,14,aug,7,-1,0,unknown,1,0.075
25,blue-collar,single,secondary,no,2,no,no,unknown,4,jun,2,-1,0,unknown,1,0.075
30,technician,single,tertiary,yes,23,no,no,cellular,12,aug,4,-1,0,unknown,1,0.075
30,self-employed,single,tertiary,no,432,yes,no,cellular,2,feb,1,-1,0,unknown,1,0.075
59,retired,married,primary,yes,-1,no,no,cellular,5,aug,2,-1,0,unknown,1,0.075
56,blue-collar,married,secondary,no,-256,yes,yes,cellular,14,may,1,370,2,failure,1,0.075
32,technician,single,secondary,no,5205,no,no,cellular,20,nov,1,-1,0,unknown,1,0.075
56,management,married,secondary,no,0,no,no,telephone,18,nov,1,-1,0,unknown,1,0.075
34,management,married,tertiary,no,1116,yes,no,cellular,13,apr,1,262,5,failure,1,0.075
35,management,single,tertiary,no,620,yes,no,cellular,17,apr,2,-1,0,unknown,1,0.075
42,admin.,married,secondary,no,-1386,yes,yes,cellular,15,jul,4,-1,0,unknown,1,0.075
44,housemaid,married,secondary,no,829,no,no,cellular,28,jul,3,-1,0,unknown,1,0.075
56,blue-collar,married,secondary,no,126,no,no,cellular,14,may,2,-1,0,unknown,1,0.075
46,blue-collar,divorced,secondary,no,709,yes,no,cellular,18,jul,4,-1,0,unknown,1,0.075
34,admin.,married,secondary,no,0,yes,no,cellular,10,feb,1,85,1,failure,1,0.075
54,management,married,tertiary,no,8509,yes,no,cellular,7,may,1,-1,0,unknown,1,0.075
46,technician,divorced,tertiary,no,0,yes,no,cellular,11,aug,5,-1,0,unknown,1,0.075
45,self-employed,married,secondary,no,629,no,no,cellular,4,aug,2,-1,0,unknown,1,0.075
51,technician,single,secondary,no,-463,yes,no,cellular,5,may,1,343,3,failure,1,0.075
34,management,married,tertiary,no,-422,yes,no,cellular,30,jan,3,-1,0,unknown,1,0.075
35,management,married,tertiary,no,0,yes,yes,cellular,6,may,1,351,1,other,1,0.075
60,retired,married,tertiary,no,0,no,no,cellular,25,aug,3,-1,0,unknown,1,0.075
56,retired,divorced,secondary,no,-166,no,yes,cellular,4,aug,2,-1,0,unknown,1,0.075
35,unemployed,single,primary,yes,-84,no,no,cellular,9,feb,11,-1,0,unknown,1,0.075
38,entrepreneur,divorced,tertiary,no,504,yes,no,unknown,26,may,3,-1,0,unknown,1,0.075
41,admin.,married,secondary,no,0,yes,no,unknown,6,may,3,-1,0,unknown,1,0.075
28,admin.,single,secondary,no,305,yes,no,telephone,18,jul,1,-1,0,unknown,1,0.075
33,services,married,secondary,no,7,yes,yes,cellular,18,may,1,-1,0,unknown,1,0.075
41,services,divorced,secondary,no,727,yes,no,cellular,11,may,1,-1,0,unknown,1,0.075
31,management,divorced,tertiary,no,-6,no,yes,cellular,22,aug,6,-1,0,unknown,1,0.075
36,technician,divorced,secondary,no,-94,yes,no,cellular,2,feb,1,252,2,failure,1,0.075
29,technician,married,secondary,no,3615,yes,no,cellular,30,jul,3,-1,0,unknown,1,0.075
44,management,married,primary,no,107,no,no,unknown,24,jun,3,-1,0,unknown,1,0.0725
39,blue-collar,single,primary,no,554,no,no,telephone,31,jul,5,-1,0,unknown,1,0.0725
32,management,married,tertiary,no,8300,no,yes,cellular,14,jul,3,-1,0,unknown,1,0.0725
36,admin.,married,secondary,no,-206,yes,no,cellular,2,feb,1,-1,0,unknown,1,0.0725
45,services,single,secondary,no,-139,yes,no,unknown,9,may,3,-1,0,unknown,1,0.0725
42,blue-collar,married,secondary,no,413,yes,no,cellular,11,aug,2,-1,0,unknown,1,0.0725
51,entrepreneur,married,primary,no,538,no,no,cellular,18,nov,4,-1,0,unknown,1,0.0725
30,blue-collar,married,secondary,no,177,yes,no,cellular,9,apr,2,332,3,failure,1,0.0725
34,self-employed,single,tertiary,no,1943,yes,no,cellular,16,apr,2,-1,0,unknown,1,0.0725
34,blue-collar,married,primary,no,275,yes,no,unknown,30,may,1,-1,0,unknown,1,0.0725
43,management,married,tertiary,no,2083,no,no,cellular,21,nov,2,-1,0,unknown,1,0.0725
30,admin.,married,secondary,no,2678,yes,no,cellular,18,may,5,-1,0,unknown,1,0.0725
46,blue-collar,married,primary,no,2118,no,no,telephone,14,aug,2,-1,0,unknown,1,0.0725
31,admin.,divorced,secondary,no,525,no,yes,telephone,19,nov,7,-1,0,unknown,1,0.0725
31,housemaid,married,secondary,no,3902,yes,no,cellular,21,jul,4,-1,0,unknown,1,0.0725
49,technician,married,secondary,no,550,yes,no,unknown,5,jun,2,-1,0,unknown,1,0.0725
50,blue-collar,married,secondary,no,3558,no,no,cellular,26,aug,10,-1,0,unknown,1,0.0725
31,admin.,single,secondary,no,8626,no,no,cellular,3,feb,1,-1,0,unknown,1,0.0725
37,technician,single,secondary,no,786,yes,no,unknown,30,may,2,-1,0,unknown,1,0.0725
51,management,married,tertiary,no,0,yes,no,cellular,15,may,1,343,7,failure,1,0.0725
34,blue-collar,divorced,secondary,no,368,no,yes,cellular,7,jul,1,-1,0,unknown,1,0.0725
37,blue-collar,single,tertiary,no,344,no,no,unknown,20,jun,2,-1,0,unknown,1,0.0725
47,housemaid,married,secondary,no,131,no,no,cellular,8,aug,1,-1,0,unknown,1,0.0725
28,services,single,secondary,no,47,no,no,cellular,22,jul,2,-1,0,unknown,1,0.0725
37,entrepreneur,married,primary,no,8,yes,yes,cellular,16,jul,1,-1,0,unknown,1,0.0725
41,self-employed,married,secondary,no,3123,yes,no,cellular,3,apr,2,135,2,failure,1,0.0725
48,management,married,secondary,no,-876,no,yes,cellular,31,jul,16,-1,0,unknown,1,0.0725
47,management,divorced,tertiary,no,800,no,no,cellular,12,aug,5,-1,0,unknown,1,0.0725
56,technician,single,tertiary,no,-528,no,no,cellular,28,jan,2,184,2,failure,1,0.0725
38,technician,divorced,secondary,no,631,yes,no,cellular,25,aug,2,-1,0,unknown,1,0.0725
34,admin.,divorced,primary,no,9569,yes,no,unknown,9,may,2,-1,0,unknown,1,0.0725
35,management,married,tertiary,no,244,yes,no,cellular,11,may,2,173,1,failure,1,0.0725
42,entrepreneur,single,primary,no,103,yes,no,unknown,19,may,5,-1,0,unknown,1,0.0725
34,unemployed,married,secondary,no,428,yes,no,cellular,7,apr,2,267,3,other,1,0.0725
31,technician,married,tertiary,no,1385,no,no,cellular,25,aug,8,-1,0,unknown,1,0.0725
55,admin.,married,secondary,no,1232,no,no,cellular,27,aug,7,-1,0,unknown,1,0.0725
48,admin.,divorced,secondary,no,-513,yes,no,cellular,5,may,4,362,1,other,1,0.0725
31,services,single,secondary,no,342,yes,no,cellular,15,may,5,366,7,other,1,0.0725
27,management,single,tertiary,no,0,yes,no,cellular,30,jan,4,-1,0,unknown,1,0.0725
45,unknown,married,unknown,no,356,no,no,cellular,11,aug,2,-1,0,unknown,1,0.0725
35,self-employed,single,tertiary,no,577,yes,no,cellular,21,jul,1,-1,0,unknown,1,0.0725
36,management,single,tertiary,no,953,yes,no,cellular,17,apr,1,346,1,other,1,0.0725
32,blue-collar,married,secondary,no,17332,yes,yes,cellular,20,apr,1,-1,0,unknown,1,0.0725
30,admin.,married,secondary,no,4457,yes,no,cellular,21,nov,4,-1,0,unknown,1,0.0725
33,self-employed,married,tertiary,no,210,yes,no,cellular,5,may,1,167,1,failure,1,0.0725
29,management,married,tertiary,no,-346,no,no,cellular,29,jan,2,-1,0,unknown,1,0.0725
60,admin.,divorced,secondary,no,0,no,yes,telephone,16,jul,7,-1,0,unknown,1,0.0725
28,management,single,tertiary,no,0,yes,no,cellular,16,jul,5,-1,0,unknown,1,0.0725
44,unemployed,married,tertiary,no,17747,yes,no,cellular,5,feb,7,-1,0,unknown,1,0.0725
31,management,single,tertiary,no,3295,no,no,cellular,2,feb,2,-1,0,unknown,1,0.0725
20,blue-collar,single,secondary,no,423,yes,no,cellular,16,apr,1,-1,0,unknown,1,0.0725
40,technician,divorced,secondary,no,692,yes,no,unknown,30,may,3,-1,0,unknown,1,0.0725
30,technician,single,tertiary,no,3,yes,no,cellular,18,nov,1,195,1,failure,1,0.0725
30,services,married,secondary,no,1286,yes,yes,cellular,17,jul,1,-1,0,unknown,1,0.0725
47,management,married,tertiary,no,2261,no,no,cellular,31,jul,2,-1,0,unknown,1,0.0725
36,blue-collar,married,secondary,no,74,yes,no,cellular,8,may,2,-1,0,unknown,1,0.0725
55,blue-collar,divorced,unknown,no,1545,yes,no,cellular,14,may,1,345,2,failure,1,0.0725
59,unemployed,married,primary,no,13836,no,no,telephone,20,nov,1,-1,0,unknown,1,0.0725
30,technician,divorced,secondary,no,2262,yes,no,unknown,28,may,2,-1,0,unknown,1,0.0725
29,technician,single,secondary,no,281,yes,no,cellular,7,may,1,-1,0,unknown,1,0.0725
38,management,single,tertiary,no,8669,yes,no,telephone,21,nov,6,-1,0,unknown,1,0.0725
48,blue-collar,married,secondary,no,904,yes,no,unknown,5,may,2,-1,0,unknown,1,0.0725
36,unemployed,single,secondary,no,1806,yes,no,cellular,11,may,6,-1,0,unknown,1,0.0725
36,technician,single,secondary,no,-272,no,yes,cellular,4,jul,6,-1,0,unknown,1,0.0725
43,technician,divorced,secondary,no,0,no,no,cellular,19,aug,3,-1,0,unknown,1,0.0725
53,admin.,single,secondary,no,233,yes,no,cellular,13,may,1,-1,0,unknown,1,0.0725
30,management,single,tertiary,no,77,no,no,cellular,22,jul,1,-1,0,unknown,1,0.0725
50,entrepreneur,married,tertiary,no,6825,no,no,cellular,21,nov,9,-1,0,unknown,1,0.0725
48,management,married,secondary,no,4415,yes,no,cellular,18,nov,1,102,6,failure,1,0.0725
39,blue-collar,single,secondary,no,1967,no,no,unknown,18,jun,9,-1,0,unknown,1,0.0725
43,entrepreneur,married,tertiary,no,2589,no,no,unknown,3,jun,3,-1,0,unknown,1,0.0725
33,admin.,single,secondary,no,894,no,no,cellular,5,feb,2,-1,0,unknown,1,0.0725
29,self-employed,single,tertiary,no,392,no,yes,unknown,1,jul,1,-1,0,unknown,1,0.0725
24,technician,single,secondary,no,84,yes,no,unknown,27,may,1,-1,0,unknown,1,0.0725
40,blue-collar,married,secondary,no,1225,yes,no,unknown,5,may,5,-1,0,unknown,1,0.0725
57,management,married,tertiary,no,1357,yes,yes,cellular,18,nov,2,-1,0,unknown,1,0.0725
31,management,divorced,tertiary,no,0,no,no,cellular,2,feb,2,-1,0,unknown,1,0.0725
44,technician,married,secondary,no,106,yes,no,cellular,16,jul,6,-1,0,unknown,1,0.0725
57,management,married,tertiary,no,2101,no,no,cellular,18,nov,5,-1,0,unknown,1,0.0725
46,blue-collar,married,primary,no,327,no,yes,cellular,16,jul,4,-1,0,unknown,1,0.0725
38,admin.,married,secondary,no,253,yes,no,unknown,9,may,4,-1,0,unknown,1,0.0725
32,management,single,tertiary,no,0,no,no,cellular,21,nov,6,-1,0,unknown,1,0.0725
30,services,married,secondary,no,0,yes,no,cellular,21,nov,4,-1,0,unknown,1,0.0725
60,blue-collar,married,unknown,no,3538,no,no,unknown,11,jun,1,-1,0,unknown,1,0.0725
34,technician,married,tertiary,no,16992,yes,no,cellular,29,jan,1,245,1,failure,1,0.0725
45,technician,married,tertiary,no,285,no,no,cellular,25,aug,7,-1,0,unknown,1,0.0725
36,technician,married,secondary,no,-531,no,no,cellular,14,may,3,-1,0,unknown,1,0.0725
32,admin.,divorced,secondary,no,-46,no,yes,cellular,18,jul,4,-1,0,unknown,1,0.0725
32,blue-collar,single,secondary,no,1143,yes,yes,cellular,6,may,1,300,1,failure,1,0.0725
51,technician,divorced,tertiary,no,4596,no,no,cellular,8,aug,5,-1,0,unknown,1,0.0725
37,entrepreneur,single,tertiary,no,65,no,no,cellular,21,nov,10,113,4,failure,1,0.0725
53,services,married,secondary,no,1461,no,no,cellular,25,aug,6,-1,0,unknown,1,0.0725
30,technician,single,secondary,no,1352,yes,no,cellular,13,may,4,-1,0,unknown,1,0.0725
31,self-employed,married,secondary,yes,0,no,yes,unknown,3,jul,3,-1,0,unknown,1,0.0725
47,services,married,secondary,no,1269,yes,no,cellular,7,may,1,253,6,other,1,0.0725
47,admin.,single,secondary,no,15,no,no,cellular,2,feb,1,266,4,failure,1,0.0725
58,unemployed,divorced,secondary,no,729,no,yes,cellular,9,feb,2,-1,0,unknown,1,0.0725
59,management,divorced,tertiary,no,893,yes,no,cellular,16,apr,4,-1,0,unknown,1,0.0725
55,technician,married,tertiary,no,255,no,no,cellular,22,jul,1,-1,0,unknown,1,0.0725
37,admin.,divorced,secondary,no,673,yes,no,unknown,2,jun,2,-1,0,unknown,1,0.0725
33,blue-collar,single,secondary,no,22,no,no,cellular,30,jan,2,207,1,failure,1,0.0725
34,admin.,single,secondary,no,-478,yes,yes,unknown,27,jun,4,-1,0,unknown,1,0.0725
53,technician,single,tertiary,no,1,no,no,cellular,21,aug,1,-1,0,unknown,1,0.07
48,blue-collar,married,primary,no,3886,no,no,cellular,11,aug,2,-1,0,unknown,1,0.07
56,admin.,single,secondary,no,-273,no,no,cellular,8,jul,2,-1,0,unknown,1,0.07
43,technician,divorced,secondary,no,305,yes,no,cellular,5,may,2,250,4,failure,1,0.07
26,entrepreneur,married,tertiary,yes,144,no,yes,cellular,25,jul,1,-1,0,unknown,1,0.07
29,unemployed,married,primary,no,639,no,yes,cellular,4,feb,2,-1,0,unknown,1,0.07
49,technician,single,secondary,no,1202,yes,no,unknown,18,jun,1,-1,0,unknown,1,0.07
41,blue-collar,divorced,primary,no,2195,yes,no,unknown,3,jun,5,-1,0,unknown,1,0.07
58,technician,married,secondary,no,0,yes,no,cellular,15,jul,1,-1,0,unknown,1,0.07
31,self-employed,married,tertiary,yes,147,yes,no,cellular,11,may,5,-1,0,unknown,1,0.07
53,admin.,single,primary,no,0,yes,no,cellular,17,jul,6,-1,0,unknown,1,0.07
43,blue-collar,married,primary,no,445,yes,no,unknown,15,sep,1,-1,0,unknown,1,0.07
35,technician,single,secondary,no,300,yes,no,unknown,9,may,4,-1,0,unknown,1,0.07
31,blue-collar,single,tertiary,no,462,yes,yes,unknown,19,may,1,-1,0,unknown,1,0.07
35,admin.,single,secondary,no,847,yes,no,cellular,11,may,2,-1,0,unknown,1,0.07
31,blue-collar,married,secondary,no,1407,yes,no,cellular,6,may,3,-1,0,unknown,1,0.07
54,management,married,tertiary,no,0,no,no,unknown,5,may,2,-1,0,unknown,1,0.07
50,services,divorced,secondary,no,339,yes,no,cellular,7,may,3,-1,0,unknown,1,0.07
49,management,married,tertiary,no,0,no,no,cellular,6,aug,2,-1,0,unknown,1,0.07
31,management,single,tertiary,no,9874,yes,no,unknown,23,may,5,-1,0,unknown,1,0.07
45,blue-collar,married,primary,no,15515,no,no,cellular,4,aug,2,-1,0,unknown,1,0.07
39,retired,divorced,primary,no,284,no,no,telephone,31,jul,8,-1,0,unknown,1,0.07
43,management,married,tertiary,no,0,no,no,cellular,18,jul,1,-1,0,unknown,1,0.07
29,technician,single,secondary,no,510,yes,no,unknown,16,jun,15,-1,0,unknown,1,0.07
27,blue-collar,single,secondary,no,0,yes,no,unknown,7,may,4,-1,0,unknown,1,0.07
58,services,married,secondary,no,2745,yes,no,cellular,7,may,1,324,2,failure,1,0.07
32,technician,single,tertiary,no,514,yes,yes,cellular,20,nov,1,-1,0,unknown,1,0.07
28,management,divorced,secondary,no,-76,no,yes,cellular,14,jul,2,-1,0,unknown,1,0.07
41,blue-collar,married,primary,no,1821,no,yes,cellular,14,jul,3,-1,0,unknown,1,0.07
39,blue-collar,divorced,secondary,no,150,no,no,cellular,29,jul,4,-1,0,unknown,1,0.07
48,admin.,divorced,secondary,no,162,yes,no,cellular,12,may,1,368,4,failure,1,0.07
33,blue-collar,married,secondary,no,1834,yes,no,cellular,7,jul,3,-1,0,unknown,1,0.07
28,admin.,single,secondary,no,267,yes,no,unknown,11,jun,5,-1,0,unknown,1,0.07
38,technician,divorced,tertiary,no,915,yes,no,cellular,5,feb,7,266,4,other,1,0.07
35,blue-collar,single,secondary,no,1017,no,no,unknown,6,jun,2,-1,0,unknown,1,0.07
35,technician,married,secondary,no,327,yes,no,cellular,13,apr,3,-1,0,unknown,1,0.07
52,entrepreneur,married,tertiary,no,507,no,no,cellular,18,nov,2,-1,0,unknown,1,0.07
33,management,married,tertiary,no,2744,yes,no,telephone,19,nov,1,-1,0,unknown,1,0.07
39,blue-collar,married,secondary,no,971,yes,yes,unknown,1,jul,3,-1,0,unknown,1,0.07
57,blue-collar,married,primary,no,133,no,yes,cellular,30,jul,4,-1,0,unknown,1,0.07
43,blue-collar,married,primary,no,7343,yes,no,unknown,2,jun,4,-1,0,unknown,1,0.07
33,management,single,tertiary,no,383,yes,no,cellular,9,jul,1,-1,0,unknown,1,0.07
37,admin.,divorced,tertiary,no,4303,yes,no,unknown,23,may,1,-1,0,unknown,1,0.07
42,management,married,tertiary,no,295,yes,no,cellular,26,aug,3,-1,0,unknown,1,0.07
60,retired,married,tertiary,no,1224,yes,no,unknown,15,may,1,-1,0,unknown,1,0.07
53,entrepreneur,married,unknown,no,7,no,no,cellular,20,nov,1,-1,0,unknown,1,0.07
37,blue-collar,married,primary,no,5052,yes,no,unknown,20,jun,3,-1,0,unknown,1,0.07
54,self-employed,divorced,secondary,no,1374,yes,no,unknown,15,may,2,-1,0,unknown,1,0.07
45,self-employed,divorced,tertiary,no,963,yes,no,cellular,12,may,5,-1,0,unknown,1,0.07
33,self-employed,married,secondary,no,711,yes,no,cellular,18,may,2,-1,0,unknown,1,0.07
34,management,married,tertiary,no,186,yes,no,cellular,14,may,3,-1,0,unknown,1,0.07
52,technician,married,tertiary,no,214,no,no,cellular,29,aug,3,-1,0,unknown,1,0.07
33,technician,single,unknown,no,135,yes,no,cellular,18,may,1,-1,0,unknown,1,0.07
27,management,single,secondary,no,442,yes,no,unknown,28,may,1,-1,0,unknown,1,0.07
33,blue-collar,married,secondary,no,0,no,yes,cellular,18,jul,3,-1,0,unknown,1,0.07
30,services,single,primary,no,5746,yes,no,telephone,20,nov,2,-1,0,unknown,1,0.07
38,blue-collar,single,secondary,no,1121,no,no,unknown,18,jun,1,-1,0,unknown,1,0.07
37,self-employed,single,primary,no,235,yes,no,cellular,17,apr,4,323,9,failure,1,0.07
51,housemaid,divorced,tertiary,no,370,yes,no,cellular,19,aug,3,-1,0,unknown,1,0.07
35,technician,single,secondary,no,225,yes,no,cellular,18,may,5,-1,0,unknown,1,0.07
23,technician,single,secondary,no,158,yes,no,unknown,13,may,1,-1,0,unknown,1,0.07
41,blue-collar,married,primary,no,4593,yes,yes,cellular,17,nov,1,-1,0,unknown,1,0.07
50,management,single,tertiary,no,267,no,no,unknown,17,jun,2,-1,0,unknown,1,0.07
34,technician,single,tertiary,no,925,yes,no,cellular,13,apr,1,-1,0,unknown,1,0.07
40,technician,married,secondary,no,158,yes,no,cellular,16,apr,1,-1,0,unknown,1,0.07
34,blue-collar,single,secondary,no,62,yes,no,cellular,14,may,1,-1,0,unknown,1,0.07
31,blue-collar,married,secondary,no,66,no,no,unknown,27,may,1,-1,0,unknown,1,0.07
34,management,single,tertiary,no,6766,no,no,cellular,28,aug,5,-1,0,unknown,1,0.07
30,technician,married,primary,no,95,yes,no,cellular,15,may,2,298,1,failure,1,0.07
30,management,single,tertiary,no,0,yes,no,cellular,5,may,1,-1,0,unknown,1,0.07
35,services,married,secondary,no,128,yes,no,cellular,12,may,1,-1,0,unknown,1,0.07
36,admin.,single,secondary,no,-207,no,no,cellular,2,feb,1,-1,0,unknown,1,0.07
29,services,married,secondary,no,31,yes,no,cellular,24,jul,5,-1,0,unknown,1,0.07
26,unemployed,single,secondary,no,1064,no,no,unknown,31,may,1,-1,0,unknown,1,0.07
31,blue-collar,single,secondary,no,54,no,no,unknown,18,jun,3,-1,0,unknown,1,0.07
31,management,single,tertiary,no,307,no,no,cellular,21,nov,2,-1,0,unknown,1,0.07
49,blue-collar,married,secondary,no,1157,no,no,cellular,18,aug,4,-1,0,unknown,1,0.07
58,technician,married,secondary,no,1,no,no,cellular,28,jan,2,-1,0,unknown,1,0.07
34,blue-collar,single,primary,no,18,no,no,cellular,18,may,4,360,3,other,1,0.07
47,technician,married,tertiary,no,1115,yes,no,telephone,23,jul,9,-1,0,unknown,1,0.07
60,retired,married,secondary,no,262,no,no,cellular,18,aug,4,-1,0,unknown,1,0.07
24,management,single,tertiary,no,933,yes,no,unknown,4,jun,1,-1,0,unknown,1,0.07
55,management,divorced,tertiary,no,271,yes,no,cellular,9,apr,4,-1,0,unknown,1,0.07
36,management,married,tertiary,no,4,no,yes,cellular,29,jul,6,-1,0,unknown,1,0.07
39,entrepreneur,married,secondary,no,1171,no,yes,cellular,21,nov,2,-1,0,unknown,1,0.07
38,technician,single,tertiary,no,6889,yes,no,cellular,28,jan,1,286,3,failure,1,0.07
34,admin.,single,secondary,no,266,yes,no,cellular,6,apr,2,-1,0,unknown,1,0.07
44,entrepreneur,married,tertiary,no,1631,yes,no,cellular,17,nov,1,195,2,failure,1,0.07
49,management,divorced,tertiary,no,4961,yes,no,cellular,3,feb,2,231,1,failure,1,0.07
35,blue-collar,married,secondary,no,911,yes,no,cellular,14,may,2,175,7,failure,1,0.07
58,blue-collar,married,secondary,no,1859,yes,no,cellular,18,may,2,264,5,failure,1,0.07
30,blue-collar,married,primary,no,190,no,no,telephone,12,may,2,370,1,failure,1,0.07
33,blue-collar,married,secondary,no,89,yes,no,cellular,18,jul,2,-1,0,unknown,1,0.07
27,admin.,married,secondary,no,639,no,yes,cellular,14,jul,3,-1,0,unknown,1,0.07
45,technician,single,secondary,no,21,yes,no,cellular,25,aug,3,-1,0,unknown,1,0.07
52,admin.,married,secondary,no,3422,no,no,cellular,10,jul,1,-1,0,unknown,1,0.0675
38,management,married,unknown,no,1257,no,no,cellular,21,nov,6,-1,0,unknown,1,0.0675
33,admin.,married,secondary,no,258,yes,no,cellular,5,may,1,-1,0,unknown,1,0.0675
35,admin.,divorced,secondary,no,183,no,yes,cellular,6,feb,7,217,1,failure,1,0.0675
50,admin.,divorced,secondary,no,202,no,yes,cellular,17,nov,1,-1,0,unknown,1,0.0675
48,self-employed,divorced,secondary,yes,7,no,no,unknown,20,jun,2,-1,0,unknown,1,0.0675
40,blue-collar,married,secondary,no,306,yes,no,unknown,7,may,2,-1,0,unknown,1,0.0675
36,management,single,tertiary,no,142,yes,no,cellular,25,jul,1,-1,0,unknown,1,0.0675
55,blue-collar,divorced,secondary,no,-152,yes,no,cellular,7,may,3,-1,0,unknown,1,0.0675
34,services,married,tertiary,no,277,yes,no,cellular,17,apr,4,-1,0,unknown,1,0.0675
43,blue-collar,single,primary,no,-399,no,yes,cellular,28,jul,3,-1,0,unknown,1,0.0675
58,retired,divorced,secondary,no,-370,no,no,cellular,17,nov,1,-1,0,unknown,1,0.0675
60,retired,married,secondary,no,-240,no,no,cellular,11,aug,6,-1,0,unknown,1,0.0675
30,technician,married,secondary,no,1099,yes,no,cellular,5,feb,1,-1,0,unknown,1,0.0675
37,technician,single,secondary,no,442,yes,no,cellular,20,apr,4,349,1,other,1,0.0675
38,management,married,tertiary,no,165,yes,no,cellular,17,apr,1,260,2,other,1,0.0675
30,housemaid,single,tertiary,no,2017,yes,no,cellular,17,apr,5,-1,0,unknown,1,0.0675
46,services,married,secondary,no,184,yes,no,cellular,1,apr,1,-1,0,unknown,1,0.0675
57,admin.,married,primary,no,286,no,no,cellular,5,aug,3,-1,0,unknown,1,0.0675
48,admin.,married,secondary,no,2088,no,yes,cellular,4,feb,1,-1,0,unknown,1,0.0675
45,entrepreneur,married,primary,no,58,yes,no,telephone,13,may,3,371,3,failure,1,0.0675
26,blue-collar,single,secondary,no,49,no,no,cellular,21,jul,3,-1,0,unknown,1,0.0675
32,entrepreneur,single,primary,no,1770,no,yes,cellular,31,jul,6,-1,0,unknown,1,0.0675
44,blue-collar,divorced,secondary,no,-184,yes,no,cellular,18,nov,2,154,3,other,1,0.0675
50,housemaid,divorced,primary,no,120,yes,no,cellular,21,jul,1,-1,0,unknown,1,0.0675
46,management,single,tertiary,no,46,no,yes,unknown,18,jun,1,-1,0,unknown,1,0.0675
31,technician,married,tertiary,no,5119,no,no,cellular,21,nov,1,-1,0,unknown,1,0.0675
46,blue-collar,married,secondary,no,942,no,no,telephone,22,jul,2,-1,0,unknown,1,0.0675
31,services,married,secondary,no,1062,yes,yes,cellular,6,apr,1,-1,0,unknown,1,0.0675
41,technician,divorced,secondary,no,536,yes,no,unknown,15,may,3,-1,0,unknown,1,0.0675
29,admin.,single,secondary,no,-37,yes,no,cellular,8,jul,35,-1,0,unknown,1,0.0675
49,housemaid,married,primary,no,5038,yes,no,telephone,27,may,1,-1,0,unknown,1,0.0675
30,management,single,secondary,yes,-985,no,no,telephone,24,jul,4,-1,0,unknown,1,0.0675
54,technician,divorced,secondary,no,255,yes,no,unknown,27,jun,2,-1,0,unknown,1,0.0675
35,blue-collar,single,unknown,no,871,yes,no,unknown,6,jun,3,-1,0,unknown,1,0.0675
35,housemaid,single,unknown,no,4378,no,no,unknown,9,jun,3,-1,0,unknown,1,0.0675
29,technician,single,tertiary,no,2998,no,no,unknown,2,jun,3,-1,0,unknown,1,0.0675
27,self-employed,single,secondary,no,23,yes,no,cellular,8,may,1,-1,0,unknown,1,0.0675
48,technician,married,secondary,no,268,no,no,cellular,16,jul,1,-1,0,unknown,1,0.0675
60,management,married,unknown,no,6313,no,no,unknown,19,jun,2,-1,0,unknown,1,0.0675
34,management,single,tertiary,no,11350,yes,no,cellular,20,nov,1,-1,0,unknown,1,0.0675
30,services,single,secondary,no,62,yes,no,cellular,21,nov,1,-1,0,unknown,1,0.0675
33,blue-collar,married,secondary,no,93,no,no,telephone,9,feb,5,-1,0,unknown,1,0.0675
26,technician,married,secondary,no,518,yes,no,cellular,7,may,3,-1,0,unknown,1,0.0675
25,services,single,unknown,no,-501,yes,yes,unknown,18,jun,3,-1,0,unknown,1,0.0675
38,management,single,tertiary,no,11971,yes,no,unknown,17,nov,2,101,3,failure,1,0.0675
41,management,divorced,tertiary,no,20479,no,no,cellular,14,aug,2,-1,0,unknown,1,0.0675
31,blue-collar,single,primary,no,985,yes,no,unknown,12,may,2,-1,0,unknown,1,0.0675
52,admin.,divorced,secondary,no,131,yes,yes,unknown,13,may,1,-1,0,unknown,1,0.0675
57,unemployed,married,unknown,no,381,no,no,cellular,29,jan,1,-1,0,unknown,1,0.0675
45,blue-collar,married,secondary,no,2644,yes,no,cellular,21,nov,2,-1,0,unknown,1,0.0675
32,admin.,single,secondary,no,89,yes,yes,unknown,8,may,3,-1,0,unknown,1,0.0675
41,blue-collar,married,secondary,no,5517,yes,no,cellular,10,jul,1,-1,0,unknown,1,0.0675
33,technician,divorced,secondary,no,558,yes,no,cellular,20,aug,3,-1,0,unknown,1,0.0675
45,services,divorced,secondary,no,-179,no,no,unknown,3,jul,2,-1,0,unknown,1,0.0675
34,blue-collar,married,secondary,no,355,yes,no,cellular,18,may,3,348,3,failure,1,0.0675
49,technician,single,secondary,no,74,yes,no,unknown,30,may,1,-1,0,unknown,1,0.0675
32,self-employed,married,tertiary,no,3601,no,no,cellular,22,aug,15,-1,0,unknown,1,0.0675
54,blue-collar,divorced,secondary,no,154,yes,no,unknown,30,may,12,-1,0,unknown,1,0.0675
53,management,divorced,tertiary,no,913,no,no,cellular,20,aug,3,-1,0,unknown,1,0.0675
32,services,single,secondary,no,385,yes,no,cellular,14,may,2,-1,0,unknown,1,0.0675
31,entrepreneur,married,secondary,no,1302,yes,no,cellular,30,jul,3,-1,0,unknown,1,0.0675
30,management,single,tertiary,no,-58,no,yes,cellular,19,aug,18,-1,0,unknown,1,0.0675
40,services,married,secondary,no,949,yes,no,cellular,12,may,3,287,8,failure,1,0.0675
42,self-employed,married,secondary,no,0,no,no,cellular,31,jul,36,-1,0,unknown,1,0.0675
52,admin.,married,secondary,no,3703,yes,no,cellular,23,jul,1,-1,0,unknown,1,0.0675
53,blue-collar,married,primary,yes,-462,no,no,cellular,29,jan,1,-1,0,unknown,1,0.0675
33,technician,married,secondary,no,359,yes,no,cellular,20,apr,1,242,1,other,1,0.0675
47,admin.,married,secondary,no,663,yes,yes,cellular,12,may,1,274,6,other,1,0.0675
47,technician,married,primary,no,1280,no,no,cellular,8,may,1,-1,0,unknown,1,0.0675
34,management,divorced,tertiary,no,528,yes,no,cellular,17,apr,2,-1,0,unknown,1,0.0675
42,technician,single,secondary,no,746,no,no,cellular,30,jul,2,-1,0,unknown,1,0.0675
54,services,married,secondary,no,-165,no,yes,unknown,3,jul,1,-1,0,unknown,1,0.0675
55,technician,married,primary,no,202,no,yes,unknown,19,jun,1,-1,0,unknown,1,0.0675
31,blue-collar,single,secondary,no,509,yes,no,unknown,23,may,1,-1,0,unknown,1,0.0675
40,admin.,single,secondary,no,5061,no,yes,cellular,3,feb,2,-1,0,unknown,1,0.0675
57,services,married,secondary,no,504,no,no,cellular,8,aug,2,-1,0,unknown,1,0.0675
52,blue-collar,married,primary,no,1054,no,no,cellular,4,aug,1,-1,0,unknown,1,0.0675
29,services,married,secondary,no,1432,no,no,cellular,22,jul,8,-1,0,unknown,1,0.0675
55,unknown,married,tertiary,no,0,no,no,unknown,16,may,3,-1,0,unknown,1,0.0675
35,services,married,secondary,no,819,yes,no,telephone,14,jul,14,-1,0,unknown,1,0.0675
46,blue-collar,single,secondary,no,152,yes,no,unknown,8,may,4,-1,0,unknown,1,0.0675
37,blue-collar,single,primary,yes,21,no,no,cellular,6,may,2,-1,0,unknown,1,0.0675
45,unemployed,single,secondary,no,33,no,no,cellular,5,feb,1,-1,0,unknown,1,0.0675
32,admin.,married,secondary,no,0,no,no,cellular,30,jan,3,-1,0,unknown,1,0.0675
31,blue-collar,single,secondary,no,5607,no,no,cellular,20,nov,2,184,1,failure,1,0.0675
31,management,married,tertiary,no,792,no,no,cellular,20,aug,14,-1,0,unknown,1,0.0675
40,services,married,secondary,no,51,yes,no,cellular,11,may,1,-1,0,unknown,1,0.0675
39,entrepreneur,married,tertiary,no,350,yes,no,cellular,24,jul,2,-1,0,unknown,1,0.0675
39,entrepreneur,married,secondary,no,2139,yes,no,cellular,15,may,4,371,1,failure,1,0.0675
27,student,single,secondary,no,89,yes,no,cellular,14,may,3,-1,0,unknown,1,0.0675
28,blue-collar,married,secondary,no,2322,no,no,cellular,8,jul,4,-1,0,unknown,1,0.0675
52,technician,married,secondary,no,279,no,yes,cellular,2,feb,1,203,3,failure,1,0.0675
42,management,divorced,tertiary,no,401,yes,no,cellular,24,jul,9,-1,0,unknown,1,0.0675
56,retired,married,secondary,no,2749,yes,yes,cellular,17,nov,1,172,2,failure,1,0.0675
36,blue-collar,divorced,primary,no,553,no,no,unknown,17,jun,4,-1,0,unknown,1,0.0675
48,admin.,divorced,secondary,no,-212,yes,yes,unknown,26,may,1,-1,0,unknown,1,0.0675
39,unemployed,single,secondary,no,2645,yes,no,unknown,21,may,3,-1,0,unknown,1,0.0675
33,blue-collar,single,unknown,no,129,yes,yes,cellular,20,nov,1,-1,0,unknown,1,0.0675
37,management,married,tertiary,no,4357,no,no,cellular,31,jul,2,-1,0,unknown,1,0.0675
38,admin.,married,secondary,no,1973,no,no,cellular,21,nov,2,-1,0,unknown,1,0.0675
30,admin.,married,secondary,no,685,yes,no,unknown,20,jun,3,-1,0,unknown,1,0.0675
48,unemployed,divorced,secondary,no,1266,yes,no,telephone,3,feb,1,-1,0,unknown,1,0.0675
57,technician,married,primary,no,4442,no,no,cellular,8,jul,6,-1,0,unknown,1,0.0675
34,management,single,tertiary,no,681,no,no,cellular,6,aug,2,-1,0,unknown,1,0.0675
31,blue-collar,single,unknown,no,667,yes,no,unknown,28,may,3,-1,0,unknown,1,0.0675
40,admin.,married,secondary,no,0,yes,no,cellular,3,feb,1,201,1,failure,1,0.0675
47,services,married,secondary,no,756,no,no,cellular,25,aug,4,-1,0,unknown,1,0.0675
38,technician,single,secondary,no,613,yes,yes,cellular,6,may,2,254,14,other,1,0.0675
45,technician,married,secondary,no,256,no,no,cellular,18,aug,7,-1,0,unknown,1,0.0675
46,unemployed,married,secondary,no,16397,no,no,cellular,18,nov,1,-1,0,unknown,1,0.0675
40,management,married,secondary,no,99,no,no,cellular,9,feb,5,-1,0,unknown,1,0.0675
37,technician,single,secondary,no,123,no,yes,cellular,5,feb,1,-1,0,unknown,1,0.0675
32,housemaid,divorced,secondary,no,715,yes,yes,unknown,16,may,15,-1,0,unknown,1,0.0675
36,management,single,secondary,no,1785,no,no,cellular,21,nov,2,-1,0,unknown,1,0.0675
33,entrepreneur,married,secondary,no,0,no,yes,cellular,7,jul,4,-1,0,unknown,1,0.0675
46,blue-collar,married,secondary,no,2485,yes,no,unknown,13,may,4,-1,0,unknown,1,0.0675
31,management,single,tertiary,no,1598,yes,no,cellular,7,jul,33,-1,0,unknown,1,0.0675
47,blue-collar,married,primary,no,-169,no,yes,cellular,13,may,1,349,3,failure,1,0.0675
29,blue-collar,married,primary,no,79,yes,no,cellular,18,may,4,356,2,failure,1,0.0675
38,entrepreneur,married,tertiary,no,136,yes,yes,cellular,2,feb,2,-1,0,unknown,1,0.0675
47,blue-collar,single,secondary,yes,-380,no,no,cellular,9,jul,17,-1,0,unknown,1,0.0675
33,blue-collar,divorced,secondary,no,-238,yes,no,unknown,13,may,2,-1,0,unknown,1,0.0675
57,technician,married,secondary,no,1753,yes,no,cellular,7,may,1,-1,0,unknown,1,0.0675
44,blue-collar,married,primary,no,612,yes,yes,cellular,19,nov,1,-1,0,unknown,1,0.065
38,blue-collar,single,primary,no,0,yes,no,cellular,7,may,2,-1,0,unknown,1,0.065
39,management,married,tertiary,no,710,yes,no,cellular,11,jul,2,-1,0,unknown,1,0.065
35,technician,single,tertiary,no,364,no,yes,cellular,9,jul,3,-1,0,unknown,1,0.065
59,management,married,tertiary,no,98417,no,no,telephone,20,nov,5,-1,0,unknown,1,0.065
38,technician,married,secondary,no,1016,yes,yes,cellular,6,may,2,167,4,failure,1,0.065
56,housemaid,married,primary,no,58,no,yes,cellular,7,jul,6,-1,0,unknown,1,0.065
26,technician,single,secondary,no,1842,yes,yes,cellular,22,jul,1,-1,0,unknown,1,0.065
57,entrepreneur,married,unknown,no,975,yes,yes,cellular,22,jul,4,-1,0,unknown,1,0.065
49,admin.,married,secondary,no,0,no,no,cellular,26,aug,4,-1,0,unknown,1,0.065
30,management,married,tertiary,no,151,no,no,cellular,21,aug,1,-1,0,unknown,1,0.065
33,blue-collar,married,secondary,no,6227,yes,no,unknown,23,may,2,-1,0,unknown,1,0.065
36,unemployed,married,tertiary,no,4145,no,no,unknown,20,jun,4,-1,0,unknown,1,0.065
55,admin.,married,primary,no,343,yes,no,cellular,14,jul,3,-1,0,unknown,1,0.065
30,self-employed,single,secondary,no,-617,no,yes,cellular,19,nov,1,-1,0,unknown,1,0.065
59,retired,married,secondary,no,2291,no,yes,cellular,14,jul,3,-1,0,unknown,1,0.065
58,services,married,secondary,no,50,yes,no,cellular,20,nov,7,-1,0,unknown,1,0.065
45,management,divorced,tertiary,no,3150,yes,no,cellular,17,nov,2,-1,0,unknown,1,0.065
41,services,married,secondary,no,96,yes,no,unknown,30,may,2,-1,0,unknown,1,0.065
39,blue-collar,married,secondary,no,123,no,no,unknown,17,jun,1,-1,0,unknown,1,0.065
34,management,single,tertiary,no,2343,no,no,telephone,21,nov,9,-1,0,unknown,1,0.065
40,services,married,secondary,no,-80,yes,no,unknown,2,jun,1,-1,0,unknown,1,0.065
33,blue-collar,single,secondary,no,-38,yes,no,cellular,18,may,1,-1,0,unknown,1,0.065
36,technician,married,secondary,no,432,yes,yes,unknown,4,aug,1,-1,0,unknown,1,0.065
41,technician,divorced,secondary,no,0,no,no,cellular,7,jul,4,-1,0,unknown,1,0.065
36,admin.,single,secondary,no,587,yes,no,cellular,13,apr,3,-1,0,unknown,1,0.065
41,blue-collar,married,secondary,no,0,no,no,unknown,5,jun,2,-1,0,unknown,1,0.065
44,services,married,secondary,no,0,no,no,cellular,31,jul,5,-1,0,unknown,1,0.065
30,admin.,married,secondary,no,187,yes,no,cellular,18,nov,1,-1,0,unknown,1,0.065
54,entrepreneur,divorced,tertiary,no,5784,no,no,cellular,21,nov,5,-1,0,unknown,1,0.065
46,self-employed,single,tertiary,no,1934,yes,no,unknown,15,may,3,-1,0,unknown,1,0.065
56,technician,married,primary,no,0,yes,yes,cellular,24,jul,1,-1,0,unknown,1,0.065
30,management,married,tertiary,no,105,no,no,cellular,8,aug,2,-1,0,unknown,1,0.065
46,blue-collar,married,primary,no,648,no,no,cellular,14,aug,4,-1,0,unknown,1,0.065
36,blue-collar,married,primary,no,6085,yes,no,unknown,16,jun,6,-1,0,unknown,1,0.065
23,services,married,secondary,no,2673,yes,no,unknown,5,jun,2,-1,0,unknown,1,0.065
58,admin.,single,secondary,no,247,no,yes,unknown,20,jun,6,-1,0,unknown,1,0.065
60,retired,single,tertiary,no,568,no,no,unknown,17,jun,1,-1,0,unknown,1,0.065
38,admin.,divorced,secondary,no,673,yes,no,cellular,7,may,1,170,3,other,1,0.065
55,blue-collar,married,primary,no,1086,yes,no,cellular,7,aug,2,-1,0,unknown,1,0.065
54,services,married,secondary,no,2719,yes,no,cellular,17,nov,2,171,2,failure,1,0.065
44,unemployed,married,secondary,yes,-505,yes,no,unknown,3,jun,11,-1,0,unknown,1,0.065
33,blue-collar,married,primary,no,170,yes,yes,telephone,14,may,3,367,4,other,1,0.065
40,blue-collar,married,secondary,no,2158,no,no,cellular,10,jul,1,-1,0,unknown,1,0.065
36,entrepreneur,married,tertiary,no,0,no,no,unknown,2,jun,3,-1,0,unknown,1,0.065
49,technician,married,secondary,yes,-1680,yes,yes,unknown,27,jun,4,-1,0,unknown,1,0.065
48,admin.,divorced,secondary,no,341,no,yes,cellular,5,feb,4,-1,0,unknown,1,0.065
41,entrepreneur,divorced,secondary,no,-29,yes,no,cellular,10,jul,1,-1,0,unknown,1,0.065
39,blue-collar,married,primary,no,108,no,no,cellular,17,nov,1,-1,0,unknown,1,0.065
35,entrepreneur,married,secondary,no,10,yes,no,cellular,21,jul,7,-1,0,unknown,1,0.065
51,blue-collar,married,primary,no,620,yes,yes,cellular,29,jul,10,-1,0,unknown,1,0.065
29,management,married,tertiary,no,1,yes,no,cellular,17,jul,1,-1,0,unknown,1,0.065
56,services,married,secondary,no,159,yes,no,cellular,20,apr,3,-1,0,unknown,1,0.065
32,management,married,tertiary,no,92,no,no,unknown,3,jul,1,-1,0,unknown,1,0.065
37,blue-collar,single,primary,no,147,no,no,cellular,28,jul,19,-1,0,unknown,1,0.065
50,technician,married,secondary,no,3149,yes,no,cellular,19,nov,1,190,1,other,1,0.065
48,blue-collar,single,primary,no,316,no,no,unknown,5,jun,2,-1,0,unknown,1,0.065
36,self-employed,single,tertiary,no,134,no,yes,unknown,1,jun,1,-1,0,unknown,1,0.065
28,admin.,single,secondary,no,53,no,no,cellular,2,feb,1,-1,0,unknown,1,0.065
59,unemployed,married,primary,no,46,no,no,telephone,29,jul,2,-1,0,unknown,1,0.065
58,retired,divorced,primary,no,2538,yes,no,cellular,19,nov,2,111,6,failure,1,0.065
41,housemaid,married,primary,no,1618,yes,no,cellular,7,jul,2,-1,0,unknown,1,0.065
52,management,married,tertiary,no,291,no,no,cellular,21,aug,3,-1,0,unknown,1,0.065
57,services,married,primary,no,1728,yes,no,telephone,16,jul,1,-1,0,unknown,1,0.065
24,self-employed,single,tertiary,no,2984,yes,no,unknown,27,may,1,-1,0,unknown,1,0.065
54,technician,married,secondary,no,1331,yes,no,telephone,25,jul,2,-1,0,unknown,1,0.065
38,entrepreneur,married,primary,no,666,yes,no,unknown,20,may,10,-1,0,unknown,1,0.065
35,management,single,tertiary,no,-146,yes,no,cellular,21,aug,1,-1,0,unknown,1,0.065
40,unemployed,married,secondary,no,219,yes,no,cellular,17,nov,2,196,1,failure,1,0.065
25,blue-collar,married,primary,no,657,yes,yes,unknown,28,may,1,-1,0,unknown,1,0.065
42,technician,married,secondary,no,5455,no,no,cellular,11,aug,4,-1,0,unknown,1,0.065
59,retired,divorced,secondary,no,284,no,yes,unknown,4,jun,2,-1,0,unknown,1,0.065
23,admin.,single,secondary,no,366,no,no,unknown,20,aug,1,-1,0,unknown,1,0.065
44,services,married,secondary,no,1864,yes,no,telephone,6,may,1,-1,0,unknown,1,0.065
30,unemployed,married,secondary,no,529,yes,yes,unknown,26,may,3,-1,0,unknown,1,0.065
60,housemaid,married,unknown,no,10285,no,no,unknown,6,jun,2,-1,0,unknown,1,0.065
39,entrepreneur,married,tertiary,yes,-172,yes,no,cellular,15,may,2,-1,0,unknown,1,0.065
39,admin.,divorced,tertiary,no,1087,no,yes,cellular,23,jul,2,-1,0,unknown,1,0.065
36,blue-collar,married,primary,no,1993,yes,yes,cellular,13,may,1,359,2,other,1,0.065
33,management,married,tertiary,no,4054,yes,no,cellular,10,jul,1,-1,0,unknown,1,0.065
48,self-employed,married,tertiary,no,0,no,no,cellular,29,jan,3,-1,0,unknown,1,0.065
41,admin.,divorced,secondary,no,2550,yes,no,cellular,15,may,2,347,2,failure,1,0.065
42,self-employed,married,tertiary,no,0,no,no,cellular,8,aug,6,-1,0,unknown,1,0.065
34,services,divorced,tertiary,no,800,yes,yes,cellular,8,may,2,-1,0,unknown,1,0.065
45,admin.,married,secondary,no,1214,yes,no,cellular,28,jul,2,-1,0,unknown,1,0.065
36,admin.,single,secondary,no,0,yes,no,cellular,21,nov,2,-1,0,unknown,1,0.065
30,management,married,tertiary,no,4022,no,no,cellular,14,aug,2,-1,0,unknown,1,0.065
32,services,married,secondary,no,1167,yes,yes,telephone,16,apr,3,147,1,failure,1,0.065
48,technician,married,secondary,no,-938,yes,no,cellular,7,may,1,344,2,failure,1,0.065
42,services,married,secondary,no,466,yes,no,cellular,15,may,3,-1,0,unknown,1,0.065
55,services,divorced,secondary,yes,-404,yes,no,cellular,22,jul,3,-1,0,unknown,1,0.065
43,blue-collar,married,primary,no,-418,yes,yes,cellular,14,may,2,-1,0,unknown,1,0.065
35,blue-collar,married,unknown,no,1084,yes,no,cellular,10,jul,1,-1,0,unknown,1,0.065
43,technician,married,primary,no,-441,yes,no,cellular,14,jul,3,-1,0,unknown,1,0.065
54,management,married,tertiary,no,500,yes,no,cellular,11,aug,4,-1,0,unknown,1,0.065
55,unemployed,married,primary,no,8585,no,no,telephone,28,jan,2,-1,0,unknown,1,0.065
42,management,single,tertiary,no,4264,yes,no,unknown,28,may,1,-1,0,unknown,1,0.065
25,management,married,tertiary,no,3,yes,yes,cellular,21,jul,3,-1,0,unknown,1,0.065
32,management,single,tertiary,no,769,no,no,cellular,29,aug,2,-1,0,unknown,1,0.065
33,management,married,tertiary,no,150,no,no,cellular,21,aug,2,-1,0,unknown,1,0.065
54,retired,married,secondary,no,1851,no,no,unknown,11,jun,3,-1,0,unknown,1,0.065
59,admin.,divorced,primary,no,191,yes,no,cellular,5,may,1,-1,0,unknown,1,0.065
46,technician,divorced,secondary,yes,-11,no,no,cellular,11,aug,2,-1,0,unknown,1,0.065
49,blue-collar,married,tertiary,no,1769,yes,no,cellular,14,may,2,-1,0,unknown,1,0.065
34,blue-collar,single,secondary,no,783,yes,no,cellular,4,feb,1,-1,0,unknown,1,0.065
35,management,single,tertiary,no,68,no,no,unknown,6,jun,1,-1,0,unknown,1,0.065
41,self-employed,married,secondary,no,323,yes,no,cellular,17,apr,2,254,6,other,1,0.065
60,self-employed,married,secondary,no,3105,no,no,telephone,28,jul,4,-1,0,unknown,1,0.065
36,blue-collar,married,secondary,no,561,yes,no,unknown,9,jun,2,-1,0,unknown,1,0.065
37,blue-collar,married,secondary,no,152,yes,no,unknown,26,may,3,-1,0,unknown,1,0.065
37,technician,single,secondary,no,363,yes,no,unknown,23,may,3,-1,0,unknown,1,0.065
44,management,married,secondary,no,3286,yes,no,cellular,18,jul,1,-1,0,unknown,1,0.065
34,entrepreneur,married,primary,no,0,yes,no,cellular,21,jul,3,-1,0,unknown,1,0.065
36,retired,single,secondary,no,101,yes,yes,unknown,26,may,1,-1,0,unknown,1,0.065
50,unemployed,divorced,unknown,no,1088,no,no,cellular,2,feb,1,-1,0,unknown,1,0.065
46,self-employed,married,secondary,no,0,no,yes,telephone,25,jul,2,-1,0,unknown,1,0.0625
30,admin.,married,secondary,no,-68,yes,no,cellular,10,jul,1,-1,0,unknown,1,0.0625
33,management,single,secondary,no,1615,yes,no,cellular,14,may,8,174,3,failure,1,0.0625
55,services,married,secondary,no,96,no,no,telephone,30,jul,2,-1,0,unknown,1,0.0625
35,services,divorced,secondary,no,204,yes,no,cellular,17,nov,1,186,9,other,1,0.0625
38,technician,divorced,tertiary,no,791,yes,no,unknown,26,may,2,-1,0,unknown,1,0.0625
40,technician,married,tertiary,no,-1779,yes,yes,unknown,18,jun,2,-1,0,unknown,1,0.0625
53,management,married,tertiary,no,0,no,no,cellular,26,aug,2,-1,0,unknown,1,0.0625
56,technician,married,tertiary,no,655,yes,yes,cellular,8,apr,1,-1,0,unknown,1,0.0625
56,self-employed,married,tertiary,no,349,yes,no,telephone,4,may,4,-1,0,unknown,1,0.0625
28,self-employed,single,secondary,no,242,yes,no,cellular,30,jan,1,-1,0,unknown,1,0.0625
48,technician,married,secondary,no,1600,no,no,cellular,5,aug,1,-1,0,unknown,1,0.0625
53,retired,divorced,secondary,no,84,no,no,cellular,23,jul,1,-1,0,unknown,1,0.0625
37,entrepreneur,single,secondary,no,20453,yes,no,telephone,4,may,1,-1,0,unknown,1,0.0625
40,blue-collar,married,secondary,no,440,yes,no,unknown,5,jun,2,-1,0,unknown,1,0.0625
35,blue-collar,married,secondary,no,911,yes,no,cellular,20,nov,2,181,5,other,1,0.0625
42,unemployed,married,unknown,no,970,yes,no,telephone,21,jul,10,-1,0,unknown,1,0.0625
56,services,single,secondary,no,-40,yes,no,cellular,15,may,1,368,2,failure,1,0.0625
30,services,single,secondary,no,188,no,no,cellular,14,aug,2,-1,0,unknown,1,0.0625
45,management,single,tertiary,no,207,no,no,cellular,21,nov,3,-1,0,unknown,1,0.0625
33,admin.,single,secondary,no,223,yes,yes,cellular,14,may,11,352,4,failure,1,0.0625
37,blue-collar,married,secondary,no,426,yes,no,cellular,13,may,3,345,3,failure,1,0.0625
54,technician,divorced,secondary,no,-369,no,no,cellular,22,jul,4,-1,0,unknown,1,0.0625
58,retired,married,secondary,no,502,yes,no,cellular,12,may,2,370,3,failure,1,0.0625
58,blue-collar,married,secondary,no,72,no,no,cellular,19,aug,5,-1,0,unknown,1,0.0625
45,technician,divorced,secondary,no,5862,yes,no,cellular,18,nov,1,110,3,other,1,0.0625
36,technician,married,secondary,no,1840,no,no,cellular,19,aug,6,-1,0,unknown,1,0.0625
27,student,single,tertiary,no,37,yes,no,cellular,7,may,1,364,1,failure,1,0.0625
26,admin.,single,secondary,no,140,yes,no,cellular,15,may,5,-1,0,unknown,1,0.0625
36,blue-collar,single,secondary,no,661,yes,no,cellular,11,may,8,-1,0,unknown,1,0.0625
49,services,divorced,secondary,no,579,yes,no,cellular,11,may,1,-1,0,unknown,1,0.0625
29,self-employed,married,tertiary,no,1,no,no,cellular,18,jul,3,-1,0,unknown,1,0.0625
33,self-employed,married,secondary,no,217,yes,yes,cellular,15,may,5,304,5,failure,1,0.0625
31,management,single,tertiary,no,350,no,no,cellular,18,aug,2,-1,0,unknown,1,0.0625
53,admin.,married,primary,no,0,yes,no,cellular,8,may,1,298,3,failure,1,0.0625
48,blue-collar,married,primary,no,492,no,yes,cellular,21,aug,2,-1,0,unknown,1,0.0625
36,blue-collar,married,primary,no,111,yes,no,unknown,23,may,3,-1,0,unknown,1,0.0625
46,services,married,secondary,no,561,yes,no,cellular,9,feb,4,256,7,failure,1,0.0625
39,services,married,secondary,no,0,no,no,cellular,7,jul,5,-1,0,unknown,1,0.0625
35,management,single,tertiary,no,2808,yes,no,unknown,19,jun,12,-1,0,unknown,1,0.0625
40,management,single,secondary,no,269,no,no,unknown,5,jun,1,-1,0,unknown,1,0.0625
37,housemaid,single,secondary,no,465,yes,no,cellular,18,may,3,-1,0,unknown,1,0.0625
58,blue-collar,married,unknown,no,4871,yes,no,unknown,14,may,2,-1,0,unknown,1,0.0625
31,entrepreneur,single,tertiary,yes,37,yes,no,unknown,12,may,1,-1,0,unknown,1,0.0625
41,blue-collar,divorced,secondary,no,14,yes,yes,unknown,13,may,6,-1,0,unknown,1,0.0625
51,housemaid,single,primary,no,723,no,no,cellular,29,jan,1,-1,0,unknown,1,0.0625
24,admin.,single,secondary,no,770,yes,no,unknown,16,may,1,-1,0,unknown,1,0.0625
52,self-employed,married,secondary,no,-201,no,yes,cellular,19,nov,1,133,2,failure,1,0.0625
37,management,married,tertiary,no,1094,yes,no,cellular,15,jul,2,-1,0,unknown,1,0.0625
43,management,married,tertiary,no,182,no,no,cellular,28,jan,1,-1,0,unknown,1,0.0625
60,services,divorced,secondary,no,47,no,no,unknown,11,jun,1,-1,0,unknown,1,0.0625
55,self-employed,married,tertiary,no,1810,yes,no,cellular,13,may,1,-1,0,unknown,1,0.0625
42,technician,single,secondary,no,555,yes,no,cellular,5,feb,2,-1,0,unknown,1,0.0625
37,technician,single,secondary,no,1127,yes,no,cellular,20,apr,2,-1,0,unknown,1,0.0625
28,admin.,single,secondary,no,775,no,no,cellular,29,jan,2,-1,0,unknown,1,0.0625
33,services,married,secondary,no,-124,no,no,cellular,17,apr,2,325,1,failure,1,0.0625
37,entrepreneur,married,secondary,no,680,yes,yes,cellular,21,nov,11,185,1,other,1,0.0625
31,technician,married,secondary,no,0,yes,no,cellular,17,nov,2,-1,0,unknown,1,0.0625
58,management,married,tertiary,no,1271,yes,no,cellular,28,jan,1,-1,0,unknown,1,0.0625
42,self-employed,married,secondary,no,2130,yes,yes,cellular,29,jul,2,-1,0,unknown,1,0.0625
33,technician,married,tertiary,no,17455,yes,yes,cellular,18,nov,3,179,4,failure,1,0.0625
53,admin.,married,secondary,no,172,no,no,cellular,19,aug,6,-1,0,unknown,1,0.0625
36,services,married,secondary,no,11462,yes,no,cellular,20,nov,1,-1,0,unknown,1,0.0625
59,blue-collar,married,primary,no,259,yes,yes,unknown,14,may,2,-1,0,unknown,1,0.0625
54,admin.,married,secondary,no,0,no,no,cellular,27,jan,1,-1,0,unknown,1,0.0625
50,admin.,married,unknown,no,-1137,yes,yes,unknown,20,jun,1,-1,0,unknown,1,0.0625
42,admin.,single,secondary,no,506,yes,yes,unknown,3,jul,2,-1,0,unknown,1,0.0625
35,technician,married,secondary,no,1067,no,yes,cellular,12,aug,6,-1,0,unknown,1,0.0625
45,admin.,divorced,unknown,no,998,yes,no,telephone,30,jul,2,-1,0,unknown,1,0.0625
39,admin.,divorced,secondary,no,32,no,yes,unknown,20,jun,10,-1,0,unknown,1,0.0625
49,housemaid,married,secondary,no,7317,yes,no,unknown,8,may,1,-1,0,unknown,1,0.0625
49,self-employed,divorced,secondary,no,6116,yes,no,cellular,21,nov,1,-1,0,unknown,1,0.0625
33,self-employed,married,tertiary,no,980,no,no,cellular,25,jul,3,-1,0,unknown,1,0.0625
48,technician,married,secondary,yes,0,no,no,unknown,30,may,1,-1,0,unknown,1,0.0625
49,blue-collar,divorced,secondary,no,1869,no,yes,unknown,11,jun,1,-1,0,unknown,1,0.0625
42,admin.,divorced,secondary,no,1076,yes,no,unknown,14,may,1,-1,0,unknown,1,0.0625
53,admin.,married,secondary,no,2924,no,no,cellular,19,nov,6,-1,0,unknown,1,0.0625
46,management,married,tertiary,no,74,yes,no,cellular,7,jul,11,-1,0,unknown,1,0.0625
34,management,married,secondary,no,243,no,no,cellular,30,jan,4,-1,0,unknown,1,0.0625
26,admin.,single,secondary,no,82,yes,no,unknown,5,may,1,-1,0,unknown,1,0.0625
28,technician,single,tertiary,no,172,yes,yes,cellular,2,feb,2,-1,0,unknown,1,0.0625
41,admin.,married,secondary,no,-111,yes,no,unknown,30,may,3,-1,0,unknown,1,0.0625
45,housemaid,divorced,primary,no,221,no,no,cellular,2,feb,1,235,1,failure,1,0.0625
34,management,divorced,tertiary,no,0,yes,no,cellular,27,aug,7,-1,0,unknown,1,0.0625
49,services,married,unknown,no,1990,yes,no,cellular,19,nov,4,-1,0,unknown,1,0.0625
52,management,divorced,tertiary,no,-723,yes,yes,cellular,18,nov,1,-1,0,unknown,1,0.0625
41,technician,single,secondary,no,650,yes,no,cellular,20,nov,3,-1,0,unknown,1,0.0625
30,blue-collar,single,secondary,yes,447,no,no,unknown,14,may,6,-1,0,unknown,1,0.0625
50,services,married,secondary,yes,892,yes,no,cellular,10,jul,1,-1,0,unknown,1,0.0625
47,admin.,single,secondary,no,1544,yes,no,cellular,6,apr,1,312,1,failure,1,0.0625
35,management,married,tertiary,no,1725,yes,yes,cellular,8,apr,2,254,7,failure,1,0.0625
29,technician,single,secondary,no,1706,yes,no,cellular,18,jul,2,-1,0,unknown,1,0.0625
60,retired,married,tertiary,no,100,no,no,unknown,5,may,1,-1,0,unknown,1,0.0625
48,blue-collar,married,primary,no,281,yes,no,unknown,19,may,3,-1,0,unknown,1,0.0625
30,management,single,tertiary,no,0,no,no,cellular,7,jul,1,-1,0,unknown,1,0.0625
49,admin.,divorced,secondary,no,2169,yes,no,unknown,30,jun,3,-1,0,unknown,1,0.0625
57,blue-collar,married,primary,no,0,no,no,cellular,12,aug,3,-1,0,unknown,1,0.0625
47,admin.,single,secondary,no,-874,yes,no,cellular,30,jul,2,-1,0,unknown,1,0.0625
32,entrepreneur,married,secondary,no,0,yes,no,cellular,11,jul,2,-1,0,unknown,1,0.0625
55,self-employed,married,secondary,no,181,no,no,cellular,4,aug,1,-1,0,unknown,1,0.0625
26,blue-collar,married,secondary,no,245,yes,no,unknown,28,may,2,-1,0,unknown,1,0.0625
32,management,single,tertiary,no,127,yes,no,unknown,30,may,3,-1,0,unknown,1,0.0625
56,management,married,tertiary,no,0,yes,no,telephone,5,may,2,-1,0,unknown,1,0.0625
32,management,single,tertiary,no,-217,yes,yes,cellular,18,aug,4,-1,0,unknown,1,0.0625
30,management,married,tertiary,no,0,no,no,cellular,14,aug,2,-1,0,unknown,1,0.0625
30,technician,married,tertiary,no,1,no,no,cellular,29,aug,21,-1,0,unknown,1,0.0625
41,services,single,secondary,no,-278,yes,no,cellular,7,may,5,360,3,failure,1,0.0625
32,blue-collar,married,secondary,no,358,no,no,unknown,26,may,1,-1,0,unknown,1,0.0625
28,unemployed,single,secondary,no,559,yes,no,unknown,4,jun,1,-1,0,unknown,1,0.0625
46,blue-collar,divorced,primary,no,571,yes,yes,unknown,29,may,1,-1,0,unknown,1,0.0625
52,services,divorced,secondary,no,12,yes,no,cellular,6,may,1,170,1,failure,1,0.0625
42,housemaid,divorced,tertiary,no,364,no,no,cellular,18,nov,1,-1,0,unknown,1,0.0625
59,retired,married,primary,no,3000,no,yes,cellular,6,feb,1,-1,0,unknown,1,0.0625
54,self-employed,married,tertiary,no,542,no,no,telephone,6,feb,5,-1,0,unknown,1,0.0625
28,services,single,secondary,no,168,yes,no,cellular,7,may,1,-1,0,unknown,1,0.0625
29,blue-collar,single,primary,no,-680,yes,no,unknown,9,may,2,-1,0,unknown,1,0.0625
37,management,single,tertiary,no,614,yes,no,unknown,30,may,2,-1,0,unknown,1,0.0625
48,management,single,secondary,no,7,no,no,cellular,4,feb,1,-1,0,unknown,1,0.0625
45,entrepreneur,married,tertiary,no,169,no,no,cellular,7,aug,4,-1,0,unknown,1,0.0625
52,blue-collar,divorced,secondary,no,306,yes,no,unknown,26,may,3,-1,0,unknown,1,0.0625
43,technician,married,tertiary,no,5145,no,no,cellular,7,aug,7,-1,0,unknown,1,0.0625
35,admin.,married,secondary,no,4463,no,no,cellular,18,nov,1,-1,0,unknown,1,0.0625
36,technician,single,secondary,no,-206,yes,no,cellular,14,may,1,360,4,failure,1,0.0625
36,services,married,secondary,no,3988,yes,yes,cellular,14,may,1,-1,0,unknown,1,0.0625
46,admin.,single,unknown,no,306,yes,no,cellular,11,may,5,-1,0,unknown,1,0.0625
40,admin.,married,secondary,no,67,no,yes,unknown,20,jun,5,-1,0,unknown,1,0.0625
37,management,married,tertiary,no,59,yes,yes,telephone,2,feb,1,213,1,failure,1,0.0625
54,technician,single,secondary,no,770,no,no,unknown,17,jun,2,-1,0,unknown,1,0.0625
29,technician,married,secondary,no,428,no,no,cellular,14,jul,4,-1,0,unknown,1,0.0625
53,blue-collar,married,primary,no,4143,no,no,cellular,15,jul,3,-1,0,unknown,1,0.0625
33,services,married,secondary,no,-52,yes,no,cellular,18,may,1,-1,0,unknown,1,0.0625
31,management,married,tertiary,no,6290,no,no,cellular,20,nov,2,-1,0,unknown,1,0.0625
27,services,married,secondary,no,511,yes,no,unknown,30,jun,5,-1,0,unknown,1,0.0625
28,blue-collar,married,secondary,no,-26,no,yes,cellular,30,jan,1,-1,0,unknown,1,0.0625
33,technician,single,secondary,no,1733,yes,no,cellular,14,may,3,-1,0,unknown,1,0.0625
51,blue-collar,married,primary,no,4712,no,no,telephone,20,nov,2,-1,0,unknown,1,0.0625
60,admin.,married,secondary,no,1541,no,no,cellular,8,jul,3,-1,0,unknown,1,0.0625
43,self-employed,married,secondary,no,14144,yes,no,cellular,21,nov,1,-1,0,unknown,1,0.0625
58,management,married,tertiary,no,541,yes,no,cellular,8,may,1,-1,0,unknown,1,0.0625
56,retired,married,tertiary,no,89,no,no,telephone,10,jul,1,-1,0,unknown,1,0.0625
35,management,married,tertiary,no,337,no,no,cellular,11,aug,5,-1,0,unknown,1,0.0625
33,technician,married,secondary,no,221,yes,no,cellular,13,may,1,355,4,failure,1,0.0625
32,housemaid,married,secondary,no,3832,no,no,cellular,11,aug,3,-1,0,unknown,1,0.0625
43,admin.,married,secondary,no,764,yes,no,cellular,2,feb,1,-1,0,unknown,1,0.0625
31,blue-collar,married,secondary,no,43,yes,no,cellular,12,may,1,-1,0,unknown,1,0.0625
48,admin.,single,secondary,no,479,yes,yes,unknown,18,jun,3,-1,0,unknown,1,0.06
51,technician,married,secondary,no,0,no,yes,cellular,23,jul,3,-1,0,unknown,1,0.06
41,management,married,tertiary,no,2646,no,no,cellular,30,jul,2,-1,0,unknown,1,0.06
50,blue-collar,married,secondary,no,464,no,yes,unknown,6,jun,2,-1,0,unknown,1,0.06
55,blue-collar,married,unknown,no,2691,yes,no,cellular,20,nov,1,104,2,other,1,0.06
38,admin.,married,secondary,no,-500,no,yes,cellular,2,feb,1,195,5,other,1,0.06
46,admin.,divorced,secondary,no,-637,yes,no,cellular,8,may,1,172,1,failure,1,0.06
35,technician,single,tertiary,no,2277,no,yes,cellular,11,aug,2,-1,0,unknown,1,0.06
45,management,married,tertiary,no,9711,no,no,unknown,19,jun,3,-1,0,unknown,1,0.06
32,services,single,secondary,no,671,yes,no,cellular,17,apr,2,345,3,failure,1,0.06
39,entrepreneur,married,secondary,yes,0,no,no,cellular,16,jul,9,-1,0,unknown,1,0.06
29,blue-collar,married,secondary,no,313,yes,yes,unknown,7,may,1,-1,0,unknown,1,0.06
35,admin.,married,tertiary,no,0,yes,no,cellular,28,jul,7,-1,0,unknown,1,0.06
31,self-employed,single,secondary,no,360,yes,no,unknown,26,may,4,-1,0,unknown,1,0.06
55,blue-collar,married,primary,no,-219,yes,no,telephone,14,may,2,364,4,failure,1,0.06
37,blue-collar,married,primary,no,510,yes,no,unknown,23,may,6,-1,0,unknown,1,0.06
57,retired,married,secondary,no,374,yes,yes,cellular,16,jul,1,-1,0,unknown,1,0.06
49,blue-collar,married,secondary,no,0,no,yes,telephone,10,jul,2,-1,0,unknown,1,0.06
31,management,single,tertiary,no,745,no,no,cellular,12,aug,4,-1,0,unknown,1,0.06
28,blue-collar,single,secondary,no,-403,no,yes,cellular,23,jul,2,-1,0,unknown,1,0.06
38,management,married,tertiary,no,516,yes,no,telephone,16,apr,3,-1,0,unknown,1,0.06
30,technician,married,secondary,no,274,yes,yes,cellular,11,aug,2,-1,0,unknown,1,0.06
34,unemployed,married,secondary,no,2126,yes,no,cellular,17,jul,2,-1,0,unknown,1,0.06
48,unemployed,married,tertiary,no,641,no,no,cellular,28,jan,1,-1,0,unknown,1,0.06
46,management,divorced,tertiary,no,770,yes,no,unknown,16,may,1,-1,0,unknown,1,0.06
50,admin.,married,primary,no,-75,no,yes,telephone,9,jul,7,-1,0,unknown,1,0.06
55,management,single,tertiary,no,430,no,no,cellular,29,aug,4,-1,0,unknown,1,0.06
53,management,divorced,tertiary,yes,0,yes,yes,cellular,30,jul,5,-1,0,unknown,1,0.06
34,entrepreneur,married,tertiary,no,412,yes,yes,cellular,8,jul,1,-1,0,unknown,1,0.06
36,management,married,tertiary,no,4069,no,no,cellular,21,nov,1,-1,0,unknown,1,0.06
42,admin.,married,secondary,no,176,no,no,cellular,31,jul,2,-1,0,unknown,1,0.06
53,blue-collar,married,unknown,no,2785,yes,no,unknown,15,may,1,-1,0,unknown,1,0.06
34,management,single,tertiary,no,2633,yes,no,cellular,21,nov,6,-1,0,unknown,1,0.06
42,blue-collar,married,primary,no,714,yes,no,unknown,21,may,28,-1,0,unknown,1,0.06
43,management,married,primary,no,1880,yes,no,cellular,17,jul,6,-1,0,unknown,1,0.06
26,management,single,tertiary,no,212,no,no,cellular,2,feb,1,-1,0,unknown,1,0.06
55,services,married,secondary,no,642,yes,no,cellular,11,jul,2,-1,0,unknown,1,0.06
43,technician,married,secondary,yes,-313,no,yes,cellular,7,jul,4,-1,0,unknown,1,0.06
33,blue-collar,single,tertiary,no,-303,yes,no,unknown,28,may,2,-1,0,unknown,1,0.06
38,management,divorced,tertiary,no,637,yes,no,cellular,8,may,2,343,1,other,1,0.06
36,blue-collar,married,primary,no,345,yes,no,cellular,25,jul,2,-1,0,unknown,1,0.06
48,management,divorced,primary,no,432,yes,no,unknown,20,may,2,-1,0,unknown,1,0.06
48,blue-collar,married,secondary,no,387,yes,no,telephone,28,jul,18,-1,0,unknown,1,0.06
55,technician,divorced,secondary,yes,4,no,no,cellular,28,jan,1,-1,0,unknown,1,0.06
33,blue-collar,married,secondary,no,-208,yes,yes,cellular,4,may,3,360,1,failure,1,0.06
40,management,divorced,tertiary,no,3426,no,no,cellular,11,aug,3,-1,0,unknown,1,0.06
36,management,married,tertiary,no,171,no,no,cellular,12,aug,2,-1,0,unknown,1,0.06
32,management,married,tertiary,no,2414,no,no,cellular,12,aug,4,-1,0,unknown,1,0.06
50,admin.,married,secondary,no,858,no,no,cellular,9,jul,12,-1,0,unknown,1,0.06
35,technician,divorced,tertiary,no,4515,yes,no,cellular,19,nov,2,-1,0,unknown,1,0.06
33,technician,married,secondary,no,162,yes,yes,cellular,14,jul,2,-1,0,unknown,1,0.06
51,management,married,tertiary,no,401,no,no,cellular,19,aug,6,-1,0,unknown,1,0.06
32,services,married,secondary,no,3360,yes,yes,cellular,7,aug,5,-1,0,unknown,1,0.06
56,blue-collar,married,primary,no,1014,no,no,unknown,2,jul,1,-1,0,unknown,1,0.06
34,admin.,married,secondary,no,642,yes,no,cellular,17,apr,1,-1,0,unknown,1,0.06
38,services,married,secondary,no,4392,no,no,cellular,18,nov,2,110,2,failure,1,0.06
35,management,single,tertiary,no,361,yes,no,cellular,11,aug,2,-1,0,unknown,1,0.06
56,retired,married,primary,no,842,no,yes,unknown,5,jun,1,-1,0,unknown,1,0.06
31,housemaid,married,primary,no,-184,yes,no,cellular,24,jul,1,-1,0,unknown,1,0.06
30,technician,married,tertiary,no,0,no,no,cellular,28,aug,9,-1,0,unknown,1,0.06
27,blue-collar,single,secondary,no,940,yes,no,cellular,15,may,1,343,3,failure,1,0.06
35,blue-collar,married,secondary,no,645,yes,no,cellular,29,jan,1,-1,0,unknown,1,0.06
26,admin.,married,secondary,no,-401,yes,yes,unknown,4,jul,1,-1,0,unknown,1,0.06
45,admin.,married,secondary,no,-405,no,no,cellular,31,jul,3,-1,0,unknown,1,0.06
31,admin.,single,secondary,no,5248,no,yes,cellular,23,jul,1,-1,0,unknown,1,0.06
48,admin.,married,tertiary,no,1015,no,yes,telephone,30,jul,3,-1,0,unknown,1,0.06
44,blue-collar,married,primary,no,-89,no,yes,cellular,23,jul,4,-1,0,unknown,1,0.06
32,management,single,tertiary,no,473,yes,no,cellular,11,may,2,361,1,other,1,0.06
26,student,single,secondary,no,782,no,no,cellular,29,jan,1,-1,0,unknown,1,0.06
30,technician,divorced,secondary,no,3100,yes,no,cellular,20,nov,1,183,4,failure,1,0.06
31,admin.,single,tertiary,no,383,no,yes,cellular,7,jul,1,-1,0,unknown,1,0.06
53,technician,married,unknown,no,9252,no,no,cellular,20,nov,1,-1,0,unknown,1,0.06
38,technician,divorced,secondary,no,531,no,no,cellular,29,jan,3,226,7,failure,1,0.06
34,management,single,tertiary,no,1070,no,no,cellular,28,aug,15,-1,0,unknown,1,0.06
30,services,single,secondary,no,114,no,yes,cellular,18,jul,10,-1,0,unknown,1,0.06
42,admin.,single,tertiary,no,168,yes,no,cellular,17,jul,1,-1,0,unknown,1,0.06
39,self-employed,married,tertiary,no,-3058,yes,yes,cellular,17,apr,3,-1,0,unknown,1,0.06
32,blue-collar,single,secondary,no,2142,no,no,cellular,2,feb,1,-1,0,unknown,1,0.06
50,unemployed,single,secondary,no,2668,no,no,telephone,17,nov,1,-1,0,unknown,1,0.06
35,technician,married,secondary,no,432,yes,no,unknown,21,may,55,-1,0,unknown,1,0.06
54,services,divorced,tertiary,no,413,no,no,cellular,7,jul,9,-1,0,unknown,1,0.06
49,management,divorced,tertiary,no,1115,no,no,unknown,19,jun,9,-1,0,unknown,1,0.06
42,management,single,tertiary,no,7104,no,no,cellular,20,nov,6,-1,0,unknown,1,0.06
50,blue-collar,married,primary,no,226,yes,no,cellular,15,may,1,330,5,failure,1,0.06
48,technician,single,secondary,no,469,no,yes,cellular,9,jul,1,-1,0,unknown,1,0.06
35,management,single,tertiary,no,-353,yes,no,cellular,16,jul,1,-1,0,unknown,1,0.06
39,technician,married,secondary,no,13165,yes,yes,cellular,22,aug,4,-1,0,unknown,1,0.06
51,services,married,secondary,no,-437,no,yes,cellular,30,jul,3,-1,0,unknown,1,0.06
58,management,married,tertiary,no,2764,no,no,cellular,17,nov,1,-1,0,unknown,1,0.06
59,retired,divorced,unknown,no,-49,yes,no,unknown,13,may,2,-1,0,unknown,1,0.06
58,unemployed,married,tertiary,no,744,no,no,telephone,28,jan,1,-1,0,unknown,1,0.06
51,blue-collar,married,primary,no,864,yes,no,cellular,13,may,1,-1,0,unknown,1,0.06
43,technician,married,primary,no,2309,yes,no,cellular,22,jul,1,-1,0,unknown,1,0.06
36,management,married,tertiary,no,0,yes,no,cellular,8,may,3,-1,0,unknown,1,0.06
31,management,married,tertiary,no,430,yes,no,cellular,25,jul,16,-1,0,unknown,1,0.06
32,unemployed,single,tertiary,no,99,no,no,cellular,28,aug,35,-1,0,unknown,1,0.06
35,blue-collar,married,unknown,no,520,yes,no,cellular,17,apr,1,-1,0,unknown,1,0.06
55,blue-collar,single,primary,no,1187,yes,no,unknown,2,jun,2,-1,0,unknown,1,0.06
32,management,single,tertiary,no,1434,no,no,cellular,11,aug,3,-1,0,unknown,1,0.06
41,technician,married,tertiary,no,-15,yes,no,cellular,6,may,1,-1,0,unknown,1,0.06
38,blue-collar,married,unknown,no,113,no,no,unknown,13,may,10,-1,0,unknown,1,0.06
35,blue-collar,single,tertiary,no,1011,yes,no,cellular,20,apr,2,349,1,failure,1,0.06
54,management,married,tertiary,no,1460,no,yes,cellular,3,feb,3,202,7,other,1,0.06
51,management,divorced,tertiary,no,71,yes,no,cellular,14,aug,2,-1,0,unknown,1,0.06
36,blue-collar,married,primary,no,130,yes,no,unknown,5,jun,2,-1,0,unknown,1,0.06
41,management,single,tertiary,no,1253,no,no,cellular,21,jul,5,-1,0,unknown,1,0.06
38,self-employed,married,tertiary,no,2084,yes,no,cellular,16,apr,2,330,2,failure,1,0.06
49,technician,married,secondary,no,12531,no,no,cellular,13,aug,8,-1,0,unknown,1,0.06
31,technician,single,secondary,no,942,no,no,cellular,8,aug,2,-1,0,unknown,1,0.06
60,retired,married,primary,no,97,no,no,cellular,14,aug,4,-1,0,unknown,1,0.0575
32,unemployed,single,primary,yes,0,no,no,cellular,21,nov,1,-1,0,unknown,1,0.0575
47,management,married,tertiary,no,5049,no,no,cellular,22,aug,7,-1,0,unknown,1,0.0575
33,admin.,married,tertiary,no,640,no,no,cellular,24,jul,1,-1,0,unknown,1,0.0575
35,services,married,primary,no,14,no,yes,cellular,31,jul,8,-1,0,unknown,1,0.0575
39,technician,married,tertiary,no,94,no,no,cellular,7,aug,2,-1,0,unknown,1,0.0575
46,management,married,tertiary,no,1906,no,no,cellular,28,aug,6,-1,0,unknown,1,0.0575
36,unemployed,divorced,secondary,no,5,yes,no,cellular,30,jan,1,2,2,other,1,0.0575
42,technician,married,tertiary,no,1189,no,no,unknown,5,jun,3,-1,0,unknown,1,0.0575
47,blue-collar,married,secondary,no,2128,yes,no,telephone,17,apr,1,-1,0,unknown,1,0.0575
53,services,married,unknown,no,164,no,no,cellular,29,jan,1,-1,0,unknown,1,0.0575
31,entrepreneur,married,tertiary,no,-231,yes,no,cellular,26,aug,2,-1,0,unknown,1,0.0575
32,management,single,tertiary,no,131,no,no,unknown,3,jun,3,-1,0,unknown,1,0.0575
43,admin.,single,secondary,no,375,no,yes,cellular,5,feb,2,199,4,failure,1,0.0575
40,admin.,married,secondary,no,220,yes,no,unknown,30,jun,3,-1,0,unknown,1,0.0575
49,self-employed,married,tertiary,no,147,no,yes,cellular,2,feb,1,189,4,failure,1,0.0575
49,services,married,secondary,no,884,yes,no,telephone,8,jul,3,-1,0,unknown,1,0.0575
34,blue-collar,married,secondary,no,-211,yes,no,cellular,29,jan,2,184,5,failure,1,0.0575
55,blue-collar,married,secondary,no,388,no,no,cellular,12,aug,2,-1,0,unknown,1,0.0575
40,management,married,secondary,no,406,yes,no,unknown,12,jun,2,-1,0,unknown,1,0.0575
35,self-employed,single,tertiary,no,538,yes,yes,unknown,8,may,9,-1,0,unknown,1,0.0575
30,blue-collar,single,secondary,no,609,yes,no,unknown,14,may,1,-1,0,unknown,1,0.0575
34,services,married,secondary,no,81,yes,yes,cellular,9,jul,1,-1,0,unknown,1,0.0575
43,blue-collar,married,secondary,no,607,yes,no,unknown,26,may,2,-1,0,unknown,1,0.0575
52,blue-collar,married,secondary,no,184,yes,no,unknown,3,jul,1,-1,0,unknown,1,0.0575
43,management,divorced,secondary,no,51,no,no,cellular,2,feb,1,-1,0,unknown,1,0.0575
41,management,married,tertiary,no,25,no,no,cellular,18,nov,2,-1,0,unknown,1,0.0575
57,admin.,divorced,primary,no,628,yes,yes,unknown,14,may,1,-1,0,unknown,1,0.0575
31,blue-collar,married,secondary,no,1030,yes,no,cellular,31,jul,5,-1,0,unknown,1,0.0575
56,retired,married,tertiary,no,5769,no,no,unknown,20,jun,3,-1,0,unknown,1,0.0575
40,services,divorced,primary,no,471,yes,no,cellular,16,apr,1,345,2,failure,1,0.0575
53,blue-collar,married,primary,no,1100,yes,no,unknown,17,jun,2,-1,0,unknown,1,0.0575
56,retired,married,secondary,no,-1,yes,no,unknown,2,jun,1,-1,0,unknown,1,0.0575
29,blue-collar,single,secondary,no,228,no,no,cellular,5,feb,1,-1,0,unknown,1,0.0575
52,admin.,divorced,secondary,no,2717,no,no,telephone,18,nov,1,162,2,failure,1,0.0575
59,retired,married,tertiary,no,422,yes,no,cellular,14,may,4,-1,0,unknown,1,0.0575
41,housemaid,married,secondary,no,876,no,no,unknown,19,jun,1,-1,0,unknown,1,0.0575
29,services,single,secondary,no,-251,no,no,cellular,25,jul,1,-1,0,unknown,1,0.0575
43,management,single,tertiary,no,483,no,no,cellular,19,aug,6,-1,0,unknown,1,0.0575
50,unemployed,divorced,secondary,no,717,yes,no,cellular,30,jan,1,-1,0,unknown,1,0.0575
30,management,single,tertiary,no,812,no,no,cellular,12,aug,4,-1,0,unknown,1,0.0575
37,unemployed,married,secondary,no,924,yes,no,cellular,9,feb,9,-1,0,unknown,1,0.0575
46,services,married,secondary,no,-204,yes,yes,cellular,28,jul,15,-1,0,unknown,1,0.0575
41,technician,married,secondary,no,2123,no,no,cellular,18,nov,1,102,2,failure,1,0.0575
38,management,married,secondary,no,794,yes,no,unknown,6,jun,3,-1,0,unknown,1,0.0575
36,services,single,secondary,no,9713,yes,no,unknown,27,may,3,-1,0,unknown,1,0.0575
51,management,married,tertiary,no,-898,no,no,cellular,29,jan,2,-1,0,unknown,1,0.0575
37,management,single,tertiary,no,0,no,no,cellular,7,jul,3,-1,0,unknown,1,0.0575
31,entrepreneur,married,primary,no,-98,yes,no,cellular,18,may,3,362,7,failure,1,0.0575
35,management,married,secondary,no,0,no,yes,unknown,4,jul,1,-1,0,unknown,1,0.0575
43,admin.,married,tertiary,no,279,yes,no,cellular,17,nov,1,-1,0,unknown,1,0.0575
45,management,married,tertiary,no,324,no,no,cellular,13,aug,4,-1,0,unknown,1,0.0575
50,blue-collar,married,primary,no,2167,no,no,cellular,11,aug,2,-1,0,unknown,1,0.0575
30,blue-collar,single,secondary,no,0,yes,no,cellular,12,may,1,349,4,failure,1,0.0575
39,blue-collar,married,secondary,no,167,yes,yes,cellular,12,may,1,-1,0,unknown,1,0.0575
32,blue-collar,married,secondary,no,456,no,no,cellular,12,may,1,-1,0,unknown,1,0.0575
39,housemaid,married,secondary,no,4136,yes,no,unknown,2,jun,3,-1,0,unknown,1,0.0575
32,entrepreneur,married,secondary,no,1996,yes,no,cellular,18,nov,1,-1,0,unknown,1,0.0575
54,management,divorced,tertiary,no,0,no,no,cellular,28,aug,6,-1,0,unknown,1,0.0575
25,blue-collar,single,secondary,no,-247,yes,no,cellular,23,jul,1,-1,0,unknown,1,0.0575
44,blue-collar,married,secondary,no,1671,no,no,unknown,12,jun,1,-1,0,unknown,1,0.0575
55,entrepreneur,divorced,secondary,no,1553,no,no,cellular,30,jul,3,-1,0,unknown,1,0.0575
42,blue-collar,married,unknown,no,1323,yes,no,unknown,19,may,1,-1,0,unknown,1,0.0575
26,blue-collar,married,primary,no,172,yes,no,cellular,18,may,3,354,3,failure,1,0.0575
53,entrepreneur,married,tertiary,no,0,no,no,cellular,20,nov,2,-1,0,unknown,1,0.0575
37,management,married,secondary,no,510,yes,no,cellular,21,aug,6,-1,0,unknown,1,0.0575
27,unemployed,single,tertiary,no,127,no,no,cellular,3,feb,3,-1,0,unknown,1,0.0575
54,services,married,secondary,no,2061,yes,no,telephone,31,jul,7,-1,0,unknown,1,0.0575
41,technician,single,tertiary,no,445,yes,no,cellular,17,apr,1,267,1,failure,1,0.0575
47,services,married,unknown,no,11,no,no,cellular,8,aug,4,-1,0,unknown,1,0.0575
31,housemaid,single,tertiary,no,2017,yes,no,cellular,28,jan,1,286,5,failure,1,0.0575
34,technician,married,secondary,no,2019,yes,yes,unknown,27,jun,1,-1,0,unknown,1,0.0575
46,admin.,divorced,tertiary,no,846,yes,no,unknown,8,may,2,-1,0,unknown,1,0.0575
36,technician,married,secondary,no,1319,yes,no,unknown,12,jun,1,-1,0,unknown,1,0.0575
54,blue-collar,married,secondary,no,285,yes,yes,telephone,30,jan,1,2,5,other,1,0.0575
51,housemaid,married,unknown,no,819,no,no,unknown,11,jun,1,-1,0,unknown,1,0.0575
43,management,married,tertiary,no,715,no,no,cellular,20,aug,4,-1,0,unknown,1,0.0575
49,technician,married,tertiary,no,1235,no,no,cellular,13,aug,3,-1,0,unknown,1,0.0575
46,technician,married,tertiary,no,16,no,no,cellular,30,jul,3,-1,0,unknown,1,0.0575
34,blue-collar,married,secondary,no,678,yes,no,cellular,17,apr,1,-1,0,unknown,1,0.0575
56,services,married,secondary,no,4763,yes,no,telephone,20,nov,4,115,6,failure,1,0.0575
53,admin.,single,secondary,no,654,no,no,unknown,10,jul,1,-1,0,unknown,1,0.0575
29,services,single,secondary,no,-293,no,yes,cellular,10,jul,1,-1,0,unknown,1,0.0575
31,blue-collar,married,secondary,no,136,no,no,cellular,12,may,2,267,1,failure,1,0.0575
38,technician,single,secondary,no,294,no,yes,cellular,25,jul,2,-1,0,unknown,1,0.0575
47,blue-collar,divorced,primary,no,7,no,yes,unknown,16,jun,7,-1,0,unknown,1,0.0575
45,technician,married,secondary,no,1441,yes,no,cellular,18,nov,1,113,2,other,1,0.0575
39,blue-collar,single,secondary,no,4619,no,no,cellular,21,nov,1,-1,0,unknown,1,0.0575
55,management,divorced,tertiary,no,36,no,no,cellular,23,jul,2,-1,0,unknown,1,0.0575
45,management,single,tertiary,no,16,no,no,cellular,31,jul,2,-1,0,unknown,1,0.0575
33,technician,married,secondary,no,668,yes,yes,cellular,13,may,2,173,4,other,1,0.0575
46,technician,married,secondary,no,1571,yes,no,unknown,7,may,2,-1,0,unknown,1,0.0575
39,technician,married,secondary,no,508,yes,no,cellular,2,apr,2,135,5,failure,1,0.0575
59,retired,divorced,secondary,no,21,yes,no,telephone,19,nov,2,-1,0,unknown,1,0.0575
33,services,single,tertiary,no,-452,no,no,cellular,29,jan,2,-1,0,unknown,1,0.0575
43,technician,married,secondary,no,307,no,no,cellular,21,jul,2,-1,0,unknown,1,0.0575
26,admin.,divorced,secondary,no,-45,yes,no,unknown,4,jun,2,-1,0,unknown,1,0.0575
29,services,married,secondary,no,376,no,yes,telephone,28,jan,3,183,4,failure,1,0.0575
32,technician,married,tertiary,no,4654,yes,yes,cellular,20,nov,1,128,2,failure,1,0.0575
29,admin.,single,tertiary,no,507,yes,no,unknown,20,jun,33,-1,0,unknown,1,0.0575
52,services,divorced,secondary,no,-57,no,no,cellular,5,feb,1,-1,0,unknown,1,0.0575
37,blue-collar,married,secondary,no,417,no,no,cellular,28,jan,1,181,5,failure,1,0.0575
32,blue-collar,single,secondary,no,53,yes,no,cellular,6,may,1,169,2,failure,1,0.0575
31,blue-collar,single,secondary,no,116,yes,no,unknown,27,may,1,-1,0,unknown,1,0.0575
48,blue-collar,married,secondary,no,865,yes,no,cellular,13,may,2,-1,0,unknown,1,0.0575
46,admin.,married,secondary,no,38,yes,yes,cellular,12,may,1,-1,0,unknown,1,0.0575
48,blue-collar,single,primary,no,396,yes,no,unknown,12,may,3,-1,0,unknown,1,0.0575
36,technician,married,secondary,no,659,yes,no,cellular,29,jan,2,-1,0,unknown,1,0.0575
26,student,single,secondary,no,1346,no,no,cellular,29,jan,2,-1,0,unknown,1,0.0575
31,management,married,tertiary,no,357,yes,no,cellular,28,aug,5,-1,0,unknown,1,0.0575
28,blue-collar,married,secondary,no,214,yes,yes,cellular,24,jul,3,-1,0,unknown,1,0.0575
47,technician,married,tertiary,no,-744,yes,yes,cellular,20,nov,1,-1,0,unknown,1,0.0575
60,management,divorced,tertiary,yes,20,no,yes,telephone,15,jul,3,-1,0,unknown,1,0.0575
31,services,single,secondary,no,211,no,no,cellular,29,jan,2,-1,0,unknown,1,0.0575
40,technician,married,secondary,no,8536,yes,yes,cellular,14,may,2,-1,0,unknown,1,0.0575
45,technician,married,secondary,no,3395,yes,no,unknown,14,may,1,-1,0,unknown,1,0.0575
52,blue-collar,married,primary,no,0,yes,no,cellular,31,jul,28,-1,0,unknown,1,0.0575
44,self-employed,married,secondary,no,465,no,no,cellular,22,aug,1,-1,0,unknown,1,0.0575
43,blue-collar,married,primary,no,46,yes,no,cellular,15,may,7,332,6,failure,1,0.0575
32,technician,single,secondary,no,1732,yes,no,cellular,14,aug,3,-1,0,unknown,1,0.0575
29,management,single,tertiary,no,0,yes,no,cellular,9,jul,1,-1,0,unknown,1,0.0575
54,entrepreneur,married,tertiary,no,84,no,no,cellular,29,jul,2,-1,0,unknown,1,0.0575
37,unemployed,divorced,tertiary,no,1592,yes,no,cellular,16,apr,1,-1,0,unknown,1,0.0575
40,unemployed,married,secondary,no,488,yes,no,cellular,31,jul,4,-1,0,unknown,1,0.0575
59,retired,divorced,tertiary,no,559,yes,no,unknown,13,may,2,-1,0,unknown,1,0.0575
37,services,married,secondary,no,692,yes,no,telephone,20,nov,1,-1,0,unknown,1,0.0575
31,technician,single,secondary,no,775,no,no,cellular,2,feb,1,-1,0,unknown,1,0.0575
40,management,single,primary,no,259,yes,no,cellular,8,may,1,-1,0,unknown,1,0.0575
39,blue-collar,married,secondary,no,0,yes,no,cellular,7,may,1,7,2,failure,1,0.0575
30,management,married,tertiary,no,10639,no,no,cellular,18,aug,2,-1,0,unknown,1,0.0575
46,self-employed,married,secondary,no,0,no,no,unknown,29,may,1,-1,0,unknown,1,0.0575
60,management,married,tertiary,no,3029,no,no,cellular,28,aug,9,-1,0,unknown,1,0.0575
50,technician,divorced,secondary,no,8,no,no,cellular,2,feb,2,5,1,other,1,0.0575
55,management,divorced,tertiary,no,481,yes,no,telephone,14,jul,3,-1,0,unknown,1,0.0575
47,admin.,single,tertiary,no,1192,yes,no,unknown,15,may,2,-1,0,unknown,1,0.0575
36,technician,single,tertiary,no,1324,no,no,cellular,22,aug,2,-1,0,unknown,1,0.0575
39,entrepreneur,married,tertiary,no,3,no,no,unknown,20,jun,14,-1,0,unknown,1,0.0575
37,technician,married,secondary,no,316,yes,no,unknown,8,may,1,-1,0,unknown,1,0.0575
38,technician,single,secondary,no,61,yes,no,cellular,13,may,1,359,8,failure,1,0.0575
38,admin.,married,secondary,no,1,no,no,unknown,6,may,1,-1,0,unknown,1,0.0575
43,management,divorced,tertiary,no,1052,no,no,unknown,12,jun,3,-1,0,unknown,1,0.0575
47,blue-collar,single,secondary,no,263,yes,yes,cellular,29,jan,2,255,1,other,1,0.0575
47,entrepreneur,married,tertiary,no,1855,no,no,unknown,20,jun,3,-1,0,unknown,1,0.0575
43,blue-collar,divorced,primary,no,25,yes,no,unknown,3,jun,7,-1,0,unknown,1,0.0575
37,housemaid,divorced,secondary,no,226,no,yes,cellular,19,nov,2,167,3,other,1,0.0575
34,technician,single,secondary,yes,103,yes,yes,cellular,24,jul,1,-1,0,unknown,1,0.0575
53,entrepreneur,single,secondary,no,62,yes,no,unknown,30,may,5,-1,0,unknown,1,0.055
35,blue-collar,single,secondary,no,113,no,no,cellular,9,jul,1,-1,0,unknown,1,0.055
55,blue-collar,married,unknown,no,23,no,no,cellular,13,aug,2,-1,0,unknown,1,0.055
30,technician,single,secondary,no,77,no,yes,cellular,8,jul,4,-1,0,unknown,1,0.055
40,technician,single,tertiary,no,47,no,no,cellular,20,aug,4,-1,0,unknown,1,0.055
58,blue-collar,married,secondary,no,1507,yes,yes,cellular,19,nov,6,189,1,other,1,0.055
57,management,married,tertiary,yes,-24,yes,no,telephone,17,nov,1,-1,0,unknown,1,0.055
59,management,divorced,tertiary,no,1304,no,no,unknown,18,jun,1,-1,0,unknown,1,0.055
47,blue-collar,married,secondary,no,182,yes,no,telephone,10,jul,1,-1,0,unknown,1,0.055
32,entrepreneur,single,tertiary,no,7641,yes,yes,cellular,21,nov,10,-1,0,unknown,1,0.055
29,services,single,secondary,no,79,yes,no,cellular,6,may,1,334,3,other,1,0.055
54,retired,married,primary,no,235,no,yes,cellular,21,nov,2,113,5,failure,1,0.055
39,blue-collar,single,primary,no,6,yes,no,cellular,19,nov,2,-1,0,unknown,1,0.055
56,retired,married,secondary,no,485,no,no,cellular,30,jul,2,-1,0,unknown,1,0.055
33,management,single,secondary,no,8004,no,no,cellular,19,nov,3,-1,0,unknown,1,0.055
35,admin.,married,secondary,no,1,yes,no,cellular,9,jul,1,-1,0,unknown,1,0.055
41,housemaid,divorced,secondary,no,637,yes,yes,unknown,11,jun,4,-1,0,unknown,1,0.055
33,services,married,secondary,no,0,yes,yes,cellular,31,jul,29,-1,0,unknown,1,0.055
32,management,married,tertiary,no,943,yes,no,cellular,30,jan,2,2,2,other,1,0.055
37,management,divorced,tertiary,no,896,no,yes,cellular,14,aug,2,-1,0,unknown,1,0.055
27,management,married,tertiary,no,1109,yes,no,cellular,21,jul,5,-1,0,unknown,1,0.055
45,management,divorced,primary,no,274,no,yes,cellular,4,feb,1,-1,0,unknown,1,0.055
43,management,married,tertiary,no,676,no,no,cellular,25,aug,4,-1,0,unknown,1,0.055
41,entrepreneur,married,tertiary,no,0,yes,no,cellular,3,feb,3,-1,0,unknown,1,0.055
39,blue-collar,married,secondary,no,518,yes,no,unknown,4,jun,2,-1,0,unknown,1,0.055
37,blue-collar,married,secondary,no,417,no,no,cellular,31,jul,5,-1,0,unknown,1,0.055
35,self-employed,single,tertiary,no,1129,yes,no,cellular,21,nov,2,184,2,failure,1,0.055
32,unemployed,married,secondary,no,869,yes,no,cellular,29,jan,1,-1,0,unknown,1,0.055
34,blue-collar,divorced,secondary,no,383,yes,no,unknown,13,may,1,-1,0,unknown,1,0.055
32,unemployed,divorced,secondary,no,527,no,no,cellular,28,jan,1,-1,0,unknown,1,0.055
42,management,single,tertiary,no,525,no,no,cellular,13,aug,2,-1,0,unknown,1,0.055
38,admin.,divorced,tertiary,no,2801,yes,yes,cellular,7,may,2,-1,0,unknown,1,0.055
43,admin.,single,secondary,no,91,no,yes,unknown,1,jul,2,-1,0,unknown,1,0.055
51,services,married,unknown,no,6,yes,no,cellular,7,may,1,-1,0,unknown,1,0.055
32,admin.,married,secondary,no,193,yes,no,unknown,16,may,4,-1,0,unknown,1,0.055
46,management,married,secondary,no,1363,yes,yes,cellular,7,may,4,-1,0,unknown,1,0.055
35,services,single,secondary,no,361,no,no,unknown,17,jun,1,-1,0,unknown,1,0.055
33,management,married,tertiary,no,644,no,no,cellular,11,aug,2,-1,0,unknown,1,0.055
34,technician,married,tertiary,no,1611,yes,no,cellular,11,may,2,-1,0,unknown,1,0.055
33,admin.,married,tertiary,no,1636,yes,yes,cellular,3,apr,1,136,1,failure,1,0.055
54,blue-collar,single,unknown,no,6622,no,no,unknown,17,jun,1,-1,0,unknown,1,0.055
57,unemployed,married,secondary,no,3867,yes,no,unknown,12,may,2,-1,0,unknown,1,0.055
34,management,single,tertiary,no,872,yes,no,unknown,7,may,2,-1,0,unknown,1,0.055
31,technician,married,tertiary,no,1496,yes,no,cellular,11,aug,2,-1,0,unknown,1,0.055
44,technician,divorced,secondary,no,316,yes,no,cellular,21,jul,3,-1,0,unknown,1,0.055
31,management,married,tertiary,no,491,yes,no,cellular,20,apr,1,326,1,other,1,0.055
31,management,married,tertiary,no,4148,yes,no,cellular,21,nov,3,99,9,other,1,0.055
46,technician,divorced,tertiary,no,147,yes,no,cellular,12,may,1,-1,0,unknown,1,0.055
37,management,single,tertiary,no,230,yes,yes,cellular,2,feb,2,272,1,failure,1,0.055
39,services,married,primary,no,324,yes,no,unknown,30,jun,4,-1,0,unknown,1,0.055
30,blue-collar,married,primary,no,243,no,yes,cellular,9,feb,2,213,2,failure,1,0.055
47,management,married,tertiary,no,1028,no,yes,cellular,17,nov,1,-1,0,unknown,1,0.055
51,unemployed,married,secondary,no,7464,no,no,cellular,20,nov,2,-1,0,unknown,1,0.055
26,entrepreneur,single,secondary,no,101,yes,no,cellular,5,feb,1,268,1,failure,1,0.055
49,management,married,tertiary,no,2187,no,no,cellular,25,nov,2,-1,0,unknown,1,0.055
55,management,married,tertiary,no,0,no,yes,telephone,18,aug,11,-1,0,unknown,1,0.055
53,blue-collar,divorced,secondary,no,517,yes,no,unknown,18,jun,2,-1,0,unknown,1,0.055
30,technician,married,tertiary,no,564,yes,no,cellular,11,aug,2,-1,0,unknown,1,0.055
57,management,married,tertiary,no,412,no,no,cellular,20,nov,1,-1,0,unknown,1,0.055
53,retired,divorced,tertiary,no,599,yes,no,unknown,13,may,3,-1,0,unknown,1,0.055
30,management,single,tertiary,no,222,yes,no,cellular,12,aug,4,-1,0,unknown,1,0.055
34,technician,married,tertiary,no,23,no,no,cellular,22,aug,6,-1,0,unknown,1,0.055
47,technician,married,tertiary,yes,-813,yes,yes,unknown,16,jun,25,-1,0,unknown,1,0.055
42,entrepreneur,married,secondary,no,2239,yes,no,cellular,22,jul,1,-1,0,unknown,1,0.055
45,entrepreneur,divorced,primary,no,888,yes,no,telephone,28,jul,6,-1,0,unknown,1,0.055
32,admin.,married,tertiary,no,157,no,no,cellular,27,aug,4,-1,0,unknown,1,0.055
46,unknown,married,unknown,no,2911,no,no,telephone,7,jul,9,-1,0,unknown,1,0.055
32,blue-collar,single,secondary,no,1402,yes,no,cellular,7,may,3,295,5,other,1,0.055
34,technician,single,secondary,no,318,no,yes,cellular,25,jul,5,-1,0,unknown,1,0.055
44,blue-collar,married,unknown,no,391,no,no,unknown,6,jun,4,-1,0,unknown,1,0.055
30,blue-collar,married,secondary,no,-2,yes,no,unknown,9,may,2,-1,0,unknown,1,0.055
38,technician,single,secondary,no,553,yes,no,cellular,15,may,2,270,8,other,1,0.055
31,self-employed,married,tertiary,no,3220,no,no,cellular,26,aug,4,-1,0,unknown,1,0.055
36,admin.,married,secondary,no,788,yes,no,cellular,6,may,1,345,1,failure,1,0.055
41,blue-collar,married,secondary,no,780,yes,no,cellular,15,may,3,-1,0,unknown,1,0.055
31,admin.,married,secondary,no,54,yes,no,cellular,21,nov,1,-1,0,unknown,1,0.055
47,blue-collar,married,secondary,no,665,no,no,cellular,18,aug,3,-1,0,unknown,1,0.055
30,unemployed,divorced,tertiary,no,1718,yes,no,cellular,21,nov,4,126,2,failure,1,0.055
57,retired,divorced,secondary,no,316,no,no,cellular,28,jan,2,-1,0,unknown,1,0.055
39,technician,married,tertiary,no,602,yes,no,unknown,20,may,7,-1,0,unknown,1,0.055
46,self-employed,divorced,tertiary,no,8017,yes,yes,cellular,21,nov,2,-1,0,unknown,1,0.055
36,management,married,tertiary,no,1355,yes,no,unknown,20,jun,8,-1,0,unknown,1,0.055
44,management,married,primary,no,4758,yes,no,cellular,22,jul,6,-1,0,unknown,1,0.055
20,student,single,secondary,no,602,yes,no,cellular,6,may,4,-1,0,unknown,1,0.055
40,admin.,single,secondary,no,963,yes,no,cellular,7,apr,1,-1,0,unknown,1,0.055
45,technician,married,secondary,no,858,no,no,cellular,5,feb,4,251,2,failure,1,0.055
55,technician,married,secondary,no,956,yes,yes,cellular,5,feb,4,-1,0,unknown,1,0.055
39,technician,single,secondary,no,14,yes,no,cellular,7,may,1,-1,0,unknown,1,0.055
30,technician,married,tertiary,no,0,no,no,cellular,21,aug,6,-1,0,unknown,1,0.055
36,admin.,married,secondary,no,-323,yes,no,cellular,29,jul,8,-1,0,unknown,1,0.055
35,admin.,divorced,secondary,no,0,no,no,cellular,30,jul,6,-1,0,unknown,1,0.055
39,housemaid,divorced,secondary,no,188,no,no,cellular,8,jul,1,-1,0,unknown,1,0.055
49,retired,divorced,primary,no,150,no,no,unknown,17,jun,1,-1,0,unknown,1,0.055
32,management,single,tertiary,no,0,yes,yes,cellular,17,nov,2,-1,0,unknown,1,0.055
29,technician,single,tertiary,no,262,yes,yes,cellular,29,jul,9,-1,0,unknown,1,0.055
40,housemaid,divorced,primary,no,2610,yes,no,unknown,14,may,3,-1,0,unknown,1,0.055
33,admin.,married,tertiary,no,55,yes,no,cellular,10,jul,1,-1,0,unknown,1,0.055
51,technician,married,secondary,no,1123,no,no,unknown,18,jun,4,-1,0,unknown,1,0.055
49,management,married,primary,no,363,no,no,cellular,5,feb,2,-1,0,unknown,1,0.055
43,blue-collar,divorced,primary,no,49,yes,no,unknown,9,may,1,-1,0,unknown,1,0.055
29,services,single,secondary,no,40,yes,no,cellular,18,may,1,355,2,failure,1,0.055
43,management,married,tertiary,no,5670,yes,no,cellular,20,nov,4,189,2,failure,1,0.055
45,services,married,secondary,no,-158,yes,no,telephone,29,jul,1,-1,0,unknown,1,0.055
45,admin.,divorced,secondary,no,479,no,no,cellular,2,feb,2,-1,0,unknown,1,0.055
56,blue-collar,married,primary,no,862,yes,yes,unknown,7,may,2,-1,0,unknown,1,0.055
49,services,divorced,unknown,no,313,yes,no,cellular,31,jul,7,-1,0,unknown,1,0.055
36,management,single,tertiary,no,419,no,no,cellular,12,aug,2,-1,0,unknown,1,0.055
25,admin.,single,tertiary,no,1141,yes,no,cellular,5,may,1,347,1,failure,1,0.055
38,management,single,tertiary,no,175,yes,yes,cellular,4,feb,5,-1,0,unknown,1,0.055
37,admin.,single,secondary,no,597,yes,no,cellular,5,may,1,-1,0,unknown,1,0.055
57,management,married,secondary,no,39,yes,no,cellular,15,may,2,-1,0,unknown,1,0.055
47,admin.,married,secondary,no,1210,no,no,cellular,27,jul,4,-1,0,unknown,1,0.055
32,entrepreneur,married,tertiary,no,964,yes,no,cellular,22,jul,2,-1,0,unknown,1,0.055
59,technician,divorced,secondary,no,-296,no,yes,cellular,29,jan,1,-1,0,unknown,1,0.055
35,unemployed,married,secondary,no,759,no,no,cellular,19,nov,3,-1,0,unknown,1,0.055
46,management,married,tertiary,no,182,no,no,cellular,15,jul,1,-1,0,unknown,1,0.055
37,admin.,married,primary,no,214,yes,no,cellular,9,jul,1,-1,0,unknown,1,0.055
33,entrepreneur,married,secondary,no,5809,yes,no,cellular,22,aug,4,-1,0,unknown,1,0.055
45,blue-collar,single,primary,no,92,no,yes,cellular,25,jul,7,-1,0,unknown,1,0.055
57,technician,married,secondary,no,20,no,no,cellular,22,aug,2,-1,0,unknown,1,0.055
31,services,single,tertiary,no,10122,yes,no,cellular,25,jul,1,-1,0,unknown,1,0.055
27,self-employed,single,secondary,no,923,no,no,cellular,5,feb,1,-1,0,unknown,1,0.055
38,management,married,tertiary,no,1021,no,no,cellular,20,nov,3,-1,0,unknown,1,0.055
40,services,married,unknown,no,0,no,no,cellular,31,jul,34,-1,0,unknown,1,0.055
47,technician,divorced,secondary,no,129,no,no,cellular,2,feb,2,222,2,failure,1,0.055
37,services,married,secondary,no,-601,yes,no,cellular,11,jul,2,-1,0,unknown,1,0.055
47,admin.,married,secondary,no,829,yes,yes,unknown,14,may,1,-1,0,unknown,1,0.055
41,management,single,secondary,no,800,no,no,cellular,8,aug,2,-1,0,unknown,1,0.055
38,blue-collar,single,unknown,no,-933,yes,no,cellular,28,jul,11,-1,0,unknown,1,0.055
33,blue-collar,single,primary,no,1,yes,no,cellular,20,apr,1,-1,0,unknown,1,0.055
50,technician,single,secondary,no,1022,no,no,telephone,5,feb,2,-1,0,unknown,1,0.055
40,entrepreneur,married,secondary,no,0,yes,no,cellular,30,jul,23,-1,0,unknown,1,0.055
36,admin.,married,secondary,no,131,yes,no,cellular,2,feb,1,-1,0,unknown,1,0.055
33,technician,single,tertiary,no,538,yes,no,unknown,29,may,2,-1,0,unknown,1,0.0525
35,management,married,tertiary,no,775,no,no,unknown,27,jul,1,-1,0,unknown,1,0.0525
57,blue-collar,single,primary,no,3495,no,yes,cellular,19,nov,3,-1,0,unknown,1,0.0525
38,blue-collar,married,primary,no,-257,yes,yes,cellular,9,jul,1,-1,0,unknown,1,0.0525
35,blue-collar,married,secondary,no,603,yes,no,cellular,17,apr,2,-1,0,unknown,1,0.0525
33,technician,single,secondary,no,1429,yes,no,cellular,31,aug,8,-1,0,unknown,1,0.0525
60,blue-collar,married,primary,no,4903,no,yes,unknown,9,jun,1,-1,0,unknown,1,0.0525
52,retired,divorced,tertiary,no,3687,yes,yes,unknown,16,jun,4,-1,0,unknown,1,0.0525
59,unknown,married,secondary,no,402,no,no,telephone,25,jul,5,-1,0,unknown,1,0.0525
34,blue-collar,married,secondary,no,808,yes,yes,cellular,17,jul,3,-1,0,unknown,1,0.0525
45,blue-collar,married,primary,no,1227,no,no,unknown,5,jun,3,-1,0,unknown,1,0.0525
60,technician,married,unknown,no,148,yes,no,unknown,19,may,1,-1,0,unknown,1,0.0525
42,admin.,married,primary,no,-466,no,yes,telephone,31,jul,15,-1,0,unknown,1,0.0525
46,blue-collar,divorced,primary,no,916,yes,no,cellular,11,may,2,-1,0,unknown,1,0.0525
30,technician,married,secondary,no,6843,no,no,cellular,12,aug,1,-1,0,unknown,1,0.0525
34,blue-collar,married,primary,no,425,yes,no,unknown,29,may,6,-1,0,unknown,1,0.0525
30,management,married,tertiary,no,0,yes,no,cellular,27,aug,4,-1,0,unknown,1,0.0525
40,services,married,secondary,no,4157,yes,no,unknown,15,may,1,-1,0,unknown,1,0.0525
48,management,married,tertiary,yes,0,no,yes,cellular,9,feb,8,-1,0,unknown,1,0.0525
47,blue-collar,married,secondary,no,2944,no,no,cellular,21,nov,7,154,5,failure,1,0.0525
57,unemployed,married,primary,no,7880,no,no,unknown,9,jun,2,-1,0,unknown,1,0.0525
55,blue-collar,married,secondary,no,196,no,no,cellular,21,aug,1,-1,0,unknown,1,0.0525
30,technician,single,tertiary,no,699,yes,no,cellular,11,aug,4,-1,0,unknown,1,0.0525
42,self-employed,married,secondary,no,3211,no,no,cellular,19,nov,2,111,1,failure,1,0.0525
32,admin.,married,tertiary,no,57,no,no,cellular,9,jul,2,-1,0,unknown,1,0.0525
53,blue-collar,married,secondary,no,684,yes,yes,cellular,10,jul,1,-1,0,unknown,1,0.0525
47,management,divorced,tertiary,no,8226,yes,no,cellular,30,jul,2,-1,0,unknown,1,0.0525
42,self-employed,single,secondary,no,924,no,no,cellular,2,feb,1,-1,0,unknown,1,0.0525
34,admin.,divorced,secondary,no,564,no,yes,cellular,7,jul,1,-1,0,unknown,1,0.0525
45,blue-collar,married,secondary,no,226,no,no,telephone,7,jul,2,-1,0,unknown,1,0.0525
48,blue-collar,divorced,secondary,no,4597,yes,no,cellular,10,jul,1,-1,0,unknown,1,0.0525
30,blue-collar,single,unknown,no,-570,yes,no,cellular,31,jul,22,-1,0,unknown,1,0.0525
37,technician,married,secondary,no,146,yes,yes,cellular,6,may,2,356,2,failure,1,0.0525
49,management,married,tertiary,no,596,yes,no,cellular,3,apr,2,-1,0,unknown,1,0.0525
28,blue-collar,married,secondary,no,53,yes,yes,cellular,6,feb,1,-1,0,unknown,1,0.0525
44,management,divorced,tertiary,no,2422,yes,no,cellular,16,apr,2,269,2,failure,1,0.0525
30,blue-collar,single,secondary,no,906,yes,yes,unknown,21,may,7,-1,0,unknown,1,0.0525
30,technician,married,tertiary,no,0,no,no,cellular,7,aug,5,-1,0,unknown,1,0.0525
58,management,single,tertiary,no,1387,yes,no,telephone,3,feb,6,6,6,other,1,0.0525
38,services,married,primary,no,0,yes,no,cellular,17,nov,2,-1,0,unknown,1,0.0525
39,services,married,secondary,no,247,yes,no,cellular,17,apr,2,-1,0,unknown,1,0.0525
56,retired,married,secondary,yes,101,no,yes,unknown,19,jun,1,-1,0,unknown,1,0.0525
42,services,divorced,secondary,no,0,yes,yes,cellular,23,jul,1,-1,0,unknown,1,0.0525
41,admin.,single,secondary,no,621,yes,no,telephone,19,nov,1,-1,0,unknown,1,0.0525
40,technician,single,tertiary,no,539,no,no,cellular,14,aug,2,-1,0,unknown,1,0.0525
33,technician,married,tertiary,no,236,yes,no,cellular,11,jul,1,-1,0,unknown,1,0.0525
57,blue-collar,married,primary,no,2112,no,no,cellular,12,aug,2,-1,0,unknown,1,0.0525
32,management,married,tertiary,no,62,yes,no,cellular,14,may,1,-1,0,unknown,1,0.0525
34,management,divorced,tertiary,no,36,no,no,telephone,29,aug,7,-1,0,unknown,1,0.0525
40,blue-collar,married,secondary,no,877,yes,no,unknown,20,may,6,-1,0,unknown,1,0.0525
35,technician,single,secondary,no,7530,no,no,cellular,18,nov,1,-1,0,unknown,1,0.0525
40,blue-collar,married,primary,no,418,no,no,cellular,2,feb,2,-1,0,unknown,1,0.0525
39,management,single,tertiary,yes,-401,yes,no,cellular,19,aug,4,-1,0,unknown,1,0.0525
36,self-employed,married,secondary,no,328,no,no,cellular,20,nov,2,-1,0,unknown,1,0.0525
47,management,married,tertiary,no,434,no,no,cellular,12,aug,4,-1,0,unknown,1,0.0525
47,management,married,tertiary,no,509,no,yes,cellular,21,aug,4,-1,0,unknown,1,0.0525
43,management,married,primary,no,88,no,yes,cellular,6,may,1,-1,0,unknown,1,0.0525
31,technician,single,secondary,no,591,yes,yes,cellular,15,may,5,-1,0,unknown,1,0.0525
29,technician,single,secondary,no,-522,yes,yes,cellular,23,jul,6,-1,0,unknown,1,0.0525
48,services,divorced,secondary,no,201,yes,no,cellular,12,may,3,371,2,failure,1,0.0525
35,technician,married,secondary,no,481,yes,yes,telephone,28,jan,4,164,1,other,1,0.0525
41,technician,married,secondary,no,2851,no,no,cellular,18,aug,3,-1,0,unknown,1,0.0525
44,admin.,divorced,secondary,no,777,yes,no,cellular,18,may,3,350,2,failure,1,0.0525
42,blue-collar,married,secondary,no,429,yes,no,cellular,18,may,1,370,1,failure,1,0.0525
38,self-employed,married,secondary,no,215,yes,no,cellular,14,may,2,175,2,failure,1,0.0525
45,admin.,single,primary,no,1811,no,no,telephone,31,jul,7,-1,0,unknown,1,0.0525
53,retired,married,secondary,no,352,yes,no,telephone,20,apr,5,-1,0,unknown,1,0.0525
43,management,married,tertiary,no,78,yes,no,cellular,21,nov,1,109,1,other,1,0.0525
37,blue-collar,single,secondary,no,392,yes,no,cellular,18,jul,3,-1,0,unknown,1,0.0525
48,blue-collar,married,primary,no,683,yes,no,cellular,9,feb,5,209,12,failure,1,0.0525
55,services,married,secondary,no,4263,no,no,cellular,14,aug,2,-1,0,unknown,1,0.0525
43,housemaid,divorced,tertiary,no,42,yes,no,cellular,19,aug,2,-1,0,unknown,1,0.0525
34,admin.,single,secondary,no,10,no,yes,cellular,18,nov,1,173,3,failure,1,0.0525
37,admin.,divorced,tertiary,no,43,yes,no,cellular,20,apr,2,264,2,failure,1,0.0525
34,management,married,tertiary,no,520,yes,no,cellular,12,aug,4,-1,0,unknown,1,0.0525
40,entrepreneur,married,secondary,no,-125,no,yes,cellular,31,jul,5,-1,0,unknown,1,0.0525
54,management,divorced,tertiary,no,0,no,yes,cellular,10,jul,1,-1,0,unknown,1,0.0525
39,blue-collar,single,primary,no,267,no,no,cellular,18,nov,1,-1,0,unknown,1,0.0525
60,management,married,tertiary,no,13360,no,yes,unknown,5,jun,1,-1,0,unknown,1,0.0525
50,blue-collar,married,secondary,no,16,yes,no,cellular,7,may,1,356,11,failure,1,0.0525
46,technician,married,secondary,no,198,yes,no,cellular,30,jan,1,2,6,other,1,0.0525
38,services,married,secondary,no,706,no,no,cellular,18,nov,2,-1,0,unknown,1,0.0525
29,self-employed,single,tertiary,no,415,no,no,cellular,29,jan,1,-1,0,unknown,1,0.0525
46,management,married,tertiary,no,1489,yes,no,unknown,20,jun,5,-1,0,unknown,1,0.0525
30,blue-collar,married,primary,no,2581,no,no,unknown,12,may,2,-1,0,unknown,1,0.0525
57,retired,married,secondary,no,-418,no,yes,unknown,27,jun,1,-1,0,unknown,1,0.0525
33,blue-collar,single,secondary,no,266,yes,yes,cellular,17,apr,2,-1,0,unknown,1,0.0525
36,technician,single,tertiary,no,705,yes,no,unknown,16,may,1,-1,0,unknown,1,0.0525
53,technician,single,secondary,no,0,no,no,cellular,4,aug,2,-1,0,unknown,1,0.0525
39,blue-collar,married,secondary,no,1367,no,no,unknown,12,jun,1,-1,0,unknown,1,0.0525
34,technician,single,secondary,no,1386,yes,yes,unknown,28,may,6,-1,0,unknown,1,0.0525
36,management,divorced,tertiary,no,0,yes,no,unknown,19,may,11,-1,0,unknown,1,0.0525
45,admin.,married,secondary,no,985,yes,no,telephone,4,feb,1,267,1,failure,1,0.0525
53,entrepreneur,divorced,tertiary,no,81,yes,no,cellular,6,may,5,352,3,failure,1,0.0525
41,housemaid,married,primary,no,2429,no,no,cellular,28,jan,1,-1,0,unknown,1,0.0525
58,admin.,married,secondary,no,0,no,no,cellular,27,aug,13,-1,0,unknown,1,0.0525
35,services,married,secondary,no,501,yes,yes,cellular,10,jul,8,-1,0,unknown,1,0.0525
58,retired,divorced,primary,no,97,no,no,unknown,18,jun,1,-1,0,unknown,1,0.0525
36,management,divorced,tertiary,no,1406,yes,no,cellular,18,aug,4,-1,0,unknown,1,0.0525
27,blue-collar,single,secondary,no,48,no,no,cellular,10,jul,6,-1,0,unknown,1,0.0525
56,admin.,married,secondary,no,33,yes,no,cellular,19,aug,2,-1,0,unknown,1,0.0525
48,blue-collar,married,unknown,no,459,no,no,cellular,5,feb,1,8,1,other,1,0.0525
40,technician,married,secondary,no,192,yes,yes,cellular,15,may,8,351,5,failure,1,0.0525
58,self-employed,married,tertiary,no,2596,no,no,telephone,18,nov,2,-1,0,unknown,1,0.0525
34,blue-collar,married,secondary,no,120,yes,no,unknown,21,may,1,-1,0,unknown,1,0.0525
58,retired,divorced,tertiary,no,2086,yes,no,cellular,29,jul,2,-1,0,unknown,1,0.0525
40,blue-collar,married,secondary,no,178,yes,no,cellular,11,jul,2,-1,0,unknown,1,0.0525
52,technician,married,secondary,no,-1,no,yes,cellular,31,jul,1,-1,0,unknown,1,0.0525
35,blue-collar,single,secondary,no,4963,yes,no,cellular,14,may,1,300,1,failure,1,0.0525
32,management,married,tertiary,no,396,yes,no,cellular,20,aug,3,-1,0,unknown,1,0.0525
54,retired,divorced,secondary,no,13,yes,no,cellular,15,jul,2,-1,0,unknown,1,0.0525
43,technician,single,secondary,no,28,yes,no,unknown,14,may,4,-1,0,unknown,1,0.0525
38,unemployed,married,secondary,no,0,yes,yes,cellular,30,jan,1,-1,0,unknown,1,0.0525
28,entrepreneur,married,unknown,no,1034,no,no,cellular,29,jan,1,-1,0,unknown,1,0.0525
33,blue-collar,married,primary,yes,0,yes,no,cellular,21,nov,1,-1,0,unknown,1,0.0525
42,blue-collar,married,secondary,no,130,no,no,unknown,2,jun,3,-1,0,unknown,1,0.0525
45,housemaid,married,secondary,no,16358,no,no,telephone,19,nov,1,-1,0,unknown,1,0.0525
34,technician,divorced,secondary,no,1301,yes,no,cellular,25,jul,2,-1,0,unknown,1,0.0525
34,technician,single,tertiary,no,2658,yes,no,cellular,13,aug,2,-1,0,unknown,1,0.0525
33,management,single,tertiary,no,1240,yes,no,cellular,4,feb,2,260,1,other,1,0.0525
35,blue-collar,single,secondary,yes,-947,yes,no,cellular,5,may,4,362,3,failure,1,0.0525
43,admin.,married,secondary,no,71,no,no,unknown,7,may,5,-1,0,unknown,1,0.0525
56,admin.,married,secondary,no,11,no,no,unknown,13,may,3,-1,0,unknown,1,0.0525
29,technician,divorced,secondary,no,328,yes,yes,cellular,4,feb,1,-1,0,unknown,1,0.0525
50,blue-collar,married,primary,no,-522,yes,no,cellular,13,may,3,-1,0,unknown,1,0.0525
50,blue-collar,divorced,secondary,no,-441,yes,no,cellular,8,may,2,-1,0,unknown,1,0.0525
42,services,married,primary,no,248,yes,no,cellular,14,may,2,-1,0,unknown,1,0.0525
46,technician,divorced,tertiary,no,-243,no,yes,cellular,18,jul,5,-1,0,unknown,1,0.0525
57,management,married,tertiary,no,1741,no,no,cellular,24,jul,2,-1,0,unknown,1,0.0525
30,management,single,tertiary,no,502,no,yes,cellular,18,jul,1,-1,0,unknown,1,0.0525
47,management,married,tertiary,no,-315,yes,yes,cellular,27,aug,9,-1,0,unknown,1,0.0525
31,management,married,tertiary,no,1400,yes,no,cellular,30,jan,2,2,1,other,1,0.0525
55,admin.,married,secondary,no,51,no,no,cellular,20,aug,2,-1,0,unknown,1,0.0525
46,blue-collar,divorced,primary,no,0,no,no,unknown,20,jun,2,-1,0,unknown,1,0.0525
34,technician,single,secondary,no,22,yes,no,cellular,6,may,1,-1,0,unknown,1,0.0525
51,blue-collar,divorced,primary,no,83,yes,no,unknown,16,may,4,-1,0,unknown,1,0.0525
57,unemployed,married,primary,no,0,yes,no,cellular,20,nov,2,-1,0,unknown,1,0.0525
60,admin.,married,secondary,no,504,no,no,unknown,16,jun,4,-1,0,unknown,1,0.0525
45,admin.,married,secondary,no,285,no,no,cellular,6,feb,5,-1,0,unknown,1,0.0525
33,admin.,married,secondary,no,177,yes,no,cellular,11,may,1,-1,0,unknown,1,0.0525
43,blue-collar,single,secondary,no,1306,yes,no,cellular,16,apr,1,336,1,failure,1,0.0525
59,retired,married,primary,no,1064,yes,no,cellular,6,may,2,-1,0,unknown,1,0.0525
55,services,single,secondary,no,1539,no,no,unknown,20,jun,2,-1,0,unknown,1,0.0525
35,services,divorced,secondary,no,742,no,no,cellular,28,jul,7,-1,0,unknown,1,0.0525
37,blue-collar,divorced,secondary,no,48,yes,no,unknown,8,may,2,-1,0,unknown,1,0.0525
55,management,married,tertiary,no,4777,no,yes,unknown,20,jun,3,-1,0,unknown,1,0.0525
35,management,married,tertiary,no,126,no,yes,cellular,7,jul,2,-1,0,unknown,1,0.0525
32,management,single,tertiary,no,1882,no,no,cellular,25,aug,5,-1,0,unknown,1,0.0525
49,blue-collar,divorced,secondary,no,848,yes,no,unknown,19,jun,1,-1,0,unknown,1,0.0525
58,management,married,primary,no,1021,no,no,unknown,18,nov,1,-1,0,unknown,1,0.0525
29,entrepreneur,single,tertiary,no,135,yes,no,cellular,12,may,1,356,1,failure,1,0.0525
32,management,single,tertiary,no,0,no,no,cellular,19,aug,1,-1,0,unknown,1,0.0525
23,management,married,tertiary,no,175,yes,no,unknown,26,may,1,-1,0,unknown,1,0.0525
55,unemployed,divorced,secondary,no,387,yes,no,unknown,6,may,1,-1,0,unknown,1,0.0525
46,management,married,tertiary,no,375,no,no,cellular,9,jul,1,-1,0,unknown,1,0.0525
46,services,married,primary,no,13118,no,no,cellular,5,aug,2,-1,0,unknown,1,0.0525
48,services,married,secondary,no,288,yes,no,cellular,5,may,3,-1,0,unknown,1,0.0525
43,services,married,primary,no,-88,yes,yes,cellular,17,apr,1,147,2,failure,1,0.0525
25,blue-collar,single,secondary,no,0,yes,no,cellular,22,jul,1,-1,0,unknown,1,0.0525
37,services,divorced,secondary,no,652,no,no,cellular,25,jul,2,-1,0,unknown,1,0.0525
40,blue-collar,married,secondary,no,275,yes,no,cellular,1,feb,2,-1,0,unknown,1,0.05
43,blue-collar,divorced,secondary,no,590,yes,yes,cellular,20,apr,2,-1,0,unknown,1,0.05
41,blue-collar,married,primary,no,-204,yes,yes,unknown,6,jun,1,-1,0,unknown,1,0.05
32,technician,single,tertiary,no,1710,yes,no,cellular,15,may,1,175,3,other,1,0.05
40,admin.,single,secondary,no,208,yes,yes,cellular,11,may,2,-1,0,unknown,1,0.05
40,blue-collar,married,secondary,no,187,yes,no,cellular,15,may,3,-1,0,unknown,1,0.05
30,management,single,tertiary,no,4091,no,no,cellular,20,nov,2,-1,0,unknown,1,0.05
48,entrepreneur,married,secondary,no,183,yes,no,unknown,3,jun,9,-1,0,unknown,1,0.05
36,management,married,tertiary,no,105,no,no,cellular,28,jan,1,-1,0,unknown,1,0.05
57,blue-collar,married,primary,yes,195,no,yes,telephone,30,jul,4,-1,0,unknown,1,0.05
38,admin.,single,secondary,no,439,no,no,unknown,16,jun,4,-1,0,unknown,1,0.05
46,admin.,single,secondary,no,9326,no,yes,unknown,9,jun,1,-1,0,unknown,1,0.05
31,blue-collar,single,secondary,no,216,yes,no,unknown,9,may,1,-1,0,unknown,1,0.05
33,admin.,single,secondary,no,745,yes,no,cellular,17,apr,2,333,1,other,1,0.05
34,blue-collar,married,primary,no,170,yes,yes,telephone,17,apr,4,275,7,other,1,0.05
45,self-employed,married,secondary,no,3080,no,no,cellular,19,nov,1,-1,0,unknown,1,0.05
50,technician,divorced,secondary,no,148,yes,no,cellular,17,apr,2,-1,0,unknown,1,0.05
51,self-employed,divorced,secondary,no,154,yes,no,unknown,15,may,1,-1,0,unknown,1,0.05
34,management,single,tertiary,no,4782,yes,no,cellular,15,may,1,277,1,failure,1,0.05
42,management,married,secondary,no,1331,no,no,cellular,23,jul,2,-1,0,unknown,1,0.05
35,blue-collar,married,secondary,no,628,yes,no,unknown,29,may,2,-1,0,unknown,1,0.05
57,retired,married,secondary,no,4490,no,no,cellular,7,aug,2,-1,0,unknown,1,0.05
32,admin.,married,secondary,no,86,yes,no,unknown,26,may,1,-1,0,unknown,1,0.05
44,services,single,secondary,no,5045,yes,no,cellular,21,nov,6,175,15,other,1,0.05
30,blue-collar,married,primary,no,374,yes,no,cellular,8,jul,2,-1,0,unknown,1,0.05
53,blue-collar,married,secondary,no,483,yes,no,cellular,3,feb,3,-1,0,unknown,1,0.05
52,management,married,tertiary,no,-1224,yes,no,cellular,7,may,4,-1,0,unknown,1,0.05
44,admin.,divorced,secondary,no,49,yes,no,cellular,6,may,2,-1,0,unknown,1,0.05
37,management,single,tertiary,no,0,yes,no,cellular,13,may,1,344,1,failure,1,0.05
45,unemployed,married,unknown,no,490,yes,no,cellular,5,feb,3,-1,0,unknown,1,0.05
38,entrepreneur,single,secondary,no,185,no,no,cellular,5,feb,1,-1,0,unknown,1,0.05
27,blue-collar,married,primary,no,-413,no,yes,unknown,27,jun,6,-1,0,unknown,1,0.05
60,admin.,divorced,unknown,no,791,yes,no,unknown,13,may,1,-1,0,unknown,1,0.05
33,technician,married,secondary,no,1264,no,yes,cellular,8,aug,6,-1,0,unknown,1,0.05
30,blue-collar,single,secondary,no,4648,yes,no,unknown,20,may,1,-1,0,unknown,1,0.05
35,management,married,tertiary,no,-273,yes,no,cellular,16,jul,3,-1,0,unknown,1,0.05
32,management,married,tertiary,no,273,yes,no,cellular,28,jul,10,-1,0,unknown,1,0.05
35,management,single,tertiary,no,-146,yes,no,cellular,14,may,1,266,1,failure,1,0.05
34,unemployed,divorced,tertiary,yes,530,yes,no,cellular,7,may,1,-1,0,unknown,1,0.05
36,blue-collar,married,unknown,no,1336,yes,yes,cellular,14,may,7,-1,0,unknown,1,0.05
42,technician,married,tertiary,no,13410,no,yes,cellular,14,aug,2,-1,0,unknown,1,0.05
48,technician,married,secondary,no,0,no,no,cellular,28,jan,4,-1,0,unknown,1,0.05
58,management,married,secondary,no,407,yes,no,cellular,29,jul,2,-1,0,unknown,1,0.05
30,admin.,divorced,secondary,no,4,no,no,cellular,8,jul,3,-1,0,unknown,1,0.05
55,blue-collar,married,secondary,no,176,no,yes,cellular,22,aug,11,-1,0,unknown,1,0.05
47,blue-collar,married,primary,no,-58,yes,no,cellular,18,jul,2,-1,0,unknown,1,0.05
32,technician,single,secondary,no,-23,no,yes,cellular,7,aug,5,-1,0,unknown,1,0.05
35,admin.,single,secondary,no,2452,yes,no,unknown,5,jun,2,-1,0,unknown,1,0.05
50,services,married,secondary,no,1126,no,no,cellular,4,aug,1,-1,0,unknown,1,0.05
30,admin.,single,secondary,no,818,yes,yes,cellular,16,apr,1,346,1,failure,1,0.05
33,student,married,secondary,no,0,no,no,cellular,21,jul,1,-1,0,unknown,1,0.05
40,services,married,secondary,no,-192,yes,no,cellular,11,may,1,-1,0,unknown,1,0.05
38,services,married,tertiary,no,535,yes,no,cellular,4,feb,2,-1,0,unknown,1,0.05
38,technician,single,tertiary,no,2273,yes,no,cellular,17,apr,1,-1,0,unknown,1,0.05
51,management,married,tertiary,no,0,yes,no,cellular,22,may,1,-1,0,unknown,1,0.05
56,technician,married,secondary,no,778,no,no,cellular,9,jul,1,-1,0,unknown,1,0.05
31,technician,single,secondary,no,1,yes,no,cellular,12,may,1,-1,0,unknown,1,0.05
42,entrepreneur,divorced,secondary,no,31,no,no,unknown,18,jun,1,-1,0,unknown,1,0.05
39,blue-collar,single,secondary,no,383,yes,yes,cellular,4,feb,2,-1,0,unknown,1,0.05
31,student,single,tertiary,no,2030,yes,no,cellular,14,may,2,351,2,failure,1,0.05
29,technician,single,secondary,no,426,yes,no,telephone,29,jul,6,-1,0,unknown,1,0.05
27,services,single,secondary,no,87,no,no,cellular,8,jul,1,-1,0,unknown,1,0.05
29,blue-collar,married,secondary,no,137,yes,no,cellular,17,apr,2,316,3,other,1,0.05
32,services,divorced,secondary,no,-115,yes,no,unknown,16,may,1,-1,0,unknown,1,0.05
35,management,single,tertiary,no,0,no,yes,cellular,14,aug,4,-1,0,unknown,1,0.05
55,retired,married,primary,no,1821,no,no,cellular,8,aug,2,-1,0,unknown,1,0.05
53,housemaid,divorced,primary,no,947,yes,no,unknown,5,may,1,-1,0,unknown,1,0.05
32,technician,married,secondary,no,908,yes,no,unknown,20,may,1,-1,0,unknown,1,0.05
28,unemployed,married,secondary,no,-353,no,yes,cellular,21,jul,1,-1,0,unknown,1,0.05
33,unemployed,single,secondary,no,559,yes,no,cellular,9,feb,6,-1,0,unknown,1,0.05
48,management,married,secondary,no,4415,yes,no,cellular,8,aug,6,-1,0,unknown,1,0.05
45,housemaid,married,secondary,no,4068,no,no,cellular,20,aug,1,-1,0,unknown,1,0.05
56,self-employed,married,secondary,no,123,no,no,unknown,13,may,1,-1,0,unknown,1,0.05
32,blue-collar,single,secondary,no,-255,no,yes,unknown,2,jul,3,-1,0,unknown,1,0.05
55,retired,married,secondary,no,918,yes,no,cellular,13,may,3,364,1,failure,1,0.05
50,admin.,single,primary,no,1367,no,no,telephone,30,jul,2,-1,0,unknown,1,0.05
38,admin.,single,secondary,no,2329,yes,no,cellular,29,jan,1,-1,0,unknown,1,0.05
26,self-employed,single,tertiary,no,25,no,no,cellular,28,jan,1,-1,0,unknown,1,0.05
45,management,married,tertiary,no,0,no,no,cellular,24,jul,2,-1,0,unknown,1,0.05
49,housemaid,married,tertiary,no,50,yes,yes,cellular,29,jan,1,-1,0,unknown,1,0.05
57,blue-collar,married,unknown,no,108,no,no,unknown,12,jun,1,-1,0,unknown,1,0.05
34,technician,single,secondary,no,105,yes,no,cellular,17,nov,1,196,2,failure,1,0.05
37,blue-collar,single,primary,no,12130,yes,no,unknown,18,jun,13,-1,0,unknown,1,0.05
38,blue-collar,single,tertiary,no,18,no,no,unknown,17,jun,5,-1,0,unknown,1,0.05
32,technician,single,tertiary,no,388,yes,no,cellular,15,may,1,266,2,failure,1,0.05
30,admin.,married,secondary,yes,23,no,yes,cellular,4,feb,2,-1,0,unknown,1,0.05
54,services,married,unknown,no,0,yes,no,cellular,5,feb,2,267,1,other,1,0.05
45,services,married,secondary,no,-158,yes,no,unknown,2,jun,1,-1,0,unknown,1,0.05
50,retired,married,secondary,no,1227,no,no,cellular,29,jan,2,-1,0,unknown,1,0.05
37,management,single,secondary,no,34,yes,no,unknown,29,may,1,-1,0,unknown,1,0.05
47,admin.,married,secondary,no,29,no,yes,cellular,22,aug,8,-1,0,unknown,1,0.05
52,management,single,tertiary,no,37,no,no,cellular,7,jul,1,-1,0,unknown,1,0.05
58,management,married,tertiary,no,5942,no,no,cellular,12,aug,2,-1,0,unknown,1,0.05
45,blue-collar,single,unknown,no,713,no,no,cellular,30,jul,2,-1,0,unknown,1,0.05
32,blue-collar,married,secondary,no,1520,yes,no,cellular,19,nov,1,-1,0,unknown,1,0.05
45,blue-collar,married,secondary,no,-258,yes,no,telephone,20,apr,5,-1,0,unknown,1,0.05
36,blue-collar,married,unknown,no,-400,yes,yes,cellular,6,may,2,307,1,failure,1,0.05
48,management,divorced,tertiary,no,2939,no,no,cellular,22,aug,4,-1,0,unknown,1,0.05
34,blue-collar,married,secondary,no,2994,yes,no,cellular,15,may,1,176,1,failure,1,0.05
33,services,single,secondary,no,3269,no,yes,cellular,21,nov,1,126,1,failure,1,0.05
34,blue-collar,single,secondary,no,3043,yes,yes,cellular,20,nov,1,-1,0,unknown,1,0.05
46,technician,married,secondary,no,487,no,no,cellular,4,aug,1,-1,0,unknown,1,0.05
45,services,married,primary,no,2406,yes,yes,cellular,20,apr,2,-1,0,unknown,1,0.05
49,entrepreneur,married,tertiary,no,388,yes,no,unknown,16,jun,2,-1,0,unknown,1,0.05
41,management,married,secondary,yes,-771,no,yes,unknown,20,jun,2,-1,0,unknown,1,0.05
30,management,married,tertiary,no,604,no,no,cellular,25,aug,2,-1,0,unknown,1,0.05
35,technician,married,secondary,no,410,yes,no,cellular,20,nov,2,-1,0,unknown,1,0.05
51,housemaid,married,primary,no,382,no,yes,cellular,15,jul,3,-1,0,unknown,1,0.05
37,blue-collar,divorced,secondary,no,33,yes,no,unknown,6,jun,1,-1,0,unknown,1,0.05
58,technician,divorced,secondary,no,797,yes,no,unknown,6,jun,2,-1,0,unknown,1,0.05
34,blue-collar,single,tertiary,no,-303,yes,no,cellular,18,may,5,355,2,failure,1,0.05
25,services,single,secondary,no,-352,no,no,cellular,15,jul,1,-1,0,unknown,1,0.05
45,admin.,married,unknown,no,323,no,no,telephone,4,feb,4,7,6,other,1,0.05
41,blue-collar,single,secondary,no,277,yes,no,unknown,7,may,4,-1,0,unknown,1,0.05
28,technician,single,tertiary,no,-214,yes,no,cellular,29,jan,2,262,3,failure,1,0.05
30,services,single,secondary,no,-172,yes,yes,cellular,17,apr,4,329,2,other,1,0.05
37,entrepreneur,married,secondary,no,3,no,no,cellular,20,nov,1,-1,0,unknown,1,0.05
38,technician,married,secondary,no,1960,yes,no,cellular,21,aug,2,-1,0,unknown,1,0.05
35,housemaid,married,secondary,no,495,no,no,cellular,14,aug,4,-1,0,unknown,1,0.05
26,services,single,secondary,no,186,yes,no,unknown,21,may,3,-1,0,unknown,1,0.05
33,blue-collar,married,secondary,no,358,no,no,cellular,11,may,1,350,1,failure,1,0.05
41,entrepreneur,divorced,secondary,no,1588,yes,yes,unknown,20,jun,8,-1,0,unknown,1,0.05
39,technician,single,secondary,no,-168,no,no,cellular,4,feb,5,-1,0,unknown,1,0.05
36,technician,married,secondary,no,0,yes,no,cellular,21,jul,5,-1,0,unknown,1,0.05
35,management,single,tertiary,no,1531,yes,no,cellular,19,nov,1,-1,0,unknown,1,0.05
36,admin.,single,secondary,no,191,yes,no,cellular,25,jul,7,-1,0,unknown,1,0.05
37,blue-collar,married,secondary,no,-141,yes,yes,unknown,29,may,3,-1,0,unknown,1,0.05
32,services,single,secondary,no,85,yes,no,unknown,9,may,9,-1,0,unknown,1,0.05
27,management,single,tertiary,no,212,yes,no,cellular,15,may,1,-1,0,unknown,1,0.05
33,technician,married,secondary,no,256,yes,no,cellular,18,nov,1,-1,0,unknown,1,0.05
58,management,married,tertiary,no,3948,no,yes,cellular,13,aug,1,-1,0,unknown,1,0.05
46,management,married,tertiary,no,445,yes,no,cellular,10,jul,1,-1,0,unknown,1,0.05
54,admin.,married,secondary,no,0,yes,no,cellular,29,jan,1,-1,0,unknown,1,0.05
59,management,married,secondary,no,544,no,no,unknown,20,jun,2,-1,0,unknown,1,0.05
37,management,single,tertiary,no,1572,no,no,cellular,20,aug,6,-1,0,unknown,1,0.05
46,management,married,primary,no,312,yes,no,cellular,7,jul,2,-1,0,unknown,1,0.05
54,unemployed,married,primary,no,1251,no,no,cellular,21,nov,1,-1,0,unknown,1,0.05
42,management,divorced,tertiary,no,461,yes,no,unknown,3,jun,1,-1,0,unknown,1,0.05
