age,job,marital,education,default,housing,loan,contact,month,day_of_week,duration,campaign,pdays,previous,poutcome,emp.var.rate,cons.price.idx,cons.conf.idx,euribor3m,nr.employed,y,pdays_never_contacted,probability
45,management,married,university.degree,no,no,no,cellular,sep,wed,293,2,3,2,success,-1.1,94.199,-37.5,0.886,4963.6,1,0,0.9925
44,management,married,university.degree,no,no,no,cellular,sep,wed,210,1,3,3,success,-1.1,94.199,-37.5,0.88,4963.6,1,0,0.9925
30,admin.,single,university.degree,no,yes,no,cellular,aug,wed,191,1,0,2,success,-1.7,94.027,-38.3,0.9,4991.6,1,0,0.99
45,management,married,university.degree,no,yes,no,cellular,jul,thu,138,2,6,2,success,-1.7,94.215,-40.3,0.884,4991.6,1,0,0.9875
42,management,married,university.degree,no,yes,no,cellular,sep,wed,232,1,3,2,success,-1.1,94.199,-37.5,0.886,4963.6,1,0,0.9875
34,admin.,single,university.degree,no,yes,no,cellular,mar,tue,568,1,6,3,success,-1.8,93.369,-34.8,0.652,5008.7,1,0,0.9875
27,technician,single,university.degree,no,yes,no,cellular,sep,thu,530,1,3,1,success,-1.1,94.199,-37.5,0.879,4963.6,1,0,0.9875
41,admin.,divorced,high.school,no,yes,no,cellular,aug,fri,258,2,6,3,success,-1.7,94.027,-38.3,0.905,4991.6,1,0,0.9875
41,admin.,divorced,high.school,no,yes,no,cellular,aug,fri,178,1,6,2,success,-1.7,94.027,-38.3,0.905,4991.6,1,0,0.9875
64,retired,married,university.degree,no,no,no,cellular,mar,tue,139,2,6,1,success,-1.8,93.369,-34.8,0.652,5008.7,1,0,0.985
35,admin.,married,university.degree,no,yes,no,cellular,aug,wed,765,2,6,3,success,-1.7,94.027,-38.3,0.903,4991.6,1,0,0.985
47,admin.,married,university.degree,no,no,no,cellular,aug,wed,470,1,4,2,success,-1.7,94.027,-38.3,0.9,4991.6,1,0,0.985
88,retired,divorced,basic.4y,no,no,no,cellular,mar,wed,266,2,999,0,nonexistent,-1.8,92.843,-50.0,1.663,5099.1,1,1,0.9831841352680938
88,retired,divorced,basic.4y,no,no,no,cellular,mar,wed,203,2,999,0,nonexistent,-1.8,92.843,-50.0,1.663,5099.1,1,1,0.9831841352680938
64,retired,married,university.degree,no,no,no,cellular,mar,tue,700,2,5,1,success,-1.8,93.369,-34.8,0.652,5008.7,1,0,0.9825
34,admin.,single,university.degree,no,yes,yes,cellular,mar,tue,301,1,3,2,success,-1.8,93.369,-34.8,0.652,5008.7,1,0,0.9825
34,admin.,single,university.degree,no,no,no,cellular,mar,tue,241,1,6,1,success,-1.8,93.369,-34.8,0.652,5008.7,1,0,0.9825
77,retired,married,university.degree,no,yes,no,cellular,may,wed,152,1,6,4,success,-1.8,93.876,-40.0,0.682,5008.7,1,0,0.9825
41,unemployed,married,basic.9y,no,yes,no,cellular,may,thu,306,1,6,4,success,-1.8,93.876,-40.0,0.683,5008.7,1,0,0.9825
76,retired,married,university.degree,no,yes,no,cellular,aug,thu,504,2,6,3,success,-1.7,94.027,-38.3,0.899,4991.6,1,0,0.9825
36,management,divorced,university.degree,no,yes,no,cellular,sep,tue,337,1,6,1,success,-1.1,94.199,-37.5,0.881,4963.6,1,0,0.9825
58,admin.,married,high.school,no,no,no,cellular,sep,thu,337,1,6,1,success,-1.1,94.199,-37.5,0.878,4963.6,1,0,0.9825
48,housemaid,married,professional.course,no,no,no,cellular,jul,wed,388,3,6,1,success,-1.7,94.215,-40.3,0.896,4991.6,1,0,0.9822482746752983
60,admin.,married,unknown,no,yes,no,cellular,may,wed,762,1,6,2,success,-1.8,93.876,-40.0,0.682,5008.7,1,0,0.98
28,services,single,high.school,no,yes,no,cellular,jul,thu,957,1,6,1,success,-1.7,94.215,-40.3,0.846,4991.6,1,0,0.98
75,retired,married,basic.4y,no,no,no,cellular,aug,wed,248,2,6,3,success,-1.7,94.027,-38.3,0.903,4991.6,1,0,0.98
57,management,married,university.degree,no,no,no,cellular,sep,fri,277,2,6,2,success,-1.1,94.199,-37.5,0.883,4963.6,1,0,0.98
38,technician,single,professional.course,no,yes,no,cellular,sep,thu,386,2,6,1,success,-1.1,94.199,-37.5,0.879,4963.6,1,0,0.98
34,admin.,single,university.degree,no,no,yes,cellular,mar,tue,288,2,3,1,success,-1.8,93.369,-34.8,0.652,5008.7,1,0,0.98
24,services,single,high.school,no,yes,no,cellular,jul,thu,355,1,11,2,success,-1.7,94.215,-40.3,0.884,4991.6,1,0,0.98
38,admin.,married,high.school,no,no,no,cellular,jul,thu,561,2,10,2,success,-1.7,94.215,-40.3,0.782,4991.6,1,0,0.98
41,technician,divorced,university.degree,no,yes,no,cellular,aug,fri,366,2,6,3,success,-1.7,94.027,-38.3,0.905,4991.6,1,0,0.9775
32,technician,married,basic.9y,no,yes,no,cellular,sep,wed,155,1,6,1,success,-1.1,94.199,-37.5,0.879,4963.6,1,0,0.9775
26,unemployed,single,university.degree,no,yes,no,cellular,aug,thu,508,3,6,2,success,-1.7,94.027,-38.3,0.904,4991.6,1,0,0.9775
68,retired,married,basic.4y,no,yes,yes,cellular,may,fri,220,1,6,1,success,-1.8,93.876,-40.0,0.684,5008.7,1,0,0.9775
48,admin.,single,university.degree,no,yes,no,cellular,aug,wed,118,1,0,2,success,-1.7,94.027,-38.3,0.9,4991.6,1,0,0.9775
66,blue-collar,married,unknown,no,yes,no,cellular,may,wed,171,2,6,2,success,-1.8,93.876,-40.0,0.682,5008.7,1,0,0.9775
37,services,married,high.school,no,no,no,cellular,jul,thu,346,1,6,2,success,-1.7,94.215,-40.3,0.846,4991.6,1,0,0.9775
76,retired,married,basic.4y,no,yes,no,cellular,may,fri,1205,2,6,2,success,-1.8,93.876,-40.0,0.684,5008.7,1,0,0.9775
34,admin.,single,high.school,no,no,no,cellular,sep,thu,204,1,12,1,success,-1.1,94.199,-37.5,0.879,4963.6,1,0,0.975
39,services,married,high.school,no,yes,no,cellular,may,thu,328,2,6,3,success,-1.8,93.876,-40.0,0.683,5008.7,1,0,0.975
48,housemaid,married,professional.course,no,yes,no,cellular,jul,wed,496,2,6,2,success,-1.7,94.215,-40.3,0.896,4991.6,1,0,0.9730674226574396
37,technician,married,university.degree,no,yes,no,cellular,may,thu,246,1,2,4,success,-1.8,93.876,-40.0,0.677,5008.7,1,0,0.9725
46,unemployed,single,university.degree,no,no,no,cellular,mar,tue,263,1,10,2,success,-1.8,93.369,-34.8,0.646,5008.7,1,0,0.9725
66,retired,married,basic.4y,no,yes,no,cellular,mar,tue,229,1,6,1,success,-1.8,93.369,-34.8,0.655,5008.7,1,0,0.9725
37,admin.,single,university.degree,no,no,no,cellular,sep,thu,209,1,3,4,success,-1.1,94.199,-37.5,0.879,4963.6,1,0,0.9725
40,management,married,university.degree,no,yes,no,cellular,jul,fri,955,1,9,1,success,-1.7,94.215,-40.3,0.896,4991.6,1,0,0.97
41,admin.,married,unknown,no,no,no,cellular,sep,wed,845,1,7,3,success,-1.1,94.199,-37.5,0.886,4963.6,1,0,0.97
85,retired,married,basic.4y,no,no,no,cellular,sep,tue,728,1,3,2,success,-1.1,94.199,-37.5,0.881,4963.6,1,0,0.97
27,admin.,married,university.degree,no,no,no,cellular,aug,thu,312,3,6,1,success,-1.7,94.027,-38.3,0.899,4991.6,1,0,0.97
36,management,divorced,university.degree,no,no,no,cellular,sep,tue,190,3,6,1,success,-1.1,94.199,-37.5,0.881,4963.6,1,0,0.97
42,technician,married,professional.course,no,yes,yes,cellular,oct,mon,509,1,6,1,success,-1.1,94.601,-49.5,1.0,4963.6,1,0,0.97
46,admin.,married,university.degree,no,no,no,cellular,may,thu,154,1,999,0,nonexistent,-1.8,93.876,-40.0,0.692,5008.7,1,1,0.97
27,technician,single,university.degree,no,yes,no,cellular,sep,thu,404,1,6,1,success,-1.1,94.199,-37.5,0.879,4963.6,1,0,0.97
36,admin.,married,university.degree,no,yes,no,cellular,oct,wed,825,1,6,1,success,-3.4,92.431,-26.9,0.735,5017.5,1,0,0.97
59,unemployed,married,basic.4y,no,yes,no,cellular,jun,mon,614,1,6,2,success,-1.7,94.055,-39.8,0.72,4991.6,1,0,0.9675
33,admin.,single,university.degree,no,no,no,cellular,jun,wed,206,1,3,1,success,-1.7,94.055,-39.8,0.715,4991.6,1,0,0.9675
44,technician,married,university.degree,no,yes,no,cellular,may,fri,662,2,2,1,success,-1.8,93.876,-40.0,0.682,5008.7,1,0,0.9675
40,admin.,single,basic.9y,no,yes,no,cellular,may,thu,234,1,3,3,success,-1.8,93.876,-40.0,0.683,5008.7,1,0,0.9675
52,admin.,married,unknown,no,yes,no,cellular,apr,wed,184,2,10,1,success,-1.8,93.749,-34.6,0.654,5008.7,1,0,0.9675
70,retired,married,basic.4y,no,yes,no,cellular,aug,tue,356,3,6,1,success,-1.7,94.027,-38.3,0.904,4991.6,1,0,0.9675
29,admin.,single,high.school,no,yes,no,cellular,jul,thu,480,1,6,1,success,-1.7,94.215,-40.3,0.81,4991.6,1,0,0.9675
36,admin.,married,university.degree,no,yes,no,cellular,may,tue,196,1,999,0,nonexistent,-1.8,93.876,-40.0,0.697,5008.7,1,1,0.9675
48,technician,married,professional.course,no,yes,yes,cellular,oct,mon,450,1,8,1,success,-1.1,94.601,-49.5,0.977,4963.6,1,0,0.965
55,unemployed,divorced,university.degree,no,no,no,cellular,mar,tue,212,3,6,3,success,-1.8,93.369,-34.8,0.652,5008.7,1,0,0.965
45,technician,married,professional.course,no,no,no,cellular,oct,thu,504,1,6,1,success,-3.4,92.431,-26.9,0.733,5017.5,1,0,0.965
37,management,married,university.degree,no,yes,no,cellular,jul,fri,292,1,6,1,success,-1.7,94.215,-40.3,0.896,4991.6,1,0,0.965
66,retired,married,unknown,no,yes,no,cellular,sep,tue,1394,2,6,1,success,-1.1,94.199,-37.5,0.881,4963.6,1,0,0.965
34,admin.,single,university.degree,no,no,no,cellular,nov,thu,135,1,6,1,success,-3.4,92.649,-30.1,0.714,5017.5,1,0,0.965
59,admin.,married,university.degree,no,no,yes,cellular,sep,wed,193,1,3,1,success,-1.1,94.199,-37.5,0.886,4963.6,1,0,0.9647200303490137
53,management,divorced,university.degree,no,no,no,cellular,sep,tue,404,2,3,2,success,-1.1,94.199,-37.5,0.877,4963.6,1,0,0.9625
70,retired,married,basic.4y,no,yes,no,cellular,may,thu,331,1,3,2,success,-1.8,93.876,-40.0,0.683,5008.7,1,0,0.9625
52,management,married,university.degree,no,yes,no,cellular,aug,thu,175,3,1,3,success,-1.7,94.027,-38.3,0.899,4991.6,1,0,0.9625
37,housemaid,married,university.degree,no,no,no,cellular,oct,thu,453,1,6,2,success,-1.1,94.601,-49.5,1.025,4963.6,1,0,0.9625
44,admin.,single,university.degree,no,no,no,cellular,jun,tue,924,2,4,1,success,-2.9,92.963,-40.8,1.262,5076.2,1,0,0.9622201062215479
65,retired,married,professional.course,no,yes,no,cellular,aug,tue,261,1,6,3,success,-1.7,94.027,-38.3,0.904,4991.6,1,0,0.9622194233687406
52,admin.,married,university.degree,no,no,no,cellular,mar,tue,231,1,6,2,success,-1.8,93.369,-34.8,0.646,5008.7,1,0,0.96
42,technician,married,university.degree,no,no,no,cellular,aug,fri,211,3,6,2,success,-1.7,94.027,-38.3,0.898,4991.6,1,0,0.96
31,admin.,single,high.school,no,no,no,cellular,sep,fri,252,2,3,2,success,-1.1,94.199,-37.5,0.883,4963.6,1,0,0.96
56,technician,married,professional.course,no,yes,no,cellular,jul,mon,207,2,13,1,success,-1.7,94.215,-40.3,0.87,4991.6,1,0,0.96
35,technician,single,professional.course,no,yes,no,cellular,jul,tue,360,1,11,2,success,-1.7,94.215,-40.3,0.835,4991.6,1,0,0.96
31,admin.,married,university.degree,no,yes,no,cellular,may,thu,400,1,3,1,success,-1.8,93.876,-40.0,0.683,5008.7,1,0,0.96
36,admin.,married,university.degree,no,yes,yes,cellular,may,thu,1178,1,6,2,success,-1.8,93.876,-40.0,0.699,5008.7,1,0,0.9594897124948903
60,blue-collar,married,basic.4y,no,yes,no,cellular,may,mon,272,2,6,2,success,-1.8,93.876,-40.0,0.685,5008.7,1,0,0.9575
34,admin.,single,university.degree,no,no,yes,cellular,mar,tue,305,1,11,1,success,-1.8,93.369,-34.8,0.652,5008.7,1,0,0.9575
44,admin.,married,university.degree,no,yes,no,cellular,oct,wed,192,3,6,1,success,-3.4,92.431,-26.9,0.735,5017.5,1,0,0.9575
37,admin.,single,high.school,no,no,no,cellular,jul,thu,609,2,7,3,success,-1.7,94.215,-40.3,0.782,4991.6,1,0,0.9575
33,admin.,married,university.degree,no,yes,no,cellular,aug,thu,265,1,3,3,success,-1.7,94.027,-38.3,0.899,4991.6,1,0,0.9575
27,student,single,university.degree,no,yes,no,cellular,aug,wed,651,1,0,3,success,-1.7,94.027,-38.3,0.9,4991.6,1,0,0.9575
66,admin.,divorced,university.degree,no,yes,no,cellular,aug,wed,222,3,6,2,success,-1.7,94.027,-38.3,0.903,4991.6,1,0,0.955
65,retired,married,university.degree,no,no,no,cellular,nov,fri,226,1,3,3,success,-3.4,92.649,-30.1,0.714,5017.5,1,0,0.955
34,admin.,single,high.school,no,no,no,cellular,mar,tue,469,1,6,2,success,-1.8,93.369,-34.8,0.652,5008.7,1,0,0.955
28,management,single,university.degree,no,yes,no,cellular,sep,wed,358,3,6,1,success,-1.1,94.199,-37.5,0.88,4963.6,1,0,0.955
32,admin.,married,university.degree,no,yes,no,cellular,oct,wed,467,2,6,1,success,-3.4,92.431,-26.9,0.735,5017.5,1,0,0.955
41,admin.,married,university.degree,no,yes,no,cellular,nov,tue,95,1,3,1,success,-3.4,92.649,-30.1,0.715,5017.5,1,0,0.955
45,admin.,married,high.school,no,yes,no,cellular,oct,fri,738,3,6,1,success,-1.1,94.601,-49.5,1.029,4963.6,1,0,0.955
48,unemployed,married,professional.course,no,yes,no,cellular,may,wed,236,1,6,2,success,-1.8,93.876,-40.0,0.682,5008.7,1,0,0.955
67,housemaid,divorced,professional.course,no,no,no,cellular,aug,thu,350,1,6,2,success,-1.7,94.027,-38.3,0.899,4991.6,1,0,0.955
80,housemaid,married,basic.4y,no,yes,yes,cellular,apr,tue,232,1,12,1,success,-1.8,93.749,-34.6,0.644,5008.7,1,0,0.955
77,retired,married,unknown,no,yes,no,cellular,nov,fri,193,1,3,1,success,-3.4,92.649,-30.1,0.714,5017.5,1,0,0.955
27,admin.,single,university.degree,no,no,no,cellular,sep,thu,167,3,3,1,success,-1.1,94.199,-37.5,0.879,4963.6,1,0,0.955
30,admin.,single,university.degree,no,no,no,cellular,jul,thu,252,1,6,2,success,-1.7,94.215,-40.3,0.846,4991.6,1,0,0.955
52,admin.,married,university.degree,no,no,no,cellular,may,thu,195,1,999,0,nonexistent,-1.8,93.876,-40.0,0.677,5008.7,1,1,0.955
50,entrepreneur,divorced,university.degree,no,yes,no,cellular,jul,thu,386,1,6,3,success,-1.7,94.215,-40.3,0.899,4991.6,1,0,0.955
23,admin.,single,university.degree,no,yes,no,cellular,apr,wed,219,1,999,0,nonexistent,-1.8,93.075,-47.1,1.405,5099.1,1,1,0.9544969428976963
23,admin.,single,university.degree,no,yes,no,cellular,apr,wed,621,1,999,0,nonexistent,-1.8,93.075,-47.1,1.405,5099.1,1,1,0.9544969428976963
80,retired,divorced,basic.4y,no,no,yes,cellular,jul,thu,169,2,6,2,success,-1.7,94.215,-40.3,0.899,4991.6,1,0,0.9542004932003585
50,housemaid,married,basic.6y,no,no,no,cellular,jul,thu,349,3,6,2,success,-1.7,94.215,-40.3,0.899,4991.6,1,0,0.9525
27,technician,single,university.degree,no,yes,no,cellular,dec,tue,1370,3,6,2,success,-3.0,92.713,-33.0,0.707,5023.5,1,0,0.9525
53,housemaid,married,university.degree,no,yes,no,cellular,apr,thu,494,1,6,1,success,-1.8,93.749,-34.6,0.644,5008.7,1,0,0.9525
48,admin.,married,university.degree,no,yes,yes,cellular,apr,thu,200,1,6,2,success,-1.8,93.749,-34.6,0.644,5008.7,1,0,0.9525
38,blue-collar,single,high.school,no,yes,no,cellular,sep,wed,263,1,6,3,success,-1.1,94.199,-37.5,0.879,4963.6,1,0,0.9525
30,technician,married,professional.course,no,yes,no,cellular,oct,mon,215,1,6,1,success,-1.1,94.601,-49.5,1.032,4963.6,1,0,0.9525
60,retired,married,high.school,no,no,no,cellular,sep,wed,200,1,6,1,success,-1.1,94.199,-37.5,0.876,4963.6,1,0,0.9525
53,management,divorced,university.degree,no,no,yes,cellular,nov,fri,368,2,3,1,success,-3.4,92.649,-30.1,0.716,5017.5,1,0,0.9525
71,admin.,married,basic.4y,no,yes,yes,cellular,may,fri,466,4,3,2,success,-1.8,93.876,-40.0,0.684,5008.7,1,0,0.9523503916113156
55,admin.,divorced,high.school,no,yes,no,cellular,aug,tue,244,2,6,3,success,-1.7,94.027,-38.3,0.904,4991.6,1,0,0.9520706336698399
40,admin.,single,basic.9y,no,yes,no,cellular,may,thu,356,1,2,3,success,-1.8,93.876,-40.0,0.683,5008.7,1,0,0.95
44,admin.,single,university.degree,no,yes,no,cellular,may,fri,211,4,3,1,success,-1.8,93.876,-40.0,0.682,5008.7,1,0,0.95
28,admin.,single,university.degree,no,no,no,cellular,mar,wed,506,2,999,0,nonexistent,-1.8,92.843,-50.0,1.548,5099.1,1,1,0.95
28,admin.,single,university.degree,no,no,no,cellular,mar,wed,411,2,999,0,nonexistent,-1.8,92.843,-50.0,1.548,5099.1,1,1,0.95
28,student,single,university.degree,no,unknown,unknown,cellular,may,fri,226,3,3,2,success,-1.8,93.876,-40.0,0.695,5008.7,1,0,0.95
29,services,single,university.degree,no,no,no,cellular,aug,mon,265,1,6,1,success,-1.7,94.027,-38.3,0.904,4991.6,1,0,0.95
56,retired,married,basic.4y,no,no,no,cellular,dec,thu,429,1,999,0,nonexistent,-3.0,92.713,-33.0,0.714,5023.5,1,1,0.95
31,admin.,single,university.degree,no,yes,no,telephone,mar,tue,295,1,3,2,success,-1.8,93.369,-34.8,0.646,5008.7,1,0,0.95
41,admin.,divorced,university.degree,no,yes,no,cellular,mar,fri,498,2,6,3,success,-1.8,93.369,-34.8,0.653,5008.7,1,0,0.95
42,admin.,single,high.school,no,no,no,cellular,sep,wed,638,1,14,1,success,-1.1,94.199,-37.5,0.88,4963.6,1,0,0.95
30,technician,unknown,university.degree,no,no,no,cellular,mar,mon,173,2,6,2,success,-1.8,93.369,-34.8,0.639,5008.7,1,0,0.95
51,blue-collar,married,basic.9y,no,yes,no,cellular,aug,wed,237,1,6,4,success,-1.7,94.027,-38.3,0.903,4991.6,1,0,0.95
34,admin.,married,university.degree,no,yes,no,cellular,jul,thu,417,1,6,3,success,-1.7,94.215,-40.3,0.899,4991.6,1,0,0.9491431792559188
33,admin.,married,university.degree,no,yes,no,cellular,may,fri,663,3,999,0,nonexistent,-1.8,93.876,-40.0,0.699,5008.7,1,1,0.9475
37,management,married,university.degree,no,yes,no,cellular,oct,thu,339,3,3,3,success,-1.1,94.601,-49.5,1.025,4963.6,1,0,0.9475
39,technician,married,university.degree,no,yes,no,cellular,jun,mon,187,1,3,5,success,-1.7,94.055,-39.8,0.72,4991.6,1,0,0.9475
38,admin.,married,university.degree,no,yes,no,cellular,oct,wed,576,1,6,1,success,-3.4,92.431,-26.9,0.735,5017.5,1,0,0.9475
38,admin.,single,high.school,no,yes,no,cellular,apr,thu,882,1,6,1,success,-1.8,93.749,-34.6,0.659,5008.7,1,0,0.9475
76,retired,married,university.degree,no,no,yes,cellular,dec,thu,324,3,4,2,success,-3.0,92.713,-33.0,0.712,5023.5,1,0,0.9475
36,unemployed,single,high.school,no,yes,no,cellular,sep,thu,225,1,3,1,success,-1.1,94.199,-37.5,0.879,4963.6,1,0,0.9475
33,admin.,married,university.degree,no,yes,no,cellular,apr,wed,623,1,6,1,success,-1.8,93.749,-34.6,0.654,5008.7,1,0,0.9475
37,admin.,married,university.degree,no,no,no,cellular,sep,wed,265,2,6,2,success,-1.1,94.199,-37.5,0.886,4963.6,1,0,0.9475
32,technician,married,professional.course,no,no,no,cellular,oct,wed,311,1,3,1,success,-1.1,94.601,-49.5,0.959,4963.6,1,0,0.9475
29,admin.,single,university.degree,no,no,no,cellular,may,thu,216,1,3,3,success,-1.8,93.876,-40.0,0.683,5008.7,1,0,0.9475
38,admin.,married,university.degree,no,no,no,cellular,nov,tue,182,2,7,1,success,-3.4,92.649,-30.1,0.715,5017.5,1,0,0.9475
35,admin.,married,university.degree,no,no,no,cellular,jul,thu,951,2,6,1,success,-1.7,94.215,-40.3,0.846,4991.6,1,0,0.9475
18,student,single,unknown,no,yes,no,cellular,aug,wed,253,2,6,1,success,-1.7,94.027,-38.3,0.9,4991.6,1,0,0.9475
52,admin.,married,university.degree,no,yes,yes,cellular,may,thu,250,1,3,5,success,-1.8,93.876,-40.0,0.677,5008.7,1,0,0.9475
28,student,single,basic.9y,no,yes,no,cellular,mar,tue,156,1,999,0,nonexistent,-1.8,92.843,-50.0,1.799,5099.1,1,1,0.9466564844830322
28,student,single,basic.9y,no,yes,no,cellular,mar,tue,320,1,999,0,nonexistent,-1.8,92.843,-50.0,1.799,5099.1,1,1,0.9466564844830322
50,housemaid,married,basic.4y,no,no,yes,cellular,jul,wed,462,1,4,1,success,-1.7,94.215,-40.3,0.896,4991.6,1,0,0.9461565561974699
84,retired,divorced,basic.4y,no,yes,yes,cellular,jul,tue,666,1,3,2,success,-1.7,94.215,-40.3,0.893,4991.6,1,0,0.9457215884117843
30,admin.,single,high.school,no,no,no,cellular,sep,fri,219,3,6,1,success,-1.1,94.199,-37.5,0.883,4963.6,1,0,0.945
81,retired,divorced,basic.4y,no,no,no,cellular,sep,wed,532,2,7,1,success,-1.1,94.199,-37.5,0.886,4963.6,1,0,0.945
43,admin.,married,university.degree,no,yes,no,cellular,jun,wed,262,2,3,1,success,-2.9,92.963,-40.8,1.26,5076.2,1,0,0.945
27,technician,single,university.degree,no,yes,no,cellular,dec,tue,305,3,10,1,success,-3.0,92.713,-33.0,0.708,5023.5,1,0,0.945
52,admin.,married,unknown,no,yes,no,telephone,apr,wed,403,1,6,1,success,-1.8,93.749,-34.6,0.654,5008.7,1,0,0.945
85,housemaid,married,basic.4y,unknown,yes,no,cellular,apr,tue,167,1,6,2,success,-1.8,93.749,-34.6,0.642,5008.7,1,0,0.945
56,technician,married,basic.4y,no,no,no,cellular,oct,thu,257,1,6,1,success,-3.4,92.431,-26.9,0.733,5017.5,1,0,0.945
34,admin.,single,university.degree,no,no,no,telephone,mar,tue,225,1,3,1,success,-1.8,93.369,-34.8,0.652,5008.7,1,0,0.945
84,retired,divorced,unknown,unknown,no,no,cellular,sep,tue,333,1,3,2,success,-1.1,94.199,-37.5,0.877,4963.6,1,0,0.945
35,admin.,single,university.degree,no,yes,no,cellular,jun,mon,293,1,14,1,success,-1.7,94.055,-39.8,0.72,4991.6,1,0,0.945
26,unemployed,single,university.degree,no,yes,no,cellular,aug,thu,203,1,3,3,success,-1.7,94.027,-38.3,0.904,4991.6,1,0,0.945
36,admin.,married,university.degree,no,no,no,cellular,may,tue,641,4,999,0,nonexistent,-1.8,93.876,-40.0,0.697,5008.7,1,1,0.945
52,admin.,divorced,university.degree,no,yes,no,cellular,nov,tue,89,1,3,2,success,-3.4,92.649,-30.1,0.715,5017.5,1,0,0.945
61,admin.,married,unknown,no,no,no,cellular,may,thu,173,3,9,2,success,-1.8,93.876,-40.0,0.699,5008.7,1,0,0.945
69,retired,married,high.school,no,yes,yes,cellular,sep,wed,840,1,6,2,success,-1.1,94.199,-37.5,0.886,4963.6,1,0,0.9447260242792109
29,admin.,single,high.school,no,yes,no,cellular,jul,fri,268,2,6,1,success,-1.7,94.215,-40.3,0.861,4991.6,1,0,0.9447211684370258
60,admin.,married,high.school,no,no,no,cellular,apr,thu,447,1,2,1,success,-1.8,93.075,-47.1,1.365,5099.1,1,0,0.9446219289565455
29,admin.,single,high.school,no,yes,no,cellular,jul,tue,272,3,6,1,success,-1.7,94.215,-40.3,0.835,4991.6,1,0,0.9444887338909627
60,retired,married,high.school,no,no,no,cellular,may,thu,181,3,6,1,success,-1.8,93.876,-40.0,0.699,5008.7,1,0,0.9425
60,management,married,unknown,no,yes,no,cellular,may,thu,336,3,3,5,success,-1.8,93.876,-40.0,0.683,5008.7,1,0,0.9425
30,blue-collar,single,professional.course,no,no,no,cellular,aug,wed,293,1,9,1,success,-1.7,94.027,-38.3,0.9,4991.6,1,0,0.9425
29,technician,married,professional.course,no,yes,no,cellular,oct,fri,319,1,5,2,success,-1.1,94.601,-49.5,0.972,4963.6,1,0,0.9425
26,student,single,high.school,no,no,no,cellular,mar,fri,215,1,6,3,success,-1.8,93.369,-34.8,0.649,5008.7,1,0,0.9425
31,unemployed,single,university.degree,no,yes,no,cellular,mar,tue,180,1,10,1,success,-1.8,93.369,-34.8,0.646,5008.7,1,0,0.9425
38,entrepreneur,married,university.degree,no,yes,no,cellular,aug,fri,633,1,16,1,success,-1.7,94.027,-38.3,0.898,4991.6,1,0,0.9425
27,management,single,professional.course,no,yes,no,cellular,nov,tue,325,1,3,1,success,-3.4,92.649,-30.1,0.716,5017.5,1,0,0.9425
42,blue-collar,married,basic.9y,no,yes,no,cellular,aug,fri,261,1,6,1,success,-1.7,94.027,-38.3,0.898,4991.6,1,0,0.9425
41,entrepreneur,married,university.degree,no,yes,no,cellular,aug,thu,736,1,999,0,nonexistent,-1.7,94.027,-38.3,0.904,4991.6,1,1,0.9425
36,technician,married,professional.course,no,yes,yes,cellular,apr,thu,266,2,2,2,success,-1.8,93.075,-47.1,1.365,5099.1,1,0,0.9425
41,entrepreneur,married,university.degree,no,yes,no,cellular,aug,thu,324,1,999,0,nonexistent,-1.7,94.027,-38.3,0.904,4991.6,1,1,0.9425
56,technician,divorced,university.degree,no,no,no,cellular,nov,fri,178,2,3,1,success,-3.4,92.649,-30.1,0.716,5017.5,1,0,0.9425
31,technician,divorced,university.degree,no,no,no,cellular,may,wed,175,3,7,3,success,-1.8,93.876,-40.0,0.697,5008.7,1,0,0.9425
29,student,single,professional.course,no,no,no,cellular,nov,thu,227,3,3,2,success,-3.4,92.649,-30.1,0.714,5017.5,1,0,0.9425
31,services,single,high.school,no,yes,no,cellular,sep,fri,336,2,6,1,success,-1.1,94.199,-37.5,0.879,4963.6,1,0,0.94
72,retired,married,professional.course,no,no,no,cellular,mar,fri,87,1,3,1,success,-1.8,93.369,-34.8,0.653,5008.7,1,0,0.94
29,admin.,single,university.degree,no,no,yes,cellular,nov,wed,158,1,3,1,success,-3.4,92.649,-30.1,0.715,5017.5,1,0,0.94
35,technician,married,university.degree,no,yes,no,cellular,aug,wed,182,1,6,3,failure,-1.7,94.027,-38.3,0.9,4991.6,1,0,0.94
49,technician,divorced,professional.course,no,yes,no,cellular,jul,mon,253,3,15,1,success,-1.7,94.215,-40.3,0.87,4991.6,1,0,0.94
58,management,married,university.degree,no,no,no,cellular,may,thu,289,1,3,4,success,-1.8,93.876,-40.0,0.683,5008.7,1,0,0.94
58,admin.,married,university.degree,no,no,no,cellular,sep,thu,272,4,6,1,success,-1.1,94.199,-37.5,0.878,4963.6,1,0,0.94
34,technician,single,university.degree,no,yes,yes,cellular,mar,thu,221,3,3,2,success,-1.8,93.369,-34.8,0.654,5008.7,1,0,0.94
35,admin.,married,high.school,no,yes,no,cellular,jul,wed,273,2,15,1,success,-1.7,94.215,-40.3,0.802,4991.6,1,0,0.9397091805766312
41,admin.,divorced,university.degree,no,yes,no,cellular,mar,fri,376,2,999,0,nonexistent,-1.8,93.369,-34.8,0.653,5008.7,1,1,0.9375
42,admin.,divorced,university.degree,no,no,no,cellular,sep,wed,678,1,16,1,success,-1.1,94.199,-37.5,0.886,4963.6,1,0,0.9375
64,admin.,married,high.school,no,yes,no,cellular,oct,fri,130,1,999,1,failure,-3.4,92.431,-26.9,0.73,5017.5,1,1,0.9375
29,admin.,single,university.degree,no,no,no,cellular,sep,tue,600,2,3,3,success,-1.1,94.199,-37.5,0.88,4963.6,1,0,0.9375
64,admin.,married,high.school,no,yes,no,cellular,oct,fri,427,1,999,1,failure,-3.4,92.431,-26.9,0.73,5017.5,1,1,0.9375
41,management,divorced,university.degree,no,no,no,cellular,sep,fri,164,5,3,3,success,-1.1,94.199,-37.5,0.879,4963.6,1,0,0.9375
31,admin.,single,university.degree,no,yes,no,telephone,oct,tue,125,1,999,0,nonexistent,-0.1,93.798,-40.4,4.86,5195.8,1,1,0.9375
40,technician,married,professional.course,no,yes,no,cellular,apr,thu,580,2,2,1,success,-1.8,93.075,-47.1,1.365,5099.1,1,0,0.9375
60,retired,married,university.degree,no,no,no,cellular,sep,thu,529,2,6,1,success,-1.1,94.199,-37.5,0.884,4963.6,1,0,0.9375
28,admin.,single,unknown,no,yes,no,cellular,apr,wed,545,2,6,4,success,-1.8,93.749,-34.6,0.654,5008.7,1,0,0.9375
29,admin.,single,university.degree,no,no,no,cellular,nov,fri,122,1,3,2,success,-3.4,92.649,-30.1,0.714,5017.5,1,0,0.9375
65,retired,single,university.degree,no,no,no,cellular,nov,thu,88,2,3,2,success,-3.4,92.649,-30.1,0.714,5017.5,1,0,0.9375
57,admin.,divorced,high.school,no,no,no,cellular,sep,tue,473,1,3,5,success,-1.1,94.199,-37.5,0.877,4963.6,1,0,0.9375
47,management,married,university.degree,no,yes,no,cellular,aug,mon,145,3,3,2,success,-1.7,94.027,-38.3,0.904,4991.6,0,0,0.935
59,retired,married,professional.course,no,no,no,cellular,aug,fri,218,3,3,1,success,-1.7,94.027,-38.3,0.905,4991.6,1,0,0.935
27,admin.,single,unknown,no,no,no,cellular,mar,tue,128,1,3,1,success,-1.8,93.369,-34.8,0.637,5008.7,1,0,0.935
76,retired,married,university.degree,no,yes,yes,cellular,dec,thu,330,2,4,2,success,-3.0,92.713,-33.0,0.712,5023.5,1,0,0.935
24,student,single,unknown,no,yes,no,cellular,sep,wed,300,1,5,1,success,-1.1,94.199,-37.5,0.886,4963.6,1,0,0.935
23,student,single,high.school,no,no,no,telephone,mar,fri,290,1,3,1,success,-1.8,93.369,-34.8,0.649,5008.7,1,0,0.935
26,technician,single,university.degree,no,yes,no,cellular,dec,tue,296,1,5,1,success,-3.0,92.713,-33.0,0.707,5023.5,1,0,0.935
64,retired,married,university.degree,no,no,no,cellular,mar,fri,158,1,3,2,success,-1.8,93.369,-34.8,0.653,5008.7,0,0,0.935
80,retired,divorced,basic.4y,no,yes,no,telephone,apr,wed,623,2,999,0,nonexistent,-1.8,93.749,-34.6,0.642,5008.7,1,1,0.935
33,admin.,married,university.degree,no,yes,no,cellular,nov,tue,344,2,3,1,success,-3.4,92.649,-30.1,0.715,5017.5,1,0,0.935
52,admin.,married,university.degree,no,yes,no,cellular,may,tue,556,2,999,0,nonexistent,-1.8,93.876,-40.0,0.668,5008.7,1,1,0.935
58,admin.,married,high.school,no,yes,no,cellular,may,wed,309,1,6,1,success,-1.8,93.876,-40.0,0.682,5008.7,1,0,0.935
83,housemaid,divorced,basic.4y,no,yes,no,cellular,jul,tue,667,2,3,1,success,-1.7,94.215,-40.3,0.797,4991.6,1,0,0.935
29,admin.,single,high.school,no,no,no,cellular,jul,tue,195,2,3,3,success,-1.7,94.215,-40.3,0.835,4991.6,1,0,0.935
35,admin.,married,university.degree,no,no,no,cellular,oct,wed,194,1,3,2,success,-1.1,94.601,-49.5,0.985,4963.6,1,0,0.935
34,technician,single,professional.course,no,yes,no,cellular,mar,fri,266,1,999,0,nonexistent,-1.8,92.843,-50.0,1.726,5099.1,1,1,0.9344938763263413
34,technician,single,professional.course,no,yes,no,cellular,mar,fri,227,1,999,0,nonexistent,-1.8,92.843,-50.0,1.726,5099.1,1,1,0.9344938763263413
77,retired,married,basic.4y,no,unknown,unknown,cellular,jul,tue,218,2,3,1,success,-1.7,94.215,-40.3,0.893,4991.6,1,0,0.9341667678300455
88,retired,divorced,basic.4y,no,no,no,cellular,mar,wed,323,1,999,0,nonexistent,-1.8,92.843,-50.0,1.663,5099.1,1,1,0.9334489094308693
34,technician,single,professional.course,no,no,no,cellular,mar,fri,301,3,999,0,nonexistent,-1.8,92.843,-50.0,1.726,5099.1,1,1,0.9330109224674606
83,retired,married,university.degree,no,yes,no,cellular,jul,tue,178,1,6,2,success,-1.7,94.215,-40.3,0.835,4991.6,1,0,0.9325
41,admin.,divorced,university.degree,no,no,no,cellular,mar,fri,319,1,999,0,nonexistent,-1.8,93.369,-34.8,0.653,5008.7,1,1,0.9325
76,retired,married,professional.course,unknown,yes,no,cellular,jun,tue,352,1,3,1,success,-1.7,94.055,-39.8,0.761,4991.6,1,0,0.9325
19,student,single,basic.4y,no,yes,no,cellular,sep,wed,396,2,6,3,success,-1.1,94.199,-37.5,0.876,4963.6,1,0,0.9325
35,unemployed,married,high.school,no,yes,no,cellular,aug,mon,362,1,6,1,success,-1.7,94.027,-38.3,0.904,4991.6,1,0,0.9325
27,admin.,single,university.degree,no,no,no,cellular,aug,fri,562,2,3,3,success,-1.7,94.027,-38.3,0.905,4991.6,1,0,0.9325
34,admin.,single,university.degree,no,yes,no,cellular,nov,thu,89,1,3,2,success,-3.4,92.649,-30.1,0.714,5017.5,1,0,0.9325
31,admin.,married,university.degree,no,yes,no,cellular,sep,fri,232,2,13,1,success,-1.1,94.199,-37.5,0.879,4963.6,1,0,0.9325
81,unknown,divorced,unknown,unknown,yes,no,cellular,nov,mon,161,1,999,1,failure,-3.4,92.649,-30.1,0.715,5017.5,1,1,0.9325
81,unknown,divorced,unknown,unknown,yes,no,cellular,nov,mon,263,1,999,1,failure,-3.4,92.649,-30.1,0.715,5017.5,1,1,0.9325
30,technician,married,professional.course,no,yes,no,cellular,oct,mon,253,1,9,2,success,-1.1,94.601,-49.5,1.032,4963.6,1,0,0.9325
28,technician,single,professional.course,no,yes,no,cellular,nov,wed,238,2,6,1,success,-3.4,92.649,-30.1,0.716,5017.5,1,0,0.9325
56,retired,married,university.degree,no,no,no,cellular,nov,wed,232,1,3,1,success,-3.4,92.649,-30.1,0.716,5017.5,1,0,0.9325
62,admin.,married,high.school,no,no,no,cellular,oct,tue,318,1,4,3,success,-1.1,94.601,-49.5,1.037,4963.6,1,0,0.9325
26,admin.,single,university.degree,no,unknown,unknown,cellular,jun,tue,271,2,3,1,success,-2.9,92.963,-40.8,1.262,5076.2,1,0,0.9322201062215478
45,admin.,married,university.degree,no,no,no,cellular,aug,thu,323,1,999,0,nonexistent,-1.7,94.027,-38.3,0.904,4991.6,1,1,0.93
48,unemployed,married,professional.course,no,no,no,cellular,may,wed,317,1,6,3,success,-1.8,93.876,-40.0,0.682,5008.7,1,0,0.93
69,entrepreneur,married,high.school,no,no,no,cellular,jun,wed,144,2,999,0,nonexistent,-2.9,92.963,-40.8,1.26,5076.2,1,1,0.93
51,admin.,married,university.degree,no,yes,no,cellular,jun,mon,281,3,10,3,success,-1.7,94.055,-39.8,0.754,4991.6,1,0,0.93
69,entrepreneur,married,high.school,no,no,no,cellular,jun,wed,140,2,999,0,nonexistent,-2.9,92.963,-40.8,1.26,5076.2,1,1,0.93
33,services,married,high.school,no,yes,no,cellular,jun,wed,274,2,12,2,success,-1.7,94.055,-39.8,0.767,4991.6,1,0,0.93
39,management,single,university.degree,no,yes,no,cellular,nov,fri,239,2,3,2,success,-3.4,92.649,-30.1,0.714,5017.5,1,0,0.93
31,student,single,unknown,no,yes,no,cellular,aug,thu,375,2,999,0,nonexistent,-1.7,94.027,-38.3,0.904,4991.6,1,1,0.93
34,admin.,married,university.degree,no,yes,no,cellular,aug,wed,250,1,10,2,failure,-1.7,94.027,-38.3,0.9,4991.6,1,0,0.93
34,technician,single,professional.course,no,no,no,cellular,aug,wed,305,1,999,0,nonexistent,-2.9,92.201,-31.4,0.884,5076.2,1,1,0.93
31,student,single,unknown,no,yes,no,cellular,aug,thu,306,2,999,0,nonexistent,-1.7,94.027,-38.3,0.904,4991.6,1,1,0.93
34,technician,single,professional.course,no,no,no,cellular,aug,wed,211,1,999,0,nonexistent,-2.9,92.201,-31.4,0.884,5076.2,1,1,0.93
31,admin.,married,university.degree,no,no,no,cellular,aug,tue,164,1,999,0,nonexistent,-1.7,94.027,-38.3,0.904,4991.6,1,1,0.93
35,unemployed,married,university.degree,no,no,no,cellular,oct,thu,344,1,6,1,success,-3.4,92.431,-26.9,0.733,5017.5,1,0,0.93
41,admin.,divorced,university.degree,no,yes,no,cellular,jul,mon,140,1,14,2,success,-1.7,94.215,-40.3,0.793,4991.6,1,0,0.93
76,retired,married,professional.course,unknown,yes,no,cellular,jun,tue,295,1,9,2,success,-1.7,94.055,-39.8,0.761,4991.6,1,0,0.93
66,retired,married,high.school,no,no,no,cellular,jul,tue,475,1,999,0,nonexistent,-1.7,94.215,-40.3,0.835,4991.6,1,1,0.93
33,admin.,married,university.degree,no,yes,no,cellular,oct,tue,148,2,6,1,success,-3.4,92.431,-26.9,0.737,5017.5,1,0,0.9297211684370258
59,technician,married,professional.course,no,yes,no,cellular,jul,fri,457,2,15,1,success,-1.7,94.215,-40.3,0.861,4991.6,1,0,0.9290395328606561
27,admin.,single,high.school,no,no,no,cellular,jun,tue,421,2,999,0,nonexistent,-1.7,94.055,-39.8,0.761,4991.6,1,1,0.9275
25,student,single,high.school,no,yes,no,cellular,oct,fri,234,1,3,1,success,-1.1,94.601,-49.5,1.029,4963.6,1,0,0.9275
25,unemployed,married,high.school,no,yes,no,cellular,mar,wed,436,2,6,1,success,-1.8,93.369,-34.8,0.651,5008.7,1,0,0.9275
30,student,single,professional.course,no,yes,no,cellular,sep,tue,282,2,6,1,success,-1.1,94.199,-37.5,0.88,4963.6,1,0,0.9275
27,admin.,single,high.school,no,no,no,cellular,jun,tue,586,2,999,0,nonexistent,-1.7,94.055,-39.8,0.761,4991.6,1,1,0.9275
80,retired,married,basic.4y,no,no,no,cellular,mar,fri,213,3,6,4,success,-1.8,93.369,-34.8,0.649,5008.7,1,0,0.9275
38,blue-collar,single,high.school,no,no,no,telephone,mar,tue,450,3,6,2,success,-1.8,93.369,-34.8,0.652,5008.7,1,0,0.9275
48,admin.,divorced,university.degree,no,no,no,cellular,aug,thu,172,3,3,6,success,-1.7,94.027,-38.3,0.904,4991.6,1,0,0.9275
33,admin.,married,university.degree,no,yes,no,telephone,nov,wed,241,1,3,1,success,-3.4,92.649,-30.1,0.715,5017.5,1,0,0.9275
27,admin.,single,university.degree,no,yes,no,cellular,mar,wed,210,1,6,2,success,-1.8,93.369,-34.8,0.634,5008.7,1,0,0.9275
78,retired,divorced,basic.4y,no,yes,no,cellular,may,fri,218,2,7,2,success,-1.8,93.876,-40.0,0.682,5008.7,0,0,0.9275
41,admin.,divorced,high.school,no,yes,yes,cellular,aug,thu,231,2,0,2,success,-1.7,94.027,-38.3,0.904,4991.6,1,0,0.9275
68,retired,divorced,basic.4y,no,yes,no,cellular,mar,tue,277,2,11,1,success,-1.8,93.369,-34.8,0.635,5008.7,1,0,0.9275
59,housemaid,married,basic.4y,no,yes,no,cellular,oct,tue,518,2,6,1,success,-3.4,92.431,-26.9,0.737,5017.5,1,0,0.9275
22,student,single,high.school,no,no,no,cellular,sep,wed,369,3,5,1,success,-1.1,94.199,-37.5,0.886,4963.6,1,0,0.9275
60,admin.,married,university.degree,no,no,no,cellular,jul,fri,316,1,6,2,success,-1.7,94.215,-40.3,0.861,4991.6,1,0,0.9273051879801983
34,admin.,married,professional.course,no,no,no,cellular,sep,tue,230,1,3,3,success,-1.1,94.199,-37.5,0.877,4963.6,1,0,0.926935584218513
55,admin.,married,high.school,no,no,no,telephone,jul,wed,229,1,9,1,success,-1.7,94.215,-40.3,0.802,4991.6,1,0,0.925
56,retired,married,basic.4y,no,yes,no,cellular,jun,wed,337,2,3,2,success,-1.7,94.055,-39.8,0.767,4991.6,1,0,0.925
68,retired,married,university.degree,no,no,no,cellular,jul,mon,414,2,12,1,success,-1.7,94.215,-40.3,0.889,4991.6,1,0,0.925
41,admin.,married,university.degree,no,no,no,telephone,nov,tue,234,2,3,1,success,-3.4,92.649,-30.1,0.715,5017.5,1,0,0.925
77,management,married,unknown,no,yes,no,cellular,aug,fri,160,1,3,6,success,-1.7,94.027,-38.3,0.905,4991.6,1,0,0.925
31,student,single,university.degree,no,no,no,cellular,aug,tue,279,4,6,2,success,-1.7,94.027,-38.3,0.899,4991.6,1,0,0.925
34,admin.,married,university.degree,no,no,no,cellular,jun,wed,150,1,3,2,success,-1.7,94.055,-39.8,0.715,4991.6,1,0,0.925
54,admin.,married,university.degree,no,yes,no,cellular,mar,mon,415,1,999,0,nonexistent,-1.8,92.843,-50.0,1.56,5099.1,1,1,0.925
54,admin.,married,university.degree,no,yes,no,cellular,mar,mon,115,1,999,0,nonexistent,-1.8,92.843,-50.0,1.56,5099.1,1,1,0.925
80,retired,divorced,unknown,no,yes,yes,cellular,nov,fri,186,2,3,1,success,-3.4,92.649,-30.1,0.714,5017.5,1,0,0.925
45,management,married,unknown,no,yes,no,cellular,apr,tue,379,3,7,1,success,-1.8,93.749,-34.6,0.642,5008.7,1,0,0.925
48,management,divorced,university.degree,no,yes,no,cellular,nov,wed,208,1,3,1,success,-3.4,92.649,-30.1,0.716,5017.5,1,0,0.925
30,student,single,unknown,no,no,yes,telephone,mar,tue,255,1,3,2,success,-1.8,93.369,-34.8,0.637,5008.7,1,0,0.925
30,technician,married,professional.course,no,yes,no,cellular,mar,tue,263,2,6,2,success,-1.8,93.369,-34.8,0.655,5008.7,1,0,0.925
60,housemaid,married,basic.4y,no,yes,yes,cellular,apr,thu,149,1,12,1,success,-1.8,93.749,-34.6,0.635,5008.7,1,0,0.925
60,management,married,university.degree,no,yes,yes,cellular,jul,thu,395,1,4,2,success,-1.7,94.215,-40.3,0.782,4991.6,1,0,0.9232997715102431
82,retired,divorced,basic.4y,no,yes,no,cellular,nov,tue,134,2,3,1,success,-3.4,92.649,-30.1,0.715,5017.5,1,0,0.9225
32,admin.,married,university.degree,no,no,no,cellular,jun,tue,74,1,4,1,success,-2.9,92.963,-40.8,1.262,5076.2,1,0,0.9225
24,student,single,unknown,no,yes,yes,cellular,aug,fri,744,1,3,2,success,-2.9,92.201,-31.4,0.849,5076.2,1,0,0.9225
60,technician,married,basic.4y,no,yes,no,cellular,oct,tue,595,2,6,1,success,-3.4,92.431,-26.9,0.737,5017.5,1,0,0.9225
34,technician,married,unknown,no,no,no,cellular,nov,tue,206,1,6,2,success,-1.1,94.767,-50.8,1.046,4963.6,1,0,0.9225
34,admin.,married,university.degree,no,yes,no,cellular,may,fri,407,3,8,3,failure,-1.8,93.876,-40.0,0.695,5008.7,1,0,0.9225
38,technician,married,professional.course,no,yes,no,cellular,mar,fri,207,2,7,1,success,-1.8,92.843,-50.0,1.726,5099.1,1,0,0.9225
39,self-employed,divorced,high.school,no,no,no,cellular,sep,tue,108,2,3,1,success,-3.4,92.379,-29.8,0.788,5017.5,1,0,0.9225
31,technician,married,university.degree,no,no,no,cellular,sep,thu,244,1,3,1,success,-1.1,94.199,-37.5,0.878,4963.6,1,0,0.9225
33,admin.,single,university.degree,no,yes,no,cellular,oct,thu,759,1,3,3,success,-1.1,94.601,-49.5,1.025,4963.6,1,0,0.9225
34,admin.,single,university.degree,no,no,no,cellular,nov,thu,169,1,7,2,success,-3.4,92.649,-30.1,0.714,5017.5,1,0,0.9225
51,technician,married,professional.course,no,yes,no,cellular,apr,thu,687,1,0,1,success,-1.8,93.075,-47.1,1.365,5099.1,1,0,0.9223506898658863
65,retired,married,basic.4y,no,yes,yes,cellular,oct,mon,165,1,3,1,success,-1.1,94.601,-49.5,0.977,4963.6,1,0,0.92
66,housemaid,divorced,basic.4y,no,yes,no,cellular,mar,thu,201,1,3,2,success,-1.8,93.369,-34.8,0.635,5008.7,1,0,0.92
23,student,single,professional.course,no,no,no,cellular,sep,wed,213,2,15,1,success,-1.1,94.199,-37.5,0.876,4963.6,1,0,0.92
42,technician,married,professional.course,no,no,no,cellular,aug,thu,295,1,6,2,success,-1.7,94.027,-38.3,0.899,4991.6,1,0,0.92
43,unemployed,married,basic.9y,no,no,no,cellular,sep,fri,270,2,9,1,success,-1.1,94.199,-37.5,0.883,4963.6,1,0,0.92
48,admin.,married,university.degree,no,yes,no,cellular,jun,wed,447,2,4,1,success,-2.9,92.963,-40.8,1.26,5076.2,1,0,0.92
29,admin.,single,university.degree,no,yes,no,cellular,mar,mon,361,1,3,3,success,-1.8,93.369,-34.8,0.646,5008.7,1,0,0.92
41,admin.,divorced,university.degree,no,yes,yes,cellular,mar,fri,418,1,999,0,nonexistent,-1.8,93.369,-34.8,0.653,5008.7,1,1,0.92
26,technician,single,professional.course,no,yes,no,cellular,sep,fri,249,1,3,3,success,-1.1,94.199,-37.5,0.879,4963.6,1,0,0.92
69,retired,married,high.school,no,no,no,cellular,may,wed,289,1,10,1,success,-1.8,93.876,-40.0,0.697,5008.7,1,0,0.92
21,student,single,unknown,no,no,no,telephone,jul,thu,250,1,12,1,success,-1.7,94.215,-40.3,0.81,4991.6,1,0,0.92
50,management,married,university.degree,no,yes,no,cellular,jul,thu,367,1,999,0,nonexistent,-1.7,94.215,-40.3,0.846,4991.6,1,1,0.92
28,student,single,high.school,no,yes,no,cellular,jul,mon,250,2,6,1,success,-1.7,94.215,-40.3,0.827,4991.6,1,0,0.92
40,technician,married,professional.course,no,yes,no,cellular,may,wed,248,1,3,4,success,-1.8,93.876,-40.0,0.682,5008.7,1,0,0.92
29,technician,married,university.degree,no,yes,no,cellular,nov,fri,210,1,3,1,success,-3.4,92.649,-30.1,0.714,5017.5,1,0,0.92
32,technician,married,basic.9y,no,no,no,cellular,sep,wed,183,1,6,5,success,-1.1,94.199,-37.5,0.879,4963.6,1,0,0.92
62,retired,married,university.degree,no,yes,no,cellular,dec,wed,282,1,6,1,success,-3.0,92.713,-33.0,0.706,5023.5,1,0,0.92
30,admin.,single,university.degree,no,no,yes,cellular,jun,fri,199,1,3,1,success,-2.9,92.963,-40.8,1.268,5076.2,1,0,0.919247144129827
38,technician,married,professional.course,no,no,yes,cellular,mar,thu,137,1,999,0,nonexistent,-1.8,92.843,-50.0,1.757,5099.1,1,1,0.9189534161897782
29,admin.,single,university.degree,no,no,no,cellular,apr,thu,800,1,999,0,nonexistent,-1.8,93.075,-47.1,1.365,5099.1,1,1,0.9187199521477598
27,admin.,single,university.degree,no,no,no,cellular,apr,thu,523,1,999,0,nonexistent,-1.8,93.075,-47.1,1.365,5099.1,1,1,0.9179436451688869
51,technician,married,professional.course,no,yes,yes,cellular,apr,thu,297,1,2,2,success,-1.8,93.075,-47.1,1.365,5099.1,1,0,0.9175
58,unemployed,married,basic.9y,no,yes,no,cellular,apr,thu,229,1,6,1,success,-1.8,93.749,-34.6,0.644,5008.7,1,0,0.9175
30,student,single,unknown,no,no,no,cellular,dec,wed,343,1,4,2,success,-3.0,92.713,-33.0,0.715,5023.5,1,0,0.9175
50,admin.,married,university.degree,no,yes,no,cellular,may,wed,176,2,3,3,success,-1.8,93.876,-40.0,0.682,5008.7,1,0,0.9175
49,technician,divorced,professional.course,no,yes,no,cellular,mar,tue,236,4,3,1,success,-1.8,93.369,-34.8,0.635,5008.7,1,0,0.9175
35,admin.,married,university.degree,no,yes,no,cellular,apr,thu,330,1,10,1,success,-1.8,93.749,-34.6,0.644,5008.7,1,0,0.9175
34,admin.,married,university.degree,no,no,yes,cellular,dec,tue,196,2,6,2,success,-3.0,92.713,-33.0,0.707,5023.5,1,0,0.9175
75,retired,divorced,high.school,no,no,no,telephone,apr,tue,162,1,6,2,success,-1.8,93.749,-34.6,0.642,5008.7,1,0,0.9175
42,management,single,university.degree,no,yes,no,cellular,oct,mon,138,1,999,0,nonexistent,-3.4,92.431,-26.9,0.743,5017.5,1,1,0.9175
70,retired,divorced,high.school,no,yes,no,telephone,may,wed,283,2,4,2,success,-1.8,93.876,-40.0,0.697,5008.7,1,0,0.9175
42,management,single,university.degree,no,yes,no,cellular,oct,mon,105,1,999,0,nonexistent,-3.4,92.431,-26.9,0.743,5017.5,1,1,0.9175
72,retired,married,basic.4y,no,yes,no,cellular,jul,mon,268,1,999,0,nonexistent,-1.7,94.215,-40.3,0.87,4991.6,1,1,0.9175
24,admin.,single,high.school,no,no,no,cellular,jul,mon,452,1,14,1,success,-1.7,94.215,-40.3,0.827,4991.6,1,0,0.9175
52,admin.,married,university.degree,no,yes,yes,cellular,jul,thu,942,1,999,0,nonexistent,-1.7,94.215,-40.3,0.884,4991.6,1,1,0.9175
33,technician,married,professional.course,no,yes,no,cellular,may,fri,700,4,3,4,success,-1.8,93.876,-40.0,0.684,5008.7,1,0,0.9175
33,admin.,single,university.degree,no,yes,no,cellular,may,fri,396,5,999,0,nonexistent,-1.8,93.876,-40.0,0.684,5008.7,1,1,0.9175
72,retired,divorced,basic.6y,no,yes,no,cellular,nov,wed,199,1,999,0,nonexistent,-3.4,92.649,-30.1,0.715,5017.5,1,1,0.9175
51,technician,married,high.school,no,no,no,cellular,jul,mon,284,1,6,3,success,-1.7,94.215,-40.3,0.889,4991.6,1,0,0.9175
26,admin.,single,university.degree,no,yes,yes,cellular,apr,tue,295,4,6,2,success,-1.8,93.749,-34.6,0.644,5008.7,1,0,0.9175
35,admin.,married,university.degree,no,yes,no,cellular,nov,wed,654,2,999,0,nonexistent,-0.1,93.2,-42.0,4.12,5195.8,1,1,0.9173188007860438
35,admin.,married,university.degree,no,yes,no,cellular,nov,wed,631,2,999,0,nonexistent,-0.1,93.2,-42.0,4.12,5195.8,1,1,0.9173188007860438
59,retired,married,professional.course,no,yes,no,cellular,aug,fri,303,2,3,2,success,-1.7,94.027,-38.3,0.905,4991.6,1,0,0.9172194233687405
36,management,divorced,university.degree,no,yes,no,cellular,jun,mon,422,1,3,4,success,-1.7,94.055,-39.8,0.72,4991.6,1,0,0.917093038274422
38,technician,married,professional.course,no,no,yes,cellular,mar,thu,196,2,999,0,nonexistent,-1.8,92.843,-50.0,1.757,5099.1,1,1,0.9163801445098874
48,admin.,married,university.degree,no,yes,yes,cellular,aug,wed,288,1,0,3,success,-1.7,94.027,-38.3,0.9,4991.6,1,0,0.9159776219164765
31,student,single,unknown,no,unknown,unknown,cellular,sep,wed,708,2,6,2,success,-1.1,94.199,-37.5,0.88,4963.6,1,0,0.915
35,technician,single,professional.course,no,yes,no,cellular,jul,tue,337,1,6,1,success,-1.7,94.215,-40.3,0.835,4991.6,1,0,0.915
36,blue-collar,single,basic.6y,no,no,no,cellular,nov,tue,238,1,999,0,nonexistent,-1.1,94.767,-50.8,1.046,4963.6,1,1,0.915
35,blue-collar,married,basic.9y,no,yes,no,cellular,jul,mon,275,1,6,2,success,-1.7,94.215,-40.3,0.889,4991.6,1,0,0.915
24,student,single,professional.course,no,no,no,cellular,jul,wed,429,2,6,3,success,-1.7,94.215,-40.3,0.896,4991.6,1,0,0.915
40,management,married,university.degree,no,no,no,telephone,jul,fri,367,2,3,2,success,-1.7,94.215,-40.3,0.896,4991.6,1,0,0.915
79,retired,married,basic.4y,no,yes,no,cellular,nov,tue,594,1,3,1,success,-3.4,92.649,-30.1,0.715,5017.5,1,0,0.915
57,housemaid,married,basic.4y,no,no,no,cellular,apr,wed,224,2,6,1,success,-1.8,93.749,-34.6,0.642,5008.7,1,0,0.915
39,entrepreneur,married,professional.course,no,no,no,telephone,sep,wed,511,3,6,1,success,-1.1,94.199,-37.5,0.876,4963.6,1,0,0.915
49,blue-collar,married,basic.9y,unknown,no,no,cellular,mar,mon,301,1,3,1,success,-1.8,93.369,-34.8,0.652,5008.7,1,0,0.915
53,admin.,single,university.degree,no,yes,no,cellular,jun,fri,304,2,3,1,success,-2.9,92.963,-40.8,1.268,5076.2,1,0,0.915
52,technician,married,basic.6y,no,yes,no,cellular,jul,thu,219,1,3,1,success,-1.7,94.215,-40.3,0.846,4991.6,1,0,0.915
48,self-employed,divorced,university.degree,no,no,no,cellular,may,wed,661,3,999,0,nonexistent,-1.8,93.876,-40.0,0.69,5008.7,1,1,0.915
83,retired,married,university.degree,no,no,no,telephone,jul,tue,617,1,12,1,success,-1.7,94.215,-40.3,0.835,4991.6,1,0,0.915
31,self-employed,married,university.degree,no,no,no,cellular,sep,wed,152,1,3,1,success,-3.4,92.379,-29.8,0.768,5017.5,1,0,0.915
30,technician,single,university.degree,no,no,no,telephone,oct,wed,676,1,999,0,nonexistent,-0.1,93.798,-40.4,4.936,5195.8,1,1,0.915
67,retired,married,basic.4y,no,no,no,cellular,aug,mon,341,2,13,1,success,-1.7,94.027,-38.3,0.898,4991.6,1,0,0.915
38,admin.,married,high.school,no,yes,yes,cellular,apr,thu,390,1,999,0,nonexistent,-1.8,93.075,-47.1,1.365,5099.1,1,1,0.9148511584160007
36,management,single,university.degree,no,yes,no,cellular,jun,wed,300,2,3,1,success,-2.9,92.963,-40.8,1.26,5076.2,1,0,0.9141227471935387
60,admin.,married,professional.course,no,yes,yes,cellular,sep,thu,261,1,6,1,success,-1.1,94.199,-37.5,0.879,4963.6,1,0,0.9140026015107537
29,student,single,professional.course,no,yes,yes,cellular,nov,thu,123,1,7,1,success,-3.4,92.649,-30.1,0.714,5017.5,1,0,0.9125
43,admin.,married,high.school,no,yes,no,cellular,mar,thu,265,1,999,0,nonexistent,-1.8,93.369,-34.8,0.643,5008.7,1,1,0.9125
23,student,single,university.degree,no,yes,no,cellular,nov,wed,172,1,3,2,success,-3.4,92.649,-30.1,0.715,5017.5,1,0,0.9125
38,technician,single,professional.course,no,yes,no,cellular,sep,thu,284,3,22,1,success,-1.1,94.199,-37.5,0.879,4963.6,1,0,0.9125
19,student,single,basic.6y,no,yes,no,cellular,mar,tue,313,1,5,2,success,-1.8,93.369,-34.8,0.655,5008.7,1,0,0.9125
60,admin.,married,unknown,no,no,no,cellular,nov,tue,787,1,7,2,success,-1.1,94.767,-50.8,1.046,4963.6,1,0,0.9125
32,services,single,university.degree,no,yes,no,cellular,sep,thu,404,1,6,3,success,-1.1,94.199,-37.5,0.884,4963.6,1,0,0.9125
26,student,single,high.school,no,yes,no,cellular,aug,wed,233,1,14,1,success,-1.7,94.027,-38.3,0.903,4991.6,1,0,0.9125
49,technician,divorced,professional.course,no,yes,no,cellular,oct,fri,251,2,3,1,success,-1.1,94.601,-49.5,0.972,4963.6,1,0,0.9125
82,housemaid,married,basic.4y,no,no,no,telephone,sep,tue,279,3,3,2,success,-1.1,94.199,-37.5,0.877,4963.6,1,0,0.9125
51,admin.,married,university.degree,no,yes,yes,cellular,oct,thu,236,3,3,1,success,-1.1,94.601,-49.5,0.965,4963.6,1,0,0.9125
50,admin.,married,university.degree,no,no,no,cellular,jul,thu,356,1,999,0,nonexistent,-2.9,92.469,-33.6,1.072,5076.2,1,1,0.9125
28,admin.,single,university.degree,no,no,no,cellular,may,wed,135,2,3,2,success,-1.8,93.876,-40.0,0.697,5008.7,1,0,0.9125
53,technician,married,professional.course,no,no,no,cellular,sep,tue,925,1,3,1,success,-3.4,92.379,-29.8,0.77,5017.5,1,0,0.91
29,admin.,single,university.degree,no,no,no,cellular,jun,wed,192,2,3,4,success,-1.7,94.055,-39.8,0.715,4991.6,1,0,0.91
28,management,single,university.degree,no,yes,no,cellular,jun,thu,339,3,6,2,success,-1.7,94.055,-39.8,0.729,4991.6,1,0,0.91
83,retired,divorced,basic.4y,no,no,no,cellular,nov,tue,242,1,3,3,success,-3.4,92.649,-30.1,0.716,5017.5,1,0,0.91
24,student,single,unknown,no,yes,no,cellular,aug,fri,438,1,6,1,success,-2.9,92.201,-31.4,0.849,5076.2,1,0,0.91
41,admin.,married,university.degree,no,yes,no,cellular,dec,thu,500,1,999,0,nonexistent,-3.0,92.713,-33.0,0.707,5023.5,1,1,0.91
31,admin.,single,university.degree,no,yes,no,cellular,nov,thu,260,1,999,0,nonexistent,-1.1,94.767,-50.8,1.041,4963.6,1,1,0.91
28,admin.,single,high.school,no,yes,no,cellular,may,thu,263,1,6,1,success,-1.8,93.876,-40.0,0.683,5008.7,1,0,0.91
36,management,married,university.degree,no,no,yes,cellular,nov,wed,166,3,3,3,success,-3.4,92.649,-30.1,0.715,5017.5,1,0,0.91
41,management,married,unknown,no,no,yes,cellular,nov,fri,129,2,3,2,success,-3.4,92.649,-30.1,0.714,5017.5,1,0,0.91
22,admin.,single,university.degree,no,no,no,cellular,jun,wed,407,1,3,1,success,-1.7,94.055,-39.8,0.704,4991.6,1,0,0.91
57,admin.,married,university.degree,no,unknown,unknown,cellular,oct,wed,229,2,3,2,success,-1.1,94.601,-49.5,0.959,4963.6,1,0,0.91
45,blue-collar,married,professional.course,no,yes,no,telephone,may,thu,414,1,6,2,success,-1.8,93.876,-40.0,0.683,5008.7,1,0,0.91
72,retired,married,basic.4y,no,no,no,cellular,sep,fri,230,1,3,2,success,-3.4,92.379,-29.8,0.803,5017.5,1,0,0.91
45,admin.,single,high.school,no,yes,no,cellular,apr,thu,354,1,2,1,success,-1.8,93.075,-47.1,1.365,5099.1,1,0,0.91
39,admin.,married,high.school,no,yes,no,cellular,may,tue,552,1,3,2,success,-1.8,93.876,-40.0,0.668,5008.7,1,0,0.91
37,housemaid,married,university.degree,no,no,no,cellular,oct,thu,549,2,11,4,success,-1.1,94.601,-49.5,1.025,4963.6,1,0,0.91
38,admin.,single,high.school,no,yes,yes,cellular,apr,thu,449,1,13,1,success,-1.8,93.749,-34.6,0.659,5008.7,1,0,0.91
31,technician,single,unknown,no,yes,no,cellular,aug,mon,428,2,9,3,success,-1.7,94.027,-38.3,0.898,4991.6,1,0,0.9075
34,technician,single,university.degree,no,yes,no,cellular,sep,fri,294,4,10,3,success,-1.1,94.199,-37.5,0.879,4963.6,1,0,0.9075
33,services,single,high.school,no,yes,no,cellular,oct,mon,182,1,6,1,success,-1.1,94.601,-49.5,1.032,4963.6,1,0,0.9075
36,technician,single,professional.course,no,yes,no,cellular,apr,thu,218,1,2,2,success,-1.8,93.075,-47.1,1.365,5099.1,1,0,0.9075
53,blue-collar,single,basic.9y,no,no,no,telephone,jul,wed,413,1,6,2,success,-1.7,94.215,-40.3,0.84,4991.6,1,0,0.9075
92,retired,married,unknown,no,yes,no,cellular,may,thu,271,1,6,2,success,-1.8,93.876,-40.0,0.683,5008.7,0,0,0.9075
29,admin.,single,university.degree,no,yes,no,cellular,jun,wed,200,1,6,3,success,-1.7,94.055,-39.8,0.715,4991.6,1,0,0.9075
33,services,single,university.degree,no,yes,no,cellular,oct,mon,252,2,3,2,success,-1.1,94.601,-49.5,0.977,4963.6,1,0,0.9075
48,admin.,divorced,university.degree,no,no,no,cellular,aug,thu,544,1,999,0,nonexistent,-1.7,94.027,-38.3,0.904,4991.6,1,1,0.9075
38,technician,married,professional.course,no,yes,no,cellular,mar,fri,363,2,10,1,success,-1.8,92.843,-50.0,1.726,5099.1,1,0,0.9075
62,technician,married,unknown,no,no,no,cellular,jul,mon,262,2,999,2,failure,-1.7,94.215,-40.3,0.827,4991.6,1,1,0.905
29,technician,single,basic.9y,no,yes,no,telephone,jul,wed,247,1,6,1,success,-1.7,94.215,-40.3,0.84,4991.6,1,0,0.905
37,unemployed,single,university.degree,no,yes,yes,cellular,jul,wed,314,1,5,2,success,-1.7,94.215,-40.3,0.881,4991.6,1,0,0.905
24,student,single,basic.9y,no,unknown,unknown,cellular,sep,tue,137,1,999,0,nonexistent,-3.4,92.379,-29.8,0.788,5017.5,1,1,0.905
39,self-employed,divorced,high.school,no,no,no,cellular,sep,tue,261,1,3,1,success,-3.4,92.379,-29.8,0.788,5017.5,1,0,0.905
34,admin.,single,university.degree,no,no,no,cellular,sep,fri,260,3,3,2,success,-3.4,92.379,-29.8,0.773,5017.5,1,0,0.905
31,unemployed,single,university.degree,no,yes,no,cellular,jul,tue,309,1,6,3,success,-1.7,94.215,-40.3,0.835,4991.6,1,0,0.905
47,admin.,married,university.degree,no,unknown,unknown,cellular,aug,wed,288,1,10,2,failure,-1.7,94.027,-38.3,0.9,4991.6,1,0,0.905
61,management,married,university.degree,no,yes,no,cellular,nov,tue,147,1,3,2,success,-3.4,92.649,-30.1,0.715,5017.5,1,0,0.905
26,services,single,high.school,no,yes,no,cellular,jul,tue,407,1,13,1,success,-2.9,92.469,-33.6,1.044,5076.2,1,0,0.905
48,blue-collar,married,basic.9y,no,yes,no,cellular,may,tue,268,1,3,3,success,-1.8,93.876,-40.0,0.668,5008.7,1,0,0.905
31,technician,single,university.degree,no,yes,no,telephone,jul,thu,426,1,6,2,success,-1.7,94.215,-40.3,0.899,4991.6,1,0,0.905
27,services,single,high.school,no,no,no,cellular,jul,fri,700,5,6,2,success,-1.7,94.215,-40.3,0.896,4991.6,1,0,0.905
46,technician,married,professional.course,no,yes,no,cellular,apr,thu,369,2,999,0,nonexistent,-1.8,93.075,-47.1,1.365,5099.1,1,1,0.905
26,admin.,single,university.degree,no,no,no,cellular,aug,mon,242,1,6,5,success,-1.7,94.027,-38.3,0.904,4991.6,1,0,0.905
56,admin.,single,university.degree,no,no,no,cellular,mar,wed,193,1,5,1,success,-1.8,93.369,-34.8,0.634,5008.7,1,0,0.905
30,technician,unknown,university.degree,no,no,no,cellular,mar,mon,977,2,11,2,success,-1.8,93.369,-34.8,0.639,5008.7,1,0,0.905
31,technician,single,university.degree,no,no,no,telephone,oct,thu,154,1,999,0,nonexistent,-0.1,93.798,-40.4,4.794,5195.8,1,1,0.905
45,management,married,university.degree,no,yes,no,cellular,jul,wed,817,2,999,0,nonexistent,-1.7,94.215,-40.3,0.84,4991.6,1,1,0.9025
66,retired,married,high.school,no,yes,no,cellular,jul,tue,317,1,999,0,nonexistent,-1.7,94.215,-40.3,0.835,4991.6,1,1,0.9025
31,technician,single,university.degree,no,no,no,telephone,jul,thu,270,1,5,1,success,-1.7,94.215,-40.3,0.899,4991.6,1,0,0.9025
58,self-employed,married,university.degree,no,no,no,cellular,aug,tue,326,4,6,3,success,-1.7,94.027,-38.3,0.895,4991.6,1,0,0.9025
72,retired,divorced,basic.6y,no,yes,no,cellular,nov,wed,244,2,999,0,nonexistent,-3.4,92.649,-30.1,0.715,5017.5,1,1,0.9025
36,blue-collar,married,unknown,no,no,no,cellular,apr,fri,315,1,6,1,success,-1.8,93.749,-34.6,0.663,5008.7,1,0,0.9025
80,retired,divorced,basic.4y,no,yes,no,telephone,apr,wed,403,1,999,0,nonexistent,-1.8,93.749,-34.6,0.642,5008.7,1,1,0.9025
25,student,single,high.school,no,no,no,cellular,oct,fri,294,1,999,1,failure,-3.4,92.431,-26.9,0.72,5017.5,1,1,0.9025
24,student,single,unknown,no,yes,no,cellular,nov,wed,285,2,3,3,success,-3.4,92.649,-30.1,0.716,5017.5,1,0,0.9025
54,services,divorced,high.school,no,yes,yes,cellular,oct,wed,178,4,3,1,success,-1.1,94.601,-49.5,1.016,4963.6,1,0,0.9025
29,admin.,married,university.degree,no,yes,yes,cellular,may,fri,567,3,13,2,failure,-1.8,93.876,-40.0,0.684,5008.7,1,0,0.9025
19,student,single,basic.6y,no,yes,no,cellular,sep,thu,161,2,6,4,success,-1.1,94.199,-37.5,0.879,4963.6,1,0,0.9025
32,admin.,single,university.degree,no,yes,no,cellular,jul,wed,210,5,999,0,nonexistent,-2.9,92.469,-33.6,1.029,5076.2,1,1,0.9025
47,self-employed,divorced,university.degree,no,no,no,cellular,mar,tue,261,1,999,0,nonexistent,-1.8,93.369,-34.8,0.646,5008.7,1,1,0.9
30,admin.,married,university.degree,no,yes,no,cellular,jun,thu,96,2,4,1,success,-2.9,92.963,-40.8,1.26,5076.2,1,0,0.9
34,admin.,single,university.degree,no,yes,no,cellular,mar,thu,910,2,6,3,success,-1.8,93.369,-34.8,0.643,5008.7,1,0,0.9
23,student,single,high.school,no,yes,no,cellular,jul,tue,682,2,13,1,success,-2.9,92.469,-33.6,1.044,5076.2,1,0,0.9
32,admin.,married,professional.course,no,no,yes,cellular,oct,tue,221,1,6,1,success,-3.4,92.431,-26.9,0.742,5017.5,1,0,0.9
30,student,single,unknown,no,yes,no,cellular,mar,tue,136,1,9,1,success,-1.8,93.369,-34.8,0.637,5008.7,1,0,0.9
51,blue-collar,married,basic.4y,no,no,yes,cellular,jun,mon,325,1,3,1,success,-1.7,94.055,-39.8,0.754,4991.6,1,0,0.9
28,student,single,basic.9y,no,yes,no,cellular,aug,wed,178,1,0,1,success,-1.7,94.027,-38.3,0.9,4991.6,1,0,0.9
20,student,single,basic.4y,no,yes,yes,cellular,apr,tue,278,4,6,1,success,-1.8,93.749,-34.6,0.644,5008.7,1,0,0.9
41,unemployed,married,high.school,no,no,no,cellular,sep,wed,182,1,6,3,success,-1.1,94.199,-37.5,0.879,4963.6,1,0,0.9
30,student,single,high.school,no,no,no,cellular,may,fri,226,2,3,2,success,-1.8,93.876,-40.0,0.682,5008.7,1,0,0.9
48,unemployed,married,professional.course,no,no,no,telephone,may,wed,360,1,6,1,success,-1.8,93.876,-40.0,0.682,5008.7,1,0,0.9
59,management,married,university.degree,no,yes,no,cellular,sep,fri,328,2,3,1,success,-3.4,92.379,-29.8,0.803,5017.5,1,0,0.9
42,services,married,university.degree,no,no,no,cellular,dec,wed,179,1,6,1,success,-3.0,92.713,-33.0,0.715,5023.5,1,0,0.9
31,student,single,university.degree,no,no,no,cellular,jul,fri,608,3,6,2,success,-1.7,94.215,-40.3,0.885,4991.6,1,0,0.9
71,retired,married,basic.4y,no,no,no,cellular,oct,tue,353,1,999,0,nonexistent,-3.4,92.431,-26.9,0.728,5017.5,1,1,0.8998543911486518
71,retired,married,basic.4y,no,no,no,cellular,oct,tue,207,1,999,0,nonexistent,-3.4,92.431,-26.9,0.728,5017.5,1,1,0.8998543911486518
60,admin.,married,high.school,no,unknown,unknown,cellular,apr,thu,208,1,2,1,success,-1.8,93.075,-47.1,1.365,5099.1,1,0,0.8997120637329288
25,student,single,high.school,no,no,no,cellular,oct,fri,554,3,999,0,nonexistent,-1.1,94.601,-49.5,1.029,4963.6,1,1,0.8993148501835501
39,technician,married,professional.course,no,no,no,cellular,apr,thu,225,1,2,1,success,-1.8,93.075,-47.1,1.365,5099.1,1,0,0.8989151181708281
46,admin.,married,high.school,no,yes,yes,cellular,jul,tue,396,1,13,2,success,-1.7,94.215,-40.3,0.797,4991.6,1,0,0.8977746704550161
51,admin.,single,high.school,no,yes,no,telephone,jul,wed,372,1,999,0,nonexistent,-2.9,92.469,-33.6,1.085,5076.2,1,1,0.8975
22,student,single,unknown,no,yes,no,cellular,may,mon,171,2,3,2,success,-1.8,93.876,-40.0,0.682,5008.7,1,0,0.8975
43,technician,married,high.school,no,yes,no,cellular,aug,wed,1363,1,999,0,nonexistent,-1.7,94.027,-38.3,0.903,4991.6,1,1,0.8975
43,technician,single,professional.course,no,no,no,cellular,may,tue,164,2,3,2,success,-1.8,93.876,-40.0,0.668,5008.7,1,0,0.8975
28,student,single,high.school,no,no,yes,cellular,may,wed,472,1,3,5,success,-1.8,93.876,-40.0,0.69,5008.7,1,0,0.8975
26,admin.,single,university.degree,no,yes,no,cellular,nov,tue,309,3,7,1,success,-3.4,92.649,-30.1,0.715,5017.5,1,0,0.8975
58,blue-collar,married,basic.4y,no,yes,no,cellular,aug,wed,771,1,3,1,success,-1.7,94.027,-38.3,0.9,4991.6,1,0,0.8975
46,services,married,high.school,no,yes,yes,cellular,apr,thu,354,1,999,0,nonexistent,-1.8,93.075,-47.1,1.365,5099.1,1,1,0.8975
32,self-employed,married,university.degree,no,no,no,cellular,nov,thu,707,2,3,2,success,-3.4,92.649,-30.1,0.714,5017.5,1,0,0.8975
53,blue-collar,single,basic.9y,no,unknown,unknown,cellular,mar,thu,362,1,9,2,success,-1.8,93.369,-34.8,0.643,5008.7,1,0,0.8975
27,admin.,single,university.degree,no,no,no,telephone,oct,tue,540,1,999,0,nonexistent,-0.1,93.798,-40.4,4.86,5195.8,1,1,0.8975
36,blue-collar,single,basic.6y,no,no,no,cellular,nov,tue,1556,4,999,0,nonexistent,-1.1,94.767,-50.8,1.046,4963.6,1,1,0.8975
24,student,single,high.school,no,yes,no,cellular,may,tue,153,2,6,2,success,-1.8,93.876,-40.0,0.668,5008.7,1,0,0.8975
73,retired,divorced,high.school,no,no,yes,cellular,dec,tue,63,3,6,2,success,-3.0,92.713,-33.0,0.707,5023.5,1,0,0.8975
28,admin.,single,university.degree,no,yes,yes,cellular,aug,tue,187,2,6,2,success,-1.7,94.027,-38.3,0.899,4991.6,1,0,0.8969851900250463
54,admin.,married,professional.course,no,no,no,cellular,nov,tue,1868,2,10,1,success,-1.1,94.767,-50.8,1.035,4963.6,1,0,0.8969350531107739
88,retired,divorced,basic.4y,no,yes,no,cellular,mar,wed,188,3,999,0,nonexistent,-1.8,92.843,-50.0,1.663,5099.1,1,1,0.896670505626362
29,admin.,single,university.degree,no,yes,no,cellular,apr,wed,145,1,999,0,nonexistent,-1.8,93.075,-47.1,1.405,5099.1,1,1,0.8963788617914186
36,technician,married,high.school,no,no,no,telephone,oct,wed,157,1,999,0,nonexistent,-0.1,93.798,-40.4,4.936,5195.8,1,1,0.895
52,admin.,married,professional.course,no,no,yes,cellular,sep,wed,506,3,999,0,nonexistent,-1.1,94.199,-37.5,0.876,4963.6,1,1,0.895
34,admin.,single,university.degree,no,yes,yes,cellular,mar,tue,295,1,999,0,nonexistent,-1.8,93.369,-34.8,0.652,5008.7,1,1,0.895
43,self-employed,married,university.degree,no,yes,no,cellular,mar,wed,239,1,999,0,nonexistent,-1.8,93.369,-34.8,0.651,5008.7,1,1,0.895
28,unemployed,married,high.school,no,no,no,telephone,mar,fri,341,4,6,1,success,-1.8,93.369,-34.8,0.653,5008.7,1,0,0.895
25,blue-collar,single,basic.9y,no,no,no,cellular,mar,thu,456,2,10,2,success,-1.8,93.369,-34.8,0.654,5008.7,1,0,0.895
26,admin.,single,high.school,no,no,no,cellular,mar,tue,273,2,6,1,success,-1.8,93.369,-34.8,0.652,5008.7,1,0,0.895
54,admin.,married,high.school,no,yes,no,cellular,nov,fri,402,1,3,3,success,-3.4,92.649,-30.1,0.716,5017.5,1,0,0.895
37,admin.,single,high.school,no,yes,no,telephone,oct,wed,313,1,999,0,nonexistent,-0.1,93.798,-40.4,4.936,5195.8,1,1,0.895
48,admin.,married,university.degree,no,no,no,telephone,apr,thu,185,1,6,2,success,-1.8,93.749,-34.6,0.644,5008.7,1,0,0.895
42,management,married,university.degree,no,no,no,telephone,oct,tue,83,1,3,1,success,-3.4,92.431,-26.9,0.728,5017.5,1,0,0.895
48,admin.,married,university.degree,no,yes,no,cellular,apr,thu,141,1,999,0,nonexistent,-1.8,93.749,-34.6,0.644,5008.7,1,1,0.895
57,admin.,married,university.degree,no,no,no,cellular,nov,wed,182,1,3,2,success,-3.4,92.649,-30.1,0.716,5017.5,1,0,0.895
23,student,single,high.school,no,no,yes,cellular,sep,thu,409,2,3,2,success,-1.1,94.199,-37.5,0.878,4963.6,1,0,0.895
41,management,married,unknown,no,yes,no,cellular,may,fri,588,1,18,2,failure,-1.8,93.876,-40.0,0.695,5008.7,1,0,0.895
24,services,single,high.school,no,yes,no,cellular,jul,thu,860,2,9,2,failure,-1.7,94.215,-40.3,0.884,4991.6,1,0,0.895
78,retired,divorced,unknown,no,no,no,cellular,jun,thu,544,1,999,0,nonexistent,-1.7,94.055,-39.8,0.729,4991.6,1,1,0.895
34,admin.,married,university.degree,no,no,yes,cellular,sep,mon,250,3,999,0,nonexistent,-1.1,94.199,-37.5,0.882,4963.6,1,1,0.895
48,management,married,university.degree,no,no,no,cellular,oct,wed,81,1,6,1,success,-3.4,92.431,-26.9,0.74,5017.5,1,0,0.895
26,student,single,unknown,no,yes,yes,cellular,sep,thu,733,1,3,1,success,-3.4,92.379,-29.8,0.809,5017.5,1,0,0.8925
36,blue-collar,single,high.school,no,no,no,cellular,jun,wed,339,1,6,1,success,-1.7,94.055,-39.8,0.739,4991.6,1,0,0.8925
27,student,single,unknown,no,yes,no,telephone,apr,thu,390,1,4,1,success,-1.8,93.749,-34.6,0.635,5008.7,1,0,0.8925
31,admin.,single,university.degree,no,yes,no,cellular,nov,thu,353,1,999,0,nonexistent,-1.1,94.767,-50.8,1.031,4963.6,1,1,0.8925
41,technician,married,professional.course,no,no,no,cellular,oct,wed,391,2,27,1,success,-1.1,94.601,-49.5,0.959,4963.6,1,0,0.8925
64,admin.,married,high.school,no,no,no,cellular,jul,thu,368,1,999,0,nonexistent,-1.7,94.215,-40.3,0.884,4991.6,1,1,0.8925
40,management,married,university.degree,no,yes,no,cellular,jul,thu,321,4,999,0,nonexistent,-1.7,94.215,-40.3,0.884,4991.6,1,1,0.8925
56,unemployed,married,professional.course,no,no,no,cellular,sep,fri,323,3,6,1,success,-3.4,92.379,-29.8,0.762,5017.5,1,0,0.8925
26,admin.,single,university.degree,no,yes,no,cellular,sep,tue,386,3,6,3,success,-1.1,94.199,-37.5,0.881,4963.6,1,0,0.8925
48,technician,married,professional.course,no,no,no,cellular,oct,thu,491,1,6,3,success,-1.1,94.601,-49.5,0.987,4963.6,1,0,0.8925
61,blue-collar,married,basic.6y,no,yes,yes,cellular,may,fri,403,1,3,2,success,-1.8,93.876,-40.0,0.695,5008.7,1,0,0.8925
56,retired,married,university.degree,no,yes,no,cellular,nov,wed,968,2,3,3,success,-3.4,92.649,-30.1,0.716,5017.5,1,0,0.8925
18,student,single,unknown,no,yes,no,telephone,may,tue,421,1,3,1,success,-1.8,93.876,-40.0,0.668,5008.7,1,0,0.8925
33,admin.,married,university.degree,no,no,no,cellular,aug,thu,361,1,999,0,nonexistent,-1.7,94.027,-38.3,0.899,4991.6,1,1,0.8925
50,admin.,single,university.degree,no,no,no,cellular,aug,tue,372,1,6,2,success,-1.7,94.027,-38.3,0.904,4991.6,1,0,0.8925
25,blue-collar,single,professional.course,no,yes,no,cellular,jun,tue,179,2,3,1,success,-2.9,92.963,-40.8,1.262,5076.2,1,0,0.8925
37,admin.,married,university.degree,no,no,yes,cellular,dec,mon,206,2,6,1,success,-3.0,92.713,-33.0,0.706,5023.5,1,0,0.8925
62,blue-collar,married,high.school,no,yes,no,cellular,jun,mon,563,4,4,3,success,-1.7,94.055,-39.8,0.754,4991.6,1,0,0.8925
78,retired,married,basic.4y,no,yes,no,cellular,jul,mon,212,1,13,2,success,-1.7,94.215,-40.3,0.87,4991.6,1,0,0.8925
68,retired,divorced,high.school,no,yes,yes,cellular,jul,wed,340,1,3,1,success,-1.7,94.215,-40.3,0.896,4991.6,1,0,0.8904945977213963
61,retired,married,university.degree,no,no,no,cellular,sep,mon,350,1,3,2,success,-3.4,92.379,-29.8,0.797,5017.5,1,0,0.89
68,retired,divorced,high.school,no,yes,yes,cellular,oct,mon,567,1,3,1,success,-1.1,94.601,-49.5,1.0,4963.6,1,0,0.89
21,student,single,high.school,no,yes,no,cellular,jun,mon,202,2,999,0,nonexistent,-2.9,92.963,-40.8,1.266,5076.2,1,1,0.89
37,management,married,university.degree,no,yes,no,cellular,oct,thu,150,3,5,5,success,-1.1,94.601,-49.5,1.025,4963.6,1,0,0.89
69,retired,married,high.school,no,no,no,cellular,nov,mon,178,1,999,0,nonexistent,-3.4,92.649,-30.1,0.715,5017.5,1,1,0.89
24,technician,single,professional.course,no,yes,no,cellular,jul,mon,607,3,13,1,success,-1.7,94.215,-40.3,0.889,4991.6,1,0,0.89
37,admin.,single,high.school,no,no,no,cellular,mar,wed,153,2,4,2,success,-1.8,93.369,-34.8,0.655,5008.7,1,0,0.89
25,admin.,single,high.school,no,no,no,cellular,sep,thu,185,1,3,1,success,-3.4,92.379,-29.8,0.778,5017.5,1,0,0.89
18,student,single,unknown,no,yes,no,cellular,may,tue,489,1,6,1,success,-1.8,93.876,-40.0,0.668,5008.7,1,0,0.89
28,services,married,high.school,no,no,yes,cellular,jun,wed,479,2,6,2,success,-1.7,94.055,-39.8,0.715,4991.6,1,0,0.89
37,admin.,married,university.degree,no,yes,yes,cellular,apr,thu,214,1,999,0,nonexistent,-1.8,93.749,-34.6,0.644,5008.7,1,1,0.89
47,management,married,university.degree,no,no,no,cellular,sep,thu,362,1,17,2,success,-1.1,94.199,-37.5,0.884,4963.6,1,0,0.89
47,admin.,married,high.school,no,no,no,cellular,aug,thu,374,2,16,1,success,-1.7,94.027,-38.3,0.904,4991.6,1,0,0.89
58,management,married,university.degree,no,yes,no,cellular,may,thu,342,2,999,0,nonexistent,-1.8,93.876,-40.0,0.692,5008.7,1,1,0.89
26,technician,single,university.degree,no,yes,no,cellular,sep,fri,284,3,999,1,failure,-1.1,94.199,-37.5,0.879,4963.6,1,1,0.89
34,blue-collar,single,high.school,no,yes,no,telephone,oct,wed,266,1,999,0,nonexistent,-0.1,93.798,-40.4,4.827,5195.8,1,1,0.8897219271623672
51,technician,married,university.degree,no,yes,no,cellular,jun,tue,303,1,10,1,success,-1.7,94.055,-39.8,0.702,4991.6,1,0,0.8897106980273141
29,admin.,single,university.degree,no,yes,no,cellular,jun,wed,170,1,999,0,nonexistent,-2.9,92.963,-40.8,1.26,5076.2,1,1,0.8897063169094094
26,management,single,university.degree,no,no,no,cellular,mar,thu,139,1,999,0,nonexistent,-1.8,92.843,-50.0,1.65,5099.1,1,1,0.8895061677744045
36,admin.,married,university.degree,no,no,no,cellular,jun,mon,174,1,3,1,success,-2.9,92.963,-40.8,1.266,5076.2,1,0,0.8888410134204184
27,student,single,university.degree,no,no,no,cellular,aug,wed,180,1,3,3,success,-1.7,94.027,-38.3,0.9,4991.6,1,0,0.8875
26,unemployed,single,high.school,no,yes,no,cellular,oct,fri,394,3,14,1,success,-1.1,94.601,-49.5,1.029,4963.6,1,0,0.8875
52,admin.,married,university.degree,no,yes,no,cellular,may,wed,338,1,999,0,nonexistent,-1.8,93.876,-40.0,0.672,5008.7,1,1,0.8875
73,retired,single,professional.course,no,no,no,cellular,apr,fri,291,1,6,3,success,-1.8,93.749,-34.6,0.645,5008.7,1,0,0.8875
33,admin.,single,university.degree,no,no,no,cellular,mar,mon,427,1,6,2,success,-1.8,93.369,-34.8,0.646,5008.7,1,0,0.8875
34,admin.,married,university.degree,no,no,yes,cellular,sep,wed,245,3,999,0,nonexistent,-1.1,94.199,-37.5,0.886,4963.6,1,1,0.8875
65,retired,married,basic.4y,no,yes,no,cellular,oct,wed,258,1,3,3,success,-1.1,94.601,-49.5,1.043,4963.6,1,0,0.8875
55,admin.,married,professional.course,no,yes,no,cellular,dec,thu,798,1,9,2,success,-3.0,92.713,-33.0,0.714,5023.5,1,0,0.8875
25,student,single,high.school,no,yes,no,cellular,apr,wed,117,1,999,0,nonexistent,-1.8,93.075,-47.1,1.445,5099.1,1,1,0.8875
59,unknown,married,unknown,no,no,no,cellular,aug,wed,198,1,6,1,success,-1.7,94.027,-38.3,0.9,4991.6,1,0,0.8875
61,retired,married,university.degree,no,no,no,telephone,aug,wed,250,2,7,1,success,-1.7,94.027,-38.3,0.9,4991.6,1,0,0.8875
37,student,divorced,university.degree,no,yes,yes,cellular,may,thu,417,2,999,0,nonexistent,-1.8,93.876,-40.0,0.699,5008.7,1,1,0.8875
70,retired,married,professional.course,no,no,no,cellular,oct,thu,585,1,6,3,success,-1.1,94.601,-49.5,0.987,4963.6,1,0,0.8875
31,admin.,single,high.school,no,no,no,cellular,apr,thu,252,1,5,1,success,-1.8,93.075,-47.1,1.365,5099.1,1,0,0.8875
63,retired,married,unknown,no,yes,no,cellular,apr,thu,144,4,999,0,nonexistent,-1.8,93.075,-47.1,1.41,5099.1,1,1,0.8875
25,student,single,university.degree,no,no,yes,cellular,jun,thu,136,1,999,0,nonexistent,-2.9,92.963,-40.8,1.26,5076.2,1,1,0.8875
25,student,single,high.school,no,yes,no,cellular,apr,wed,327,1,999,0,nonexistent,-1.8,93.075,-47.1,1.445,5099.1,1,1,0.8875
21,student,single,basic.9y,no,unknown,unknown,cellular,sep,tue,875,1,999,0,nonexistent,-3.4,92.379,-29.8,0.77,5017.5,1,1,0.8874475184439973
21,student,single,high.school,no,no,no,cellular,oct,tue,362,1,999,0,nonexistent,-1.1,94.601,-49.5,0.982,4963.6,1,1,0.8862712282518806
52,admin.,married,university.degree,no,yes,no,cellular,may,thu,227,2,999,0,nonexistent,-1.8,93.876,-40.0,0.677,5008.7,0,1,0.885
55,retired,married,high.school,no,yes,no,cellular,oct,thu,424,2,7,1,success,-3.4,92.431,-26.9,0.722,5017.5,1,0,0.885
56,retired,married,basic.4y,no,no,no,cellular,dec,thu,582,4,999,0,nonexistent,-3.0,92.713,-33.0,0.714,5023.5,1,1,0.885
43,entrepreneur,married,university.degree,no,no,no,cellular,sep,mon,255,1,3,1,success,-1.1,94.199,-37.5,0.882,4963.6,1,0,0.885
31,admin.,single,high.school,no,yes,no,cellular,sep,fri,210,1,999,0,nonexistent,-3.4,92.379,-29.8,0.773,5017.5,1,1,0.885
37,housemaid,married,university.degree,no,no,no,cellular,oct,thu,178,2,13,2,success,-1.1,94.601,-49.5,1.025,4963.6,1,0,0.885
20,student,single,basic.4y,no,yes,no,cellular,aug,wed,267,1,999,0,nonexistent,-2.9,92.201,-31.4,0.879,5076.2,1,1,0.885
29,self-employed,single,university.degree,no,yes,no,cellular,sep,tue,445,2,999,0,nonexistent,-3.4,92.379,-29.8,0.788,5017.5,1,1,0.885
24,admin.,single,university.degree,no,no,no,cellular,sep,tue,106,1,3,1,success,-3.4,92.379,-29.8,0.77,5017.5,1,0,0.885
70,blue-collar,married,basic.4y,no,no,yes,cellular,jun,fri,252,1,3,1,success,-1.7,94.055,-39.8,0.732,4991.6,1,0,0.885
26,technician,single,professional.course,no,yes,no,cellular,jun,tue,163,2,3,1,success,-2.9,92.963,-40.8,1.262,5076.2,1,0,0.885
52,management,married,university.degree,no,yes,no,cellular,may,fri,787,3,3,3,success,-1.8,93.876,-40.0,0.684,5008.7,1,0,0.885
33,admin.,single,university.degree,no,yes,no,cellular,apr,thu,305,3,999,0,nonexistent,-1.8,93.749,-34.6,0.659,5008.7,1,1,0.885
35,services,married,basic.6y,no,no,no,cellular,may,mon,392,2,3,2,success,-1.8,92.893,-46.2,1.354,5099.1,1,0,0.8848564288121179
65,retired,married,high.school,no,yes,yes,cellular,oct,fri,344,2,12,1,success,-1.1,94.601,-49.5,1.029,4963.6,1,0,0.8847195751138088
33,admin.,single,university.degree,no,yes,no,cellular,jun,wed,313,2,999,0,nonexistent,-2.9,92.963,-40.8,1.26,5076.2,1,1,0.8825
33,blue-collar,married,basic.6y,no,yes,no,cellular,apr,wed,351,3,999,0,nonexistent,-1.8,93.075,-47.1,1.498,5099.1,1,1,0.8825
25,services,single,high.school,no,no,yes,telephone,jul,thu,411,2,8,4,success,-1.7,94.215,-40.3,0.81,4991.6,1,0,0.8825
60,retired,married,university.degree,no,no,no,cellular,dec,fri,439,3,6,2,success,-3.0,92.713,-33.0,0.718,5023.5,1,0,0.8825
56,retired,married,professional.course,no,no,no,cellular,oct,thu,133,1,3,1,success,-3.4,92.431,-26.9,0.733,5017.5,1,0,0.8825
65,retired,married,basic.4y,no,yes,yes,cellular,oct,wed,190,1,3,3,success,-1.1,94.601,-49.5,0.985,4963.6,1,0,0.8825
44,technician,married,university.degree,no,yes,yes,cellular,apr,thu,504,2,999,0,nonexistent,-1.8,93.075,-47.1,1.365,5099.1,1,1,0.8825
60,admin.,married,university.degree,no,yes,no,cellular,jun,mon,324,3,3,1,success,-2.9,92.963,-40.8,1.266,5076.2,1,0,0.8825
85,housemaid,married,basic.4y,unknown,no,no,cellular,apr,tue,175,6,6,1,success,-1.8,93.749,-34.6,0.642,5008.7,1,0,0.8825
56,management,married,basic.6y,no,yes,no,cellular,jun,tue,910,1,7,2,success,-1.7,94.055,-39.8,0.723,4991.6,1,0,0.8825
33,admin.,married,university.degree,no,yes,no,cellular,may,mon,740,1,3,2,success,-1.8,93.876,-40.0,0.685,5008.7,1,0,0.8825
55,admin.,divorced,high.school,no,no,no,cellular,aug,tue,245,1,999,0,nonexistent,-1.7,94.027,-38.3,0.904,4991.6,1,1,0.8825
29,technician,married,high.school,no,no,no,cellular,jun,fri,157,2,999,0,nonexistent,-2.9,92.963,-40.8,1.268,5076.2,1,1,0.8825
32,admin.,single,university.degree,no,no,no,cellular,jun,fri,462,1,999,0,nonexistent,-2.9,92.963,-40.8,1.268,5076.2,1,1,0.8825
32,admin.,single,university.degree,no,no,no,cellular,jun,fri,255,1,999,0,nonexistent,-2.9,92.963,-40.8,1.268,5076.2,1,1,0.8825
29,admin.,single,high.school,no,no,no,cellular,jul,fri,446,1,999,0,nonexistent,-2.9,92.469,-33.6,1.059,5076.2,1,1,0.8825
54,admin.,married,university.degree,no,yes,no,cellular,aug,fri,91,2,3,1,success,-2.9,92.201,-31.4,0.849,5076.2,1,0,0.8825
55,services,married,basic.9y,no,yes,no,cellular,dec,wed,314,1,6,1,success,-3.0,92.713,-33.0,0.715,5023.5,1,0,0.8825
34,technician,single,university.degree,no,no,no,cellular,oct,thu,136,1,999,1,failure,-3.4,92.431,-26.9,0.722,5017.5,1,1,0.8825
50,admin.,married,university.degree,no,no,no,cellular,jun,mon,269,1,3,1,success,-2.9,92.963,-40.8,1.215,5076.2,1,0,0.8822216995447647
32,blue-collar,single,high.school,no,no,no,cellular,jun,mon,247,1,2,2,success,-1.7,94.055,-39.8,0.754,4991.6,1,0,0.8817981976067437
44,self-employed,married,university.degree,no,no,no,cellular,jun,tue,234,2,3,1,success,-2.9,92.963,-40.8,1.286,5076.2,1,0,0.8805805790787751
34,technician,married,high.school,no,yes,no,cellular,jun,wed,190,1,3,4,success,-1.7,94.055,-39.8,0.715,4991.6,1,0,0.88
29,technician,single,professional.course,no,yes,no,cellular,jun,wed,226,2,6,1,success,-1.7,94.055,-39.8,0.704,4991.6,1,0,0.88
49,blue-collar,married,basic.9y,unknown,no,no,cellular,mar,mon,172,1,6,2,success,-1.8,93.369,-34.8,0.652,5008.7,1,0,0.88
78,retired,divorced,basic.4y,no,yes,no,cellular,nov,fri,182,2,3,1,success,-3.4,92.649,-30.1,0.714,5017.5,1,0,0.88
31,technician,divorced,professional.course,no,yes,no,cellular,jul,wed,662,1,999,0,nonexistent,1.4,93.918,-42.7,4.962,5228.1,1,1,0.88
31,technician,divorced,professional.course,no,yes,no,cellular,jul,wed,625,1,999,0,nonexistent,1.4,93.918,-42.7,4.962,5228.1,1,1,0.88
58,admin.,married,high.school,no,yes,yes,cellular,jul,thu,414,2,999,0,nonexistent,-1.7,94.215,-40.3,0.81,4991.6,1,1,0.88
70,retired,married,basic.4y,no,no,no,cellular,dec,wed,546,2,999,0,nonexistent,-3.0,92.713,-33.0,0.715,5023.5,1,1,0.88
65,unknown,married,unknown,no,yes,no,cellular,jun,thu,301,2,4,2,success,-1.7,94.055,-39.8,0.729,4991.6,1,0,0.88
56,admin.,married,basic.9y,no,yes,yes,cellular,sep,thu,319,1,999,0,nonexistent,-1.1,94.199,-37.5,0.879,4963.6,1,1,0.88
36,unemployed,married,high.school,no,yes,no,cellular,oct,mon,304,1,3,1,success,-1.1,94.601,-49.5,1.032,4963.6,1,0,0.88
41,admin.,married,university.degree,no,yes,no,cellular,dec,thu,422,2,999,0,nonexistent,-3.0,92.713,-33.0,0.707,5023.5,1,1,0.88
45,technician,divorced,high.school,no,yes,no,telephone,oct,tue,141,1,999,0,nonexistent,-0.1,93.798,-40.4,4.86,5195.8,1,1,0.88
46,admin.,married,high.school,no,yes,no,cellular,jul,tue,267,1,999,0,nonexistent,-1.7,94.215,-40.3,0.797,4991.6,1,1,0.88
29,admin.,single,high.school,no,no,no,cellular,jul,tue,319,1,999,0,nonexistent,-1.7,94.215,-40.3,0.797,4991.6,1,1,0.8797242033383915
24,technician,single,professional.course,no,yes,no,cellular,jul,thu,355,2,3,1,success,-1.7,94.215,-40.3,0.884,4991.6,1,0,0.879716540212443
34,unemployed,single,high.school,no,yes,no,cellular,may,wed,937,3,999,0,nonexistent,-1.8,92.893,-46.2,1.281,5099.1,1,1,0.8793421546546546
34,unemployed,single,high.school,no,yes,no,cellular,may,wed,1970,3,999,0,nonexistent,-1.8,92.893,-46.2,1.281,5099.1,1,1,0.8793421546546546
35,admin.,married,high.school,no,yes,no,cellular,mar,tue,350,3,999,0,nonexistent,-1.8,92.843,-50.0,1.799,5099.1,1,1,0.8792859336609337
63,retired,married,professional.course,no,yes,yes,cellular,may,mon,444,2,14,1,success,-1.8,93.876,-40.0,0.685,5008.7,1,0,0.8792101907668831
54,retired,married,basic.4y,no,no,no,cellular,oct,thu,377,1,999,0,nonexistent,-3.4,92.431,-26.9,0.722,5017.5,1,1,0.8780134952104022
64,retired,divorced,basic.4y,no,yes,yes,telephone,sep,fri,211,2,6,2,success,-1.1,94.199,-37.5,0.878,4963.6,1,0,0.8775
45,admin.,married,university.degree,no,no,no,cellular,jul,thu,252,1,999,0,nonexistent,-2.9,92.469,-33.6,1.072,5076.2,1,1,0.8775
45,admin.,married,university.degree,no,no,no,cellular,jul,thu,74,1,999,0,nonexistent,-2.9,92.469,-33.6,1.072,5076.2,0,1,0.8775
45,admin.,married,university.degree,no,no,no,cellular,jul,thu,252,1,999,0,nonexistent,-2.9,92.469,-33.6,1.072,5076.2,1,1,0.8775
65,retired,married,basic.4y,no,unknown,unknown,cellular,apr,tue,106,1,999,0,nonexistent,-1.8,93.075,-47.1,1.405,5099.1,1,1,0.8775
67,unknown,divorced,unknown,unknown,yes,no,cellular,sep,wed,220,2,6,2,success,-1.1,94.199,-37.5,0.88,4963.6,1,0,0.8775
24,student,single,high.school,no,yes,yes,cellular,sep,wed,251,2,6,2,success,-1.1,94.199,-37.5,0.876,4963.6,1,0,0.8775
38,admin.,married,university.degree,no,yes,no,cellular,nov,tue,64,1,3,3,success,-3.4,92.649,-30.1,0.715,5017.5,1,0,0.8775
72,retired,married,basic.4y,no,yes,no,cellular,nov,wed,406,1,999,1,failure,-3.4,92.649,-30.1,0.715,5017.5,1,1,0.8775
86,retired,married,unknown,unknown,yes,yes,cellular,sep,tue,211,1,7,4,success,-1.1,94.199,-37.5,0.877,4963.6,1,0,0.8775
38,admin.,married,university.degree,no,no,no,telephone,nov,thu,71,1,13,1,success,-3.4,92.649,-30.1,0.714,5017.5,1,0,0.8775
65,retired,married,basic.4y,no,no,no,cellular,oct,fri,187,2,7,3,success,-1.1,94.601,-49.5,0.993,4963.6,1,0,0.8775
47,services,divorced,university.degree,no,yes,yes,cellular,may,tue,336,1,15,3,failure,-1.8,93.876,-40.0,0.688,5008.7,1,0,0.8775
32,admin.,married,high.school,no,no,no,telephone,oct,tue,101,1,999,0,nonexistent,-0.1,93.798,-40.4,4.968,5195.8,1,1,0.8775
22,student,single,high.school,no,yes,no,cellular,may,tue,272,1,999,0,nonexistent,-1.8,93.876,-40.0,0.697,5008.7,1,1,0.8775
39,technician,married,university.degree,no,no,no,cellular,oct,fri,170,1,6,1,success,-3.4,92.431,-26.9,0.739,5017.5,1,0,0.8775
35,admin.,divorced,high.school,no,yes,yes,telephone,apr,thu,111,1,999,0,nonexistent,-1.8,93.749,-34.6,0.635,5008.7,1,1,0.8775
28,student,single,high.school,no,yes,no,cellular,jun,mon,1144,2,999,0,nonexistent,-2.9,92.963,-40.8,1.266,5076.2,1,1,0.8773124940961616
26,blue-collar,single,basic.6y,no,no,no,cellular,oct,wed,808,1,999,0,nonexistent,-1.1,94.601,-49.5,0.959,4963.6,1,1,0.8767180845615598
25,admin.,single,university.degree,no,yes,no,cellular,may,tue,228,1,999,0,nonexistent,-1.8,92.893,-46.2,1.266,5099.1,1,1,0.8758604247917862
25,admin.,single,university.degree,no,yes,no,cellular,may,tue,427,1,999,0,nonexistent,-1.8,92.893,-46.2,1.266,5099.1,1,1,0.8758604247917862
37,unemployed,married,university.degree,unknown,yes,no,cellular,jun,mon,614,3,3,2,success,-1.7,94.055,-39.8,0.754,4991.6,1,0,0.875
33,admin.,married,university.degree,no,no,no,cellular,apr,wed,441,1,999,0,nonexistent,-1.8,93.075,-47.1,1.415,5099.1,1,1,0.875
31,student,single,university.degree,no,yes,yes,cellular,apr,fri,183,1,6,2,success,-1.8,93.749,-34.6,0.663,5008.7,1,0,0.875
52,technician,married,university.degree,no,no,no,cellular,may,thu,211,1,3,4,success,-1.8,93.876,-40.0,0.677,5008.7,1,0,0.875
41,services,single,university.degree,no,yes,no,cellular,aug,fri,142,1,4,2,success,-2.9,92.201,-31.4,0.881,5076.2,1,0,0.875
78,retired,divorced,unknown,no,no,no,cellular,jun,thu,282,4,999,0,nonexistent,-1.7,94.055,-39.8,0.729,4991.6,1,1,0.875
19,student,single,unknown,no,yes,no,cellular,apr,fri,156,1,999,0,nonexistent,-1.8,93.075,-47.1,1.405,5099.1,1,1,0.875
59,admin.,single,university.degree,no,no,no,cellular,aug,thu,259,3,15,1,success,-2.9,92.201,-31.4,0.829,5076.2,1,0,0.875
26,student,single,university.degree,no,no,no,cellular,nov,fri,181,1,7,1,success,-3.4,92.649,-30.1,0.714,5017.5,1,0,0.875
38,admin.,married,university.degree,no,no,no,cellular,nov,thu,126,1,7,4,failure,-3.4,92.649,-30.1,0.714,5017.5,1,0,0.875
30,admin.,married,unknown,no,yes,no,cellular,jun,fri,207,2,4,1,success,-2.9,92.963,-40.8,1.268,5076.2,1,0,0.875
33,admin.,married,university.degree,no,yes,no,cellular,mar,wed,235,3,4,1,success,-1.8,93.369,-34.8,0.655,5008.7,1,0,0.875
39,admin.,married,university.degree,no,yes,yes,cellular,aug,fri,343,2,14,1,success,-2.9,92.201,-31.4,0.849,5076.2,1,0,0.875
31,technician,single,university.degree,no,yes,no,cellular,apr,thu,701,1,5,1,success,-1.8,93.075,-47.1,1.365,5099.1,1,0,0.8749387887027337
61,retired,married,professional.course,no,unknown,unknown,cellular,apr,tue,164,1,999,0,nonexistent,-1.8,93.075,-47.1,1.405,5099.1,1,1,0.8744970656476048
21,student,single,high.school,no,no,no,cellular,oct,tue,701,2,999,0,nonexistent,-1.1,94.601,-49.5,1.037,4963.6,1,1,0.8744725268758823
60,unemployed,married,high.school,no,yes,no,cellular,apr,thu,1260,2,2,1,success,-1.8,93.075,-47.1,1.365,5099.1,1,0,0.874442033383915
59,retired,married,university.degree,no,no,no,cellular,apr,tue,1073,1,999,0,nonexistent,-1.8,93.075,-47.1,1.423,5099.1,1,1,0.8742942095594587
38,housemaid,single,high.school,no,yes,no,cellular,mar,fri,422,1,10,1,success,-1.8,93.369,-34.8,0.649,5008.7,1,0,0.8725
92,retired,married,unknown,no,no,yes,cellular,aug,wed,370,1,3,4,success,-1.7,94.027,-38.3,0.903,4991.6,1,0,0.8725
30,admin.,single,university.degree,no,yes,no,cellular,jun,wed,617,2,999,0,nonexistent,-2.9,92.963,-40.8,1.26,5076.2,1,1,0.8725
64,retired,married,university.degree,no,no,no,cellular,apr,tue,157,4,999,0,nonexistent,-1.8,93.075,-47.1,1.405,5099.1,1,1,0.8725
55,technician,married,high.school,no,yes,no,cellular,dec,thu,284,1,999,1,failure,-3.0,92.713,-33.0,0.72,5023.5,1,1,0.8725
74,retired,married,university.degree,no,no,no,cellular,apr,thu,200,1,999,0,nonexistent,-1.8,93.749,-34.6,0.644,5008.7,1,1,0.8725
29,admin.,single,university.degree,no,yes,yes,cellular,jun,thu,449,1,999,0,nonexistent,-2.9,92.963,-40.8,1.26,5076.2,1,1,0.8725
37,technician,married,university.degree,no,yes,no,telephone,sep,tue,773,1,3,2,success,-3.4,92.379,-29.8,0.755,5017.5,1,0,0.8725
36,entrepreneur,single,university.degree,no,yes,no,cellular,nov,wed,142,1,999,0,nonexistent,-0.1,93.2,-42.0,4.12,5195.8,0,1,0.8725
36,entrepreneur,single,university.degree,no,yes,no,cellular,nov,wed,95,1,999,0,nonexistent,-0.1,93.2,-42.0,4.12,5195.8,0,1,0.8725
49,unemployed,married,high.school,no,no,no,cellular,sep,wed,292,1,999,0,nonexistent,-3.4,92.379,-29.8,0.768,5017.5,1,1,0.8725
49,unemployed,married,high.school,no,no,no,cellular,sep,wed,387,1,999,0,nonexistent,-3.4,92.379,-29.8,0.768,5017.5,1,1,0.8725
30,admin.,single,university.degree,no,yes,no,cellular,jun,wed,244,2,999,0,nonexistent,-2.9,92.963,-40.8,1.26,5076.2,1,1,0.8725
47,admin.,divorced,university.degree,no,no,no,cellular,nov,tue,181,4,6,1,success,-3.4,92.649,-30.1,0.72,5017.5,1,0,0.8725
36,entrepreneur,single,university.degree,no,yes,no,cellular,nov,wed,998,1,999,0,nonexistent,-0.1,93.2,-42.0,4.12,5195.8,1,1,0.8725
62,retired,married,high.school,no,no,no,cellular,jul,tue,355,2,999,0,nonexistent,-1.7,94.215,-40.3,0.876,4991.6,1,1,0.8725
78,retired,married,basic.4y,no,no,no,cellular,jul,mon,1148,1,999,0,nonexistent,-1.7,94.215,-40.3,0.87,4991.6,1,1,0.8725
36,entrepreneur,single,university.degree,no,yes,no,cellular,nov,wed,911,1,999,0,nonexistent,-0.1,93.2,-42.0,4.12,5195.8,1,1,0.8725
59,retired,married,unknown,no,no,no,cellular,aug,wed,385,2,999,1,failure,-2.9,92.201,-31.4,0.884,5076.2,1,1,0.8725
38,services,married,high.school,no,yes,no,cellular,mar,thu,257,1,999,0,nonexistent,-1.8,93.369,-34.8,0.65,5008.7,1,1,0.87
71,retired,married,basic.4y,no,no,no,cellular,apr,mon,328,2,4,1,success,-1.8,93.749,-34.6,0.645,5008.7,1,0,0.87
30,student,married,university.degree,no,yes,no,cellular,aug,mon,186,3,3,1,success,-2.9,92.201,-31.4,0.821,5076.2,1,0,0.87
57,blue-collar,married,basic.4y,no,no,yes,cellular,jul,wed,471,2,999,0,nonexistent,-1.7,94.215,-40.3,0.896,4991.6,1,1,0.87
35,technician,married,professional.course,no,no,no,cellular,apr,thu,337,2,5,1,success,-1.8,93.075,-47.1,1.365,5099.1,1,0,0.87
29,technician,married,high.school,no,no,no,cellular,jun,fri,397,1,999,0,nonexistent,-2.9,92.963,-40.8,1.268,5076.2,1,1,0.87
26,technician,single,university.degree,no,yes,no,cellular,jul,fri,806,3,6,2,success,-1.7,94.215,-40.3,0.861,4991.6,1,0,0.87
27,admin.,single,university.degree,no,no,no,cellular,apr,tue,317,1,12,1,success,-1.8,93.749,-34.6,0.638,5008.7,1,0,0.87
30,admin.,married,university.degree,no,no,no,cellular,jun,tue,250,2,999,0,nonexistent,-2.9,92.963,-40.8,1.262,5076.2,1,1,0.87
41,technician,divorced,professional.course,no,yes,no,cellular,apr,thu,811,2,999,0,nonexistent,-1.8,93.075,-47.1,1.365,5099.1,1,1,0.87
59,admin.,divorced,basic.4y,no,yes,no,cellular,may,wed,193,1,999,0,nonexistent,-1.8,93.876,-40.0,0.682,5008.7,1,1,0.87
20,student,single,high.school,no,yes,no,cellular,nov,wed,166,1,7,1,success,-3.4,92.649,-30.1,0.715,5017.5,1,0,0.87
29,admin.,single,high.school,no,no,no,telephone,oct,thu,330,2,6,1,success,-1.1,94.601,-49.5,1.025,4963.6,1,0,0.87
33,admin.,married,university.degree,no,yes,no,cellular,nov,tue,318,2,3,3,success,-3.4,92.649,-30.1,0.715,5017.5,1,0,0.87
27,services,single,university.degree,no,yes,no,cellular,mar,mon,104,1,6,1,success,-1.8,93.369,-34.8,0.652,5008.7,1,0,0.87
66,retired,married,unknown,no,no,no,cellular,aug,wed,147,2,999,1,failure,-2.9,92.201,-31.4,0.879,5076.2,1,1,0.87
19,student,single,basic.6y,no,yes,yes,cellular,sep,thu,452,5,13,1,success,-1.1,94.199,-37.5,0.879,4963.6,1,0,0.87
92,retired,married,unknown,no,no,yes,cellular,aug,tue,1064,1,3,1,success,-1.7,94.027,-38.3,0.904,4991.6,1,0,0.8697240515933231
35,technician,married,professional.course,no,yes,no,cellular,aug,fri,225,1,999,0,nonexistent,-2.9,92.201,-31.4,0.869,5076.2,1,1,0.8675
44,admin.,single,university.degree,no,no,no,cellular,aug,mon,207,1,6,1,success,-2.9,92.201,-31.4,0.861,5076.2,1,0,0.8675
32,admin.,single,university.degree,no,yes,no,cellular,jul,wed,97,3,999,0,nonexistent,-2.9,92.469,-33.6,1.029,5076.2,1,1,0.8675
29,admin.,single,university.degree,no,no,no,cellular,nov,thu,134,2,9,2,failure,-3.4,92.649,-30.1,0.714,5017.5,1,0,0.8675
22,services,single,professional.course,no,yes,yes,cellular,sep,tue,239,1,3,2,success,-3.4,92.379,-29.8,0.755,5017.5,1,0,0.8675
31,admin.,single,university.degree,no,yes,no,cellular,jun,tue,282,2,13,1,success,-2.9,92.963,-40.8,1.262,5076.2,1,0,0.8675
28,admin.,single,university.degree,no,yes,no,cellular,jun,wed,593,1,999,0,nonexistent,-2.9,92.963,-40.8,1.26,5076.2,1,1,0.8673526906946475
42,management,single,university.degree,no,no,no,cellular,oct,mon,146,1,999,0,nonexistent,-3.4,92.431,-26.9,0.743,5017.5,1,1,0.8672287556904401
66,retired,married,professional.course,no,no,yes,cellular,mar,tue,525,1,21,2,failure,-1.8,93.369,-34.8,0.655,5008.7,1,0,0.865
32,admin.,single,university.degree,no,yes,no,cellular,sep,thu,150,2,10,3,success,-1.1,94.199,-37.5,0.884,4963.6,1,0,0.865
35,services,married,high.school,no,yes,no,cellular,apr,thu,412,1,5,1,success,-1.8,93.075,-47.1,1.365,5099.1,1,0,0.865
37,admin.,married,university.degree,no,yes,no,cellular,jul,fri,1005,5,4,2,success,-1.7,94.215,-40.3,0.896,4991.6,1,0,0.865
36,management,married,university.degree,no,no,no,cellular,jun,tue,522,1,6,2,success,-1.7,94.055,-39.8,0.737,4991.6,1,0,0.865
33,admin.,married,university.degree,no,yes,no,cellular,nov,fri,482,1,12,1,success,-1.1,94.767,-50.8,1.049,4963.6,1,0,0.865
26,admin.,single,university.degree,no,yes,no,telephone,sep,thu,471,1,7,1,success,-3.4,92.379,-29.8,0.809,5017.5,1,0,0.865
29,admin.,single,high.school,no,yes,no,cellular,sep,tue,107,2,3,1,success,-3.4,92.379,-29.8,0.77,5017.5,1,0,0.865
38,admin.,single,university.degree,no,yes,no,cellular,mar,thu,420,1,999,0,nonexistent,-1.8,93.369,-34.8,0.643,5008.7,1,1,0.865
29,services,single,high.school,no,no,no,telephone,apr,tue,370,1,999,0,nonexistent,-1.8,93.749,-34.6,0.646,5008.7,1,1,0.865
31,services,single,basic.9y,no,yes,no,cellular,may,fri,214,4,999,0,nonexistent,-1.8,93.876,-40.0,0.695,5008.7,1,1,0.865
52,technician,married,professional.course,no,yes,no,cellular,nov,fri,495,1,3,1,success,-3.4,92.649,-30.1,0.714,5017.5,1,0,0.865
26,blue-collar,single,high.school,no,yes,no,telephone,nov,fri,208,2,3,1,success,-3.4,92.649,-30.1,0.714,5017.5,1,0,0.865
56,blue-collar,married,basic.4y,unknown,yes,no,cellular,dec,tue,280,3,6,1,success,-3.0,92.713,-33.0,0.715,5023.5,1,0,0.865
36,admin.,married,high.school,no,yes,no,cellular,mar,thu,220,3,999,0,nonexistent,-1.8,92.843,-50.0,1.584,5099.1,1,1,0.865
24,admin.,single,university.degree,no,yes,no,cellular,oct,fri,1176,3,3,2,success,-1.1,94.601,-49.5,0.993,4963.6,1,0,0.865
23,student,single,unknown,no,no,no,cellular,jul,tue,165,2,16,1,success,-1.7,94.215,-40.3,0.876,4991.6,1,0,0.8647182094081942
37,admin.,single,university.degree,no,yes,no,cellular,apr,thu,261,1,999,0,nonexistent,-1.8,93.075,-47.1,1.365,5099.1,1,1,0.8647156297420334
26,student,single,basic.9y,no,yes,no,cellular,aug,wed,582,1,999,0,nonexistent,-2.9,92.201,-31.4,0.879,5076.2,1,1,0.8639241672062488
34,admin.,single,university.degree,no,no,no,cellular,mar,tue,325,2,999,0,nonexistent,-1.8,92.843,-50.0,1.614,5099.1,1,1,0.8629323222434118
26,admin.,single,university.degree,no,no,yes,cellular,jun,thu,224,1,999,0,nonexistent,-2.9,92.963,-40.8,1.26,5076.2,1,1,0.8625
37,admin.,married,high.school,no,yes,no,cellular,apr,thu,574,1,999,0,nonexistent,-1.8,93.075,-47.1,1.365,5099.1,1,1,0.8625
37,admin.,single,high.school,no,no,no,telephone,oct,thu,301,1,3,1,success,-1.1,94.601,-49.5,0.987,4963.6,1,0,0.8625
31,admin.,single,university.degree,no,no,no,cellular,aug,thu,81,1,3,1,success,-2.9,92.201,-31.4,0.829,5076.2,1,0,0.8625
19,student,single,basic.9y,no,no,yes,telephone,jul,mon,567,1,6,2,success,-1.7,94.215,-40.3,0.827,4991.6,1,0,0.8625
35,services,married,professional.course,no,yes,no,cellular,apr,thu,218,2,6,1,success,-1.8,93.749,-34.6,0.644,5008.7,1,0,0.8625
43,admin.,married,university.degree,no,yes,no,cellular,nov,tue,255,1,999,0,nonexistent,-3.4,92.649,-30.1,0.715,5017.5,1,1,0.8625
41,unemployed,married,high.school,no,yes,yes,cellular,sep,wed,175,1,6,1,success,-1.1,94.199,-37.5,0.879,4963.6,1,0,0.8619460546282245
51,services,married,basic.6y,no,no,no,cellular,apr,thu,407,1,2,1,success,-1.8,93.075,-47.1,1.365,5099.1,1,0,0.8612837864841147
52,services,married,high.school,unknown,yes,no,cellular,mar,thu,177,2,11,3,failure,-1.8,93.369,-34.8,0.654,5008.7,1,0,0.86
34,technician,single,university.degree,no,yes,no,cellular,mar,thu,180,2,999,0,nonexistent,-1.8,93.369,-34.8,0.654,5008.7,1,1,0.86
71,retired,married,basic.4y,no,yes,no,cellular,jul,thu,519,2,9,3,failure,-1.7,94.215,-40.3,0.899,4991.6,1,0,0.86
66,retired,married,basic.4y,no,no,yes,cellular,jun,wed,319,2,999,0,nonexistent,-1.7,94.055,-39.8,0.767,4991.6,1,1,0.86
20,student,single,unknown,no,no,no,cellular,may,tue,202,2,12,1,success,-1.8,93.876,-40.0,0.697,5008.7,1,0,0.86
52,retired,divorced,university.degree,no,yes,yes,cellular,aug,thu,155,2,4,1,success,-2.9,92.201,-31.4,0.883,5076.2,1,0,0.86
33,admin.,single,university.degree,no,yes,no,cellular,apr,tue,179,3,999,0,nonexistent,-1.8,93.749,-34.6,0.638,5008.7,1,1,0.86
49,technician,married,university.degree,no,yes,no,cellular,may,thu,820,1,999,0,nonexistent,-1.8,93.876,-40.0,0.699,5008.7,1,1,0.86
30,unemployed,married,high.school,no,no,no,cellular,may,mon,417,1,3,1,success,-1.8,92.893,-46.2,1.354,5099.1,1,0,0.86
72,retired,married,basic.6y,no,yes,yes,cellular,oct,thu,189,3,999,0,nonexistent,-3.4,92.431,-26.9,0.722,5017.5,1,1,0.86
64,retired,married,high.school,no,yes,no,cellular,dec,wed,354,1,999,0,nonexistent,-3.0,92.713,-33.0,0.715,5023.5,1,1,0.86
44,technician,married,professional.course,no,yes,no,cellular,sep,tue,173,1,4,1,success,-3.4,92.379,-29.8,0.755,5017.5,1,0,0.86
41,admin.,divorced,high.school,no,yes,no,cellular,aug,fri,174,1,4,3,failure,-1.7,94.027,-38.3,0.905,4991.6,1,0,0.86
23,student,single,high.school,no,no,yes,cellular,oct,fri,380,1,3,1,success,-1.1,94.601,-49.5,1.029,4963.6,1,0,0.86
41,admin.,married,university.degree,no,no,no,cellular,dec,thu,213,1,999,0,nonexistent,-3.0,92.713,-33.0,0.707,5023.5,1,1,0.86
49,admin.,divorced,university.degree,no,yes,no,cellular,sep,fri,283,3,3,1,success,-3.4,92.379,-29.8,0.773,5017.5,1,0,0.86
51,technician,married,professional.course,no,yes,no,cellular,aug,thu,1226,3,999,0,nonexistent,-1.7,94.027,-38.3,0.899,4991.6,1,1,0.86
61,management,married,university.degree,no,yes,no,cellular,nov,tue,195,1,7,1,success,-3.4,92.649,-30.1,0.715,5017.5,1,0,0.86
34,blue-collar,divorced,high.school,no,yes,no,telephone,oct,thu,160,1,999,0,nonexistent,-0.1,93.798,-40.4,4.794,5195.8,1,1,0.86
28,management,single,university.degree,no,no,no,cellular,oct,fri,324,1,999,1,failure,-3.4,92.431,-26.9,0.739,5017.5,1,1,0.86
37,management,single,university.degree,no,no,no,cellular,oct,thu,570,1,999,1,failure,-3.4,92.431,-26.9,0.74,5017.5,1,1,0.86
51,admin.,divorced,high.school,no,yes,yes,cellular,nov,tue,334,2,6,4,failure,-1.1,94.767,-50.8,1.049,4963.6,1,0,0.8597970945839255
36,services,married,university.degree,no,no,yes,cellular,jun,tue,255,2,3,1,success,-2.9,92.963,-40.8,1.206,5076.2,1,0,0.8593096894809825
29,unemployed,single,basic.4y,no,no,yes,cellular,jun,wed,243,3,3,2,success,-2.9,92.963,-40.8,1.244,5076.2,1,0,0.8590237563489791
38,technician,married,professional.course,no,no,yes,cellular,mar,fri,195,1,999,0,nonexistent,-1.8,92.843,-50.0,1.726,5099.1,1,1,0.8589475873944735
51,technician,single,university.degree,no,yes,no,cellular,jun,fri,509,1,999,0,nonexistent,-2.9,92.963,-40.8,1.268,5076.2,1,1,0.8578302123805911
62,retired,married,professional.course,no,yes,no,cellular,aug,tue,531,3,6,1,success,-2.9,92.201,-31.4,0.838,5076.2,1,0,0.8575
32,services,single,university.degree,no,no,yes,cellular,may,fri,473,3,999,0,nonexistent,-1.8,93.876,-40.0,0.699,5008.7,1,1,0.8575
68,retired,married,basic.4y,no,yes,no,cellular,oct,tue,102,1,6,2,success,-3.4,92.431,-26.9,0.728,5017.5,1,0,0.8575
83,retired,divorced,basic.4y,no,no,yes,cellular,jun,fri,472,2,999,0,nonexistent,-1.7,94.055,-39.8,0.748,4991.6,1,1,0.8575
29,admin.,married,university.degree,no,yes,no,cellular,jul,mon,173,3,999,0,nonexistent,-1.7,94.215,-40.3,0.87,4991.6,1,1,0.8575
22,technician,single,professional.course,no,yes,no,cellular,nov,tue,358,1,999,0,nonexistent,-3.4,92.649,-30.1,0.72,5017.5,1,1,0.8575
30,admin.,single,university.degree,no,no,no,cellular,jun,fri,275,1,999,0,nonexistent,-2.9,92.963,-40.8,1.268,5076.2,1,1,0.8575
33,admin.,single,university.degree,no,no,no,cellular,jul,fri,704,1,999,0,nonexistent,-2.9,92.469,-33.6,1.059,5076.2,1,1,0.8575
26,technician,single,professional.course,no,no,no,cellular,jul,thu,588,3,999,2,failure,-1.7,94.215,-40.3,0.899,4991.6,1,1,0.8575
76,retired,single,basic.4y,no,no,no,cellular,nov,mon,347,4,6,1,success,-3.4,92.649,-30.1,0.715,5017.5,1,0,0.8575
70,retired,married,basic.4y,no,no,no,cellular,sep,tue,150,1,3,2,success,-3.4,92.379,-29.8,0.77,5017.5,1,0,0.8575
62,technician,married,unknown,no,no,no,cellular,mar,mon,104,2,3,2,success,-1.8,93.369,-34.8,0.646,5008.7,1,0,0.8575
34,self-employed,single,university.degree,no,no,no,cellular,jul,thu,967,3,999,0,nonexistent,-1.7,94.215,-40.3,0.81,4991.6,1,1,0.8575
52,self-employed,married,university.degree,no,yes,no,cellular,jun,mon,322,1,3,1,success,-2.9,92.963,-40.8,1.26,5076.2,1,0,0.8573990881857739
41,admin.,married,university.degree,no,no,no,cellular,aug,tue,766,2,999,0,nonexistent,1.4,93.444,-36.1,4.968,5228.1,1,1,0.85723406676783
31,student,single,university.degree,no,yes,yes,cellular,jul,fri,350,2,999,0,nonexistent,-1.7,94.215,-40.3,0.885,4991.6,1,1,0.855
46,admin.,divorced,high.school,no,yes,no,telephone,jul,thu,176,1,999,0,nonexistent,-2.9,92.469,-33.6,1.072,5076.2,1,1,0.855
21,student,single,unknown,no,yes,no,cellular,jul,thu,968,1,13,2,failure,-1.7,94.215,-40.3,0.81,4991.6,1,0,0.855
25,admin.,single,high.school,no,yes,no,cellular,apr,wed,416,1,999,0,nonexistent,-1.8,93.075,-47.1,1.405,5099.1,1,1,0.855
30,admin.,single,high.school,no,yes,no,cellular,may,fri,532,5,999,0,nonexistent,-1.8,93.876,-40.0,0.684,5008.7,1,1,0.855
50,technician,married,university.degree,no,yes,no,cellular,mar,fri,809,1,999,0,nonexistent,-1.8,93.369,-34.8,0.653,5008.7,1,1,0.855
28,admin.,single,university.degree,no,yes,no,cellular,sep,fri,91,1,1,3,success,-3.4,92.379,-29.8,0.773,5017.5,1,0,0.855
53,admin.,married,university.degree,no,yes,yes,telephone,dec,mon,824,1,6,2,success,-3.0,92.713,-33.0,0.706,5023.5,1,0,0.855
44,management,married,unknown,no,no,no,telephone,apr,tue,473,2,999,1,failure,-1.8,93.749,-34.6,0.646,5008.7,1,1,0.855
21,student,single,high.school,no,no,no,cellular,oct,tue,113,1,999,0,nonexistent,-3.4,92.431,-26.9,0.728,5017.5,1,1,0.855
44,services,divorced,basic.6y,no,yes,no,cellular,aug,wed,153,3,0,1,success,-1.7,94.027,-38.3,0.9,4991.6,1,0,0.855
30,admin.,single,university.degree,no,unknown,unknown,cellular,may,fri,466,3,999,0,nonexistent,-1.8,93.876,-40.0,0.699,5008.7,1,1,0.855
41,admin.,divorced,high.school,no,no,no,telephone,apr,thu,558,2,999,0,nonexistent,-1.8,93.749,-34.6,0.635,5008.7,1,1,0.855
30,admin.,single,professional.course,no,unknown,unknown,cellular,jun,thu,246,1,7,1,success,-2.9,92.963,-40.8,1.26,5076.2,1,0,0.855
30,self-employed,single,university.degree,no,yes,no,cellular,sep,tue,191,1,999,0,nonexistent,-3.4,92.379,-29.8,0.788,5017.5,0,1,0.855
30,self-employed,single,university.degree,no,yes,no,cellular,sep,tue,145,1,999,0,nonexistent,-3.4,92.379,-29.8,0.788,5017.5,1,1,0.855
30,self-employed,single,university.degree,no,no,no,cellular,sep,tue,169,1,999,0,nonexistent,-3.4,92.379,-29.8,0.788,5017.5,1,1,0.855
51,technician,married,professional.course,no,yes,yes,cellular,apr,thu,200,1,999,0,nonexistent,-1.8,93.075,-47.1,1.365,5099.1,1,1,0.8548511584160008
61,admin.,married,university.degree,no,yes,yes,telephone,aug,wed,425,1,6,2,success,-1.7,94.027,-38.3,0.903,4991.6,1,0,0.8547194233687405
37,admin.,married,university.degree,no,no,yes,cellular,sep,thu,173,1,999,0,nonexistent,-1.1,94.199,-37.5,0.879,4963.6,1,1,0.8544359635811837
30,management,married,university.degree,no,yes,no,cellular,oct,tue,1226,2,999,0,nonexistent,-3.4,92.431,-26.9,0.742,5017.5,1,1,0.8535289820020977
28,admin.,married,university.degree,no,no,no,cellular,apr,thu,258,1,2,2,success,-1.8,93.075,-47.1,1.365,5099.1,1,0,0.8527367578976421
27,blue-collar,single,high.school,no,yes,no,cellular,jun,mon,148,2,4,1,success,-2.9,92.963,-40.8,1.281,5076.2,1,0,0.8526517863972076
53,admin.,married,university.degree,no,yes,no,cellular,nov,tue,409,2,999,0,nonexistent,-3.4,92.649,-30.1,0.715,5017.5,1,1,0.8525
64,retired,married,high.school,no,no,no,cellular,nov,mon,146,1,3,1,success,-3.4,92.649,-30.1,0.714,5017.5,1,0,0.8525
80,retired,married,basic.4y,no,no,no,telephone,jul,thu,552,2,999,0,nonexistent,-1.7,94.215,-40.3,0.846,4991.6,1,1,0.8525
30,management,married,university.degree,no,no,yes,cellular,oct,wed,255,1,6,1,success,-1.1,94.601,-49.5,1.043,4963.6,1,0,0.8525
56,unemployed,divorced,basic.4y,no,no,yes,cellular,oct,fri,363,2,5,3,success,-1.1,94.601,-49.5,0.972,4963.6,1,0,0.8525
28,technician,single,professional.course,no,yes,no,cellular,aug,thu,63,2,3,1,success,-2.9,92.201,-31.4,0.851,5076.2,1,0,0.8525
83,retired,divorced,basic.4y,no,no,no,cellular,sep,thu,268,1,9,3,success,-1.1,94.199,-37.5,0.879,4963.6,1,0,0.8525
24,technician,married,university.degree,no,yes,yes,cellular,sep,tue,89,2,3,1,success,-3.4,92.379,-29.8,0.77,5017.5,1,0,0.8525
32,self-employed,married,university.degree,no,yes,no,cellular,nov,thu,247,1,6,3,failure,-3.4,92.649,-30.1,0.714,5017.5,1,0,0.8525
19,student,single,unknown,no,yes,yes,cellular,apr,mon,206,1,999,0,nonexistent,-1.8,93.075,-47.1,1.405,5099.1,1,1,0.8518122956975711
25,student,single,high.school,no,no,no,cellular,nov,thu,244,1,999,0,nonexistent,-1.1,94.767,-50.8,1.041,4963.6,1,1,0.8513027281459581
27,admin.,single,university.degree,no,no,no,cellular,mar,tue,238,4,999,0,nonexistent,-1.8,93.369,-34.8,0.635,5008.7,1,1,0.85
45,admin.,married,university.degree,no,no,no,cellular,dec,thu,150,2,6,1,success,-3.0,92.713,-33.0,0.707,5023.5,1,0,0.85
56,unemployed,divorced,basic.4y,no,no,no,cellular,mar,wed,577,1,999,0,nonexistent,-1.8,93.369,-34.8,0.634,5008.7,1,1,0.85
32,admin.,single,university.degree,no,yes,no,cellular,apr,thu,358,2,999,0,nonexistent,-1.8,93.749,-34.6,0.635,5008.7,1,1,0.85
43,admin.,married,university.degree,no,yes,no,telephone,nov,tue,135,1,999,0,nonexistent,-3.4,92.649,-30.1,0.715,5017.5,1,1,0.85
23,student,single,basic.9y,no,yes,yes,cellular,sep,mon,218,3,6,2,success,-1.1,94.199,-37.5,0.879,4963.6,1,0,0.85
32,self-employed,single,university.degree,no,yes,no,cellular,jul,thu,940,1,14,1,success,-2.9,92.469,-33.6,1.072,5076.2,1,0,0.85
59,admin.,divorced,professional.course,no,unknown,unknown,cellular,aug,tue,203,1,4,1,success,-2.9,92.201,-31.4,0.883,5076.2,1,0,0.85
37,technician,married,professional.course,no,yes,no,cellular,aug,wed,414,1,999,0,nonexistent,-2.9,92.201,-31.4,0.884,5076.2,1,1,0.85
54,admin.,married,university.degree,no,yes,no,cellular,aug,fri,326,3,999,0,nonexistent,-2.9,92.201,-31.4,0.869,5076.2,1,1,0.85
38,admin.,single,university.degree,unknown,yes,no,cellular,sep,wed,153,1,3,1,success,-3.4,92.379,-29.8,0.768,5017.5,1,0,0.85
32,technician,married,professional.course,no,no,no,cellular,oct,wed,486,1,999,0,nonexistent,-1.1,94.601,-49.5,0.959,4963.6,1,1,0.85
20,student,single,unknown,no,no,no,cellular,may,tue,530,2,3,5,success,-1.8,93.876,-40.0,0.697,5008.7,1,0,0.85
32,blue-collar,married,basic.4y,no,no,no,telephone,sep,wed,606,3,3,4,success,-1.1,94.199,-37.5,0.88,4963.6,1,0,0.85
28,self-employed,single,university.degree,no,yes,no,cellular,jul,thu,198,2,999,0,nonexistent,-1.7,94.215,-40.3,0.846,4991.6,1,1,0.85
30,admin.,married,university.degree,no,yes,no,cellular,apr,thu,461,1,999,0,nonexistent,-1.8,93.075,-47.1,1.365,5099.1,1,1,0.849722306525038
33,admin.,married,high.school,no,yes,no,cellular,sep,tue,212,1,999,0,nonexistent,-3.4,92.379,-29.8,0.819,5017.5,1,1,0.8488668437025798
34,technician,single,professional.course,no,no,no,cellular,mar,fri,229,1,999,0,nonexistent,-1.8,92.843,-50.0,1.726,5099.1,1,1,0.848465058176616
36,admin.,single,university.degree,no,no,no,cellular,jun,wed,706,1,7,1,success,-1.7,94.055,-39.8,0.739,4991.6,1,0,0.8475
38,student,single,unknown,no,no,yes,cellular,mar,mon,248,1,3,4,success,-1.8,93.369,-34.8,0.639,5008.7,1,0,0.8475
33,technician,married,professional.course,no,yes,no,telephone,oct,wed,171,1,999,0,nonexistent,-0.1,93.798,-40.4,4.827,5195.8,1,1,0.8475
33,admin.,single,university.degree,no,yes,no,telephone,oct,thu,166,3,6,2,success,-3.4,92.431,-26.9,0.74,5017.5,1,0,0.8475
54,admin.,married,high.school,no,no,no,cellular,oct,wed,252,2,6,2,success,-1.1,94.601,-49.5,0.985,4963.6,1,0,0.8475
41,technician,divorced,university.degree,no,no,no,cellular,mar,thu,187,1,6,1,success,-1.8,93.369,-34.8,0.635,5008.7,1,0,0.8475
28,admin.,single,university.degree,no,no,yes,cellular,mar,wed,96,2,999,0,nonexistent,-1.8,92.843,-50.0,1.548,5099.1,1,1,0.8475
38,admin.,married,high.school,no,yes,no,telephone,oct,fri,97,1,999,0,nonexistent,-0.1,93.798,-40.4,4.918,5195.8,1,1,0.8475
28,student,single,basic.9y,no,no,yes,cellular,aug,wed,139,1,6,3,failure,-1.7,94.027,-38.3,0.9,4991.6,1,0,0.8475
29,services,married,high.school,no,no,no,cellular,oct,tue,424,1,999,1,failure,-3.4,92.431,-26.9,0.728,5017.5,1,1,0.8475
36,technician,married,university.degree,no,unknown,unknown,cellular,sep,thu,1334,2,999,0,nonexistent,-1.1,94.199,-37.5,0.879,4963.6,1,1,0.8475
30,management,married,university.degree,no,no,no,cellular,oct,tue,411,2,999,0,nonexistent,-3.4,92.431,-26.9,0.742,5017.5,1,1,0.8473492832204399
32,admin.,single,university.degree,no,yes,no,cellular,jul,thu,250,2,6,1,success,-1.7,94.215,-40.3,0.846,4991.6,0,0,0.8472183611532625
57,admin.,married,unknown,no,yes,no,cellular,dec,wed,391,2,999,0,nonexistent,-3.0,92.713,-33.0,0.706,5023.5,1,1,0.8470043197725283
33,blue-collar,married,basic.9y,no,yes,no,cellular,may,fri,656,1,999,0,nonexistent,-1.8,92.893,-46.2,1.313,5099.1,1,1,0.8469311836115326
33,blue-collar,married,basic.9y,no,yes,no,cellular,may,fri,720,1,999,0,nonexistent,-1.8,92.893,-46.2,1.313,5099.1,1,1,0.8469311836115326
34,admin.,single,university.degree,no,no,no,cellular,aug,wed,195,1,999,0,nonexistent,-2.9,92.201,-31.4,0.854,5076.2,1,1,0.8469295902883155
31,services,single,high.school,no,no,no,cellular,may,wed,1298,2,999,0,nonexistent,-1.8,92.893,-46.2,1.281,5099.1,1,1,0.846870484808989
30,admin.,single,university.degree,no,no,no,cellular,apr,thu,69,1,999,0,nonexistent,-1.8,93.075,-47.1,1.365,5099.1,0,1,0.8460800383545987
30,admin.,single,university.degree,no,no,no,cellular,apr,thu,222,1,999,0,nonexistent,-1.8,93.075,-47.1,1.365,5099.1,0,1,0.8460800383545987
30,admin.,single,university.degree,no,no,no,cellular,apr,thu,662,1,999,0,nonexistent,-1.8,93.075,-47.1,1.365,5099.1,1,1,0.8460800383545987
30,admin.,single,university.degree,no,no,no,cellular,apr,thu,224,1,999,0,nonexistent,-1.8,93.075,-47.1,1.365,5099.1,1,1,0.8460800383545987
30,admin.,single,university.degree,no,no,no,cellular,apr,thu,368,1,999,0,nonexistent,-1.8,93.075,-47.1,1.365,5099.1,1,1,0.8460800383545987
21,student,single,basic.9y,no,no,no,cellular,mar,wed,363,1,6,1,success,-1.8,93.369,-34.8,0.655,5008.7,1,0,0.845
40,technician,single,university.degree,no,no,no,cellular,nov,mon,130,1,7,2,failure,-3.4,92.649,-30.1,0.714,5017.5,1,0,0.845
48,technician,married,high.school,no,no,yes,cellular,oct,thu,288,3,999,0,nonexistent,-3.4,92.431,-26.9,0.722,5017.5,1,1,0.845
34,technician,married,unknown,no,yes,no,cellular,nov,tue,200,1,3,1,success,-1.1,94.767,-50.8,1.046,4963.6,1,0,0.845
26,student,single,high.school,no,no,no,cellular,oct,fri,373,3,999,0,nonexistent,-3.4,92.431,-26.9,0.72,5017.5,1,1,0.845
31,technician,married,professional.course,no,yes,no,cellular,jun,tue,619,2,3,1,success,-1.7,94.055,-39.8,0.723,4991.6,1,0,0.845
28,management,single,university.degree,no,yes,no,cellular,jun,thu,383,1,22,1,success,-1.7,94.055,-39.8,0.729,4991.6,1,0,0.845
76,retired,married,basic.4y,no,yes,no,cellular,sep,wed,259,2,3,1,success,-3.4,92.379,-29.8,0.781,5017.5,1,0,0.845
40,admin.,married,high.school,no,yes,no,cellular,apr,thu,160,1,999,0,nonexistent,-1.8,93.075,-47.1,1.365,5099.1,0,1,0.845
39,unemployed,single,university.degree,no,yes,no,cellular,dec,mon,387,1,6,2,success,-3.0,92.713,-33.0,0.706,5023.5,1,0,0.845
40,admin.,married,high.school,no,yes,no,cellular,apr,thu,401,1,999,0,nonexistent,-1.8,93.075,-47.1,1.365,5099.1,0,1,0.845
48,blue-collar,married,basic.9y,no,no,no,cellular,aug,wed,296,1,16,3,failure,-1.7,94.027,-38.3,0.9,4991.6,1,0,0.845
55,admin.,married,university.degree,no,yes,no,cellular,jul,fri,687,1,999,2,failure,-1.7,94.215,-40.3,0.79,4991.6,1,1,0.845
33,admin.,married,university.degree,no,no,no,cellular,oct,fri,130,1,6,1,success,-3.4,92.431,-26.9,0.739,5017.5,1,0,0.845
27,admin.,single,university.degree,no,no,no,cellular,mar,tue,191,2,999,0,nonexistent,-1.8,93.369,-34.8,0.637,5008.7,1,1,0.845
66,retired,married,basic.4y,no,yes,no,cellular,nov,mon,175,1,7,1,success,-3.4,92.649,-30.1,0.714,5017.5,1,0,0.845
33,technician,single,professional.course,no,yes,no,cellular,mar,tue,459,1,999,0,nonexistent,-1.8,93.369,-34.8,0.646,5008.7,1,1,0.845
34,unemployed,single,professional.course,no,no,no,cellular,aug,fri,531,2,2,1,success,-2.9,92.201,-31.4,0.849,5076.2,1,0,0.845
18,student,single,unknown,no,no,no,cellular,sep,thu,385,1,3,1,success,-3.4,92.379,-29.8,0.809,5017.5,1,0,0.845
70,retired,married,unknown,no,yes,no,cellular,apr,thu,346,2,999,0,nonexistent,-1.8,93.075,-47.1,1.41,5099.1,1,1,0.845
30,student,married,university.degree,no,no,no,cellular,aug,mon,98,2,3,2,success,-2.9,92.201,-31.4,0.821,5076.2,1,0,0.845
30,admin.,single,university.degree,no,no,no,cellular,aug,fri,177,6,6,3,success,-1.7,94.027,-38.3,0.898,4991.6,1,0,0.845
28,admin.,single,university.degree,no,no,no,cellular,aug,fri,262,1,4,2,success,-2.9,92.201,-31.4,0.881,5076.2,1,0,0.8448534561693788
28,self-employed,married,professional.course,no,yes,no,cellular,nov,tue,179,1,999,0,nonexistent,-3.4,92.649,-30.1,0.72,5017.5,1,1,0.8447208649468892
24,technician,married,professional.course,no,no,no,cellular,jul,fri,192,4,26,1,success,-1.7,94.215,-40.3,0.885,4991.6,1,0,0.8447165402124432
24,blue-collar,single,high.school,no,no,no,cellular,oct,thu,1032,1,3,1,success,-1.1,94.601,-49.5,1.025,4963.6,1,0,0.8447080424886191
31,student,single,university.degree,no,no,no,cellular,oct,wed,508,1,999,0,nonexistent,-1.1,94.601,-49.5,1.043,4963.6,1,1,0.8440542328042328
34,blue-collar,married,high.school,no,yes,no,cellular,mar,fri,115,1,999,0,nonexistent,-1.8,93.369,-34.8,0.653,5008.7,1,1,0.8425
20,student,single,high.school,no,no,no,cellular,nov,wed,229,2,3,3,success,-3.4,92.649,-30.1,0.715,5017.5,1,0,0.8425
23,student,single,professional.course,no,yes,no,cellular,sep,wed,316,1,8,2,success,-1.1,94.199,-37.5,0.876,4963.6,1,0,0.8425
39,admin.,single,high.school,no,yes,no,cellular,mar,tue,395,3,999,0,nonexistent,-1.8,92.843,-50.0,1.687,5099.1,1,1,0.8425
42,management,married,university.degree,no,no,no,telephone,oct,fri,615,1,999,0,nonexistent,-0.1,93.798,-40.4,4.76,5195.8,1,1,0.8425
38,entrepreneur,married,basic.4y,no,no,no,telephone,oct,fri,227,1,999,0,nonexistent,-0.1,93.798,-40.4,4.76,5195.8,1,1,0.8425
33,admin.,single,university.degree,no,no,no,cellular,mar,tue,406,2,999,1,failure,-1.8,92.843,-50.0,1.614,5099.1,1,1,0.8425
68,retired,married,university.degree,no,yes,no,cellular,apr,fri,330,3,999,0,nonexistent,-1.8,93.749,-34.6,0.644,5008.7,1,1,0.8425
39,technician,married,professional.course,no,no,no,telephone,oct,thu,171,1,999,0,nonexistent,-0.1,93.798,-40.4,4.921,5195.8,1,1,0.8425
32,services,single,unknown,no,no,yes,cellular,jul,thu,415,2,999,0,nonexistent,-1.7,94.215,-40.3,0.846,4991.6,1,1,0.8425
53,entrepreneur,married,basic.4y,no,yes,yes,cellular,apr,tue,398,2,999,0,nonexistent,-1.8,93.749,-34.6,0.644,5008.7,1,1,0.8425
30,entrepreneur,married,university.degree,no,no,no,telephone,oct,fri,223,1,999,0,nonexistent,-0.1,93.798,-40.4,5.045,5195.8,1,1,0.8425
18,student,single,unknown,no,yes,no,cellular,aug,wed,561,1,17,2,failure,-1.7,94.027,-38.3,0.9,4991.6,1,0,0.8425
60,admin.,married,basic.9y,no,no,no,cellular,jul,thu,174,2,25,2,failure,-1.7,94.215,-40.3,0.884,4991.6,1,0,0.8425
38,blue-collar,single,high.school,no,yes,no,cellular,mar,wed,355,1,13,2,failure,-1.8,93.369,-34.8,0.655,5008.7,1,0,0.8425
28,blue-collar,single,basic.9y,no,yes,no,cellular,apr,thu,315,1,2,1,success,-1.8,93.075,-47.1,1.365,5099.1,1,0,0.8425
82,retired,married,professional.course,no,yes,no,telephone,mar,mon,506,2,999,0,nonexistent,-1.8,93.369,-34.8,0.646,5008.7,1,1,0.8425
30,admin.,single,university.degree,no,yes,no,cellular,jun,wed,214,3,999,0,nonexistent,-2.9,92.963,-40.8,1.26,5076.2,1,1,0.8425
31,admin.,single,high.school,no,yes,no,cellular,nov,wed,456,2,999,0,nonexistent,-1.1,94.767,-50.8,1.044,4963.6,1,1,0.8423994130377754
41,technician,divorced,professional.course,no,unknown,unknown,cellular,apr,thu,347,1,999,0,nonexistent,-1.8,93.075,-47.1,1.365,5099.1,1,1,0.8419962065389445
54,retired,married,basic.4y,no,no,yes,cellular,oct,thu,164,2,999,0,nonexistent,-3.4,92.431,-26.9,0.722,5017.5,1,1,0.8419493930197268
37,admin.,married,high.school,no,yes,no,cellular,apr,thu,226,1,2,1,success,-1.8,93.075,-47.1,1.365,5099.1,0,0,0.8419423368740516
33,admin.,single,university.degree,no,no,no,cellular,aug,wed,338,1,999,0,nonexistent,-2.9,92.201,-31.4,0.854,5076.2,1,1,0.8419295902883155
58,retired,divorced,university.degree,no,yes,no,cellular,apr,wed,282,2,999,0,nonexistent,-1.8,93.075,-47.1,1.415,5099.1,1,1,0.8418333678405552
38,technician,married,professional.course,no,yes,yes,cellular,mar,thu,63,2,999,0,nonexistent,-1.8,92.843,-50.0,1.757,5099.1,1,1,0.8412039169903633
48,entrepreneur,married,university.degree,no,no,no,cellular,apr,thu,294,2,2,1,success,-1.8,93.075,-47.1,1.365,5099.1,1,0,0.8412009503649663
36,unemployed,single,university.degree,no,yes,no,cellular,jun,mon,205,1,4,1,success,-2.9,92.963,-40.8,1.266,5076.2,1,0,0.8411946690922946
27,admin.,single,university.degree,no,no,no,cellular,oct,mon,278,1,999,0,nonexistent,-1.1,94.601,-49.5,0.977,4963.6,1,1,0.8407615004150965
37,unemployed,single,university.degree,no,yes,no,cellular,jun,thu,122,2,6,1,success,-1.7,94.055,-39.8,0.742,4991.6,0,0,0.84
34,admin.,single,university.degree,no,no,no,telephone,oct,tue,135,1,999,0,nonexistent,-0.1,93.798,-40.4,4.86,5195.8,1,1,0.84
30,admin.,married,university.degree,no,no,no,cellular,jul,fri,438,2,999,0,nonexistent,-2.9,92.469,-33.6,1.059,5076.2,1,1,0.84
58,retired,married,basic.4y,no,no,no,cellular,apr,wed,1307,1,999,0,nonexistent,-1.8,93.749,-34.6,0.639,5008.7,1,1,0.84
53,blue-collar,married,basic.6y,no,yes,no,cellular,jun,thu,328,2,3,1,success,-2.9,92.963,-40.8,1.26,5076.2,1,0,0.84
30,technician,married,university.degree,no,yes,yes,cellular,jul,mon,204,4,999,0,nonexistent,-1.7,94.215,-40.3,0.87,4991.6,1,1,0.84
30,admin.,single,university.degree,no,yes,no,telephone,oct,thu,1002,4,999,0,nonexistent,-3.4,92.431,-26.9,0.733,5017.5,1,1,0.84
21,student,single,high.school,no,yes,no,cellular,oct,fri,149,1,999,0,nonexistent,-3.4,92.431,-26.9,0.73,5017.5,1,1,0.84
72,retired,married,high.school,no,no,no,cellular,nov,mon,257,1,999,0,nonexistent,-3.4,92.649,-30.1,0.714,5017.5,1,1,0.84
56,unknown,married,unknown,no,no,no,telephone,oct,fri,235,1,999,0,nonexistent,-0.1,93.798,-40.4,5.045,5195.8,1,1,0.84
32,admin.,single,university.degree,no,no,no,cellular,jul,tue,527,1,999,0,nonexistent,-1.7,94.215,-40.3,0.893,4991.6,1,1,0.84
49,admin.,married,high.school,no,yes,no,cellular,aug,wed,668,2,15,1,success,-2.9,92.201,-31.4,0.879,5076.2,1,0,0.84
39,services,single,high.school,no,yes,no,cellular,aug,fri,308,6,999,0,nonexistent,-1.7,94.027,-38.3,0.898,4991.6,1,1,0.84
37,technician,single,professional.course,no,yes,no,cellular,nov,wed,224,1,999,0,nonexistent,-1.1,94.767,-50.8,1.044,4963.6,1,1,0.84
30,technician,married,university.degree,no,yes,yes,cellular,apr,thu,1373,2,999,0,nonexistent,-1.8,93.075,-47.1,1.365,5099.1,1,1,0.84
34,technician,single,professional.course,no,yes,no,cellular,aug,tue,1416,2,12,1,success,-2.9,92.201,-31.4,0.883,5076.2,1,0,0.84
27,admin.,single,unknown,no,yes,no,cellular,mar,mon,247,3,6,2,success,-1.8,93.369,-34.8,0.639,5008.7,1,0,0.84
40,technician,single,university.degree,no,no,no,cellular,nov,mon,105,2,3,1,success,-3.4,92.649,-30.1,0.714,5017.5,1,0,0.84
34,self-employed,married,university.degree,no,no,no,cellular,oct,wed,201,1,5,3,failure,-3.4,92.431,-26.9,0.74,5017.5,1,0,0.84
32,admin.,married,high.school,no,yes,no,cellular,nov,tue,322,1,999,0,nonexistent,-3.4,92.649,-30.1,0.72,5017.5,1,1,0.8392276225846809
27,admin.,married,university.degree,no,yes,no,cellular,sep,tue,173,2,6,2,failure,-3.4,92.379,-29.8,0.77,5017.5,1,0,0.8375
30,admin.,married,high.school,no,yes,no,cellular,jun,fri,215,1,12,1,success,-1.7,94.055,-39.8,0.732,4991.6,1,0,0.8375
42,technician,married,professional.course,no,yes,no,cellular,aug,fri,100,2,999,0,nonexistent,-2.9,92.201,-31.4,0.869,5076.2,1,1,0.8375
32,technician,married,professional.course,no,yes,no,cellular,aug,wed,641,1,999,0,nonexistent,-2.9,92.201,-31.4,0.879,5076.2,1,1,0.8375
50,unknown,married,unknown,no,no,no,cellular,oct,wed,209,1,8,3,failure,-3.4,92.431,-26.9,0.74,5017.5,1,0,0.8375
22,student,single,basic.6y,no,yes,no,cellular,aug,thu,293,2,4,2,success,-2.9,92.201,-31.4,0.873,5076.2,1,0,0.8375
48,entrepreneur,married,university.degree,no,no,no,cellular,apr,thu,327,2,999,0,nonexistent,-1.8,93.075,-47.1,1.365,5099.1,1,1,0.8375
77,retired,divorced,basic.4y,no,no,no,cellular,may,tue,393,1,999,0,nonexistent,-1.8,93.876,-40.0,0.697,5008.7,1,1,0.8375
35,admin.,single,university.degree,no,yes,no,cellular,apr,thu,388,2,999,0,nonexistent,-1.8,93.749,-34.6,0.659,5008.7,1,1,0.8375
42,management,single,university.degree,no,no,no,cellular,oct,fri,1106,2,999,0,nonexistent,-3.4,92.431,-26.9,0.743,5017.5,1,1,0.8375
38,admin.,single,basic.9y,no,no,no,cellular,may,thu,275,2,999,0,nonexistent,-1.8,93.876,-40.0,0.699,5008.7,1,1,0.8375
80,retired,divorced,basic.4y,no,yes,yes,cellular,apr,thu,554,1,10,2,success,-1.8,93.749,-34.6,0.644,5008.7,1,0,0.8375
25,admin.,single,high.school,no,no,no,cellular,jul,thu,449,2,999,0,nonexistent,-1.7,94.215,-40.3,0.81,4991.6,1,1,0.8373485580018025
25,admin.,single,university.degree,no,yes,no,cellular,apr,thu,229,2,999,0,nonexistent,-1.8,93.075,-47.1,1.406,5099.1,1,1,0.8358030133742328
30,self-employed,single,university.degree,no,yes,no,cellular,apr,thu,152,2,999,0,nonexistent,-1.8,93.075,-47.1,1.435,5099.1,1,1,0.8354259629440769
63,retired,married,basic.4y,no,yes,no,cellular,nov,fri,413,1,3,2,success,-1.1,94.767,-50.8,1.049,4963.6,1,0,0.835
25,student,single,university.degree,no,yes,yes,cellular,jun,thu,393,2,999,0,nonexistent,-2.9,92.963,-40.8,1.235,5076.2,1,1,0.835
62,technician,married,unknown,no,unknown,unknown,cellular,jul,mon,220,3,999,1,failure,-1.7,94.215,-40.3,0.827,4991.6,1,1,0.835
41,technician,divorced,professional.course,no,yes,no,cellular,apr,thu,834,1,999,0,nonexistent,-1.8,93.075,-47.1,1.365,5099.1,1,1,0.835
43,self-employed,married,high.school,no,yes,no,telephone,oct,wed,181,1,999,0,nonexistent,-0.1,93.798,-40.4,4.936,5195.8,1,1,0.835
32,admin.,single,university.degree,no,yes,no,cellular,may,wed,412,1,999,0,nonexistent,-1.8,92.893,-46.2,1.27,5099.1,1,1,0.835
29,admin.,single,university.degree,no,no,no,cellular,jun,tue,160,2,999,0,nonexistent,-2.9,92.963,-40.8,1.286,5076.2,1,1,0.835
50,admin.,married,university.degree,no,no,yes,cellular,aug,thu,460,1,15,2,failure,-2.9,92.201,-31.4,0.829,5076.2,1,0,0.835
46,admin.,married,high.school,no,yes,no,cellular,apr,thu,231,1,999,0,nonexistent,-1.8,93.075,-47.1,1.365,5099.1,1,1,0.835
89,retired,divorced,basic.4y,no,no,no,cellular,jun,mon,245,1,999,0,nonexistent,-1.7,94.055,-39.8,0.72,4991.6,1,1,0.835
22,student,single,basic.9y,no,no,no,cellular,oct,fri,438,1,999,1,failure,-3.4,92.431,-26.9,0.73,5017.5,1,1,0.835
25,admin.,single,university.degree,no,no,yes,cellular,nov,mon,295,1,7,2,success,-3.4,92.649,-30.1,0.714,5017.5,1,0,0.835
59,admin.,divorced,high.school,no,no,no,cellular,nov,thu,357,3,3,2,success,-1.1,94.767,-50.8,1.05,4963.6,1,0,0.835
38,technician,single,professional.course,no,no,no,cellular,sep,thu,430,4,999,0,nonexistent,-1.1,94.199,-37.5,0.879,4963.6,1,1,0.835
29,technician,single,professional.course,no,yes,yes,cellular,mar,thu,467,2,13,1,success,-1.8,93.369,-34.8,0.643,5008.7,1,0,0.835
38,management,divorced,university.degree,no,yes,no,cellular,apr,mon,182,2,6,1,success,-1.8,93.749,-34.6,0.645,5008.7,1,0,0.835
25,admin.,single,unknown,no,yes,no,cellular,nov,mon,381,1,999,1,failure,-3.4,92.649,-30.1,0.714,5017.5,1,1,0.835
34,technician,married,professional.course,no,yes,yes,cellular,sep,wed,121,3,999,0,nonexistent,-3.4,92.379,-29.8,0.813,5017.5,1,1,0.835
22,student,single,high.school,no,yes,no,cellular,oct,tue,210,1,6,1,success,-3.4,92.431,-26.9,0.742,5017.5,1,0,0.835
28,admin.,single,high.school,no,yes,yes,cellular,jun,thu,296,2,999,0,nonexistent,-2.9,92.963,-40.8,1.26,5076.2,1,1,0.835
31,technician,married,university.degree,no,yes,no,cellular,jun,fri,276,2,999,0,nonexistent,-2.9,92.963,-40.8,1.268,5076.2,1,1,0.835
31,admin.,single,high.school,no,no,no,cellular,sep,mon,262,5,6,3,success,-1.1,94.199,-37.5,0.879,4963.6,1,0,0.835
29,admin.,single,high.school,no,yes,no,cellular,jun,mon,415,1,3,1,success,-2.9,92.963,-40.8,1.26,5076.2,1,0,0.8344434298857376
27,admin.,single,university.degree,no,yes,no,cellular,aug,wed,1117,2,999,0,nonexistent,-2.9,92.201,-31.4,0.879,5076.2,0,1,0.8344250082370891
27,admin.,single,university.degree,no,yes,no,cellular,aug,wed,429,2,999,0,nonexistent,-2.9,92.201,-31.4,0.879,5076.2,1,1,0.8344250082370891
56,entrepreneur,married,university.degree,no,yes,yes,cellular,apr,thu,259,1,999,0,nonexistent,-1.8,93.075,-47.1,1.365,5099.1,1,1,0.8339537841397415
50,admin.,married,university.degree,no,yes,no,cellular,jul,thu,567,5,999,0,nonexistent,-2.9,92.469,-33.6,1.072,5076.2,1,1,0.8325
39,management,married,university.degree,no,yes,yes,cellular,sep,tue,358,2,999,0,nonexistent,-1.1,94.199,-37.5,0.877,4963.6,1,1,0.8325
29,technician,single,professional.course,no,unknown,unknown,cellular,sep,fri,255,1,3,2,success,-1.1,94.199,-37.5,0.878,4963.6,1,0,0.8325
39,blue-collar,married,basic.9y,no,no,no,telephone,oct,fri,270,1,999,0,nonexistent,-0.1,93.798,-40.4,5.045,5195.8,1,1,0.8325
33,services,single,high.school,no,no,no,cellular,oct,tue,137,1,999,0,nonexistent,-3.4,92.431,-26.9,0.728,5017.5,1,1,0.8325
76,unknown,married,unknown,no,no,no,telephone,jul,thu,301,3,999,0,nonexistent,-1.7,94.215,-40.3,0.899,4991.6,1,1,0.8325
66,retired,married,basic.4y,no,no,yes,cellular,apr,wed,139,5,999,1,failure,-1.8,93.075,-47.1,1.415,5099.1,1,1,0.8325
77,retired,married,unknown,no,yes,no,cellular,nov,fri,381,1,999,0,nonexistent,-3.4,92.649,-30.1,0.714,5017.5,1,1,0.8325
22,student,single,high.school,no,yes,yes,cellular,may,tue,131,2,999,0,nonexistent,-1.8,92.893,-46.2,1.266,5099.1,1,1,0.8325
56,retired,married,university.degree,no,no,no,cellular,aug,tue,634,3,999,1,failure,-1.7,94.027,-38.3,0.886,4991.6,1,1,0.8325
37,management,married,unknown,no,no,no,cellular,dec,wed,149,3,999,0,nonexistent,-3.0,92.713,-33.0,0.715,5023.5,1,1,0.8325
37,technician,single,university.degree,no,no,no,cellular,jun,tue,654,1,999,1,failure,-2.9,92.963,-40.8,1.262,5076.2,1,1,0.8325
35,admin.,married,university.degree,no,yes,no,cellular,mar,mon,378,4,999,0,nonexistent,-1.8,92.843,-50.0,1.811,5099.1,1,1,0.8325
23,student,single,high.school,no,no,no,cellular,jun,wed,200,2,999,0,nonexistent,-2.9,92.963,-40.8,1.26,5076.2,1,1,0.8325
43,admin.,single,high.school,no,yes,no,cellular,sep,fri,212,1,999,0,nonexistent,-3.4,92.379,-29.8,0.773,5017.5,1,1,0.8325
59,blue-collar,divorced,basic.4y,no,yes,no,cellular,jul,thu,218,1,999,0,nonexistent,-2.9,92.469,-33.6,1.072,5076.2,1,1,0.8325
59,admin.,married,unknown,no,yes,yes,cellular,sep,mon,281,3,3,1,success,-3.4,92.379,-29.8,0.797,5017.5,1,0,0.8325
42,management,divorced,unknown,no,yes,no,cellular,aug,wed,137,2,4,1,success,-2.9,92.201,-31.4,0.879,5076.2,1,0,0.8325
41,unemployed,married,basic.9y,no,no,no,cellular,nov,thu,597,2,3,2,success,-1.1,94.767,-50.8,1.041,4963.6,1,0,0.8325
35,technician,married,university.degree,no,yes,no,cellular,aug,wed,560,1,999,0,nonexistent,-1.7,94.027,-38.3,0.9,4991.6,1,1,0.8318258364034651
19,student,single,unknown,no,yes,no,cellular,apr,fri,452,3,999,0,nonexistent,-1.8,93.075,-47.1,1.405,5099.1,1,1,0.83
41,technician,married,professional.course,no,unknown,unknown,cellular,jun,tue,318,1,4,3,success,-2.9,92.963,-40.8,1.262,5076.2,1,0,0.83
24,student,single,high.school,no,no,yes,cellular,jun,thu,176,2,12,2,failure,-1.7,94.055,-39.8,0.729,4991.6,1,0,0.83
45,unemployed,married,professional.course,unknown,no,no,telephone,sep,thu,1405,1,6,2,failure,-1.1,94.199,-37.5,0.879,4963.6,1,0,0.83
74,retired,divorced,university.degree,no,yes,no,cellular,may,tue,387,1,999,0,nonexistent,-1.8,93.876,-40.0,0.688,5008.7,1,1,0.83
52,management,married,university.degree,no,no,no,cellular,may,fri,404,2,9,1,success,-1.8,93.876,-40.0,0.684,5008.7,1,0,0.83
35,blue-collar,divorced,high.school,no,no,no,cellular,aug,thu,151,1,3,1,success,-2.9,92.201,-31.4,0.851,5076.2,1,0,0.83
48,technician,married,professional.course,no,yes,yes,cellular,apr,thu,269,1,999,1,failure,-1.8,93.075,-47.1,1.365,5099.1,1,1,0.83
23,student,single,high.school,no,yes,no,cellular,aug,thu,784,3,15,3,failure,-2.9,92.201,-31.4,0.873,5076.2,1,0,0.83
35,admin.,single,professional.course,no,yes,no,cellular,nov,fri,397,3,999,0,nonexistent,-1.1,94.767,-50.8,1.04,4963.6,1,1,0.83
41,management,married,university.degree,no,no,no,cellular,nov,mon,696,2,7,3,failure,-3.4,92.649,-30.1,0.715,5017.5,1,0,0.83
33,admin.,married,high.school,no,no,no,cellular,aug,fri,207,3,15,1,success,-2.9,92.201,-31.4,0.825,5076.2,1,0,0.83
32,admin.,married,university.degree,no,yes,no,cellular,apr,thu,394,1,999,0,nonexistent,-1.8,93.075,-47.1,1.365,5099.1,1,1,0.83
24,management,single,university.degree,no,yes,no,cellular,oct,tue,676,2,999,1,failure,-3.4,92.431,-26.9,0.737,5017.5,1,1,0.83
42,blue-collar,married,professional.course,no,yes,no,cellular,oct,wed,307,1,7,1,success,-3.4,92.431,-26.9,0.735,5017.5,1,0,0.83
72,admin.,married,university.degree,unknown,no,yes,cellular,oct,tue,143,1,6,1,success,-3.4,92.431,-26.9,0.728,5017.5,1,0,0.83
66,retired,married,basic.4y,no,yes,no,cellular,jul,mon,568,7,999,0,nonexistent,-1.7,94.215,-40.3,0.87,4991.6,1,1,0.83
47,management,married,university.degree,no,yes,no,cellular,sep,mon,323,1,3,2,success,-3.4,92.379,-29.8,0.771,5017.5,1,0,0.829898142272598
58,blue-collar,married,basic.4y,unknown,yes,no,telephone,jun,fri,570,2,999,0,nonexistent,1.4,94.465,-41.8,4.959,5228.1,1,1,0.82971813353566
38,technician,married,professional.course,no,yes,no,cellular,mar,fri,166,3,999,0,nonexistent,-1.8,92.843,-50.0,1.726,5099.1,1,1,0.8288867994064834
36,technician,single,university.degree,no,yes,no,cellular,jun,mon,287,1,999,0,nonexistent,-2.9,92.963,-40.8,1.266,5076.2,1,1,0.8286520070753592
40,admin.,married,high.school,no,no,yes,cellular,aug,tue,654,2,999,0,nonexistent,-1.7,94.027,-38.3,0.899,4991.6,1,1,0.8275
33,admin.,single,university.degree,no,yes,no,cellular,may,wed,200,1,999,0,nonexistent,-1.8,92.893,-46.2,1.27,5099.1,1,1,0.8275
73,retired,married,unknown,no,yes,no,telephone,mar,mon,659,1,999,0,nonexistent,-1.8,93.369,-34.8,0.652,5008.7,1,1,0.8275
45,blue-collar,single,high.school,no,yes,yes,cellular,sep,wed,327,1,999,0,nonexistent,-1.1,94.199,-37.5,0.886,4963.6,1,1,0.8275
36,services,married,basic.9y,no,yes,no,cellular,aug,fri,221,1,4,1,success,-2.9,92.201,-31.4,0.881,5076.2,1,0,0.8275
23,unemployed,single,basic.9y,no,yes,no,cellular,oct,thu,238,1,4,1,success,-3.4,92.431,-26.9,0.754,5017.5,1,0,0.8275
61,management,married,university.degree,no,yes,no,cellular,aug,fri,209,2,4,2,success,-2.9,92.201,-31.4,0.869,5076.2,1,0,0.8275
54,admin.,divorced,high.school,no,yes,no,cellular,aug,thu,131,2,4,1,success,-2.9,92.201,-31.4,0.883,5076.2,1,0,0.8275
78,retired,married,unknown,no,yes,no,cellular,jul,wed,87,3,999,0,nonexistent,-1.7,94.215,-40.3,0.84,4991.6,1,1,0.8275
62,technician,married,unknown,no,yes,no,cellular,jul,mon,248,1,999,2,failure,-1.7,94.215,-40.3,0.827,4991.6,1,1,0.8275
33,admin.,single,university.degree,no,yes,no,cellular,oct,mon,400,1,5,2,success,-1.1,94.601,-49.5,1.032,4963.6,1,0,0.8275
39,blue-collar,married,basic.9y,no,yes,no,cellular,sep,fri,293,1,3,1,success,-3.4,92.379,-29.8,0.803,5017.5,1,0,0.8275
59,management,married,basic.4y,no,yes,no,cellular,jul,fri,351,3,999,0,nonexistent,-1.7,94.215,-40.3,0.885,4991.6,1,1,0.8275
30,admin.,single,university.degree,no,yes,no,cellular,jul,thu,248,1,999,0,nonexistent,-1.7,94.215,-40.3,0.884,4991.6,1,1,0.8275
66,retired,married,professional.course,no,no,no,cellular,mar,tue,177,1,999,1,failure,-1.8,93.369,-34.8,0.655,5008.7,1,1,0.8275
66,retired,married,basic.4y,no,yes,no,cellular,mar,thu,156,1,999,0,nonexistent,-1.8,92.843,-50.0,1.65,5099.1,1,1,0.8273059832655096
48,admin.,single,university.degree,no,yes,no,cellular,jul,fri,194,2,3,1,success,-1.7,94.215,-40.3,0.79,4991.6,1,0,0.8273051879801983
34,technician,married,professional.course,no,yes,no,cellular,nov,tue,336,4,999,0,nonexistent,-3.4,92.649,-30.1,0.715,5017.5,1,1,0.8272158573596359
71,retired,married,professional.course,no,no,no,cellular,oct,tue,323,1,999,0,nonexistent,-1.1,94.601,-49.5,0.982,4963.6,1,1,0.8270721875601769
24,unknown,single,university.degree,no,yes,no,cellular,jun,tue,728,1,999,0,nonexistent,-2.9,92.963,-40.8,1.262,5076.2,1,1,0.8269889785019481
47,management,married,basic.9y,no,yes,no,cellular,nov,tue,709,2,999,0,nonexistent,-3.4,92.649,-30.1,0.715,5017.5,1,1,0.826813178640488
26,management,single,university.degree,no,yes,no,cellular,mar,thu,119,1,999,0,nonexistent,-1.8,92.843,-50.0,1.65,5099.1,1,1,0.8263186521919308
41,technician,married,professional.course,no,no,no,cellular,mar,fri,229,2,999,0,nonexistent,-1.8,92.843,-50.0,1.531,5099.1,1,1,0.8250769397772889
25,admin.,single,university.degree,no,no,yes,cellular,nov,mon,165,1,3,2,success,-3.4,92.649,-30.1,0.715,5017.5,1,0,0.825
59,admin.,married,university.degree,no,no,no,telephone,oct,tue,85,1,999,0,nonexistent,-0.1,93.798,-40.4,4.968,5195.8,1,1,0.825
52,technician,married,university.degree,no,no,yes,telephone,may,tue,209,1,2,2,success,-1.8,93.876,-40.0,0.668,5008.7,1,0,0.825
33,housemaid,married,high.school,no,no,no,telephone,oct,tue,37,1,999,0,nonexistent,-0.1,93.798,-40.4,4.968,5195.8,1,1,0.825
69,retired,married,basic.4y,no,yes,yes,cellular,oct,fri,257,3,999,0,nonexistent,-3.4,92.431,-26.9,0.72,5017.5,1,1,0.825
39,technician,single,university.degree,unknown,no,yes,cellular,oct,fri,125,1,999,0,nonexistent,-3.4,92.431,-26.9,0.72,5017.5,1,1,0.825
34,technician,married,professional.course,no,no,no,cellular,aug,tue,193,1,13,1,success,-2.9,92.201,-31.4,0.859,5076.2,1,0,0.825
27,admin.,single,university.degree,no,no,no,cellular,aug,tue,249,1,999,0,nonexistent,-1.7,94.027,-38.3,0.899,4991.6,1,1,0.825
31,management,married,university.degree,no,yes,no,cellular,oct,tue,255,3,4,1,success,-3.4,92.431,-26.9,0.728,5017.5,1,0,0.825
41,technician,married,unknown,no,yes,yes,cellular,may,mon,963,1,3,2,success,-1.8,92.893,-46.2,1.354,5099.1,1,0,0.825
30,technician,single,university.degree,no,yes,no,cellular,sep,fri,173,2,15,4,failure,-1.1,94.199,-37.5,0.879,4963.6,1,0,0.825
22,student,single,high.school,no,no,yes,cellular,jun,mon,563,1,12,2,failure,-1.7,94.055,-39.8,0.72,4991.6,1,0,0.825
29,student,single,university.degree,no,yes,no,cellular,may,mon,556,1,999,1,failure,-1.8,93.876,-40.0,0.685,5008.7,1,1,0.825
42,management,married,university.degree,no,yes,no,cellular,aug,fri,436,1,13,1,success,-2.9,92.201,-31.4,0.869,5076.2,1,0,0.825
26,student,single,basic.9y,no,yes,no,cellular,mar,mon,712,4,999,0,nonexistent,-1.8,92.843,-50.0,1.811,5099.1,1,1,0.825
64,housemaid,married,basic.4y,no,no,no,cellular,dec,thu,232,1,999,0,nonexistent,-3.0,92.713,-33.0,0.714,5023.5,1,1,0.825
52,technician,married,high.school,no,no,no,cellular,dec,fri,406,1,999,1,failure,-3.0,92.713,-33.0,0.71,5023.5,1,1,0.825
30,admin.,single,university.degree,no,yes,no,cellular,apr,thu,502,1,0,1,success,-1.8,93.075,-47.1,1.365,5099.1,1,0,0.825
62,technician,married,unknown,no,yes,no,cellular,mar,mon,192,1,6,1,success,-1.8,93.369,-34.8,0.646,5008.7,1,0,0.825
29,technician,single,professional.course,no,no,yes,cellular,jul,tue,178,2,15,2,failure,-1.7,94.215,-40.3,0.876,4991.6,1,0,0.8247165402124432
68,retired,divorced,professional.course,no,yes,no,cellular,oct,tue,418,2,999,0,nonexistent,-3.4,92.431,-26.9,0.728,5017.5,1,1,0.8244948571740376
48,technician,married,high.school,no,no,no,cellular,oct,thu,264,1,999,0,nonexistent,-3.4,92.431,-26.9,0.722,5017.5,1,1,0.8225
68,retired,married,university.degree,no,no,no,cellular,mar,wed,201,1,999,0,nonexistent,-1.8,92.843,-50.0,1.602,5099.1,1,1,0.8225
34,admin.,married,professional.course,no,yes,no,cellular,mar,thu,562,3,999,1,failure,-1.8,93.369,-34.8,0.654,5008.7,1,1,0.8225
82,retired,divorced,basic.4y,no,no,no,cellular,apr,mon,529,1,6,2,success,-1.8,93.749,-34.6,0.643,5008.7,1,0,0.8225
37,housemaid,single,university.degree,no,no,no,cellular,oct,tue,296,3,999,0,nonexistent,-3.4,92.431,-26.9,0.744,5017.5,1,1,0.8225
29,admin.,single,high.school,no,yes,yes,cellular,mar,mon,257,1,999,0,nonexistent,-1.8,93.369,-34.8,0.646,5008.7,1,1,0.8225
36,technician,married,university.degree,no,yes,no,cellular,sep,fri,328,1,999,1,failure,-1.1,94.199,-37.5,0.879,4963.6,1,1,0.8225
52,admin.,married,university.degree,no,yes,no,cellular,aug,mon,179,3,4,2,success,-2.9,92.201,-31.4,0.884,5076.2,1,0,0.8225
48,admin.,married,high.school,unknown,no,yes,cellular,dec,thu,274,1,8,1,success,-3.0,92.713,-33.0,0.72,5023.5,1,0,0.8225
29,technician,single,professional.course,no,no,no,cellular,mar,tue,299,2,999,0,nonexistent,-1.8,92.843,-50.0,1.614,5099.1,1,1,0.8225
32,admin.,single,university.degree,no,yes,no,telephone,oct,thu,220,3,999,0,nonexistent,-3.4,92.431,-26.9,0.722,5017.5,1,1,0.8225
31,admin.,married,university.degree,no,yes,no,telephone,oct,mon,131,1,999,0,nonexistent,-0.1,93.798,-40.4,4.912,5195.8,1,1,0.8225
45,admin.,single,university.degree,no,yes,no,cellular,jun,thu,207,1,999,0,nonexistent,-2.9,92.963,-40.8,1.26,5076.2,1,1,0.8225
33,blue-collar,married,basic.6y,no,yes,no,cellular,apr,wed,165,2,999,0,nonexistent,-1.8,93.075,-47.1,1.498,5099.1,1,1,0.8225
32,blue-collar,married,basic.4y,no,no,no,cellular,sep,wed,830,2,999,0,nonexistent,-1.1,94.199,-37.5,0.88,4963.6,1,1,0.8225
61,retired,married,basic.4y,no,yes,no,cellular,nov,mon,301,1,9,3,failure,-3.4,92.649,-30.1,0.714,5017.5,1,0,0.8225
50,admin.,married,basic.9y,no,yes,no,cellular,apr,thu,717,3,999,0,nonexistent,-1.8,93.749,-34.6,0.659,5008.7,1,1,0.8225
59,blue-collar,divorced,basic.4y,no,no,no,cellular,jul,thu,367,1,999,0,nonexistent,-2.9,92.469,-33.6,1.072,5076.2,1,1,0.8225
36,management,married,university.degree,no,unknown,unknown,cellular,sep,wed,331,1,6,4,failure,-1.1,94.199,-37.5,0.876,4963.6,1,0,0.8225
43,management,married,unknown,no,yes,no,telephone,dec,mon,2062,2,8,1,success,-3.0,92.713,-33.0,0.709,5023.5,1,0,0.8225
30,unemployed,married,high.school,no,yes,no,cellular,may,mon,214,3,3,1,success,-1.8,92.893,-46.2,1.354,5099.1,1,0,0.8225
60,admin.,married,high.school,no,yes,yes,cellular,apr,thu,482,2,999,0,nonexistent,-1.8,93.075,-47.1,1.365,5099.1,1,1,0.8223511584160008
27,admin.,single,university.degree,no,yes,no,cellular,sep,tue,126,2,999,0,nonexistent,-3.4,92.379,-29.8,0.77,5017.5,1,1,0.8222234446130501
70,retired,married,basic.4y,no,no,no,cellular,apr,wed,167,2,999,1,failure,-1.8,93.075,-47.1,1.415,5099.1,1,1,0.8222192716236723
45,unemployed,married,professional.course,unknown,no,no,cellular,sep,thu,679,1,999,0,nonexistent,-1.1,94.199,-37.5,0.879,4963.6,1,1,0.8222184370257967
24,technician,single,professional.course,no,no,no,cellular,jun,tue,227,1,4,1,success,-2.9,92.963,-40.8,1.206,5076.2,1,0,0.8222119119878605
65,retired,married,basic.4y,no,no,no,cellular,oct,wed,882,1,999,0,nonexistent,-1.1,94.601,-49.5,1.043,4963.6,1,1,0.8220734015207231
23,admin.,single,university.degree,no,no,no,cellular,apr,wed,341,2,999,0,nonexistent,-1.8,93.075,-47.1,1.405,5099.1,1,1,0.8206419770630166
29,technician,single,professional.course,no,no,no,cellular,nov,tue,449,2,1,1,success,-1.1,94.767,-50.8,1.046,4963.6,1,0,0.82
58,retired,married,basic.4y,no,yes,no,cellular,nov,wed,487,1,999,2,failure,-3.4,92.649,-30.1,0.716,5017.5,1,1,0.82
46,admin.,married,high.school,no,no,no,cellular,apr,mon,194,3,999,0,nonexistent,-1.8,93.749,-34.6,0.645,5008.7,1,1,0.82
56,technician,married,high.school,no,no,no,telephone,oct,thu,234,1,999,0,nonexistent,-0.1,93.798,-40.4,4.794,5195.8,1,1,0.82
46,admin.,married,university.degree,no,yes,no,cellular,mar,thu,335,1,999,0,nonexistent,-1.8,93.369,-34.8,0.65,5008.7,1,1,0.82
35,unemployed,married,professional.course,no,yes,no,cellular,dec,mon,315,1,6,1,success,-3.0,92.713,-33.0,0.706,5023.5,1,0,0.82
29,admin.,single,university.degree,no,no,no,cellular,apr,thu,298,4,999,0,nonexistent,-1.8,93.075,-47.1,1.41,5099.1,1,1,0.8199201900659102
33,admin.,married,university.degree,no,no,no,cellular,nov,tue,843,1,999,0,nonexistent,-1.1,94.767,-50.8,1.035,4963.6,1,1,0.8194316388467374
34,unemployed,single,university.degree,no,yes,no,cellular,apr,tue,125,1,999,0,nonexistent,-1.8,93.075,-47.1,1.423,5099.1,1,1,0.8180032379182255
57,retired,married,high.school,no,yes,no,cellular,apr,thu,407,2,999,0,nonexistent,-1.8,93.749,-34.6,0.644,5008.7,1,1,0.8175
27,student,single,basic.9y,no,yes,yes,cellular,may,mon,775,1,999,0,nonexistent,-1.8,93.876,-40.0,0.701,5008.7,1,1,0.8175
35,admin.,married,university.degree,no,no,no,cellular,jun,thu,510,3,999,0,nonexistent,-2.9,92.963,-40.8,1.26,5076.2,1,1,0.8175
65,retired,married,university.degree,no,no,no,cellular,apr,wed,124,2,999,0,nonexistent,-1.8,93.075,-47.1,1.405,5099.1,1,1,0.8175
35,entrepreneur,married,high.school,no,no,no,cellular,jul,wed,1084,4,999,0,nonexistent,-2.9,92.469,-33.6,0.933,5076.2,1,1,0.8175
67,housemaid,divorced,professional.course,no,yes,no,cellular,nov,mon,655,2,5,5,success,-1.1,94.767,-50.8,1.039,4963.6,1,0,0.8175
29,admin.,single,university.degree,no,no,yes,cellular,jun,thu,813,4,999,0,nonexistent,-2.9,92.963,-40.8,1.235,5076.2,1,1,0.8175
41,admin.,married,university.degree,no,yes,no,cellular,apr,fri,342,1,999,0,nonexistent,-1.8,93.749,-34.6,0.645,5008.7,1,1,0.8175
35,admin.,married,university.degree,no,no,no,cellular,jun,thu,121,4,999,0,nonexistent,-2.9,92.963,-40.8,1.26,5076.2,1,1,0.8175
28,admin.,single,university.degree,no,no,no,cellular,oct,mon,225,1,3,3,success,-1.1,94.601,-49.5,1.032,4963.6,1,0,0.8175
26,admin.,single,university.degree,no,yes,no,cellular,jul,wed,153,1,999,0,nonexistent,-2.9,92.469,-33.6,1.029,5076.2,1,1,0.8175
23,blue-collar,single,high.school,no,no,no,cellular,jul,fri,104,2,999,0,nonexistent,-2.9,92.469,-33.6,1.007,5076.2,1,1,0.8175
30,admin.,married,university.degree,no,no,no,cellular,sep,mon,294,2,6,1,success,-3.4,92.379,-29.8,0.739,5017.5,1,0,0.8175
37,management,married,high.school,no,no,no,cellular,may,fri,292,3,999,0,nonexistent,-1.8,93.876,-40.0,0.682,5008.7,1,1,0.8175
24,unknown,single,university.degree,no,yes,yes,cellular,jun,tue,134,1,999,0,nonexistent,-2.9,92.963,-40.8,1.262,5076.2,1,1,0.8175
73,retired,married,basic.4y,no,no,no,cellular,aug,fri,453,1,999,0,nonexistent,-2.9,92.201,-31.4,0.881,5076.2,1,1,0.8175
29,admin.,single,university.degree,no,yes,no,cellular,mar,mon,215,1,999,0,nonexistent,-1.8,93.369,-34.8,0.639,5008.7,1,1,0.8175
82,housemaid,divorced,basic.4y,no,unknown,unknown,cellular,apr,tue,139,6,999,0,nonexistent,-1.8,93.749,-34.6,0.638,5008.7,1,1,0.8175
27,services,single,high.school,no,no,no,cellular,jul,fri,423,3,999,0,nonexistent,-1.7,94.215,-40.3,0.79,4991.6,1,1,0.8175
54,technician,married,basic.9y,no,no,no,cellular,nov,tue,293,3,7,2,failure,-3.4,92.649,-30.1,0.715,5017.5,1,0,0.8175
21,student,single,high.school,no,no,no,cellular,jun,thu,400,1,999,0,nonexistent,-2.9,92.963,-40.8,1.26,5076.2,1,1,0.8175
33,entrepreneur,single,professional.course,no,yes,no,cellular,mar,fri,373,1,999,0,nonexistent,-1.8,93.369,-34.8,0.653,5008.7,1,1,0.8175
29,admin.,single,high.school,no,yes,no,cellular,nov,fri,176,2,7,2,success,-3.4,92.649,-30.1,0.714,5017.5,1,0,0.8175
42,self-employed,married,basic.4y,no,no,no,telephone,oct,fri,478,1,999,0,nonexistent,-0.1,93.798,-40.4,5.045,5195.8,1,1,0.8175
50,blue-collar,married,basic.6y,no,yes,no,telephone,may,mon,483,4,3,2,success,-1.8,92.893,-46.2,1.354,5099.1,1,0,0.8175
56,housemaid,divorced,professional.course,no,yes,no,cellular,nov,tue,566,1,7,2,failure,-3.4,92.649,-30.1,0.72,5017.5,1,0,0.8175
24,student,single,high.school,no,no,no,cellular,may,wed,389,1,7,2,success,-1.8,93.876,-40.0,0.672,5008.7,1,0,0.8175
33,blue-collar,single,professional.course,no,yes,no,cellular,apr,thu,652,2,999,0,nonexistent,-1.8,93.075,-47.1,1.365,5099.1,1,1,0.8175
53,management,divorced,university.degree,no,yes,no,cellular,apr,thu,297,1,2,1,success,-1.8,93.075,-47.1,1.365,5099.1,1,0,0.8172238998482549
30,admin.,married,university.degree,no,no,no,cellular,apr,wed,1038,2,999,0,nonexistent,-1.8,93.075,-47.1,1.415,5099.1,1,1,0.8172153262518969
82,housemaid,divorced,basic.4y,no,no,no,cellular,jul,wed,316,1,999,0,nonexistent,-1.7,94.215,-40.3,0.881,4991.6,1,1,0.8168046971569839
27,admin.,single,university.degree,no,no,no,cellular,aug,wed,1336,2,999,0,nonexistent,-2.9,92.201,-31.4,0.879,5076.2,1,1,0.81615176532274
56,unemployed,married,basic.9y,no,no,no,cellular,may,mon,540,1,999,1,failure,-1.8,93.876,-40.0,0.701,5008.7,1,1,0.815
55,retired,married,basic.4y,no,yes,no,cellular,oct,thu,139,1,999,0,nonexistent,-3.4,92.431,-26.9,0.722,5017.5,1,1,0.815
48,admin.,married,university.degree,no,yes,no,cellular,nov,mon,159,1,6,3,success,-1.1,94.767,-50.8,1.05,4963.6,1,0,0.815
30,self-employed,married,university.degree,no,yes,no,cellular,jun,mon,661,1,999,0,nonexistent,-1.7,94.055,-39.8,0.72,4991.6,1,1,0.815
30,management,married,university.degree,no,no,no,cellular,oct,wed,711,1,999,0,nonexistent,-1.1,94.601,-49.5,1.043,4963.6,1,1,0.815
26,admin.,single,university.degree,no,no,no,telephone,aug,mon,1087,1,3,1,success,-1.7,94.027,-38.3,0.904,4991.6,1,0,0.815
88,retired,divorced,basic.4y,no,no,no,cellular,oct,wed,512,2,6,1,success,-3.4,92.431,-26.9,0.735,5017.5,1,0,0.815
36,management,married,university.degree,no,no,no,cellular,jun,tue,867,1,3,2,success,-1.7,94.055,-39.8,0.737,4991.6,1,0,0.815
39,technician,married,professional.course,no,yes,no,cellular,apr,thu,381,1,999,1,failure,-1.8,93.075,-47.1,1.365,5099.1,1,1,0.815
58,management,married,university.degree,no,no,no,cellular,aug,tue,412,1,999,0,nonexistent,-1.7,94.027,-38.3,0.904,4991.6,1,1,0.815
60,retired,married,high.school,no,no,no,cellular,dec,thu,472,1,999,0,nonexistent,-3.0,92.713,-33.0,0.72,5023.5,1,1,0.815
35,admin.,single,university.degree,no,no,no,cellular,jul,fri,391,5,4,1,success,-1.7,94.215,-40.3,0.79,4991.6,1,0,0.815
38,technician,single,high.school,no,yes,no,cellular,mar,fri,292,2,999,0,nonexistent,-1.8,93.369,-34.8,0.653,5008.7,1,1,0.815
69,retired,married,university.degree,no,yes,no,cellular,apr,thu,616,1,999,0,nonexistent,-1.8,93.075,-47.1,1.365,5099.1,1,1,0.8147682721478928
60,retired,married,high.school,no,no,no,cellular,apr,thu,400,1,999,0,nonexistent,-1.8,93.075,-47.1,1.365,5099.1,1,1,0.8147194233687405
23,student,single,basic.9y,no,yes,no,cellular,sep,thu,954,1,999,0,nonexistent,-1.1,94.199,-37.5,0.879,4963.6,1,1,0.8147157056145676
25,student,single,high.school,no,yes,yes,cellular,apr,wed,82,1,999,0,nonexistent,-1.8,93.075,-47.1,1.415,5099.1,1,1,0.814304747205397
29,admin.,single,university.degree,no,no,no,cellular,jun,wed,174,1,999,0,nonexistent,-2.9,92.963,-40.8,1.26,5076.2,1,1,0.8143015302079598
32,technician,single,professional.course,no,yes,no,cellular,aug,tue,473,3,999,0,nonexistent,1.4,93.444,-36.1,4.966,5228.1,1,1,0.8138463498185172
61,retired,married,university.degree,no,yes,no,cellular,apr,tue,216,1,999,0,nonexistent,-1.8,93.075,-47.1,1.423,5099.1,1,1,0.8126573110013805
54,management,married,university.degree,no,no,no,cellular,apr,tue,243,1,999,0,nonexistent,-1.8,93.075,-47.1,1.405,5099.1,1,1,0.8126060136249683
52,housemaid,married,high.school,no,no,no,cellular,oct,tue,297,1,999,2,failure,-3.4,92.431,-26.9,0.728,5017.5,1,1,0.8125
57,unemployed,married,basic.4y,no,no,no,cellular,jun,mon,651,1,999,0,nonexistent,-2.9,92.963,-40.8,1.26,5076.2,1,1,0.8125
77,retired,divorced,basic.4y,no,yes,no,cellular,nov,mon,445,2,999,1,failure,-3.4,92.649,-30.1,0.714,5017.5,1,1,0.8125
58,services,married,high.school,no,no,no,cellular,mar,mon,92,2,3,1,success,-1.8,93.369,-34.8,0.635,5008.7,1,0,0.8125
36,management,married,university.degree,no,no,no,cellular,jun,mon,200,4,999,0,nonexistent,-2.9,92.963,-40.8,1.281,5076.2,1,1,0.8125
30,management,married,university.degree,no,yes,no,cellular,apr,thu,271,1,2,1,success,-1.8,93.075,-47.1,1.365,5099.1,1,0,0.8125
27,services,single,high.school,no,unknown,unknown,cellular,jul,fri,179,1,999,1,failure,-1.7,94.215,-40.3,0.79,4991.6,1,1,0.8125
32,admin.,married,university.degree,no,yes,no,cellular,mar,mon,517,1,999,0,nonexistent,-1.8,92.843,-50.0,1.52,5099.1,1,1,0.8125
42,unknown,single,university.degree,no,yes,no,cellular,jul,fri,513,1,999,2,failure,-1.7,94.215,-40.3,0.885,4991.6,1,1,0.8125
23,student,single,high.school,no,yes,no,telephone,jun,mon,434,1,9,1,success,-1.7,94.055,-39.8,0.72,4991.6,1,0,0.8125
25,admin.,single,university.degree,no,no,no,cellular,jun,tue,417,1,999,0,nonexistent,-2.9,92.963,-40.8,1.262,5076.2,1,1,0.8125
56,technician,married,basic.4y,no,no,no,cellular,oct,thu,306,3,3,1,success,-3.4,92.431,-26.9,0.733,5017.5,1,0,0.8125
29,admin.,single,high.school,no,yes,no,cellular,sep,thu,216,1,6,2,success,-1.1,94.199,-37.5,0.879,4963.6,1,0,0.8125
29,admin.,single,unknown,no,yes,no,cellular,mar,mon,132,1,999,0,nonexistent,-1.8,93.369,-34.8,0.652,5008.7,1,1,0.8125
56,retired,married,high.school,no,no,no,cellular,jun,tue,383,1,3,1,success,-1.7,94.055,-39.8,0.761,4991.6,1,0,0.8125
83,retired,married,professional.course,no,yes,no,cellular,oct,fri,849,2,4,1,success,-3.4,92.431,-26.9,0.752,5017.5,1,0,0.8125
54,admin.,married,university.degree,no,yes,yes,cellular,nov,tue,215,1,999,0,nonexistent,-3.4,92.649,-30.1,0.72,5017.5,1,1,0.8125
37,admin.,married,university.degree,no,yes,no,cellular,apr,wed,135,1,999,0,nonexistent,-1.8,93.075,-47.1,1.415,5099.1,1,1,0.8125
67,retired,married,professional.course,no,yes,no,cellular,apr,wed,140,1,999,0,nonexistent,-1.8,93.075,-47.1,1.415,5099.1,1,1,0.8125
29,admin.,single,university.degree,no,yes,no,cellular,oct,mon,526,1,999,0,nonexistent,-1.1,94.601,-49.5,1.0,4963.6,1,1,0.8125
26,student,single,high.school,no,yes,no,cellular,aug,fri,155,2,6,2,failure,-2.9,92.201,-31.4,0.825,5076.2,1,0,0.8125
43,technician,married,professional.course,no,no,no,cellular,may,thu,460,1,999,1,failure,-1.8,93.876,-40.0,0.699,5008.7,1,1,0.8125
61,admin.,married,university.degree,no,yes,yes,cellular,apr,thu,266,5,999,0,nonexistent,-1.8,93.075,-47.1,1.406,5099.1,1,1,0.8125
69,retired,divorced,professional.course,no,no,no,cellular,jun,fri,213,6,12,2,failure,-1.7,94.055,-39.8,0.748,4991.6,1,0,0.8125
37,technician,single,professional.course,no,yes,no,cellular,nov,wed,226,1,6,4,success,-1.1,94.767,-50.8,1.044,4963.6,1,0,0.8125
39,admin.,divorced,university.degree,no,no,yes,cellular,jul,mon,375,3,999,0,nonexistent,-1.7,94.215,-40.3,0.827,4991.6,1,1,0.8125
34,unemployed,single,university.degree,no,yes,no,cellular,jun,tue,167,2,999,0,nonexistent,-1.7,94.055,-39.8,0.761,4991.6,1,1,0.8125
26,admin.,married,high.school,no,yes,yes,cellular,jun,wed,275,2,999,1,failure,-1.7,94.055,-39.8,0.767,4991.6,1,1,0.8125
25,blue-collar,single,basic.9y,no,no,yes,cellular,jul,fri,667,1,999,0,nonexistent,-1.7,94.215,-40.3,0.79,4991.6,1,1,0.8125
35,services,married,basic.6y,no,no,no,cellular,may,mon,592,1,3,1,success,-1.8,92.893,-46.2,1.354,5099.1,1,0,0.8123564288121179
50,retired,married,basic.4y,no,no,no,cellular,jul,wed,1222,1,999,0,nonexistent,1.4,93.918,-42.7,4.957,5228.1,1,1,0.8123506898658863
68,retired,married,basic.4y,no,no,no,cellular,mar,thu,331,4,999,0,nonexistent,-1.8,92.843,-50.0,1.538,5099.1,1,1,0.8123421846516206
61,retired,divorced,university.degree,no,no,no,cellular,apr,thu,949,2,999,0,nonexistent,-1.8,93.075,-47.1,1.365,5099.1,1,1,0.8120699120811399
55,blue-collar,married,basic.4y,unknown,yes,no,telephone,jun,fri,585,2,999,0,nonexistent,1.4,94.465,-41.8,4.959,5228.1,1,1,0.8120172318848015
32,technician,single,university.degree,no,no,no,cellular,oct,tue,96,1,999,1,failure,-3.4,92.431,-26.9,0.728,5017.5,1,1,0.811987511235802
35,admin.,married,university.degree,no,no,no,cellular,jul,mon,768,2,3,4,success,-1.7,94.215,-40.3,0.889,4991.6,0,0,0.8116431792559189
35,student,single,university.degree,no,yes,no,cellular,oct,tue,79,2,999,0,nonexistent,-3.4,92.431,-26.9,0.742,5017.5,1,1,0.8116067952986541
53,technician,married,professional.course,no,no,no,cellular,may,mon,421,1,999,0,nonexistent,-1.8,92.893,-46.2,1.264,5099.1,1,1,0.8105550106989067
56,admin.,divorced,unknown,no,yes,no,telephone,jul,fri,353,2,999,0,nonexistent,-2.9,92.469,-33.6,1.059,5076.2,1,1,0.81
31,blue-collar,married,basic.9y,no,yes,no,telephone,nov,fri,115,1,999,0,nonexistent,-0.1,93.2,-42.0,4.474,5195.8,1,1,0.81
51,admin.,married,university.degree,no,no,no,cellular,jul,thu,396,4,999,1,failure,-1.7,94.215,-40.3,0.899,4991.6,1,1,0.81
21,student,single,university.degree,no,yes,no,cellular,dec,fri,379,3,6,1,success,-3.0,92.713,-33.0,0.71,5023.5,1,0,0.81
25,technician,single,professional.course,no,yes,no,cellular,nov,wed,541,1,999,0,nonexistent,-3.4,92.649,-30.1,0.716,5017.5,1,1,0.81
66,housemaid,married,basic.4y,no,no,no,telephone,jul,tue,1008,2,999,0,nonexistent,-1.7,94.215,-40.3,0.876,4991.6,1,1,0.81
36,services,single,university.degree,no,no,no,cellular,aug,fri,394,6,999,0,nonexistent,-1.7,94.027,-38.3,0.898,4991.6,1,1,0.81
33,admin.,single,university.degree,no,no,no,cellular,oct,thu,410,1,999,1,failure,-3.4,92.431,-26.9,0.722,5017.5,1,1,0.81
26,student,single,high.school,no,no,no,cellular,mar,thu,200,1,999,0,nonexistent,-1.8,92.843,-50.0,1.538,5099.1,1,1,0.81
37,admin.,married,university.degree,no,yes,no,cellular,nov,fri,281,1,999,0,nonexistent,-1.1,94.767,-50.8,1.028,4963.6,1,1,0.81
26,unemployed,single,university.degree,no,yes,no,cellular,apr,thu,618,1,999,0,nonexistent,-1.8,93.749,-34.6,0.64,5008.7,1,1,0.81
28,admin.,single,high.school,no,yes,no,cellular,mar,tue,143,2,999,0,nonexistent,-1.8,92.843,-50.0,1.799,5099.1,1,1,0.81
35,blue-collar,single,basic.9y,no,yes,no,cellular,may,mon,265,2,3,1,success,-1.8,92.893,-46.2,1.354,5099.1,1,0,0.81
51,retired,divorced,high.school,no,no,no,cellular,jul,wed,115,3,999,0,nonexistent,-1.7,94.215,-40.3,0.896,4991.6,1,1,0.81
26,admin.,single,university.degree,no,yes,no,telephone,oct,mon,251,1,999,0,nonexistent,-0.1,93.798,-40.4,4.912,5195.8,1,1,0.81
71,retired,married,professional.course,no,no,no,cellular,apr,thu,559,1,999,0,nonexistent,-1.8,93.749,-34.6,0.64,5008.7,1,1,0.81
61,management,married,university.degree,no,yes,no,cellular,oct,fri,336,2,999,1,failure,-3.4,92.431,-26.9,0.73,5017.5,1,1,0.81
71,retired,single,unknown,no,yes,no,cellular,apr,fri,188,3,999,0,nonexistent,-1.8,93.075,-47.1,1.405,5099.1,1,1,0.81
29,admin.,single,university.degree,no,yes,yes,cellular,aug,thu,254,3,3,1,success,-2.9,92.201,-31.4,0.873,5076.2,1,0,0.81
54,admin.,married,unknown,no,yes,no,cellular,sep,tue,82,1,999,0,nonexistent,-3.4,92.379,-29.8,0.819,5017.5,1,1,0.8098974023557229
29,technician,single,university.degree,no,yes,no,cellular,dec,mon,264,2,999,0,nonexistent,-3.0,92.713,-33.0,0.709,5023.5,1,1,0.8092209007563729
34,blue-collar,married,basic.9y,no,no,no,cellular,may,fri,423,1,999,0,nonexistent,-1.8,92.893,-46.2,1.313,5099.1,1,1,0.8092088550424791
48,entrepreneur,married,university.degree,no,yes,no,cellular,apr,thu,871,1,999,0,nonexistent,-1.8,93.075,-47.1,1.365,5099.1,1,1,0.8088862980938748
32,management,single,university.degree,no,no,yes,cellular,mar,thu,167,1,999,0,nonexistent,-1.8,92.843,-50.0,1.584,5099.1,1,1,0.8084089301015734
37,self-employed,married,professional.course,no,yes,yes,cellular,nov,mon,1024,1,5,1,success,-3.4,92.649,-30.1,0.722,5017.5,1,0,0.8075
37,admin.,married,university.degree,no,yes,no,cellular,nov,fri,315,1,999,0,nonexistent,-1.1,94.767,-50.8,1.04,4963.6,1,1,0.8075
70,retired,divorced,basic.4y,no,no,no,cellular,jul,thu,390,2,6,2,success,-1.7,94.215,-40.3,0.846,4991.6,1,0,0.8075
59,retired,divorced,basic.4y,no,no,yes,cellular,jul,mon,210,3,999,2,failure,-1.7,94.215,-40.3,0.827,4991.6,1,1,0.8075
31,technician,married,professional.course,no,yes,no,cellular,jun,tue,243,5,9,2,success,-1.7,94.055,-39.8,0.723,4991.6,1,0,0.8075
38,admin.,married,university.degree,no,yes,no,cellular,oct,wed,828,1,999,1,failure,-3.4,92.431,-26.9,0.735,5017.5,1,1,0.8075
33,blue-collar,single,high.school,no,no,no,cellular,mar,wed,278,2,999,0,nonexistent,-1.8,92.843,-50.0,1.602,5099.1,1,1,0.8075
62,retired,married,high.school,no,no,no,cellular,oct,wed,207,1,6,1,success,-3.4,92.431,-26.9,0.724,5017.5,1,0,0.8075
31,services,married,high.school,no,no,no,telephone,nov,fri,271,2,3,2,success,-3.4,92.649,-30.1,0.714,5017.5,1,0,0.8075
44,technician,married,university.degree,no,yes,no,telephone,jun,wed,712,1,6,3,failure,-1.7,94.055,-39.8,0.715,4991.6,1,0,0.8075
60,admin.,married,unknown,no,yes,no,cellular,oct,wed,290,1,999,1,failure,-3.4,92.431,-26.9,0.74,5017.5,1,1,0.8075
31,blue-collar,married,basic.6y,no,yes,no,telephone,oct,tue,154,1,999,0,nonexistent,-0.1,93.798,-40.4,4.86,5195.8,1,1,0.8075
31,admin.,married,university.degree,no,no,no,cellular,aug,tue,317,2,999,1,failure,-1.7,94.027,-38.3,0.904,4991.6,1,1,0.8075
22,technician,single,professional.course,no,yes,no,cellular,dec,mon,1141,1,999,0,nonexistent,-3.0,92.713,-33.0,0.706,5023.5,1,1,0.8072242033383915
20,student,single,unknown,no,yes,yes,cellular,oct,tue,187,1,3,4,success,-1.1,94.601,-49.5,0.982,4963.6,1,0,0.8072200303490136
25,unemployed,married,university.degree,no,no,no,cellular,jun,tue,529,2,999,0,nonexistent,-2.9,92.963,-40.8,1.286,5076.2,1,1,0.8072166919575113
38,admin.,single,university.degree,no,yes,no,cellular,apr,thu,645,1,999,0,nonexistent,-1.8,93.075,-47.1,1.365,5099.1,1,1,0.8072156297420334
28,technician,single,professional.course,no,no,no,cellular,jun,wed,411,1,999,0,nonexistent,-2.9,92.963,-40.8,1.26,5076.2,1,1,0.8070725118820127
28,student,single,basic.9y,no,yes,no,cellular,mar,tue,96,2,999,0,nonexistent,-1.8,92.843,-50.0,1.799,5099.1,1,1,0.8066564844830322
65,management,married,unknown,no,yes,no,telephone,dec,wed,207,3,999,1,failure,-3.0,92.713,-33.0,0.715,5023.5,1,1,0.805
30,admin.,single,university.degree,no,no,no,cellular,jun,tue,482,2,999,0,nonexistent,-2.9,92.963,-40.8,1.262,5076.2,1,1,0.805
51,technician,married,university.degree,no,yes,no,cellular,apr,thu,526,2,999,1,failure,-1.8,93.075,-47.1,1.365,5099.1,1,1,0.805
64,housemaid,married,basic.4y,no,no,no,cellular,dec,thu,422,1,6,2,success,-3.0,92.713,-33.0,0.714,5023.5,1,0,0.805
82,retired,single,basic.4y,no,yes,no,cellular,oct,thu,185,2,999,0,nonexistent,-3.4,92.431,-26.9,0.722,5017.5,0,1,0.805
30,blue-collar,married,high.school,no,yes,no,telephone,mar,tue,904,1,999,0,nonexistent,-1.8,93.369,-34.8,0.655,5008.7,1,1,0.805
34,admin.,married,high.school,no,yes,no,cellular,jun,wed,238,1,6,2,success,-1.7,94.055,-39.8,0.704,4991.6,1,0,0.805
44,admin.,married,university.degree,no,yes,no,cellular,oct,mon,252,1,999,0,nonexistent,-1.1,94.601,-49.5,1.0,4963.6,1,1,0.805
35,admin.,married,university.degree,no,yes,no,telephone,sep,wed,234,1,999,0,nonexistent,-3.4,92.379,-29.8,0.753,5017.5,1,1,0.805
80,retired,married,basic.4y,no,no,no,cellular,may,mon,382,1,3,3,success,-1.8,93.876,-40.0,0.697,5008.7,1,0,0.805
65,housemaid,divorced,basic.4y,unknown,no,no,cellular,mar,fri,288,3,999,0,nonexistent,-1.8,93.369,-34.8,0.636,5008.7,1,1,0.805
62,housemaid,married,professional.course,no,yes,no,cellular,dec,fri,141,2,999,0,nonexistent,-3.0,92.713,-33.0,0.714,5023.5,1,1,0.805
78,retired,married,unknown,no,no,no,cellular,mar,thu,272,1,6,2,success,-1.8,93.369,-34.8,0.635,5008.7,1,0,0.805
31,student,single,unknown,no,yes,no,cellular,aug,mon,868,3,18,3,failure,-1.7,94.027,-38.3,0.898,4991.6,1,0,0.805
25,management,married,university.degree,no,yes,no,telephone,nov,wed,268,1,999,0,nonexistent,-0.1,93.2,-42.0,4.663,5195.8,1,1,0.805
52,admin.,single,university.degree,no,yes,no,cellular,jun,mon,327,1,999,0,nonexistent,-2.9,92.963,-40.8,1.266,5076.2,1,1,0.805
44,self-employed,divorced,professional.course,no,yes,no,cellular,jun,thu,310,1,999,0,nonexistent,-1.7,94.055,-39.8,0.742,4991.6,1,1,0.805
54,admin.,married,high.school,no,yes,no,cellular,apr,mon,158,2,999,0,nonexistent,-1.8,93.749,-34.6,0.642,5008.7,1,1,0.805
82,retired,single,basic.4y,no,yes,no,cellular,oct,thu,251,2,999,0,nonexistent,-3.4,92.431,-26.9,0.722,5017.5,1,1,0.805
67,admin.,married,basic.4y,unknown,no,no,cellular,oct,thu,299,2,2,2,success,-3.4,92.431,-26.9,0.722,5017.5,1,0,0.805
30,admin.,single,university.degree,no,no,no,cellular,aug,tue,343,1,999,0,nonexistent,-1.7,94.027,-38.3,0.886,4991.6,1,1,0.805
33,blue-collar,married,professional.course,no,yes,no,cellular,aug,tue,253,4,999,0,nonexistent,-1.7,94.027,-38.3,0.886,4991.6,1,1,0.805
25,technician,single,professional.course,no,yes,no,cellular,nov,fri,712,2,19,1,success,-1.1,94.767,-50.8,1.04,4963.6,1,0,0.805
26,admin.,single,university.degree,no,no,no,cellular,nov,fri,528,3,999,0,nonexistent,-1.1,94.767,-50.8,1.04,4963.6,1,1,0.805
31,self-employed,single,university.degree,no,no,no,cellular,dec,wed,854,1,999,0,nonexistent,-3.0,92.713,-33.0,0.715,5023.5,1,1,0.8048539237416079
36,services,married,high.school,no,yes,yes,cellular,sep,wed,569,3,999,0,nonexistent,-3.4,92.379,-29.8,0.781,5017.5,1,1,0.8047842156204631
60,blue-collar,married,professional.course,no,yes,no,cellular,apr,wed,545,1,999,0,nonexistent,-1.8,93.075,-47.1,1.405,5099.1,1,1,0.8044970656476047
31,unknown,single,high.school,no,no,no,cellular,may,mon,392,1,999,0,nonexistent,-1.8,93.876,-40.0,0.701,5008.7,1,1,0.8041816266715516
29,technician,married,professional.course,no,no,no,cellular,mar,thu,186,1,999,0,nonexistent,-1.8,92.843,-50.0,1.65,5099.1,1,1,0.8028680099790313
35,admin.,divorced,high.school,no,yes,no,telephone,apr,thu,216,3,999,1,failure,-1.8,93.749,-34.6,0.635,5008.7,1,1,0.8025
70,retired,married,professional.course,no,yes,no,cellular,aug,fri,94,4,999,0,nonexistent,-2.9,92.201,-31.4,0.869,5076.2,1,1,0.8025
30,technician,single,professional.course,no,no,no,cellular,may,wed,229,3,999,0,nonexistent,-1.8,92.893,-46.2,1.27,5099.1,1,1,0.8025
41,admin.,married,university.degree,no,yes,no,cellular,apr,fri,961,6,999,0,nonexistent,-1.8,93.749,-34.6,0.644,5008.7,1,1,0.8025
34,technician,married,university.degree,no,yes,no,cellular,jun,tue,195,1,999,0,nonexistent,-2.9,92.963,-40.8,1.262,5076.2,1,1,0.8025
55,retired,married,basic.4y,no,yes,no,cellular,aug,fri,137,1,3,1,success,-2.9,92.201,-31.4,0.869,5076.2,1,0,0.8025
43,admin.,married,high.school,no,no,yes,cellular,dec,mon,415,2,8,2,failure,-3.0,92.713,-33.0,0.717,5023.5,1,0,0.8025
52,retired,divorced,university.degree,no,no,no,cellular,aug,thu,427,1,15,1,success,-2.9,92.201,-31.4,0.883,5076.2,1,0,0.8025
48,unemployed,single,basic.9y,no,yes,no,cellular,apr,thu,242,1,2,1,success,-1.8,93.075,-47.1,1.365,5099.1,1,0,0.8025
71,retired,married,basic.9y,no,yes,yes,cellular,jul,fri,230,6,999,0,nonexistent,-1.7,94.215,-40.3,0.896,4991.6,1,1,0.8025
24,admin.,single,university.degree,no,yes,no,cellular,mar,wed,145,2,999,1,failure,-1.8,93.369,-34.8,0.655,5008.7,1,1,0.8025
26,admin.,married,high.school,no,yes,no,cellular,nov,fri,338,1,7,1,success,-3.4,92.649,-30.1,0.714,5017.5,1,0,0.8025
49,technician,married,professional.course,no,no,no,cellular,apr,thu,618,2,999,0,nonexistent,-1.8,93.075,-47.1,1.365,5099.1,1,1,0.8025
32,admin.,single,university.degree,no,yes,no,cellular,jul,thu,210,2,15,1,success,-1.7,94.215,-40.3,0.846,4991.6,0,0,0.8025
50,blue-collar,married,basic.6y,no,yes,no,cellular,may,mon,293,3,3,1,success,-1.8,92.893,-46.2,1.354,5099.1,1,0,0.8025
31,admin.,divorced,professional.course,no,yes,no,cellular,mar,tue,292,2,999,1,failure,-1.8,93.369,-34.8,0.655,5008.7,1,1,0.8025
39,technician,married,professional.course,no,yes,no,cellular,may,mon,1046,3,11,1,success,-1.8,92.893,-46.2,1.354,5099.1,1,0,0.8025
54,management,divorced,university.degree,no,yes,no,cellular,oct,thu,234,2,6,1,success,-3.4,92.431,-26.9,0.741,5017.5,1,0,0.8025
31,admin.,married,professional.course,no,yes,yes,cellular,may,thu,291,2,999,0,nonexistent,-1.8,93.876,-40.0,0.692,5008.7,1,1,0.8025
33,admin.,married,university.degree,no,no,no,cellular,sep,wed,208,2,999,0,nonexistent,-1.1,94.199,-37.5,0.879,4963.6,1,1,0.8025
43,admin.,married,university.degree,no,no,no,cellular,apr,thu,522,4,999,0,nonexistent,-1.8,93.075,-47.1,1.406,5099.1,1,1,0.8025
39,management,married,university.degree,no,yes,no,telephone,nov,wed,204,1,999,0,nonexistent,-0.1,93.2,-42.0,4.663,5195.8,1,1,0.8025
69,retired,divorced,basic.4y,no,yes,no,cellular,apr,mon,453,1,999,0,nonexistent,-1.8,93.075,-47.1,1.405,5099.1,1,1,0.8025
25,student,single,high.school,no,yes,yes,cellular,jun,tue,660,2,6,3,success,-1.7,94.055,-39.8,0.761,4991.6,1,0,0.8023503916113157
58,retired,single,professional.course,no,yes,no,cellular,apr,wed,1288,3,999,0,nonexistent,-1.8,93.075,-47.1,1.405,5099.1,1,1,0.8022236722306525
61,retired,married,basic.4y,no,yes,no,cellular,apr,wed,245,4,999,1,failure,-1.8,93.075,-47.1,1.405,5099.1,1,1,0.8
19,student,single,unknown,no,yes,no,cellular,nov,mon,380,1,999,1,failure,-3.4,92.649,-30.1,0.714,5017.5,1,1,0.8
75,retired,married,basic.4y,no,no,yes,cellular,aug,fri,714,1,999,0,nonexistent,-2.9,92.201,-31.4,0.881,5076.2,1,1,0.8
36,technician,single,professional.course,no,yes,no,cellular,jun,fri,126,2,3,1,success,-2.9,92.963,-40.8,1.268,5076.2,1,0,0.8
35,technician,divorced,basic.4y,no,yes,no,cellular,nov,tue,514,1,9,4,success,-1.1,94.767,-50.8,1.035,4963.6,1,0,0.8
27,admin.,single,unknown,no,yes,no,telephone,jul,tue,876,1,999,0,nonexistent,-2.9,92.469,-33.6,1.044,5076.2,1,1,0.8
47,blue-collar,single,basic.6y,no,no,no,cellular,apr,thu,309,1,999,0,nonexistent,-1.8,93.075,-47.1,1.365,5099.1,1,1,0.8
29,technician,married,high.school,no,yes,no,cellular,jun,fri,365,3,999,0,nonexistent,-2.9,92.963,-40.8,1.268,5076.2,1,1,0.8
39,admin.,married,high.school,no,no,no,cellular,aug,thu,315,2,4,1,success,-2.9,92.201,-31.4,0.873,5076.2,1,0,0.8
22,student,single,high.school,unknown,yes,yes,telephone,may,thu,214,2,1,1,success,-1.8,93.876,-40.0,0.699,5008.7,1,0,0.8
31,technician,single,professional.course,no,yes,no,cellular,oct,fri,401,2,999,0,nonexistent,-1.1,94.601,-49.5,0.972,4963.6,1,1,0.8
79,housemaid,married,basic.4y,no,no,no,cellular,aug,fri,126,1,3,2,success,-2.9,92.201,-31.4,0.849,5076.2,1,0,0.8
38,unemployed,single,high.school,no,yes,no,cellular,dec,fri,170,4,6,1,success,-3.0,92.713,-33.0,0.71,5023.5,1,0,0.8
32,admin.,married,high.school,no,unknown,unknown,cellular,sep,mon,908,1,6,4,success,-1.1,94.199,-37.5,0.882,4963.6,1,0,0.8
33,admin.,single,university.degree,no,yes,no,cellular,apr,thu,280,1,7,2,success,-1.8,93.749,-34.6,0.635,5008.7,1,0,0.8
30,technician,married,professional.course,no,yes,no,cellular,oct,tue,427,1,999,0,nonexistent,-3.4,92.431,-26.9,0.737,5017.5,1,1,0.7996716020703392
29,blue-collar,divorced,basic.4y,no,no,no,cellular,may,fri,667,3,999,0,nonexistent,-1.8,92.893,-46.2,1.25,5099.1,1,1,0.799145358940218
31,blue-collar,single,high.school,no,yes,no,cellular,mar,tue,272,1,999,0,nonexistent,-1.8,92.843,-50.0,1.687,5099.1,1,1,0.7978930642248094
28,admin.,single,high.school,no,no,no,cellular,oct,wed,1246,2,999,0,nonexistent,-1.1,94.601,-49.5,0.959,4963.6,1,1,0.79785242105492
43,management,married,high.school,no,no,no,cellular,nov,thu,226,1,999,0,nonexistent,-3.4,92.649,-30.1,0.714,5017.5,1,1,0.7975
65,retired,single,university.degree,no,no,no,cellular,nov,thu,253,1,999,2,failure,-3.4,92.649,-30.1,0.714,5017.5,1,1,0.7975
34,admin.,single,university.degree,no,yes,no,cellular,aug,thu,377,6,3,1,success,-2.9,92.201,-31.4,0.851,5076.2,1,0,0.7975
33,admin.,single,high.school,no,yes,no,cellular,apr,wed,507,3,999,0,nonexistent,-1.8,93.075,-47.1,1.372,5099.1,1,1,0.7975
31,technician,single,university.degree,no,no,no,cellular,nov,wed,372,1,999,0,nonexistent,-3.4,92.649,-30.1,0.716,5017.5,1,1,0.7975
31,services,single,professional.course,no,yes,no,telephone,oct,tue,373,1,999,0,nonexistent,-3.4,92.431,-26.9,0.737,5017.5,1,1,0.7975
63,technician,married,unknown,no,yes,no,cellular,dec,mon,510,2,999,1,failure,-3.0,92.713,-33.0,0.715,5023.5,1,1,0.7975
27,self-employed,single,university.degree,no,no,no,cellular,mar,fri,281,1,999,0,nonexistent,-1.8,93.369,-34.8,0.636,5008.7,1,1,0.7975
22,services,single,professional.course,no,yes,yes,cellular,sep,tue,369,1,999,0,nonexistent,-3.4,92.379,-29.8,0.755,5017.5,1,1,0.7975
52,admin.,married,unknown,no,no,no,cellular,apr,wed,387,2,999,0,nonexistent,-1.8,93.749,-34.6,0.654,5008.7,1,1,0.7975
23,student,single,high.school,no,no,no,cellular,mar,wed,128,1,999,0,nonexistent,-1.8,93.369,-34.8,0.644,5008.7,1,1,0.7975
36,admin.,divorced,university.degree,no,no,no,cellular,aug,mon,559,1,5,1,success,-2.9,92.201,-31.4,0.884,5076.2,1,0,0.7975
29,services,single,unknown,no,yes,no,cellular,apr,thu,1241,5,999,0,nonexistent,-1.8,93.749,-34.6,0.659,5008.7,1,1,0.7975
37,student,divorced,university.degree,no,yes,no,cellular,may,thu,489,1,999,1,failure,-1.8,93.876,-40.0,0.699,5008.7,1,1,0.7975
25,services,single,unknown,no,yes,no,cellular,jun,tue,318,1,999,0,nonexistent,-1.7,94.055,-39.8,0.702,4991.6,1,1,0.7975
50,admin.,married,high.school,no,no,no,cellular,jul,wed,140,3,999,0,nonexistent,-2.9,92.469,-33.6,1.085,5076.2,1,1,0.7975
37,admin.,single,university.degree,no,no,no,cellular,oct,fri,416,2,999,0,nonexistent,-3.4,92.431,-26.9,0.72,5017.5,1,1,0.7975
35,admin.,married,high.school,no,yes,no,cellular,mar,thu,117,2,999,0,nonexistent,-1.8,92.843,-50.0,1.538,5099.1,1,1,0.7975
51,technician,married,professional.course,no,no,no,cellular,jul,thu,566,1,13,1,success,-2.9,92.469,-33.6,1.072,5076.2,1,0,0.7975
27,student,single,high.school,no,yes,no,cellular,mar,thu,80,4,999,0,nonexistent,-1.8,92.843,-50.0,1.65,5099.1,1,1,0.7975
24,admin.,single,professional.course,no,yes,no,cellular,apr,mon,97,1,999,0,nonexistent,-1.8,93.075,-47.1,1.405,5099.1,1,1,0.7975
40,admin.,married,university.degree,no,no,no,cellular,aug,tue,618,2,999,0,nonexistent,1.4,93.444,-36.1,4.968,5228.1,1,1,0.79723406676783
55,management,married,university.degree,no,no,yes,cellular,jul,wed,260,2,3,1,success,-2.9,92.469,-33.6,1.085,5076.2,1,0,0.7970983354636718
34,admin.,single,university.degree,no,yes,no,cellular,mar,tue,265,2,999,0,nonexistent,-1.8,93.369,-34.8,0.652,5008.7,0,1,0.7969876334713445
32,management,single,university.degree,no,yes,no,cellular,mar,tue,427,3,999,0,nonexistent,-1.8,92.843,-50.0,1.687,5099.1,1,1,0.7968769916433551
32,management,single,university.degree,no,yes,no,cellular,mar,tue,71,3,999,0,nonexistent,-1.8,92.843,-50.0,1.687,5099.1,1,1,0.7968769916433551
71,retired,single,university.degree,no,yes,no,cellular,aug,thu,217,1,6,2,failure,-2.9,92.201,-31.4,0.851,5076.2,1,0,0.795
30,technician,single,professional.course,no,no,no,cellular,sep,tue,706,1,6,1,success,-1.1,94.199,-37.5,0.877,4963.6,0,0,0.795
31,technician,single,university.degree,no,no,no,cellular,jul,thu,200,4,999,1,failure,-1.7,94.215,-40.3,0.899,4991.6,1,1,0.795
42,services,married,high.school,no,yes,no,cellular,apr,thu,344,1,999,0,nonexistent,-1.8,93.075,-47.1,1.365,5099.1,1,1,0.795
54,admin.,divorced,university.degree,no,no,no,cellular,dec,wed,288,7,6,2,success,-3.0,92.713,-33.0,0.715,5023.5,1,0,0.795
50,technician,married,high.school,no,no,no,cellular,dec,mon,620,3,999,0,nonexistent,-3.0,92.713,-33.0,0.717,5023.5,1,1,0.795
49,admin.,single,high.school,no,yes,no,telephone,oct,fri,434,1,999,1,failure,-3.4,92.431,-26.9,0.739,5017.5,1,1,0.795
28,services,single,high.school,no,no,no,cellular,may,wed,649,2,999,0,nonexistent,-1.8,92.893,-46.2,1.281,5099.1,1,1,0.795
43,admin.,married,high.school,no,yes,no,cellular,aug,tue,291,2,3,2,success,-2.9,92.201,-31.4,0.838,5076.2,1,0,0.795
31,services,married,high.school,no,no,no,cellular,jun,wed,592,4,999,0,nonexistent,-2.9,92.963,-40.8,1.26,5076.2,1,1,0.795
27,admin.,single,professional.course,no,no,no,cellular,jul,tue,448,5,999,0,nonexistent,1.4,93.918,-42.7,4.961,5228.1,1,1,0.795
55,admin.,married,high.school,no,yes,no,cellular,mar,wed,106,2,999,1,failure,-1.8,93.369,-34.8,0.651,5008.7,1,1,0.795
48,technician,single,professional.course,no,yes,no,cellular,apr,tue,159,3,999,0,nonexistent,-1.8,93.749,-34.6,0.646,5008.7,1,1,0.795
24,student,single,high.school,no,yes,no,cellular,may,wed,258,1,3,5,success,-1.8,93.876,-40.0,0.672,5008.7,1,0,0.795
38,technician,married,professional.course,no,unknown,unknown,telephone,aug,mon,473,2,9,1,success,-2.9,92.201,-31.4,0.821,5076.2,1,0,0.795
39,entrepreneur,married,basic.6y,no,yes,no,cellular,sep,tue,265,2,16,1,success,-3.4,92.379,-29.8,0.819,5017.5,1,0,0.795
31,blue-collar,single,basic.9y,no,yes,yes,cellular,jun,tue,103,1,3,2,success,-2.9,92.963,-40.8,1.262,5076.2,1,0,0.795
26,student,single,basic.9y,no,yes,no,cellular,aug,wed,182,1,4,1,success,-2.9,92.201,-31.4,0.879,5076.2,1,0,0.795
42,services,married,high.school,no,yes,no,cellular,apr,thu,501,1,999,0,nonexistent,-1.8,93.075,-47.1,1.365,5099.1,1,1,0.795
51,technician,married,professional.course,no,no,yes,cellular,dec,mon,267,2,999,0,nonexistent,-3.0,92.713,-33.0,0.709,5023.5,1,1,0.795
39,management,married,university.degree,no,no,no,telephone,apr,tue,325,1,999,2,failure,-1.8,93.749,-34.6,0.646,5008.7,1,1,0.795
47,admin.,single,university.degree,no,no,no,cellular,oct,mon,767,3,999,0,nonexistent,-1.1,94.601,-49.5,1.0,4963.6,1,1,0.7948532861021413
62,admin.,married,university.degree,no,yes,no,cellular,aug,fri,116,1,999,0,nonexistent,-2.9,92.201,-31.4,0.849,5076.2,1,1,0.7948517119434174
26,admin.,single,high.school,no,no,no,cellular,apr,mon,785,1,999,0,nonexistent,-1.8,93.075,-47.1,1.405,5099.1,1,1,0.7948475761917796
27,student,single,high.school,no,yes,yes,cellular,may,tue,91,1,999,0,nonexistent,-1.8,92.893,-46.2,1.266,5099.1,1,1,0.7947217754172989
59,retired,married,professional.course,no,no,no,telephone,dec,tue,476,1,999,1,failure,-3.0,92.713,-33.0,0.715,5023.5,1,1,0.7944866557734204
56,self-employed,married,university.degree,no,no,no,cellular,apr,tue,110,2,999,0,nonexistent,-1.8,93.075,-47.1,1.405,5099.1,1,1,0.7942134094579422
25,self-employed,divorced,university.degree,no,no,yes,cellular,apr,mon,163,1,999,0,nonexistent,-1.8,93.075,-47.1,1.405,5099.1,1,1,0.7937882407284664
69,retired,divorced,university.degree,no,yes,no,cellular,apr,tue,207,2,999,0,nonexistent,-1.8,93.075,-47.1,1.423,5099.1,1,1,0.7934803962022565
41,management,married,basic.6y,no,no,no,cellular,apr,thu,281,1,999,0,nonexistent,-1.8,93.075,-47.1,1.365,5099.1,1,1,0.792890262458356
73,retired,married,basic.4y,no,yes,no,cellular,jul,tue,305,1,999,0,nonexistent,-1.7,94.215,-40.3,0.835,4991.6,1,1,0.7925
73,retired,divorced,high.school,no,yes,no,cellular,dec,tue,284,1,999,0,nonexistent,-3.0,92.713,-33.0,0.707,5023.5,1,1,0.7925
53,blue-collar,married,basic.9y,no,no,yes,cellular,jun,thu,578,2,999,0,nonexistent,-2.9,92.963,-40.8,1.26,5076.2,1,1,0.7925
51,admin.,married,university.degree,no,yes,no,cellular,aug,thu,212,1,999,0,nonexistent,-2.9,92.201,-31.4,0.829,5076.2,1,1,0.7925
32,admin.,single,university.degree,no,yes,no,cellular,jun,thu,89,2,999,0,nonexistent,-2.9,92.963,-40.8,1.26,5076.2,1,1,0.7925
48,unemployed,married,professional.course,no,yes,no,cellular,sep,mon,315,2,999,0,nonexistent,-1.1,94.199,-37.5,0.879,4963.6,1,1,0.7925
39,blue-collar,married,basic.6y,no,no,no,cellular,aug,thu,320,2,3,1,success,-2.9,92.201,-31.4,0.873,5076.2,1,0,0.7925
24,unemployed,single,high.school,no,no,yes,cellular,may,mon,375,2,999,0,nonexistent,-1.8,93.876,-40.0,0.697,5008.7,1,1,0.7925
46,blue-collar,married,professional.course,no,yes,no,cellular,may,wed,410,1,999,0,nonexistent,-1.8,93.876,-40.0,0.697,5008.7,1,1,0.7925
48,admin.,married,university.degree,no,no,no,telephone,oct,wed,98,1,999,0,nonexistent,-0.1,93.798,-40.4,4.936,5195.8,1,1,0.7925
34,technician,single,university.degree,no,no,no,cellular,mar,thu,251,1,999,2,failure,-1.8,93.369,-34.8,0.654,5008.7,1,1,0.7925
60,housemaid,married,basic.4y,no,yes,no,cellular,jul,thu,503,2,5,2,success,-2.9,92.469,-33.6,1.072,5076.2,1,0,0.7925
23,student,single,basic.6y,no,no,no,cellular,jun,fri,276,1,14,1,success,-1.7,94.055,-39.8,0.748,4991.6,1,0,0.7925
50,management,married,basic.9y,no,no,no,cellular,mar,wed,115,1,999,0,nonexistent,-1.8,92.843,-50.0,1.548,5099.1,1,1,0.7922163884673747
58,retired,married,university.degree,no,unknown,unknown,cellular,apr,wed,624,1,999,0,nonexistent,-1.8,93.075,-47.1,1.445,5099.1,1,1,0.7915223701862879
29,unemployed,married,basic.4y,no,no,no,telephone,dec,thu,805,1,999,0,nonexistent,-3.0,92.713,-33.0,0.714,5023.5,1,1,0.7914833531914018
27,technician,single,university.degree,no,no,yes,cellular,nov,wed,342,1,999,0,nonexistent,-3.4,92.649,-30.1,0.716,5017.5,1,1,0.79
37,technician,single,university.degree,no,yes,no,cellular,jun,fri,300,1,999,2,failure,-1.7,94.055,-39.8,0.748,4991.6,1,1,0.79
74,retired,married,basic.9y,no,yes,no,cellular,oct,thu,134,2,6,1,success,-3.4,92.431,-26.9,0.74,5017.5,1,0,0.79
52,technician,married,basic.9y,no,no,no,cellular,mar,wed,272,3,999,0,nonexistent,-1.8,93.369,-34.8,0.644,5008.7,1,1,0.79
45,unknown,unknown,unknown,no,yes,yes,cellular,jul,wed,496,1,999,0,nonexistent,1.4,93.918,-42.7,4.957,5228.1,1,1,0.79
33,technician,married,university.degree,no,yes,no,cellular,may,mon,508,1,999,0,nonexistent,-1.8,93.876,-40.0,0.685,5008.7,1,1,0.79
24,unemployed,single,high.school,no,yes,no,cellular,may,mon,699,1,13,2,failure,-1.8,93.876,-40.0,0.697,5008.7,1,0,0.79
37,admin.,married,university.degree,no,yes,no,cellular,sep,wed,140,2,999,0,nonexistent,-3.4,92.379,-29.8,0.813,5017.5,1,1,0.79
39,unemployed,married,high.school,no,no,no,cellular,aug,thu,192,3,999,0,nonexistent,-2.9,92.201,-31.4,0.873,5076.2,1,1,0.79
71,management,married,university.degree,no,yes,no,cellular,oct,thu,127,3,999,2,failure,-3.4,92.431,-26.9,0.733,5017.5,1,1,0.79
31,admin.,single,university.degree,no,no,no,cellular,aug,tue,265,1,4,3,success,-2.9,92.201,-31.4,0.883,5076.2,1,0,0.79
66,retired,married,basic.4y,unknown,yes,no,cellular,aug,tue,142,2,999,0,nonexistent,-2.9,92.201,-31.4,0.838,5076.2,1,1,0.79
30,unemployed,single,basic.9y,no,yes,no,cellular,nov,tue,537,1,999,0,nonexistent,-3.4,92.649,-30.1,0.72,5017.5,1,1,0.79
45,technician,single,university.degree,no,no,no,cellular,may,tue,146,2,999,1,failure,-1.8,93.876,-40.0,0.697,5008.7,1,1,0.79
29,student,single,high.school,no,unknown,unknown,cellular,aug,tue,505,1,4,3,success,-2.9,92.201,-31.4,0.884,5076.2,1,0,0.79
48,admin.,divorced,university.degree,no,yes,no,cellular,jul,fri,409,2,999,0,nonexistent,-2.9,92.469,-33.6,1.059,5076.2,1,1,0.79
76,retired,divorced,basic.4y,no,yes,no,cellular,may,mon,168,1,999,1,failure,-1.8,93.876,-40.0,0.697,5008.7,1,1,0.79
54,admin.,married,university.degree,no,no,yes,cellular,jul,tue,822,6,13,1,success,-2.9,92.469,-33.6,0.908,5076.2,1,0,0.79
42,admin.,married,university.degree,no,yes,no,cellular,aug,tue,576,1,4,1,success,-2.9,92.201,-31.4,0.884,5076.2,1,0,0.79
33,admin.,married,university.degree,no,yes,no,cellular,mar,wed,278,8,999,0,nonexistent,-1.8,92.843,-50.0,1.548,5099.1,1,1,0.79
26,admin.,single,high.school,no,yes,no,cellular,nov,mon,262,1,3,1,success,-3.4,92.649,-30.1,0.715,5017.5,1,0,0.79
62,retired,married,university.degree,unknown,no,no,cellular,oct,fri,717,2,999,0,nonexistent,-3.4,92.431,-26.9,0.739,5017.5,1,1,0.7897729191830477
28,admin.,married,high.school,no,no,no,cellular,nov,tue,406,2,999,0,nonexistent,-3.4,92.649,-30.1,0.715,5017.5,1,1,0.7897219271623672
37,unemployed,married,university.degree,no,yes,no,cellular,oct,thu,249,2,999,1,failure,-3.4,92.431,-26.9,0.733,5017.5,1,1,0.7896027218118588
29,admin.,married,university.degree,no,no,yes,cellular,jun,tue,347,3,5,1,success,-1.7,94.055,-39.8,0.702,4991.6,1,0,0.789493263513882
30,admin.,single,university.degree,no,no,no,cellular,jul,tue,212,1,3,2,success,-1.7,94.215,-40.3,0.797,4991.6,0,0,0.7875
33,technician,single,university.degree,no,yes,no,cellular,sep,thu,463,1,999,0,nonexistent,-1.1,94.199,-37.5,0.879,4963.6,1,1,0.7875
33,admin.,married,university.degree,no,yes,yes,cellular,jul,fri,217,3,999,0,nonexistent,-1.7,94.215,-40.3,0.79,4991.6,1,1,0.7875
72,retired,married,basic.6y,no,yes,no,cellular,jul,wed,143,1,999,0,nonexistent,-1.7,94.215,-40.3,0.881,4991.6,1,1,0.7875
52,blue-collar,married,basic.4y,no,yes,no,cellular,apr,wed,315,1,999,0,nonexistent,-1.8,93.075,-47.1,1.405,5099.1,1,1,0.7875
36,admin.,single,university.degree,no,no,no,cellular,mar,mon,409,1,999,0,nonexistent,-1.8,93.369,-34.8,0.652,5008.7,1,1,0.7875
34,unemployed,single,university.degree,no,no,no,cellular,jun,tue,401,1,999,0,nonexistent,-1.7,94.055,-39.8,0.761,4991.6,1,1,0.7875
57,housemaid,married,basic.4y,no,yes,no,telephone,apr,wed,595,3,999,1,failure,-1.8,93.749,-34.6,0.642,5008.7,1,1,0.7875
31,student,single,high.school,no,yes,no,cellular,oct,fri,716,3,999,0,nonexistent,-1.1,94.601,-49.5,1.029,4963.6,1,1,0.7875
28,technician,single,high.school,no,no,no,cellular,oct,wed,216,1,999,1,failure,-3.4,92.431,-26.9,0.742,5017.5,1,1,0.7875
29,admin.,single,high.school,no,yes,no,cellular,oct,fri,292,1,6,1,success,-3.4,92.431,-26.9,0.73,5017.5,1,0,0.7875
58,retired,married,high.school,no,yes,no,cellular,aug,tue,242,6,3,1,success,-2.9,92.201,-31.4,0.838,5076.2,1,0,0.7875
38,admin.,married,high.school,no,yes,no,cellular,aug,mon,470,1,6,2,failure,-2.9,92.201,-31.4,0.821,5076.2,1,0,0.7875
33,admin.,married,high.school,no,yes,no,cellular,aug,mon,252,1,6,1,success,-2.9,92.201,-31.4,0.884,5076.2,1,0,0.7875
56,unknown,married,basic.4y,no,no,no,cellular,oct,tue,480,1,2,2,success,-3.4,92.431,-26.9,0.744,5017.5,1,0,0.7875
37,management,single,basic.9y,no,no,no,cellular,oct,thu,137,1,999,0,nonexistent,-3.4,92.431,-26.9,0.741,5017.5,1,1,0.7872900077983073
32,technician,divorced,professional.course,no,yes,no,cellular,mar,tue,144,2,999,0,nonexistent,-1.8,92.843,-50.0,1.556,5099.1,1,1,0.7872493581292628
33,services,married,high.school,no,yes,no,cellular,oct,thu,313,3,999,0,nonexistent,-3.4,92.431,-26.9,0.733,5017.5,1,1,0.7872179817905918
60,management,single,university.degree,no,yes,yes,cellular,mar,wed,194,1,999,0,nonexistent,-1.8,92.843,-50.0,1.602,5099.1,1,1,0.7871052379243557
88,retired,divorced,basic.4y,no,yes,no,cellular,mar,wed,101,7,999,0,nonexistent,-1.8,92.843,-50.0,1.663,5099.1,1,1,0.787018670949378
55,entrepreneur,divorced,basic.9y,no,no,no,cellular,dec,fri,415,7,999,0,nonexistent,-3.0,92.713,-33.0,0.71,5023.5,1,1,0.7868218600835323
34,technician,married,professional.course,no,yes,no,cellular,oct,wed,442,2,8,1,success,-3.4,92.431,-26.9,0.735,5017.5,1,0,0.785
50,technician,single,university.degree,no,yes,no,telephone,apr,fri,634,1,999,0,nonexistent,-1.8,93.749,-34.6,0.644,5008.7,1,1,0.785
31,admin.,single,university.degree,no,yes,yes,cellular,sep,tue,194,1,999,0,nonexistent,-1.1,94.199,-37.5,0.877,4963.6,1,1,0.785
30,technician,single,professional.course,no,unknown,unknown,telephone,sep,tue,808,1,12,2,failure,-1.1,94.199,-37.5,0.877,4963.6,1,0,0.785
54,technician,married,basic.9y,no,no,no,cellular,nov,tue,284,2,999,1,failure,-3.4,92.649,-30.1,0.72,5017.5,1,1,0.785
37,admin.,divorced,university.degree,no,no,no,cellular,aug,thu,329,3,9,1,success,-2.9,92.201,-31.4,0.851,5076.2,1,0,0.785
33,management,married,university.degree,no,yes,no,cellular,nov,fri,237,2,999,0,nonexistent,-1.1,94.767,-50.8,1.04,4963.6,1,1,0.785
34,technician,married,professional.course,no,yes,no,cellular,sep,wed,233,2,999,0,nonexistent,-3.4,92.379,-29.8,0.813,5017.5,1,1,0.785
22,services,single,professional.course,no,no,no,cellular,jul,tue,256,3,999,1,failure,-1.7,94.215,-40.3,0.835,4991.6,1,1,0.785
68,retired,married,university.degree,no,yes,no,cellular,jul,mon,546,2,999,1,failure,-1.7,94.215,-40.3,0.889,4991.6,1,1,0.785
47,blue-collar,married,high.school,no,no,no,cellular,apr,thu,439,2,999,0,nonexistent,-1.8,93.075,-47.1,1.365,5099.1,1,1,0.785
79,retired,married,basic.4y,no,no,yes,cellular,nov,tue,301,2,3,1,success,-3.4,92.649,-30.1,0.715,5017.5,1,0,0.785
33,student,married,professional.course,no,yes,no,cellular,aug,mon,265,3,3,4,success,-1.7,94.027,-38.3,0.896,4991.6,1,0,0.785
67,retired,married,basic.4y,no,yes,no,cellular,nov,thu,99,1,999,0,nonexistent,-3.4,92.649,-30.1,0.714,5017.5,1,1,0.785
42,unknown,single,university.degree,no,no,no,cellular,jul,fri,366,6,999,0,nonexistent,-1.7,94.215,-40.3,0.885,4991.6,1,1,0.785
28,admin.,single,high.school,no,yes,no,telephone,mar,fri,515,1,999,0,nonexistent,-1.8,92.843,-50.0,1.531,5099.1,1,1,0.785
44,admin.,married,university.degree,no,no,no,cellular,apr,thu,172,1,999,0,nonexistent,-1.8,93.075,-47.1,1.406,5099.1,1,1,0.785
52,technician,married,professional.course,no,yes,yes,cellular,sep,mon,211,1,999,1,failure,-3.4,92.379,-29.8,0.797,5017.5,1,1,0.785
30,student,single,high.school,no,no,no,telephone,may,fri,300,3,999,0,nonexistent,-1.8,93.876,-40.0,0.682,5008.7,1,1,0.785
29,admin.,married,university.degree,no,yes,no,cellular,jun,tue,201,1,999,0,nonexistent,-1.7,94.055,-39.8,0.702,4991.6,1,1,0.785
48,services,married,basic.6y,no,no,no,cellular,sep,mon,188,2,999,0,nonexistent,-1.1,94.199,-37.5,0.879,4963.6,1,1,0.785
44,admin.,married,unknown,no,no,no,cellular,jul,fri,745,1,999,1,failure,-1.7,94.215,-40.3,0.861,4991.6,1,1,0.785
56,technician,married,professional.course,no,no,no,cellular,jul,mon,230,2,999,1,failure,-1.7,94.215,-40.3,0.87,4991.6,1,1,0.785
35,services,single,high.school,no,yes,no,telephone,mar,tue,187,3,999,0,nonexistent,-1.8,93.369,-34.8,0.655,5008.7,1,1,0.785
50,admin.,married,high.school,no,yes,no,cellular,oct,thu,326,1,999,0,nonexistent,-1.1,94.601,-49.5,0.987,4963.6,1,1,0.7848991358813181
63,retired,married,unknown,no,no,no,cellular,apr,wed,150,1,999,1,failure,-1.8,93.075,-47.1,1.445,5099.1,1,1,0.7847218512898331
30,entrepreneur,single,university.degree,no,no,no,cellular,apr,thu,202,1,999,0,nonexistent,-1.8,93.075,-47.1,1.365,5099.1,1,1,0.7826599060434473
25,student,married,university.degree,no,no,no,cellular,jun,fri,191,1,999,0,nonexistent,-2.9,92.963,-40.8,1.268,5076.2,1,1,0.7825
39,services,married,high.school,no,no,no,cellular,sep,tue,65,1,999,0,nonexistent,-3.4,92.379,-29.8,0.755,5017.5,1,1,0.7825
31,self-employed,married,professional.course,no,yes,no,cellular,mar,thu,171,4,999,3,failure,-1.8,93.369,-34.8,0.65,5008.7,1,1,0.7825
22,self-employed,single,professional.course,no,yes,no,cellular,oct,wed,218,1,999,0,nonexistent,-1.1,94.601,-49.5,0.959,4963.6,1,1,0.7825
28,technician,single,university.degree,no,no,no,cellular,mar,mon,392,4,999,0,nonexistent,-1.8,92.843,-50.0,1.629,5099.1,1,1,0.7825
36,management,married,university.degree,no,no,no,cellular,mar,thu,148,1,999,2,failure,-1.8,93.369,-34.8,0.654,5008.7,1,1,0.7825
37,self-employed,married,professional.course,no,no,no,cellular,jun,wed,321,1,999,0,nonexistent,-2.9,92.963,-40.8,1.26,5076.2,1,1,0.7825
60,admin.,married,university.degree,no,yes,no,telephone,jul,thu,363,1,999,0,nonexistent,-2.9,92.469,-33.6,1.072,5076.2,1,1,0.7825
33,self-employed,single,university.degree,no,yes,no,cellular,mar,mon,265,2,999,0,nonexistent,-1.8,93.369,-34.8,0.652,5008.7,1,1,0.7825
35,management,divorced,university.degree,no,no,no,cellular,dec,mon,473,2,999,1,failure,-3.0,92.713,-33.0,0.706,5023.5,1,1,0.7825
50,technician,married,professional.course,no,unknown,unknown,cellular,oct,fri,447,1,8,2,failure,-3.4,92.431,-26.9,0.739,5017.5,1,0,0.7825
49,management,married,university.degree,no,no,no,cellular,jun,mon,215,2,999,0,nonexistent,-2.9,92.963,-40.8,1.266,5076.2,1,1,0.7825
44,admin.,divorced,high.school,no,yes,no,telephone,oct,tue,294,1,999,0,nonexistent,-0.1,93.798,-40.4,4.968,5195.8,1,1,0.7825
39,technician,married,university.degree,no,yes,no,cellular,aug,fri,156,2,999,0,nonexistent,-2.9,92.201,-31.4,0.869,5076.2,1,1,0.7825
35,admin.,single,high.school,no,unknown,unknown,cellular,may,fri,579,2,10,1,success,-1.8,92.893,-46.2,1.313,5099.1,1,0,0.7825
50,admin.,married,university.degree,no,yes,no,cellular,dec,tue,410,3,999,0,nonexistent,-3.0,92.713,-33.0,0.708,5023.5,1,1,0.7818597301454195
32,technician,single,university.degree,no,yes,no,cellular,aug,wed,240,2,999,0,nonexistent,-2.9,92.201,-31.4,0.854,5076.2,1,1,0.7816608947428182
32,admin.,single,university.degree,no,no,no,cellular,aug,tue,1613,1,999,0,nonexistent,1.4,93.444,-36.1,4.966,5228.1,1,1,0.7811375216023808
20,student,single,basic.4y,no,yes,no,cellular,aug,wed,131,1,999,1,failure,-2.9,92.201,-31.4,0.879,5076.2,1,1,0.78
77,retired,married,basic.4y,no,no,no,cellular,aug,thu,318,1,9,4,failure,-1.7,94.027,-38.3,0.904,4991.6,1,0,0.78
49,unemployed,married,professional.course,no,yes,no,telephone,nov,thu,226,1,999,0,nonexistent,-3.4,92.649,-30.1,0.714,5017.5,1,1,0.78
31,admin.,single,university.degree,no,yes,no,cellular,may,mon,434,4,999,0,nonexistent,-1.8,92.893,-46.2,1.354,5099.1,1,1,0.78
41,admin.,single,university.degree,no,yes,no,cellular,jun,mon,95,1,999,0,nonexistent,-2.9,92.963,-40.8,1.26,5076.2,1,1,0.78
29,technician,single,professional.course,no,yes,no,telephone,oct,mon,150,1,999,0,nonexistent,-0.1,93.798,-40.4,4.912,5195.8,1,1,0.78
82,retired,divorced,basic.4y,no,yes,yes,cellular,apr,mon,125,2,999,0,nonexistent,-1.8,93.749,-34.6,0.643,5008.7,1,1,0.78
20,student,single,high.school,no,yes,no,cellular,jun,fri,201,2,999,0,nonexistent,-2.9,92.963,-40.8,1.268,5076.2,1,1,0.78
27,blue-collar,unknown,high.school,no,no,no,cellular,aug,fri,192,1,4,1,success,-2.9,92.201,-31.4,0.881,5076.2,1,0,0.78
34,technician,single,university.degree,no,no,no,cellular,sep,fri,285,3,999,1,failure,-1.1,94.199,-37.5,0.879,4963.6,1,1,0.78
40,entrepreneur,married,basic.6y,no,no,no,cellular,jun,wed,837,1,999,0,nonexistent,-2.9,92.963,-40.8,1.26,5076.2,1,1,0.78
46,admin.,married,high.school,no,yes,no,cellular,sep,wed,408,1,999,0,nonexistent,-3.4,92.379,-29.8,0.781,5017.5,1,1,0.78
70,technician,married,unknown,no,no,no,cellular,aug,thu,411,1,999,0,nonexistent,-1.7,94.027,-38.3,0.899,4991.6,1,1,0.78
49,admin.,married,university.degree,no,yes,no,cellular,aug,tue,464,2,999,1,failure,-2.9,92.201,-31.4,0.883,5076.2,1,1,0.78
32,blue-collar,married,professional.course,no,yes,no,cellular,apr,thu,652,2,999,0,nonexistent,-1.8,93.075,-47.1,1.365,5099.1,1,1,0.78
44,services,married,unknown,no,no,yes,cellular,jun,mon,151,1,999,0,nonexistent,-2.9,92.963,-40.8,1.26,5076.2,1,1,0.7794294385432474
31,blue-collar,married,basic.9y,no,yes,no,cellular,jul,wed,1121,1,999,0,nonexistent,1.4,93.918,-42.7,4.962,5228.1,1,1,0.7789765860968809
31,blue-collar,married,basic.9y,no,yes,no,cellular,jul,wed,590,1,999,0,nonexistent,1.4,93.918,-42.7,4.962,5228.1,1,1,0.7789765860968809
31,blue-collar,married,basic.9y,no,yes,no,cellular,jul,wed,72,1,999,0,nonexistent,1.4,93.918,-42.7,4.962,5228.1,0,1,0.7789765860968809
31,blue-collar,married,basic.9y,no,yes,no,cellular,jul,wed,124,1,999,0,nonexistent,1.4,93.918,-42.7,4.962,5228.1,0,1,0.7789765860968809
88,retired,divorced,basic.4y,no,yes,no,cellular,mar,wed,126,1,999,0,nonexistent,-1.8,92.843,-50.0,1.663,5099.1,1,1,0.7775020095942446
88,retired,divorced,basic.4y,no,yes,no,cellular,mar,wed,48,1,999,0,nonexistent,-1.8,92.843,-50.0,1.663,5099.1,0,1,0.7775020095942446
88,retired,divorced,basic.4y,no,yes,no,cellular,mar,wed,85,1,999,0,nonexistent,-1.8,92.843,-50.0,1.663,5099.1,0,1,0.7775020095942446
88,retired,divorced,basic.4y,no,yes,no,cellular,mar,wed,101,1,999,0,nonexistent,-1.8,92.843,-50.0,1.663,5099.1,1,1,0.7775020095942446
36,services,married,basic.9y,no,yes,no,cellular,aug,fri,215,1,999,1,failure,-2.9,92.201,-31.4,0.881,5076.2,1,1,0.7775
62,retired,married,university.degree,no,yes,no,cellular,nov,thu,208,1,1,6,success,-1.1,94.767,-50.8,1.031,4963.6,1,0,0.7775
21,student,single,high.school,no,yes,yes,cellular,jun,wed,286,2,999,0,nonexistent,-1.7,94.055,-39.8,0.767,4991.6,1,1,0.7775
46,admin.,married,university.degree,no,yes,no,cellular,aug,thu,445,3,999,0,nonexistent,-2.9,92.201,-31.4,0.829,5076.2,1,1,0.7775
34,technician,married,unknown,no,no,no,cellular,nov,tue,985,3,999,0,nonexistent,-1.1,94.767,-50.8,1.046,4963.6,1,1,0.7775
26,admin.,married,university.degree,no,yes,no,cellular,mar,mon,175,5,999,0,nonexistent,-1.8,92.843,-50.0,1.811,5099.1,1,1,0.7775
37,services,married,high.school,no,yes,yes,cellular,oct,fri,608,2,12,2,failure,-1.1,94.601,-49.5,1.029,4963.6,1,0,0.7775
58,blue-collar,divorced,basic.4y,no,no,no,cellular,aug,fri,186,1,999,0,nonexistent,-2.9,92.201,-31.4,0.869,5076.2,1,1,0.7775
26,admin.,single,high.school,no,yes,no,cellular,jul,fri,251,1,999,1,failure,-1.7,94.215,-40.3,0.885,4991.6,1,1,0.7775
61,admin.,married,high.school,no,yes,no,cellular,nov,wed,300,1,21,5,failure,-1.1,94.767,-50.8,1.044,4963.6,1,0,0.7775
65,management,married,university.degree,no,yes,no,cellular,jul,mon,183,1,999,2,failure,-1.7,94.215,-40.3,0.889,4991.6,1,1,0.7775
19,student,single,unknown,no,yes,no,cellular,apr,mon,438,1,999,0,nonexistent,-1.8,93.075,-47.1,1.405,5099.1,1,1,0.7775
40,unemployed,married,professional.course,no,no,yes,telephone,sep,fri,91,1,999,0,nonexistent,-3.4,92.379,-29.8,0.773,5017.5,1,1,0.7775
35,admin.,married,high.school,no,yes,no,cellular,oct,thu,194,1,4,1,success,-3.4,92.431,-26.9,0.754,5017.5,1,0,0.7775
62,retired,married,university.degree,no,no,no,cellular,nov,thu,483,2,6,3,success,-1.1,94.767,-50.8,1.031,4963.6,1,0,0.7775
77,retired,married,high.school,no,yes,no,cellular,apr,thu,165,7,999,0,nonexistent,-1.8,93.749,-34.6,0.644,5008.7,1,1,0.7775
72,retired,married,basic.4y,no,yes,no,cellular,may,wed,443,4,999,0,nonexistent,-1.8,93.876,-40.0,0.672,5008.7,1,1,0.7775
76,retired,married,university.degree,no,no,no,cellular,aug,fri,233,2,999,0,nonexistent,-2.9,92.201,-31.4,0.881,5076.2,1,1,0.7775
25,student,single,high.school,no,yes,no,cellular,oct,mon,211,2,6,3,success,-1.1,94.601,-49.5,1.032,4963.6,1,0,0.7775
50,blue-collar,married,basic.4y,no,no,no,cellular,may,mon,474,1,9,1,success,-1.8,92.893,-46.2,1.299,5099.1,1,0,0.7775
32,admin.,single,high.school,no,no,no,cellular,nov,tue,1233,1,999,1,failure,-3.4,92.649,-30.1,0.72,5017.5,1,1,0.7775
39,admin.,divorced,professional.course,no,no,no,cellular,mar,thu,593,4,999,1,failure,-1.8,93.369,-34.8,0.643,5008.7,1,1,0.7775
23,management,single,university.degree,no,no,no,cellular,jul,thu,795,1,999,0,nonexistent,1.4,93.918,-42.7,4.958,5228.1,1,1,0.7762922188732203
38,technician,married,university.degree,no,no,no,cellular,oct,fri,156,1,999,0,nonexistent,-3.4,92.431,-26.9,0.739,5017.5,1,1,0.7762464194660268
28,technician,single,professional.course,no,yes,yes,cellular,jun,fri,149,1,3,1,success,-2.9,92.963,-40.8,1.268,5076.2,1,0,0.775
50,admin.,married,university.degree,no,yes,no,cellular,nov,mon,183,1,3,1,success,-3.4,92.649,-30.1,0.714,5017.5,1,0,0.775
71,retired,married,basic.4y,unknown,unknown,unknown,cellular,aug,tue,216,1,999,0,nonexistent,-2.9,92.201,-31.4,0.859,5076.2,1,1,0.775
53,technician,married,professional.course,no,yes,yes,cellular,sep,fri,730,1,999,1,failure,-3.4,92.379,-29.8,0.803,5017.5,1,1,0.775
64,retired,married,basic.4y,no,yes,no,cellular,aug,wed,145,1,3,2,success,-2.9,92.201,-31.4,0.854,5076.2,1,0,0.775
74,retired,married,basic.9y,no,yes,no,cellular,aug,mon,156,1,999,1,failure,-2.9,92.201,-31.4,0.861,5076.2,1,1,0.775
44,blue-collar,single,unknown,no,yes,no,telephone,jul,wed,576,1,999,0,nonexistent,-2.9,92.469,-33.6,1.029,5076.2,1,1,0.775
27,student,single,high.school,no,no,no,telephone,oct,tue,187,1,999,0,nonexistent,-0.1,93.798,-40.4,4.968,5195.8,1,1,0.775
77,retired,married,basic.4y,no,yes,no,cellular,sep,thu,190,1,999,0,nonexistent,-1.1,94.199,-37.5,0.879,4963.6,1,1,0.775
57,unemployed,married,basic.4y,no,yes,no,cellular,jun,mon,284,1,999,0,nonexistent,-2.9,92.963,-40.8,1.26,5076.2,1,1,0.775
48,self-employed,divorced,university.degree,no,no,no,cellular,aug,fri,222,4,999,0,nonexistent,-1.7,94.027,-38.3,0.898,4991.6,1,1,0.775
34,technician,single,university.degree,no,yes,no,cellular,jul,mon,251,3,999,0,nonexistent,-1.7,94.215,-40.3,0.793,4991.6,1,1,0.775
39,technician,married,professional.course,no,yes,no,cellular,apr,thu,423,2,999,0,nonexistent,-1.8,93.075,-47.1,1.365,5099.1,1,1,0.775
56,unemployed,divorced,basic.4y,no,yes,no,cellular,mar,wed,170,1,999,1,failure,-1.8,93.369,-34.8,0.634,5008.7,1,1,0.775
40,self-employed,married,university.degree,no,no,yes,cellular,dec,mon,893,1,999,0,nonexistent,-3.0,92.713,-33.0,0.706,5023.5,1,1,0.775
32,student,married,high.school,no,yes,no,cellular,apr,thu,753,1,999,0,nonexistent,-1.8,93.075,-47.1,1.365,5099.1,1,1,0.775
23,technician,married,professional.course,no,yes,no,cellular,aug,mon,341,1,3,2,success,-2.9,92.201,-31.4,0.861,5076.2,1,0,0.775
37,blue-collar,married,basic.6y,no,no,no,cellular,oct,thu,128,2,6,3,failure,-3.4,92.431,-26.9,0.74,5017.5,1,0,0.775
19,student,single,high.school,no,unknown,unknown,cellular,aug,tue,1120,1,999,0,nonexistent,-1.7,94.027,-38.3,0.886,4991.6,1,1,0.775
57,admin.,single,high.school,no,unknown,unknown,telephone,oct,tue,513,1,999,0,nonexistent,-3.4,92.431,-26.9,0.737,5017.5,1,1,0.775
49,housemaid,single,university.degree,no,yes,no,cellular,dec,mon,583,2,6,1,success,-3.0,92.713,-33.0,0.717,5023.5,1,0,0.775
51,unemployed,married,basic.6y,no,no,no,cellular,jun,thu,280,2,999,1,failure,-2.9,92.963,-40.8,1.26,5076.2,1,1,0.775
26,admin.,single,university.degree,no,no,no,cellular,oct,fri,306,1,999,0,nonexistent,-3.4,92.431,-26.9,0.739,5017.5,1,1,0.7748084073863996
45,admin.,married,university.degree,no,no,no,cellular,sep,mon,351,1,3,2,success,-3.4,92.379,-29.8,0.797,5017.5,1,0,0.7747977313948227
57,blue-collar,married,high.school,unknown,yes,no,cellular,jul,fri,572,1,999,0,nonexistent,1.4,93.918,-42.7,4.957,5228.1,1,1,0.7747240515933231
24,admin.,single,professional.course,no,no,no,cellular,apr,mon,267,2,999,0,nonexistent,-1.8,93.075,-47.1,1.405,5099.1,1,1,0.7747158573596358
32,admin.,married,university.degree,no,no,yes,cellular,jun,thu,327,3,3,1,success,-2.9,92.963,-40.8,1.26,5076.2,1,0,0.7746044574451264
66,technician,married,professional.course,no,yes,no,cellular,mar,tue,83,1,999,0,nonexistent,-1.8,92.843,-50.0,1.799,5099.1,1,1,0.7744736970082148
32,technician,divorced,university.degree,no,yes,no,cellular,jun,mon,532,2,999,0,nonexistent,-2.9,92.963,-40.8,1.26,5076.2,1,1,0.7737210301339827
39,admin.,single,high.school,no,yes,no,cellular,mar,tue,100,2,999,0,nonexistent,-1.8,92.843,-50.0,1.687,5099.1,0,1,0.7729648813236214
27,admin.,single,university.degree,no,no,no,cellular,mar,tue,273,1,999,0,nonexistent,-1.8,93.369,-34.8,0.637,5008.7,1,1,0.7725
33,admin.,single,university.degree,no,no,no,cellular,oct,thu,441,5,999,1,failure,-3.4,92.431,-26.9,0.74,5017.5,1,1,0.7725
30,self-employed,married,university.degree,no,no,no,cellular,jun,mon,212,4,999,0,nonexistent,-1.7,94.055,-39.8,0.72,4991.6,1,1,0.7725
27,blue-collar,single,high.school,no,no,no,cellular,nov,tue,775,2,8,2,failure,-3.4,92.649,-30.1,0.715,5017.5,1,0,0.7725
32,technician,single,high.school,no,no,no,cellular,jun,tue,430,1,999,1,failure,-2.9,92.963,-40.8,1.262,5076.2,1,1,0.7725
35,admin.,married,university.degree,no,yes,no,cellular,jul,wed,287,2,999,1,failure,-1.7,94.215,-40.3,0.84,4991.6,1,1,0.7725
30,blue-collar,single,high.school,no,unknown,unknown,cellular,nov,mon,235,5,999,0,nonexistent,-3.4,92.649,-30.1,0.714,5017.5,1,1,0.7725
64,retired,married,professional.course,no,no,no,cellular,aug,tue,482,1,999,0,nonexistent,-1.7,94.027,-38.3,0.899,4991.6,1,1,0.7725
30,technician,single,professional.course,no,no,no,cellular,may,fri,1015,1,999,0,nonexistent,-1.8,92.893,-46.2,1.25,5099.1,1,1,0.7725
27,admin.,single,university.degree,no,yes,no,cellular,aug,wed,398,4,999,1,failure,-2.9,92.201,-31.4,0.879,5076.2,1,1,0.7725
36,admin.,single,high.school,no,unknown,unknown,cellular,dec,mon,480,1,999,1,failure,-3.0,92.713,-33.0,0.717,5023.5,1,1,0.7725
26,admin.,single,high.school,no,no,no,cellular,jun,tue,479,1,999,0,nonexistent,-2.9,92.963,-40.8,1.262,5076.2,1,1,0.7725
57,admin.,single,university.degree,no,no,yes,cellular,may,mon,532,3,999,0,nonexistent,-1.8,92.893,-46.2,1.354,5099.1,1,1,0.7725
66,retired,single,basic.4y,no,yes,no,cellular,nov,tue,525,3,999,0,nonexistent,-3.4,92.649,-30.1,0.715,5017.5,1,1,0.7725
31,technician,single,professional.course,no,no,no,cellular,may,wed,546,3,999,0,nonexistent,-1.8,92.893,-46.2,1.281,5099.1,1,1,0.7725
26,technician,divorced,university.degree,no,no,no,cellular,jun,tue,437,1,999,0,nonexistent,-2.9,92.963,-40.8,1.262,5076.2,1,1,0.772351797080949
26,admin.,single,high.school,no,yes,no,telephone,apr,wed,170,3,999,0,nonexistent,-1.8,93.075,-47.1,1.415,5099.1,1,1,0.7722166919575113
35,technician,divorced,professional.course,no,no,no,cellular,may,fri,354,1,999,0,nonexistent,-1.8,92.893,-46.2,1.259,5099.1,1,1,0.7720270080042116
41,services,married,high.school,no,no,no,cellular,mar,wed,377,6,999,0,nonexistent,-1.8,92.843,-50.0,1.778,5099.1,1,1,0.7719859227795023
77,retired,married,university.degree,no,no,yes,cellular,oct,mon,348,1,999,0,nonexistent,-3.4,92.431,-26.9,0.743,5017.5,1,1,0.7716116267378428
51,technician,single,university.degree,no,no,no,cellular,jun,fri,657,1,999,0,nonexistent,-2.9,92.963,-40.8,1.268,5076.2,1,1,0.77
59,blue-collar,married,basic.4y,no,no,no,cellular,mar,tue,237,3,999,0,nonexistent,-1.8,92.843,-50.0,1.51,5099.1,1,1,0.77
34,admin.,single,university.degree,no,yes,no,cellular,jun,mon,452,1,999,0,nonexistent,-1.7,94.055,-39.8,0.754,4991.6,1,1,0.77
60,admin.,married,unknown,unknown,yes,no,cellular,dec,wed,357,1,999,0,nonexistent,-3.0,92.713,-33.0,0.721,5023.5,1,1,0.77
56,housemaid,married,basic.4y,no,yes,no,cellular,apr,mon,325,1,999,0,nonexistent,-1.8,93.075,-47.1,1.405,5099.1,1,1,0.77
29,admin.,married,high.school,no,no,no,cellular,jun,wed,200,1,999,0,nonexistent,-2.9,92.963,-40.8,1.26,5076.2,1,1,0.77
26,student,single,professional.course,no,yes,no,cellular,aug,fri,150,2,999,0,nonexistent,-2.9,92.201,-31.4,0.869,5076.2,1,1,0.77
25,services,single,high.school,no,yes,no,cellular,jun,thu,217,1,999,0,nonexistent,-2.9,92.963,-40.8,1.26,5076.2,1,1,0.77
36,self-employed,single,university.degree,no,no,no,cellular,oct,fri,480,1,999,0,nonexistent,-3.4,92.431,-26.9,0.72,5017.5,1,1,0.77
32,technician,single,professional.course,no,no,no,cellular,aug,wed,313,2,999,1,failure,-2.9,92.201,-31.4,0.879,5076.2,1,1,0.77
54,blue-collar,married,high.school,no,no,no,cellular,dec,mon,344,1,999,0,nonexistent,-3.0,92.713,-33.0,0.717,5023.5,1,1,0.77
24,student,single,professional.course,no,yes,no,cellular,jul,wed,817,2,999,0,nonexistent,-1.7,94.215,-40.3,0.896,4991.6,1,1,0.77
47,self-employed,married,professional.course,no,yes,no,telephone,mar,tue,110,1,999,0,nonexistent,-1.8,93.369,-34.8,0.635,5008.7,1,1,0.77
37,admin.,married,high.school,no,unknown,unknown,cellular,jul,thu,294,1,999,1,failure,-1.7,94.215,-40.3,0.81,4991.6,1,1,0.77
31,admin.,married,professional.course,no,no,no,cellular,aug,mon,318,2,999,0,nonexistent,-1.7,94.027,-38.3,0.896,4991.6,1,1,0.77
29,technician,single,professional.course,no,no,no,cellular,sep,mon,273,3,999,2,failure,-1.1,94.199,-37.5,0.879,4963.6,1,1,0.77
40,blue-collar,divorced,professional.course,no,no,no,cellular,jun,wed,210,2,999,0,nonexistent,-2.9,92.963,-40.8,1.26,5076.2,1,1,0.7698973431273811
74,retired,married,unknown,no,yes,yes,cellular,oct,wed,251,1,999,0,nonexistent,-3.4,92.431,-26.9,0.742,5017.5,1,1,0.7697216236722306
35,blue-collar,married,basic.9y,no,yes,no,cellular,jul,fri,1373,4,999,0,nonexistent,1.4,93.918,-42.7,4.957,5228.1,1,1,0.7694965746881738
47,housemaid,single,professional.course,no,yes,no,cellular,apr,tue,100,1,999,0,nonexistent,-1.8,93.075,-47.1,1.405,5099.1,1,1,0.7694349013657056
31,services,married,basic.9y,no,no,no,cellular,jun,mon,84,1,999,0,nonexistent,-2.9,92.963,-40.8,1.266,5076.2,1,1,0.7688916870976026
59,retired,divorced,basic.4y,no,yes,yes,cellular,jul,mon,796,1,6,1,success,-1.7,94.215,-40.3,0.827,4991.6,1,0,0.7686121259584269
35,admin.,married,university.degree,no,yes,no,cellular,nov,wed,112,1,999,0,nonexistent,-0.1,93.2,-42.0,4.12,5195.8,0,1,0.7683555086779925
35,admin.,married,university.degree,no,yes,no,cellular,nov,wed,114,1,999,0,nonexistent,-0.1,93.2,-42.0,4.12,5195.8,0,1,0.7683555086779925
35,admin.,married,university.degree,no,yes,no,cellular,nov,wed,925,1,999,0,nonexistent,-0.1,93.2,-42.0,4.12,5195.8,1,1,0.7683555086779925
35,admin.,married,university.degree,no,yes,no,cellular,nov,wed,820,1,999,0,nonexistent,-0.1,93.2,-42.0,4.12,5195.8,1,1,0.7683555086779925
35,admin.,married,university.degree,no,yes,no,cellular,nov,wed,94,1,999,0,nonexistent,-0.1,93.2,-42.0,4.12,5195.8,0,1,0.7683555086779925
35,admin.,married,university.degree,no,yes,no,cellular,nov,wed,60,1,999,0,nonexistent,-0.1,93.2,-42.0,4.12,5195.8,0,1,0.7683555086779925
31,technician,single,professional.course,no,unknown,unknown,cellular,oct,thu,212,2,999,0,nonexistent,-1.1,94.601,-49.5,1.025,4963.6,1,1,0.7679131143227045
52,blue-collar,single,basic.9y,no,no,no,cellular,jun,fri,174,2,3,1,success,-2.9,92.963,-40.8,1.268,5076.2,1,0,0.7676432755178163
26,student,single,professional.course,no,yes,no,cellular,aug,tue,176,2,999,1,failure,-2.9,92.201,-31.4,0.883,5076.2,1,1,0.7675
20,technician,single,unknown,no,no,no,cellular,jun,mon,441,1,999,0,nonexistent,-2.9,92.963,-40.8,1.26,5076.2,1,1,0.7675
46,unemployed,married,basic.9y,no,no,no,cellular,jun,tue,200,2,999,1,failure,-2.9,92.963,-40.8,1.262,5076.2,1,1,0.7675
38,blue-collar,single,high.school,no,no,no,cellular,mar,wed,141,1,999,1,failure,-1.8,93.369,-34.8,0.655,5008.7,1,1,0.7675
44,admin.,divorced,high.school,no,yes,no,telephone,nov,mon,1628,2,6,1,success,-3.4,92.649,-30.1,0.719,5017.5,1,0,0.7675
56,unemployed,divorced,basic.4y,no,yes,no,cellular,jul,mon,187,6,999,0,nonexistent,-1.7,94.215,-40.3,0.87,4991.6,1,1,0.7675
26,admin.,single,high.school,no,no,no,telephone,apr,mon,216,2,999,0,nonexistent,-1.8,93.075,-47.1,1.405,5099.1,1,1,0.7675
33,blue-collar,single,high.school,no,yes,no,cellular,mar,wed,203,4,999,1,failure,-1.8,92.843,-50.0,1.602,5099.1,1,1,0.7675
34,technician,single,unknown,no,yes,no,cellular,aug,thu,320,2,3,1,success,-2.9,92.201,-31.4,0.851,5076.2,1,0,0.7675
74,retired,married,basic.4y,no,no,no,telephone,apr,mon,1143,5,999,0,nonexistent,-1.8,93.749,-34.6,0.643,5008.7,1,1,0.7675
63,retired,married,professional.course,no,yes,no,cellular,apr,wed,387,2,999,0,nonexistent,-1.8,93.075,-47.1,1.498,5099.1,1,1,0.7675
37,admin.,married,high.school,no,yes,no,cellular,jul,thu,230,2,999,0,nonexistent,-1.7,94.215,-40.3,0.81,4991.6,0,1,0.7675
33,admin.,married,university.degree,no,no,no,cellular,sep,mon,369,3,999,0,nonexistent,-1.1,94.199,-37.5,0.882,4963.6,1,1,0.7675
21,student,single,high.school,no,yes,no,cellular,aug,tue,263,3,9,2,success,-1.7,94.027,-38.3,0.899,4991.6,1,0,0.7675
33,technician,married,professional.course,no,no,no,cellular,sep,wed,569,1,999,0,nonexistent,-1.1,94.199,-37.5,0.879,4963.6,1,1,0.7675
66,retired,married,high.school,no,unknown,unknown,cellular,mar,tue,881,3,999,1,failure,-1.8,93.369,-34.8,0.646,5008.7,1,1,0.7675
50,entrepreneur,divorced,university.degree,no,yes,no,telephone,oct,tue,898,7,11,2,success,-1.1,94.601,-49.5,1.008,4963.6,1,0,0.7675
31,admin.,married,university.degree,no,no,no,cellular,jun,thu,81,2,999,1,failure,-2.9,92.963,-40.8,1.26,5076.2,1,1,0.7675
28,blue-collar,single,university.degree,no,unknown,unknown,cellular,sep,thu,744,1,999,0,nonexistent,-1.1,94.199,-37.5,0.878,4963.6,1,1,0.7675
26,technician,single,professional.course,no,no,yes,cellular,nov,wed,358,1,9,2,failure,-3.4,92.649,-30.1,0.719,5017.5,1,0,0.7675
37,admin.,married,university.degree,no,yes,yes,cellular,jun,mon,412,2,999,0,nonexistent,-2.9,92.963,-40.8,1.266,5076.2,1,1,0.7675
51,admin.,married,university.degree,no,no,no,cellular,jun,mon,297,4,999,0,nonexistent,-1.7,94.055,-39.8,0.754,4991.6,1,1,0.7675
21,student,single,unknown,no,yes,yes,cellular,may,mon,374,2,999,0,nonexistent,-1.8,92.893,-46.2,1.354,5099.1,1,1,0.7675
33,admin.,married,university.degree,no,no,no,cellular,jun,mon,335,2,999,0,nonexistent,-2.9,92.963,-40.8,1.266,5076.2,1,1,0.7675
27,admin.,married,university.degree,no,yes,no,cellular,aug,tue,415,5,12,1,success,-1.7,94.027,-38.3,0.886,4991.6,1,0,0.7675
30,admin.,married,university.degree,no,no,no,cellular,aug,tue,139,3,6,1,success,-2.9,92.201,-31.4,0.883,5076.2,1,0,0.7675
65,admin.,married,university.degree,no,yes,no,cellular,may,fri,407,3,999,1,failure,-1.8,93.876,-40.0,0.684,5008.7,1,1,0.7675
28,admin.,single,high.school,no,yes,no,cellular,mar,fri,300,1,999,0,nonexistent,-1.8,92.843,-50.0,1.531,5099.1,1,1,0.7673046419223613
28,admin.,single,high.school,no,yes,no,cellular,mar,fri,342,1,999,0,nonexistent,-1.8,92.843,-50.0,1.531,5099.1,1,1,0.7673046419223613
28,admin.,single,high.school,no,yes,no,cellular,mar,fri,102,1,999,0,nonexistent,-1.8,92.843,-50.0,1.531,5099.1,0,1,0.7673046419223613
39,admin.,married,university.degree,no,no,no,cellular,apr,wed,94,1,999,0,nonexistent,-1.8,93.075,-47.1,1.405,5099.1,1,1,0.7672228376327769
46,admin.,single,university.degree,no,yes,yes,cellular,dec,tue,324,2,999,0,nonexistent,-3.0,92.713,-33.0,0.715,5023.5,1,1,0.7671221398102814
35,entrepreneur,divorced,university.degree,no,no,no,cellular,apr,mon,76,1,999,0,nonexistent,-1.8,93.075,-47.1,1.405,5099.1,1,1,0.7660822854202459
33,technician,single,university.degree,no,unknown,unknown,cellular,apr,thu,527,3,999,0,nonexistent,-1.8,93.075,-47.1,1.435,5099.1,1,1,0.7655827817618618
34,management,married,university.degree,no,no,no,cellular,mar,tue,499,1,999,0,nonexistent,-1.8,92.843,-50.0,1.799,5099.1,1,1,0.7654930686505038
35,admin.,married,university.degree,no,yes,no,telephone,jul,fri,304,1,999,2,failure,-1.7,94.215,-40.3,0.896,4991.6,1,1,0.765
39,blue-collar,married,basic.9y,no,yes,no,telephone,oct,fri,112,1,999,0,nonexistent,-0.1,93.798,-40.4,4.918,5195.8,1,1,0.765
56,technician,married,basic.4y,no,no,no,cellular,may,wed,776,3,3,1,success,-1.8,92.893,-46.2,1.27,5099.1,1,0,0.765
21,student,single,high.school,no,no,no,cellular,oct,mon,328,1,999,0,nonexistent,-3.4,92.431,-26.9,0.739,5017.5,1,1,0.765
30,technician,single,university.degree,no,no,no,cellular,sep,thu,327,2,999,0,nonexistent,-1.1,94.199,-37.5,0.879,4963.6,1,1,0.765
27,blue-collar,single,high.school,no,no,no,cellular,oct,tue,253,1,999,2,failure,-1.1,94.601,-49.5,0.982,4963.6,1,1,0.765
30,student,single,high.school,no,no,no,cellular,mar,fri,268,5,10,2,failure,-1.8,92.843,-50.0,1.64,5099.1,1,0,0.765
58,retired,divorced,professional.course,no,no,no,cellular,apr,thu,430,1,999,0,nonexistent,-1.8,93.075,-47.1,1.365,5099.1,1,1,0.765
25,student,single,unknown,no,no,no,cellular,sep,fri,732,1,999,0,nonexistent,-1.1,94.199,-37.5,0.879,4963.6,1,1,0.765
42,admin.,single,university.degree,no,no,no,cellular,jul,wed,268,2,999,0,nonexistent,-2.9,92.469,-33.6,1.029,5076.2,1,1,0.765
72,unknown,married,unknown,no,yes,yes,cellular,aug,fri,207,8,999,1,failure,-2.9,92.201,-31.4,0.825,5076.2,1,1,0.765
29,technician,single,basic.9y,no,yes,no,cellular,jul,wed,603,1,999,0,nonexistent,-1.7,94.215,-40.3,0.84,4991.6,1,1,0.765
46,technician,married,professional.course,no,yes,no,cellular,aug,thu,245,2,999,4,failure,-1.7,94.027,-38.3,0.904,4991.6,1,1,0.765
48,admin.,divorced,high.school,no,no,no,cellular,jun,wed,657,1,6,1,success,-1.7,94.055,-39.8,0.704,4991.6,1,0,0.765
50,admin.,married,university.degree,no,no,no,cellular,aug,tue,587,2,999,1,failure,-2.9,92.201,-31.4,0.859,5076.2,1,1,0.765
87,retired,divorced,basic.4y,no,no,no,cellular,aug,fri,273,1,999,0,nonexistent,-2.9,92.201,-31.4,0.849,5076.2,1,1,0.765
31,technician,single,professional.course,no,no,no,cellular,jun,tue,163,1,999,1,failure,-2.9,92.963,-40.8,1.262,5076.2,1,1,0.765
26,admin.,married,high.school,no,no,no,cellular,jun,wed,301,5,999,0,nonexistent,-1.7,94.055,-39.8,0.767,4991.6,1,1,0.765
53,admin.,single,university.degree,no,yes,yes,telephone,nov,fri,212,3,999,1,failure,-3.4,92.649,-30.1,0.714,5017.5,1,1,0.765
28,unemployed,single,basic.9y,no,no,yes,cellular,aug,tue,261,1,999,1,failure,-1.7,94.027,-38.3,0.899,4991.6,1,1,0.765
27,admin.,single,university.degree,unknown,no,yes,cellular,jul,mon,537,1,999,0,nonexistent,-1.7,94.215,-40.3,0.827,4991.6,1,1,0.765
37,technician,married,professional.course,no,yes,yes,cellular,mar,wed,395,1,9,1,success,-1.8,93.369,-34.8,0.644,5008.7,0,0,0.765
85,housemaid,married,basic.4y,unknown,yes,no,cellular,apr,tue,462,1,999,1,failure,-1.8,93.749,-34.6,0.642,5008.7,1,1,0.765
56,retired,married,professional.course,no,unknown,unknown,cellular,oct,thu,181,1,6,1,success,-3.4,92.431,-26.9,0.733,5017.5,1,0,0.765
28,unemployed,married,professional.course,no,no,no,cellular,aug,fri,276,2,999,0,nonexistent,-2.9,92.201,-31.4,0.869,5076.2,1,1,0.7648544336320134
32,admin.,married,high.school,no,yes,yes,cellular,dec,wed,479,2,999,0,nonexistent,-3.0,92.713,-33.0,0.715,5023.5,1,1,0.76473406676783
53,admin.,married,university.degree,no,yes,no,cellular,apr,tue,158,2,6,1,success,-1.8,93.075,-47.1,1.405,5099.1,1,0,0.7645698470894438
37,admin.,married,university.degree,no,yes,yes,cellular,mar,tue,159,3,999,0,nonexistent,-1.8,92.843,-50.0,1.687,5099.1,1,1,0.7645069073998085
32,blue-collar,unknown,basic.9y,no,yes,no,cellular,jun,mon,314,1,999,0,nonexistent,-2.9,92.963,-40.8,1.266,5076.2,1,1,0.7644591754908813
43,admin.,married,university.degree,no,yes,no,cellular,aug,tue,531,3,999,0,nonexistent,1.4,93.444,-36.1,4.968,5228.1,1,1,0.7642347524943526
29,services,single,high.school,no,no,no,cellular,jun,wed,725,2,3,1,success,-2.9,92.963,-40.8,1.26,5076.2,1,0,0.7641484825493171
36,admin.,single,university.degree,no,no,yes,cellular,nov,tue,187,1,999,0,nonexistent,-3.4,92.649,-30.1,0.72,5017.5,1,1,0.7625
39,admin.,married,high.school,no,no,no,cellular,may,mon,597,1,999,0,nonexistent,-1.8,92.893,-46.2,1.354,5099.1,1,1,0.7625
34,blue-collar,single,unknown,no,yes,no,cellular,mar,fri,360,1,999,1,failure,-1.8,93.369,-34.8,0.636,5008.7,1,1,0.7625
40,admin.,married,high.school,no,no,no,cellular,oct,wed,524,3,999,1,failure,-3.4,92.431,-26.9,0.724,5017.5,1,1,0.7625
24,technician,single,university.degree,no,yes,yes,cellular,nov,tue,467,3,6,3,failure,-1.1,94.767,-50.8,1.049,4963.6,1,0,0.7625
25,student,single,unknown,no,no,no,cellular,jun,mon,301,3,999,0,nonexistent,-2.9,92.963,-40.8,1.281,5076.2,1,1,0.7625
43,self-employed,married,university.degree,no,no,no,cellular,jul,tue,386,3,999,1,failure,-1.7,94.215,-40.3,0.797,4991.6,1,1,0.7625
62,admin.,married,high.school,no,no,no,cellular,oct,tue,238,4,18,2,failure,-1.1,94.601,-49.5,1.037,4963.6,1,0,0.7625
28,unemployed,married,professional.course,no,yes,no,cellular,aug,fri,190,3,999,1,failure,-2.9,92.201,-31.4,0.869,5076.2,1,1,0.7625
58,retired,married,basic.4y,no,no,no,cellular,jul,wed,1014,1,999,0,nonexistent,1.4,93.918,-42.7,4.962,5228.1,1,1,0.7625
60,self-employed,divorced,university.degree,no,no,no,cellular,sep,tue,83,1,3,1,success,-3.4,92.379,-29.8,0.755,5017.5,1,0,0.7625
21,services,single,professional.course,no,yes,yes,cellular,jun,thu,787,1,999,0,nonexistent,-2.9,92.963,-40.8,1.26,5076.2,1,1,0.7625
25,services,divorced,high.school,no,yes,yes,cellular,jun,thu,437,2,999,0,nonexistent,-2.9,92.963,-40.8,1.26,5076.2,1,1,0.7625
25,student,single,high.school,no,no,no,cellular,jun,mon,485,2,999,0,nonexistent,-1.7,94.055,-39.8,0.72,4991.6,1,1,0.7625
20,student,single,basic.9y,no,yes,no,cellular,jul,thu,361,3,6,3,success,-1.7,94.215,-40.3,0.846,4991.6,1,0,0.7625
34,admin.,single,university.degree,no,no,yes,cellular,mar,tue,236,1,999,0,nonexistent,-1.8,93.369,-34.8,0.652,5008.7,1,1,0.7625
26,admin.,single,high.school,no,unknown,unknown,cellular,nov,mon,347,1,999,0,nonexistent,-3.4,92.649,-30.1,0.715,5017.5,1,1,0.7625
51,admin.,married,university.degree,no,yes,no,cellular,jul,fri,139,5,999,0,nonexistent,-2.9,92.469,-33.6,0.921,5076.2,1,1,0.7625
28,management,single,university.degree,no,yes,no,cellular,jun,thu,169,1,999,0,nonexistent,-1.7,94.055,-39.8,0.729,4991.6,1,1,0.7625
35,blue-collar,married,basic.9y,unknown,no,no,cellular,jul,thu,574,1,999,0,nonexistent,1.4,93.918,-42.7,4.968,5228.1,1,1,0.7625
53,technician,divorced,university.degree,no,no,no,cellular,jun,wed,705,1,999,1,failure,-2.9,92.963,-40.8,1.26,5076.2,1,1,0.7625
54,unemployed,married,basic.9y,no,no,no,cellular,may,wed,193,1,3,1,success,-1.8,92.893,-46.2,1.27,5099.1,1,0,0.7625
27,admin.,single,university.degree,no,yes,yes,cellular,sep,wed,345,1,999,0,nonexistent,-3.4,92.379,-29.8,0.781,5017.5,1,1,0.7625
33,blue-collar,single,basic.4y,no,no,no,cellular,apr,thu,452,1,999,0,nonexistent,-1.8,93.075,-47.1,1.365,5099.1,1,1,0.7623516268004116
51,technician,divorced,high.school,no,no,yes,cellular,apr,thu,306,2,999,0,nonexistent,-1.8,93.075,-47.1,1.365,5099.1,1,1,0.7623511584160008
36,technician,married,university.degree,no,yes,no,cellular,jun,mon,192,1,999,0,nonexistent,-2.9,92.963,-40.8,1.266,5076.2,1,1,0.7622201820940819
43,blue-collar,married,basic.9y,no,no,no,cellular,mar,tue,180,2,999,0,nonexistent,-1.8,92.843,-50.0,1.799,5099.1,1,1,0.762069038763377
59,admin.,married,high.school,no,yes,no,cellular,aug,wed,277,1,999,0,nonexistent,-2.9,92.201,-31.4,0.884,5076.2,1,1,0.7620001365747063
73,retired,married,university.degree,no,yes,no,cellular,mar,fri,179,1,999,0,nonexistent,-1.8,92.843,-50.0,1.531,5099.1,1,1,0.7619441399290424
60,retired,married,professional.course,no,yes,yes,cellular,jul,thu,95,4,6,2,success,-1.7,94.215,-40.3,0.899,4991.6,0,0,0.7616392100850861
72,retired,married,basic.4y,no,no,yes,cellular,jul,fri,483,4,8,1,success,-1.7,94.215,-40.3,0.822,4991.6,1,0,0.7613880880121395
70,retired,divorced,basic.4y,no,yes,no,cellular,mar,mon,187,3,999,0,nonexistent,-1.8,92.843,-50.0,1.811,5099.1,1,1,0.7611439412893352
59,technician,married,professional.course,no,no,no,cellular,jun,thu,1207,4,999,1,failure,-1.7,94.055,-39.8,0.742,4991.6,1,1,0.76
74,retired,married,unknown,no,no,yes,cellular,mar,fri,607,2,999,0,nonexistent,-1.8,93.369,-34.8,0.653,5008.7,1,1,0.76
49,blue-collar,married,basic.9y,unknown,yes,no,cellular,mar,mon,277,4,999,1,failure,-1.8,93.369,-34.8,0.652,5008.7,1,1,0.76
23,student,single,university.degree,no,yes,no,cellular,dec,fri,127,2,6,2,success,-3.0,92.713,-33.0,0.718,5023.5,0,0,0.76
25,self-employed,single,unknown,no,unknown,unknown,cellular,jul,wed,844,5,999,2,failure,-1.7,94.215,-40.3,0.896,4991.6,1,1,0.76
61,management,married,university.degree,no,no,no,cellular,may,wed,228,2,999,1,failure,-1.8,93.876,-40.0,0.682,5008.7,1,1,0.76
37,admin.,married,high.school,no,no,no,cellular,aug,wed,179,2,999,1,failure,-2.9,92.201,-31.4,0.884,5076.2,1,1,0.76
37,technician,married,university.degree,no,yes,no,cellular,oct,wed,364,1,999,1,failure,-3.4,92.431,-26.9,0.742,5017.5,1,1,0.76
27,admin.,single,university.degree,no,no,no,cellular,jun,mon,138,3,999,0,nonexistent,-2.9,92.963,-40.8,1.281,5076.2,1,1,0.76
56,admin.,married,basic.9y,no,no,no,cellular,aug,wed,338,2,4,1,success,-2.9,92.201,-31.4,0.879,5076.2,1,0,0.76
32,admin.,married,university.degree,no,yes,no,cellular,jun,tue,712,1,3,2,failure,-2.9,92.963,-40.8,1.262,5076.2,1,0,0.76
38,entrepreneur,married,professional.course,no,yes,no,cellular,may,mon,583,6,2,4,success,-1.8,93.876,-40.0,0.682,5008.7,1,0,0.76
19,student,single,unknown,no,unknown,unknown,cellular,apr,mon,213,3,999,0,nonexistent,-1.8,93.075,-47.1,1.405,5099.1,1,1,0.76
58,unemployed,divorced,basic.9y,no,yes,no,telephone,oct,wed,509,1,999,0,nonexistent,-3.4,92.431,-26.9,0.724,5017.5,1,1,0.76
38,technician,married,professional.course,no,yes,no,cellular,apr,thu,110,1,999,1,failure,-1.8,93.075,-47.1,1.365,5099.1,0,1,0.76
29,admin.,single,high.school,no,no,yes,cellular,apr,wed,319,1,6,1,success,-1.8,93.075,-47.1,1.405,5099.1,1,0,0.76
43,admin.,single,university.degree,no,yes,no,cellular,apr,mon,670,4,11,1,success,-1.8,93.075,-47.1,1.405,5099.1,1,0,0.76
43,services,married,basic.6y,no,no,no,cellular,sep,tue,159,1,999,1,failure,-3.4,92.379,-29.8,0.75,5017.5,1,1,0.76
66,retired,married,basic.4y,no,yes,yes,telephone,nov,thu,1127,1,999,0,nonexistent,-3.4,92.649,-30.1,0.714,5017.5,1,1,0.76
52,blue-collar,married,basic.4y,no,yes,no,cellular,apr,wed,229,5,999,0,nonexistent,-1.8,93.075,-47.1,1.405,5099.1,1,1,0.76
80,retired,married,professional.course,no,yes,no,cellular,oct,thu,411,1,999,1,failure,-1.1,94.601,-49.5,1.025,4963.6,1,1,0.76
27,student,single,basic.9y,no,yes,yes,cellular,jun,tue,107,1,999,0,nonexistent,-2.9,92.963,-40.8,1.262,5076.2,1,1,0.76
36,self-employed,married,university.degree,no,no,yes,cellular,jun,mon,284,1,999,1,failure,-2.9,92.963,-40.8,1.266,5076.2,1,1,0.76
71,retired,married,basic.4y,no,yes,no,cellular,oct,thu,137,1,999,1,failure,-3.4,92.431,-26.9,0.754,5017.5,1,1,0.76
37,management,married,university.degree,no,no,no,telephone,jun,mon,1323,9,999,0,nonexistent,1.4,94.465,-41.8,4.96,5228.1,1,1,0.76
31,blue-collar,married,university.degree,no,yes,no,cellular,jun,mon,382,2,999,0,nonexistent,-2.9,92.963,-40.8,1.26,5076.2,1,1,0.7599004456191704
48,entrepreneur,married,university.degree,no,no,no,cellular,apr,thu,619,1,999,0,nonexistent,-1.8,93.075,-47.1,1.365,5099.1,1,1,0.7597157056145676
41,admin.,single,high.school,no,unknown,unknown,cellular,apr,thu,664,2,999,0,nonexistent,-1.8,93.075,-47.1,1.365,5099.1,1,1,0.7596201637212269
24,admin.,single,university.degree,no,yes,yes,cellular,aug,fri,101,5,6,2,success,-1.7,94.027,-38.3,0.905,4991.6,0,0,0.7594851900250462
25,unemployed,single,university.degree,no,yes,no,cellular,apr,thu,260,2,999,0,nonexistent,-1.8,93.075,-47.1,1.365,5099.1,1,1,0.7594367223065251
52,management,married,high.school,no,no,no,cellular,aug,tue,408,1,999,0,nonexistent,-2.9,92.201,-31.4,0.883,5076.2,1,1,0.7594335356600911
65,retired,married,high.school,no,yes,no,cellular,oct,tue,384,2,999,0,nonexistent,-3.4,92.431,-26.9,0.744,5017.5,1,1,0.7583277305172809
33,admin.,married,university.degree,no,yes,no,cellular,aug,fri,64,1,999,0,nonexistent,1.4,93.444,-36.1,4.964,5228.1,0,1,0.7577351039062772
33,admin.,married,university.degree,no,yes,no,cellular,aug,fri,579,1,999,0,nonexistent,1.4,93.444,-36.1,4.964,5228.1,1,1,0.7577351039062772
33,admin.,married,university.degree,no,yes,no,cellular,aug,fri,576,1,999,0,nonexistent,1.4,93.444,-36.1,4.964,5228.1,1,1,0.7577351039062772
33,admin.,married,university.degree,no,yes,no,cellular,aug,fri,278,1,999,0,nonexistent,1.4,93.444,-36.1,4.964,5228.1,0,1,0.7577351039062772
60,retired,divorced,basic.4y,no,no,no,cellular,apr,tue,465,4,999,0,nonexistent,-1.8,93.075,-47.1,1.453,5099.1,1,1,0.7575
29,blue-collar,married,basic.9y,no,yes,no,cellular,apr,thu,1042,2,999,0,nonexistent,-1.8,93.075,-47.1,1.435,5099.1,1,1,0.7575
34,technician,single,professional.course,no,yes,yes,cellular,mar,fri,544,3,999,0,nonexistent,-1.8,92.843,-50.0,1.726,5099.1,1,1,0.7575
59,retired,married,professional.course,no,yes,yes,cellular,jun,mon,1460,1,999,0,nonexistent,-2.9,92.963,-40.8,1.266,5076.2,1,1,0.7575
86,retired,married,unknown,unknown,yes,no,cellular,sep,tue,340,1,999,0,nonexistent,-1.1,94.199,-37.5,0.877,4963.6,1,1,0.7575
27,blue-collar,single,basic.9y,no,no,no,cellular,nov,tue,217,1,999,2,failure,-3.4,92.649,-30.1,0.72,5017.5,1,1,0.7575
30,admin.,single,university.degree,no,yes,no,cellular,jul,tue,255,2,3,1,success,-1.7,94.215,-40.3,0.797,4991.6,0,0,0.7575
24,blue-collar,single,unknown,no,no,yes,cellular,jun,mon,188,1,999,0,nonexistent,-2.9,92.963,-40.8,1.26,5076.2,1,1,0.7575
32,unemployed,single,professional.course,no,yes,yes,cellular,jun,wed,310,1,999,0,nonexistent,-1.7,94.055,-39.8,0.704,4991.6,1,1,0.7575
36,admin.,divorced,university.degree,no,no,yes,cellular,aug,wed,623,2,6,2,success,-2.9,92.201,-31.4,0.879,5076.2,1,0,0.7575
36,management,married,university.degree,no,no,no,cellular,apr,wed,353,2,999,0,nonexistent,-1.8,93.075,-47.1,1.415,5099.1,1,1,0.7572216995447647
35,blue-collar,married,unknown,unknown,no,no,cellular,jul,tue,560,1,999,0,nonexistent,1.4,93.918,-42.7,4.961,5228.1,1,1,0.7571980266871552
28,technician,single,professional.course,no,yes,no,cellular,jun,wed,209,2,999,0,nonexistent,-2.9,92.963,-40.8,1.26,5076.2,1,1,0.75717806702402
23,admin.,married,basic.9y,no,yes,no,cellular,jul,mon,686,2,999,0,nonexistent,1.4,93.918,-42.7,4.962,5228.1,1,1,0.7569962065389444
42,self-employed,married,university.degree,no,yes,no,cellular,jun,wed,436,1,3,1,success,-2.9,92.963,-40.8,1.26,5076.2,1,0,0.7568057547729745
56,housemaid,married,university.degree,no,yes,no,cellular,apr,mon,148,1,999,0,nonexistent,-1.8,93.075,-47.1,1.405,5099.1,1,1,0.7567927513459662
27,admin.,single,university.degree,no,yes,no,cellular,apr,mon,148,1,999,0,nonexistent,-1.8,93.075,-47.1,1.392,5099.1,1,1,0.7557643046899045
33,admin.,single,university.degree,no,yes,no,cellular,jul,fri,614,2,999,0,nonexistent,1.4,93.918,-42.7,4.963,5228.1,1,1,0.755601055138226
32,admin.,single,high.school,unknown,no,no,cellular,jul,mon,590,3,999,0,nonexistent,1.4,93.918,-42.7,4.96,5228.1,1,1,0.755
33,blue-collar,divorced,basic.4y,no,yes,no,cellular,aug,tue,395,1,999,0,nonexistent,-2.9,92.201,-31.4,0.859,5076.2,1,1,0.755
40,admin.,married,high.school,no,no,no,cellular,aug,thu,477,2,999,0,nonexistent,-2.9,92.201,-31.4,0.873,5076.2,1,1,0.755
35,admin.,married,university.degree,no,yes,no,cellular,apr,mon,176,1,999,0,nonexistent,-1.8,93.749,-34.6,0.642,5008.7,1,1,0.755
43,admin.,married,high.school,no,yes,no,cellular,dec,tue,72,4,6,1,success,-3.0,92.713,-33.0,0.715,5023.5,0,0,0.755
30,student,single,unknown,no,yes,no,cellular,mar,thu,292,1,999,0,nonexistent,-1.8,93.369,-34.8,0.635,5008.7,1,1,0.755
76,retired,married,professional.course,no,no,no,cellular,aug,mon,308,1,15,1,success,-2.9,92.201,-31.4,0.861,5076.2,1,0,0.755
36,admin.,married,university.degree,no,yes,no,cellular,may,mon,1064,1,999,0,nonexistent,-1.8,92.893,-46.2,1.264,5099.1,1,1,0.755
64,retired,married,professional.course,no,no,no,cellular,jun,tue,222,1,999,3,failure,-1.7,94.055,-39.8,0.761,4991.6,1,1,0.755
37,technician,married,university.degree,no,yes,no,cellular,aug,mon,187,1,4,1,success,-2.9,92.201,-31.4,0.884,5076.2,1,0,0.755
39,technician,divorced,high.school,no,no,no,cellular,mar,mon,174,1,3,1,success,-1.8,93.369,-34.8,0.639,5008.7,1,0,0.755
26,admin.,single,basic.9y,unknown,yes,no,cellular,may,thu,661,1,999,0,nonexistent,-1.8,92.893,-46.2,1.327,5099.1,1,1,0.755
26,admin.,single,high.school,no,no,no,cellular,apr,wed,171,1,999,0,nonexistent,-1.8,93.075,-47.1,1.415,5099.1,1,1,0.755
29,housemaid,single,high.school,no,yes,no,cellular,nov,wed,993,1,999,0,nonexistent,-0.1,93.2,-42.0,4.12,5195.8,1,1,0.755
47,admin.,married,high.school,no,yes,no,cellular,aug,mon,1152,3,999,0,nonexistent,1.4,93.444,-36.1,4.965,5228.1,1,1,0.755
26,unemployed,married,high.school,no,yes,no,cellular,jul,fri,474,7,999,0,nonexistent,-1.7,94.215,-40.3,0.822,4991.6,1,1,0.755
32,management,single,university.degree,no,yes,no,cellular,apr,fri,709,1,999,0,nonexistent,-1.8,93.075,-47.1,1.405,5099.1,1,1,0.755
34,technician,single,professional.course,no,yes,no,cellular,apr,thu,313,1,999,0,nonexistent,-1.8,93.075,-47.1,1.365,5099.1,1,1,0.755
31,admin.,married,high.school,no,no,no,cellular,oct,thu,142,1,999,0,nonexistent,-3.4,92.431,-26.9,0.722,5017.5,1,1,0.755
78,retired,married,basic.4y,no,yes,no,telephone,apr,tue,137,2,999,0,nonexistent,-1.8,93.075,-47.1,1.405,5099.1,1,1,0.755
45,unknown,unknown,unknown,no,yes,no,cellular,jul,wed,586,1,999,0,nonexistent,1.4,93.918,-42.7,4.957,5228.1,1,1,0.755
61,admin.,married,high.school,no,yes,yes,cellular,nov,wed,386,2,999,0,nonexistent,-1.1,94.767,-50.8,1.044,4963.6,1,1,0.755
47,admin.,single,basic.9y,no,yes,yes,cellular,jul,thu,392,2,6,1,success,-1.7,94.215,-40.3,0.846,4991.6,1,0,0.7545248642885406
30,admin.,single,university.degree,no,no,yes,cellular,apr,tue,505,1,999,0,nonexistent,-1.8,93.075,-47.1,1.423,5099.1,1,1,0.7540043690375452
27,admin.,single,university.degree,no,no,no,cellular,oct,tue,143,1,999,0,nonexistent,-1.1,94.601,-49.5,0.982,4963.6,0,1,0.7531687657589795
33,admin.,single,university.degree,no,yes,yes,cellular,mar,tue,187,1,999,0,nonexistent,-1.8,92.843,-50.0,1.614,5099.1,1,1,0.7531669050041253
49,admin.,married,university.degree,no,no,no,cellular,jun,thu,259,2,999,0,nonexistent,-2.9,92.963,-40.8,1.235,5076.2,1,1,0.7525
34,admin.,married,professional.course,no,yes,yes,cellular,sep,tue,409,1,999,1,failure,-1.1,94.199,-37.5,0.877,4963.6,1,1,0.7525
36,admin.,married,university.degree,no,no,no,cellular,oct,fri,342,1,999,2,failure,-3.4,92.431,-26.9,0.739,5017.5,1,1,0.7525
35,technician,single,university.degree,no,yes,no,cellular,aug,tue,439,3,999,0,nonexistent,1.4,93.444,-36.1,4.966,5228.1,1,1,0.7525
33,unemployed,married,university.degree,no,yes,no,cellular,jun,mon,579,3,999,0,nonexistent,-2.9,92.963,-40.8,1.26,5076.2,1,1,0.7525
31,admin.,married,university.degree,no,no,no,cellular,aug,fri,880,3,999,0,nonexistent,-2.9,92.201,-31.4,0.869,5076.2,1,1,0.7525
86,retired,single,basic.9y,unknown,no,no,telephone,jun,wed,955,1,999,0,nonexistent,-1.7,94.055,-39.8,0.767,4991.6,1,1,0.7525
61,admin.,married,high.school,no,yes,no,cellular,apr,tue,196,1,999,1,failure,-1.8,93.749,-34.6,0.638,5008.7,1,1,0.7525
57,technician,married,high.school,no,yes,yes,cellular,aug,wed,290,2,4,1,success,-2.9,92.201,-31.4,0.884,5076.2,1,0,0.7525
29,admin.,married,basic.9y,no,yes,no,telephone,nov,fri,453,1,999,0,nonexistent,-0.1,93.2,-42.0,4.474,5195.8,1,1,0.7525
42,admin.,married,university.degree,no,no,no,cellular,jun,thu,160,1,999,0,nonexistent,-2.9,92.963,-40.8,1.26,5076.2,1,1,0.7525
57,retired,married,professional.course,no,yes,no,cellular,jun,mon,166,2,999,0,nonexistent,-2.9,92.963,-40.8,1.266,5076.2,1,1,0.7525
30,blue-collar,married,high.school,no,yes,no,cellular,aug,fri,252,1,999,0,nonexistent,-2.9,92.201,-31.4,0.849,5076.2,1,1,0.7525
46,technician,married,professional.course,no,yes,no,telephone,dec,mon,679,1,999,0,nonexistent,-3.0,92.713,-33.0,0.706,5023.5,1,1,0.7525
53,retired,single,basic.4y,no,yes,no,cellular,jun,mon,107,3,999,0,nonexistent,-2.9,92.963,-40.8,1.281,5076.2,1,1,0.7525
25,student,single,university.degree,no,no,yes,telephone,jun,thu,280,6,999,1,failure,-2.9,92.963,-40.8,1.235,5076.2,1,1,0.7525
35,student,single,high.school,no,no,yes,telephone,may,fri,2680,1,999,0,nonexistent,1.1,93.994,-36.4,4.859,5191.0,1,1,0.7525
64,admin.,married,university.degree,no,no,yes,telephone,apr,thu,766,3,2,1,success,-1.8,93.075,-47.1,1.365,5099.1,1,0,0.7525
30,blue-collar,single,high.school,no,no,no,cellular,nov,mon,250,1,999,0,nonexistent,-3.4,92.649,-30.1,0.714,5017.5,1,1,0.7525
28,blue-collar,single,basic.9y,unknown,no,no,cellular,may,thu,884,3,999,1,failure,-1.8,92.893,-46.2,1.266,5099.1,1,1,0.7525
28,admin.,single,high.school,no,no,no,cellular,jun,mon,491,2,999,0,nonexistent,-2.9,92.963,-40.8,1.26,5076.2,1,1,0.7525
28,blue-collar,single,high.school,no,yes,no,cellular,apr,thu,329,2,999,0,nonexistent,-1.8,93.075,-47.1,1.483,5099.1,1,1,0.7522380020541458
19,student,single,basic.9y,no,yes,no,cellular,mar,fri,126,4,999,0,nonexistent,-1.8,92.843,-50.0,1.64,5099.1,1,1,0.7522250379362672
63,technician,married,professional.course,no,yes,no,cellular,oct,tue,298,1,999,0,nonexistent,-3.4,92.431,-26.9,0.728,5017.5,1,1,0.7522171471927163
29,admin.,single,university.degree,no,no,yes,cellular,jul,thu,582,2,999,0,nonexistent,1.4,93.918,-42.7,4.958,5228.1,1,1,0.7519836032113213
43,blue-collar,married,basic.6y,no,yes,no,cellular,jun,mon,458,6,999,0,nonexistent,-2.9,92.963,-40.8,1.281,5076.2,1,1,0.75
56,technician,married,professional.course,no,yes,yes,cellular,may,mon,333,2,999,0,nonexistent,-1.8,92.893,-46.2,1.354,5099.1,1,1,0.75
61,technician,divorced,professional.course,no,yes,no,cellular,may,mon,268,3,999,0,nonexistent,-1.8,92.893,-46.2,1.354,5099.1,1,1,0.75
34,admin.,married,high.school,no,no,yes,cellular,sep,wed,214,2,999,0,nonexistent,-1.1,94.199,-37.5,0.876,4963.6,0,1,0.75
35,technician,divorced,professional.course,no,no,no,cellular,may,fri,692,3,999,0,nonexistent,-1.8,92.893,-46.2,1.25,5099.1,1,1,0.75
38,technician,single,university.degree,no,yes,no,cellular,jun,mon,737,6,999,0,nonexistent,-1.7,94.055,-39.8,0.754,4991.6,1,1,0.75
43,blue-collar,married,basic.6y,no,yes,no,cellular,jun,mon,131,4,999,1,failure,-2.9,92.963,-40.8,1.281,5076.2,1,1,0.75
60,technician,married,professional.course,no,no,no,cellular,apr,wed,107,2,999,0,nonexistent,-1.8,93.075,-47.1,1.405,5099.1,1,1,0.75
40,services,married,high.school,no,yes,no,telephone,oct,tue,144,1,999,1,failure,-0.1,93.798,-40.4,4.968,5195.8,1,1,0.75
56,technician,divorced,professional.course,no,no,no,cellular,oct,mon,464,1,3,2,success,-1.1,94.601,-49.5,1.0,4963.6,1,0,0.75
38,technician,divorced,high.school,no,no,no,telephone,apr,fri,320,3,6,1,success,-1.8,93.075,-47.1,1.405,5099.1,1,0,0.75
60,retired,married,high.school,no,yes,no,cellular,aug,tue,443,2,999,2,failure,-1.7,94.027,-38.3,0.886,4991.6,1,1,0.75
34,admin.,married,university.degree,no,yes,no,cellular,jul,thu,344,1,999,2,failure,-1.7,94.215,-40.3,0.81,4991.6,1,1,0.75
60,retired,divorced,professional.course,no,yes,no,cellular,apr,thu,968,1,5,2,failure,-1.8,93.075,-47.1,1.365,5099.1,1,0,0.75
30,admin.,married,university.degree,no,yes,yes,cellular,sep,wed,475,5,999,0,nonexistent,-3.4,92.379,-29.8,0.781,5017.5,1,1,0.75
28,services,married,basic.9y,no,yes,no,cellular,oct,fri,847,1,2,1,success,-3.4,92.431,-26.9,0.739,5017.5,1,0,0.75
31,admin.,married,professional.course,no,no,yes,cellular,dec,mon,367,2,999,1,failure,-3.0,92.713,-33.0,0.709,5023.5,1,1,0.75
41,technician,divorced,professional.course,no,no,no,cellular,apr,thu,774,2,999,1,failure,-1.8,93.075,-47.1,1.365,5099.1,1,1,0.75
53,services,married,basic.9y,no,yes,no,cellular,aug,mon,196,2,999,0,nonexistent,-1.7,94.027,-38.3,0.898,4991.6,1,1,0.7498518822130067
45,admin.,married,unknown,no,no,no,cellular,jun,fri,438,2,999,0,nonexistent,-2.9,92.963,-40.8,1.268,5076.2,1,1,0.749716464339909
32,admin.,married,university.degree,no,no,no,cellular,sep,thu,444,1,999,1,failure,-3.4,92.379,-29.8,0.809,5017.5,1,1,0.7497150227617603
35,technician,married,professional.course,no,no,no,cellular,aug,tue,441,1,999,0,nonexistent,-2.9,92.201,-31.4,0.859,5076.2,1,1,0.7496582858228663
53,admin.,single,university.degree,no,no,no,cellular,apr,thu,494,1,2,1,success,-1.8,93.075,-47.1,1.365,5099.1,1,0,0.7491044846331114
28,services,single,basic.6y,no,no,no,cellular,jun,wed,385,2,4,1,success,-2.9,92.963,-40.8,1.26,5076.2,1,0,0.7487356683368396
33,technician,single,university.degree,no,yes,no,cellular,apr,thu,530,1,999,0,nonexistent,-1.8,93.075,-47.1,1.435,5099.1,1,1,0.7479523962372266
50,blue-collar,divorced,professional.course,no,yes,no,telephone,nov,tue,301,2,7,2,success,-1.1,94.767,-50.8,1.049,4963.6,1,0,0.7475
24,blue-collar,single,basic.9y,no,yes,no,cellular,jun,wed,406,2,999,0,nonexistent,-2.9,92.963,-40.8,1.26,5076.2,1,1,0.7475
25,services,single,high.school,no,yes,no,telephone,oct,thu,301,1,999,0,nonexistent,-0.1,93.798,-40.4,4.921,5195.8,1,1,0.7475
33,admin.,married,university.degree,no,yes,no,cellular,sep,thu,272,2,999,0,nonexistent,-1.1,94.199,-37.5,0.878,4963.6,1,1,0.7475
42,technician,married,high.school,no,yes,no,cellular,apr,thu,163,1,999,0,nonexistent,-1.8,93.075,-47.1,1.406,5099.1,1,1,0.7475
27,housemaid,married,high.school,no,yes,no,cellular,mar,fri,378,1,999,0,nonexistent,-1.8,92.843,-50.0,1.531,5099.1,1,1,0.7475
71,retired,married,high.school,no,no,no,cellular,sep,mon,363,1,999,0,nonexistent,-1.1,94.199,-37.5,0.879,4963.6,1,1,0.7475
51,admin.,single,university.degree,no,no,no,cellular,jun,fri,159,2,999,0,nonexistent,-2.9,92.963,-40.8,1.268,5076.2,1,1,0.7475
64,retired,married,professional.course,no,yes,no,cellular,sep,wed,222,2,999,0,nonexistent,-1.1,94.199,-37.5,0.886,4963.6,1,1,0.7475
34,admin.,divorced,high.school,no,no,no,cellular,nov,tue,492,2,6,3,success,-3.4,92.649,-30.1,0.716,5017.5,0,0,0.7475
42,management,married,basic.6y,no,yes,no,telephone,sep,thu,230,3,999,0,nonexistent,-3.4,92.379,-29.8,0.778,5017.5,1,1,0.7475
78,retired,married,basic.4y,no,yes,no,cellular,apr,tue,274,1,999,0,nonexistent,-1.8,93.075,-47.1,1.405,5099.1,1,1,0.7475
21,student,single,unknown,no,no,no,cellular,may,mon,288,5,999,0,nonexistent,-1.8,92.893,-46.2,1.354,5099.1,1,1,0.7475
38,blue-collar,married,basic.4y,unknown,no,no,cellular,jul,tue,690,1,999,0,nonexistent,1.4,93.918,-42.7,4.961,5228.1,1,1,0.7475
35,technician,single,professional.course,no,yes,no,cellular,nov,thu,192,2,999,1,failure,-3.4,92.649,-30.1,0.714,5017.5,1,1,0.7475
32,technician,single,university.degree,no,yes,no,cellular,aug,tue,645,4,999,0,nonexistent,1.4,93.444,-36.1,4.966,5228.1,1,1,0.7475
39,technician,divorced,university.degree,no,no,yes,telephone,oct,mon,2016,1,999,0,nonexistent,-0.1,93.798,-40.4,5.0,5195.8,1,1,0.7475
27,student,single,university.degree,no,no,yes,cellular,nov,mon,118,1,999,0,nonexistent,-3.4,92.649,-30.1,0.715,5017.5,1,1,0.7475
28,admin.,single,basic.9y,no,no,yes,cellular,may,tue,549,1,10,1,success,-1.8,92.893,-46.2,1.291,5099.1,1,0,0.7475
80,retired,divorced,high.school,no,yes,no,cellular,oct,thu,169,1,999,0,nonexistent,-3.4,92.431,-26.9,0.722,5017.5,1,1,0.7475
29,admin.,married,high.school,no,yes,no,cellular,jun,tue,379,2,13,1,success,-1.7,94.055,-39.8,0.723,4991.6,1,0,0.7475
45,services,single,unknown,no,no,no,cellular,apr,fri,345,1,6,1,success,-1.8,93.075,-47.1,1.405,5099.1,1,0,0.747398142272598
22,admin.,single,university.degree,no,no,no,cellular,apr,fri,149,1,999,0,nonexistent,-1.8,93.075,-47.1,1.405,5099.1,1,1,0.7469969428976962
29,admin.,married,university.degree,no,yes,yes,cellular,apr,wed,245,1,999,0,nonexistent,-1.8,93.075,-47.1,1.445,5099.1,1,1,0.7468448389355037
61,admin.,married,university.degree,unknown,yes,no,cellular,jun,wed,1076,2,999,0,nonexistent,-2.9,92.963,-40.8,1.26,5076.2,1,1,0.745
36,self-employed,single,university.degree,no,no,yes,cellular,jun,mon,458,1,4,4,success,-1.7,94.055,-39.8,0.72,4991.6,1,0,0.745
28,admin.,single,university.degree,no,no,no,cellular,mar,thu,125,1,999,0,nonexistent,-1.8,93.369,-34.8,0.643,5008.7,0,1,0.745
28,admin.,single,university.degree,no,no,no,cellular,mar,thu,237,1,999,0,nonexistent,-1.8,93.369,-34.8,0.643,5008.7,1,1,0.745
32,blue-collar,single,basic.9y,no,yes,no,cellular,aug,thu,282,1,999,0,nonexistent,-2.9,92.201,-31.4,0.873,5076.2,1,1,0.745
39,blue-collar,single,basic.9y,no,yes,yes,cellular,may,mon,78,3,3,1,success,-1.8,92.893,-46.2,1.354,5099.1,0,0,0.745
48,management,married,university.degree,no,yes,no,cellular,oct,wed,294,1,999,1,failure,-3.4,92.431,-26.9,0.74,5017.5,1,1,0.745
48,technician,divorced,high.school,no,yes,no,cellular,apr,thu,400,1,999,1,failure,-1.8,93.075,-47.1,1.365,5099.1,1,1,0.745
71,housemaid,married,basic.4y,no,yes,no,cellular,nov,tue,193,2,999,0,nonexistent,-3.4,92.649,-30.1,0.715,5017.5,1,1,0.745
33,services,married,high.school,no,no,yes,cellular,may,mon,600,4,999,0,nonexistent,-1.8,92.893,-46.2,1.244,5099.1,1,1,0.745
23,admin.,single,university.degree,no,unknown,unknown,cellular,mar,thu,308,2,999,1,failure,-1.8,92.843,-50.0,1.757,5099.1,1,1,0.745
70,admin.,married,basic.4y,no,no,no,cellular,sep,tue,1962,1,999,2,failure,-3.4,92.379,-29.8,0.77,5017.5,1,1,0.745
45,self-employed,married,high.school,no,no,no,cellular,may,fri,374,1,999,1,failure,-1.8,93.876,-40.0,0.695,5008.7,1,1,0.745
19,student,single,unknown,no,yes,no,telephone,apr,tue,396,3,999,0,nonexistent,-1.8,93.075,-47.1,1.405,5099.1,1,1,0.7447220789074355
32,services,single,unknown,unknown,no,no,cellular,jul,tue,981,1,999,0,nonexistent,1.4,93.918,-42.7,4.961,5228.1,1,1,0.7446034363816669
31,services,married,basic.9y,no,yes,no,cellular,jul,wed,537,1,999,0,nonexistent,1.4,93.918,-42.7,4.962,5228.1,1,1,0.7444994825588027
28,unemployed,single,high.school,no,no,no,cellular,apr,mon,97,1,999,0,nonexistent,-1.8,93.075,-47.1,1.392,5099.1,1,1,0.7444462063732928
38,management,married,university.degree,no,yes,no,cellular,may,wed,187,2,2,1,success,-1.8,92.893,-46.2,1.27,5099.1,1,0,0.7444442336874052
58,retired,married,basic.4y,no,no,no,cellular,sep,wed,394,1,999,0,nonexistent,-3.4,92.379,-29.8,0.781,5017.5,1,1,0.7443438578201783
73,retired,married,university.degree,no,no,no,cellular,nov,fri,160,1,999,0,nonexistent,-3.4,92.649,-30.1,0.718,5017.5,1,1,0.7440825830919051
29,housemaid,single,high.school,no,no,no,cellular,nov,wed,786,1,999,0,nonexistent,-0.1,93.2,-42.0,4.12,5195.8,1,1,0.7426614708235064
37,admin.,married,high.school,no,no,no,cellular,jun,wed,671,3,999,0,nonexistent,-1.7,94.055,-39.8,0.739,4991.6,1,1,0.7425
27,admin.,single,university.degree,no,yes,no,cellular,jun,fri,266,2,999,1,failure,-1.7,94.055,-39.8,0.748,4991.6,1,1,0.7425
78,retired,married,basic.4y,no,yes,no,cellular,jul,mon,173,2,999,1,failure,-1.7,94.215,-40.3,0.87,4991.6,1,1,0.7425
51,technician,married,professional.course,no,yes,no,cellular,sep,mon,841,2,999,2,failure,-1.1,94.199,-37.5,0.882,4963.6,1,1,0.7425
27,blue-collar,single,high.school,no,yes,no,cellular,oct,tue,209,3,999,1,failure,-1.1,94.601,-49.5,0.982,4963.6,1,1,0.7425
89,retired,divorced,basic.4y,no,yes,no,cellular,sep,tue,314,1,999,0,nonexistent,-1.1,94.199,-37.5,0.881,4963.6,1,1,0.7425
33,admin.,married,high.school,no,yes,no,cellular,sep,thu,202,1,999,0,nonexistent,-1.1,94.199,-37.5,0.879,4963.6,1,1,0.7425
28,admin.,single,high.school,no,no,no,cellular,jun,wed,198,1,999,0,nonexistent,-2.9,92.963,-40.8,1.26,5076.2,1,1,0.7425
27,technician,single,basic.9y,no,no,yes,cellular,may,mon,701,1,12,1,success,-1.8,92.893,-46.2,1.299,5099.1,1,0,0.7425
26,admin.,single,university.degree,no,yes,no,telephone,aug,tue,215,1,999,1,failure,-2.9,92.201,-31.4,0.859,5076.2,1,1,0.7425
52,admin.,married,university.degree,no,no,no,cellular,may,thu,613,1,3,2,success,-1.8,93.876,-40.0,0.677,5008.7,1,0,0.7425
39,management,single,university.degree,no,yes,no,cellular,apr,fri,271,2,999,0,nonexistent,-1.8,93.075,-47.1,1.405,5099.1,1,1,0.7425
73,retired,married,professional.course,no,yes,no,cellular,nov,fri,334,1,999,0,nonexistent,-1.1,94.767,-50.8,1.028,4963.6,1,1,0.7425
31,admin.,married,university.degree,no,yes,no,cellular,aug,fri,353,2,999,0,nonexistent,-2.9,92.201,-31.4,0.881,5076.2,1,1,0.7425
37,admin.,married,professional.course,no,yes,yes,cellular,apr,thu,700,5,999,0,nonexistent,-1.8,93.075,-47.1,1.41,5099.1,1,1,0.7425
36,management,married,basic.6y,no,yes,yes,cellular,aug,thu,354,3,999,0,nonexistent,-2.9,92.201,-31.4,0.873,5076.2,1,1,0.7425
59,management,married,university.degree,no,no,no,telephone,may,mon,340,8,999,0,nonexistent,-1.8,92.893,-46.2,1.354,5099.1,1,1,0.7425
32,admin.,single,university.degree,no,yes,no,telephone,nov,fri,2184,2,999,1,failure,-3.4,92.649,-30.1,0.714,5017.5,1,1,0.7425
56,blue-collar,married,basic.4y,no,yes,no,cellular,mar,fri,283,1,999,0,nonexistent,-1.8,92.843,-50.0,1.531,5099.1,1,1,0.7423788634454739
51,management,married,high.school,no,yes,yes,cellular,aug,fri,228,4,999,0,nonexistent,-2.9,92.201,-31.4,0.849,5076.2,1,1,0.7422172989377844
20,student,single,high.school,no,no,yes,cellular,aug,wed,254,1,999,0,nonexistent,-2.9,92.201,-31.4,0.884,5076.2,1,1,0.7422166919575113
30,admin.,single,university.degree,no,yes,no,cellular,apr,tue,321,1,999,0,nonexistent,-1.8,93.749,-34.6,0.646,5008.7,1,1,0.742212215477997
35,admin.,single,university.degree,no,yes,no,telephone,aug,thu,338,1,999,0,nonexistent,-2.9,92.201,-31.4,0.883,5076.2,1,1,0.7418068131215674
35,management,married,university.degree,no,yes,yes,cellular,apr,thu,435,1,999,0,nonexistent,-1.8,93.075,-47.1,1.365,5099.1,1,1,0.7416449924127465
35,admin.,married,university.degree,no,no,no,cellular,jul,wed,695,2,999,0,nonexistent,1.4,93.918,-42.7,4.963,5228.1,1,1,0.7414528773238466
34,unemployed,married,high.school,no,yes,no,cellular,nov,thu,562,2,999,0,nonexistent,-0.1,93.2,-42.0,4.076,5195.8,1,1,0.7406456646474976
18,student,single,basic.9y,no,no,no,cellular,dec,thu,412,2,999,0,nonexistent,-3.0,92.713,-33.0,0.712,5023.5,1,1,0.7401084611622855
53,housemaid,married,high.school,no,no,yes,cellular,jun,thu,147,1,999,2,failure,-2.9,92.963,-40.8,1.26,5076.2,1,1,0.74
45,unknown,married,unknown,no,no,no,telephone,nov,wed,169,1,999,0,nonexistent,-0.1,93.2,-42.0,4.663,5195.8,1,1,0.74
59,housemaid,married,professional.course,no,no,no,cellular,may,mon,675,2,999,0,nonexistent,-1.8,92.893,-46.2,1.354,5099.1,1,1,0.74
67,admin.,married,basic.4y,unknown,no,no,cellular,jun,tue,466,1,999,0,nonexistent,-2.9,92.963,-40.8,1.262,5076.2,1,1,0.74
49,admin.,married,university.degree,no,yes,yes,cellular,apr,tue,218,2,999,3,failure,-1.8,93.749,-34.6,0.644,5008.7,1,1,0.74
29,student,single,unknown,no,yes,no,cellular,apr,fri,170,5,999,0,nonexistent,-1.8,93.075,-47.1,1.405,5099.1,1,1,0.74
48,technician,married,university.degree,no,yes,yes,cellular,oct,tue,337,2,999,0,nonexistent,-1.1,94.601,-49.5,1.008,4963.6,1,1,0.74
34,admin.,single,high.school,no,no,no,cellular,jun,fri,548,2,999,0,nonexistent,-2.9,92.963,-40.8,1.268,5076.2,1,1,0.74
44,technician,married,professional.course,no,no,no,cellular,nov,fri,442,1,999,0,nonexistent,-1.1,94.767,-50.8,1.028,4963.6,1,1,0.74
28,technician,single,professional.course,no,yes,no,cellular,aug,thu,78,3,999,0,nonexistent,-2.9,92.201,-31.4,0.851,5076.2,1,1,0.74
31,technician,single,university.degree,no,yes,no,telephone,mar,fri,228,2,999,0,nonexistent,-1.8,92.843,-50.0,1.531,5099.1,1,1,0.74
33,admin.,single,high.school,no,no,no,cellular,oct,mon,87,1,999,0,nonexistent,-3.4,92.431,-26.9,0.731,5017.5,0,1,0.74
26,admin.,single,university.degree,no,yes,no,cellular,jul,wed,226,2,999,0,nonexistent,-2.9,92.469,-33.6,0.979,5076.2,0,1,0.74
36,unemployed,married,university.degree,unknown,unknown,unknown,cellular,mar,fri,95,2,999,1,failure,-1.8,92.843,-50.0,1.531,5099.1,1,1,0.74
58,admin.,married,university.degree,no,yes,yes,cellular,may,mon,353,2,999,0,nonexistent,-1.8,92.893,-46.2,1.354,5099.1,1,1,0.74
46,technician,married,professional.course,no,yes,no,cellular,aug,fri,182,6,999,1,failure,-2.9,92.201,-31.4,0.869,5076.2,1,1,0.74
59,technician,married,basic.9y,no,no,no,cellular,oct,fri,445,1,999,0,nonexistent,-3.4,92.431,-26.9,0.72,5017.5,1,1,0.74
59,admin.,married,university.degree,unknown,yes,no,cellular,jun,fri,1543,1,999,0,nonexistent,-2.9,92.963,-40.8,1.268,5076.2,1,1,0.74
66,retired,married,basic.4y,no,yes,no,cellular,apr,wed,512,11,999,0,nonexistent,-1.8,93.075,-47.1,1.415,5099.1,1,1,0.74
26,technician,single,university.degree,no,no,no,cellular,sep,fri,374,1,999,0,nonexistent,-1.1,94.199,-37.5,0.879,4963.6,1,1,0.74
58,unknown,married,basic.9y,no,yes,no,cellular,dec,thu,154,1,999,1,failure,-3.0,92.713,-33.0,0.72,5023.5,1,1,0.74
60,retired,married,university.degree,no,no,no,cellular,sep,thu,799,2,999,0,nonexistent,-1.1,94.199,-37.5,0.884,4963.6,1,1,0.74
61,blue-collar,married,professional.course,no,yes,no,cellular,oct,thu,246,2,999,0,nonexistent,-1.1,94.601,-49.5,0.987,4963.6,1,1,0.74
42,admin.,married,professional.course,no,yes,no,cellular,may,mon,458,3,9,2,failure,-1.8,92.893,-46.2,1.354,5099.1,1,0,0.74
98,retired,married,basic.4y,unknown,yes,no,cellular,oct,fri,272,2,999,0,nonexistent,-3.4,92.431,-26.9,0.73,5017.5,1,1,0.74
33,admin.,single,high.school,no,no,no,cellular,oct,mon,251,1,999,0,nonexistent,-3.4,92.431,-26.9,0.731,5017.5,1,1,0.74
74,retired,married,university.degree,no,yes,no,cellular,aug,wed,239,2,999,1,failure,-2.9,92.201,-31.4,0.879,5076.2,1,1,0.74
34,admin.,single,high.school,no,no,no,cellular,jul,wed,346,1,999,1,failure,-1.7,94.215,-40.3,0.802,4991.6,1,1,0.74
28,services,married,basic.9y,no,yes,no,telephone,oct,fri,186,1,999,1,failure,-3.4,92.431,-26.9,0.739,5017.5,1,1,0.74
45,admin.,married,university.degree,no,yes,yes,cellular,apr,thu,317,5,999,0,nonexistent,-1.8,93.075,-47.1,1.435,5099.1,1,1,0.74
47,technician,divorced,high.school,no,yes,no,cellular,nov,mon,182,1,999,1,failure,-3.4,92.649,-30.1,0.722,5017.5,1,1,0.74
35,blue-collar,married,basic.4y,no,no,no,telephone,mar,mon,433,3,999,1,failure,-1.8,93.369,-34.8,0.635,5008.7,1,1,0.74
21,unemployed,single,high.school,no,yes,no,cellular,jul,fri,203,1,999,0,nonexistent,-2.9,92.469,-33.6,1.059,5076.2,1,1,0.74
66,retired,divorced,basic.4y,no,yes,no,cellular,apr,wed,476,1,999,0,nonexistent,-1.8,93.749,-34.6,0.642,5008.7,1,1,0.7397144157814871
41,services,married,high.school,no,no,no,cellular,mar,wed,396,2,999,0,nonexistent,-1.8,92.843,-50.0,1.778,5099.1,1,1,0.7396064765426011
26,student,single,university.degree,no,no,yes,cellular,apr,thu,551,2,999,0,nonexistent,-1.8,93.075,-47.1,1.41,5099.1,1,1,0.7380210629982877
76,retired,divorced,basic.4y,no,no,no,cellular,aug,tue,185,1,999,1,failure,-1.7,94.027,-38.3,0.886,4991.6,1,1,0.7375
26,admin.,single,university.degree,no,no,no,cellular,aug,tue,221,1,15,1,success,-2.9,92.201,-31.4,0.883,5076.2,1,0,0.7375
59,admin.,married,unknown,no,no,yes,cellular,sep,mon,295,4,999,1,failure,-3.4,92.379,-29.8,0.797,5017.5,1,1,0.7375
37,services,single,high.school,no,yes,no,cellular,apr,wed,165,1,999,0,nonexistent,-1.8,93.075,-47.1,1.405,5099.1,1,1,0.7375
78,retired,married,professional.course,no,no,no,cellular,nov,fri,319,2,999,1,failure,-3.4,92.649,-30.1,0.718,5017.5,1,1,0.7375
33,admin.,married,high.school,no,no,no,telephone,jul,tue,257,1,999,0,nonexistent,-2.9,92.469,-33.6,1.044,5076.2,1,1,0.7375
42,self-employed,married,university.degree,no,no,no,cellular,apr,tue,133,2,999,0,nonexistent,-1.8,93.075,-47.1,1.423,5099.1,1,1,0.7375
29,admin.,married,high.school,no,no,no,cellular,jun,mon,155,1,999,1,failure,-2.9,92.963,-40.8,1.26,5076.2,1,1,0.7375
63,admin.,married,university.degree,no,yes,no,cellular,oct,thu,174,2,6,1,success,-1.1,94.601,-49.5,0.987,4963.6,0,0,0.7375
52,admin.,married,professional.course,no,no,no,cellular,sep,wed,953,2,999,0,nonexistent,-1.1,94.199,-37.5,0.876,4963.6,1,1,0.7375
46,admin.,married,university.degree,no,no,no,telephone,may,thu,351,3,999,0,nonexistent,-1.8,93.876,-40.0,0.692,5008.7,1,1,0.7375
38,technician,married,university.degree,no,no,no,cellular,dec,wed,415,1,999,2,failure,-3.0,92.713,-33.0,0.721,5023.5,1,1,0.7375
35,technician,married,university.degree,no,unknown,unknown,cellular,aug,thu,1579,2,999,0,nonexistent,1.4,93.444,-36.1,4.964,5228.1,1,1,0.7375
55,retired,married,high.school,no,yes,yes,cellular,jun,fri,186,2,999,0,nonexistent,-2.9,92.963,-40.8,1.268,5076.2,1,1,0.7375
59,unemployed,married,basic.9y,no,yes,no,cellular,mar,mon,254,2,999,0,nonexistent,-1.8,93.369,-34.8,0.639,5008.7,1,1,0.7375
29,technician,married,professional.course,no,no,no,cellular,may,fri,538,2,999,2,failure,-1.8,93.876,-40.0,0.699,5008.7,1,1,0.7375
30,blue-collar,married,basic.9y,no,no,no,telephone,nov,tue,465,1,999,0,nonexistent,-0.1,93.2,-42.0,4.7,5195.8,1,1,0.7375
33,unemployed,single,unknown,no,yes,no,cellular,sep,fri,224,2,999,1,failure,-1.1,94.199,-37.5,0.879,4963.6,1,1,0.7375
53,technician,married,professional.course,no,no,no,cellular,may,mon,206,3,999,0,nonexistent,-1.8,92.893,-46.2,1.354,5099.1,1,1,0.7375
37,admin.,married,high.school,no,no,no,telephone,apr,tue,426,2,999,0,nonexistent,-1.8,93.749,-34.6,0.646,5008.7,1,1,0.7375
54,blue-collar,married,basic.9y,no,no,no,cellular,jun,fri,258,2,999,0,nonexistent,-2.9,92.963,-40.8,1.268,5076.2,1,1,0.737216464339909
34,technician,married,professional.course,no,yes,yes,telephone,sep,tue,376,2,999,0,nonexistent,-3.4,92.379,-29.8,0.788,5017.5,1,1,0.7372105462822458
69,retired,divorced,professional.course,no,no,no,cellular,oct,tue,144,1,999,0,nonexistent,-3.4,92.431,-26.9,0.744,5017.5,1,1,0.7372096485621918
24,student,single,unknown,no,yes,no,cellular,oct,fri,460,1,999,0,nonexistent,-3.4,92.431,-26.9,0.73,5017.5,1,1,0.7369915485278081
47,entrepreneur,married,university.degree,no,yes,no,cellular,aug,tue,641,2,999,0,nonexistent,1.4,93.444,-36.1,4.968,5228.1,1,1,0.7369376327769348
34,technician,single,university.degree,no,no,no,cellular,mar,mon,180,2,999,0,nonexistent,-1.8,92.843,-50.0,1.52,5099.1,1,1,0.7368194182233704
36,technician,married,professional.course,unknown,no,no,cellular,oct,thu,667,1,999,0,nonexistent,-3.4,92.431,-26.9,0.741,5017.5,1,1,0.7367734735750127
25,admin.,single,university.degree,no,yes,yes,cellular,jun,tue,431,3,4,1,success,-2.9,92.963,-40.8,1.286,5076.2,0,0,0.7365195814337087
27,services,single,high.school,no,yes,no,cellular,apr,tue,204,1,999,0,nonexistent,-1.8,93.075,-47.1,1.405,5099.1,1,1,0.7365135997132956
25,admin.,single,university.degree,no,no,yes,cellular,apr,mon,120,1,999,0,nonexistent,-1.8,93.075,-47.1,1.405,5099.1,1,1,0.7361253822661739
39,admin.,single,high.school,no,yes,no,cellular,oct,tue,386,1,999,0,nonexistent,-3.4,92.431,-26.9,0.737,5017.5,1,1,0.735625486788883
31,admin.,single,high.school,no,no,no,cellular,may,wed,439,1,3,1,success,-1.8,92.893,-46.2,1.27,5099.1,1,0,0.7356065048535538
41,admin.,divorced,university.degree,no,no,no,cellular,jul,mon,128,2,999,0,nonexistent,-1.7,94.215,-40.3,0.793,4991.6,1,1,0.735
30,admin.,single,university.degree,no,yes,yes,telephone,apr,thu,874,2,999,0,nonexistent,-1.8,93.075,-47.1,1.365,5099.1,1,1,0.735
47,blue-collar,married,professional.course,no,yes,no,cellular,jul,fri,175,1,999,0,nonexistent,-2.9,92.469,-33.6,1.059,5076.2,1,1,0.735
56,housemaid,divorced,basic.4y,no,yes,no,cellular,nov,wed,414,1,999,1,failure,-3.4,92.649,-30.1,0.716,5017.5,1,1,0.735
61,retired,married,basic.4y,no,yes,no,cellular,nov,wed,234,1,999,0,nonexistent,-3.4,92.649,-30.1,0.716,5017.5,1,1,0.735
58,admin.,married,university.degree,no,no,no,cellular,nov,fri,850,1,999,0,nonexistent,-0.1,93.2,-42.0,4.021,5195.8,1,1,0.735
27,admin.,single,university.degree,no,yes,no,cellular,apr,fri,156,2,999,0,nonexistent,-1.8,93.075,-47.1,1.405,5099.1,1,1,0.735
26,admin.,single,university.degree,no,no,no,cellular,jul,fri,196,1,9,3,failure,-1.7,94.215,-40.3,0.885,4991.6,1,0,0.735
23,admin.,single,university.degree,no,no,no,cellular,sep,thu,270,3,999,1,failure,-1.1,94.199,-37.5,0.879,4963.6,1,1,0.735
37,technician,single,university.degree,no,yes,no,cellular,aug,tue,481,2,999,4,failure,-1.7,94.027,-38.3,0.899,4991.6,1,1,0.735
36,self-employed,married,basic.9y,unknown,yes,yes,cellular,aug,thu,593,2,999,0,nonexistent,1.4,93.444,-36.1,4.964,5228.1,1,1,0.735
41,self-employed,married,university.degree,no,unknown,unknown,telephone,dec,wed,595,1,999,0,nonexistent,-3.0,92.713,-33.0,0.715,5023.5,1,1,0.735
48,unemployed,married,university.degree,no,yes,no,cellular,mar,tue,279,1,999,2,failure,-1.8,93.369,-34.8,0.646,5008.7,1,1,0.735
36,technician,married,professional.course,no,yes,no,cellular,may,wed,731,1,10,1,success,-1.8,92.893,-46.2,1.334,5099.1,1,0,0.735
24,services,single,high.school,no,yes,no,cellular,apr,wed,209,1,999,0,nonexistent,-1.8,93.075,-47.1,1.445,5099.1,1,1,0.735
31,student,single,unknown,no,no,no,cellular,may,thu,243,2,999,1,failure,-1.8,93.876,-40.0,0.677,5008.7,1,1,0.735
24,unknown,single,university.degree,no,no,no,cellular,jun,tue,263,1,999,1,failure,-2.9,92.963,-40.8,1.262,5076.2,1,1,0.735
73,retired,married,basic.4y,no,no,no,cellular,aug,mon,348,1,999,0,nonexistent,-2.9,92.201,-31.4,0.861,5076.2,1,1,0.735
27,self-employed,married,professional.course,no,no,no,telephone,nov,wed,669,1,999,0,nonexistent,-0.1,93.2,-42.0,4.663,5195.8,1,1,0.735
45,admin.,divorced,university.degree,no,no,yes,cellular,jun,wed,79,1,3,2,success,-1.7,94.055,-39.8,0.739,4991.6,0,0,0.735
33,blue-collar,single,basic.9y,unknown,no,no,cellular,may,thu,1075,1,999,1,failure,-1.8,92.893,-46.2,1.266,5099.1,1,1,0.735
50,blue-collar,divorced,professional.course,no,yes,no,cellular,nov,mon,742,1,999,0,nonexistent,-1.1,94.767,-50.8,1.05,4963.6,1,1,0.735
42,unemployed,married,unknown,no,yes,yes,cellular,aug,thu,250,4,4,2,success,-2.9,92.201,-31.4,0.883,5076.2,1,0,0.735
24,technician,single,professional.course,no,yes,no,cellular,sep,fri,1042,5,999,3,failure,-1.1,94.199,-37.5,0.878,4963.6,1,1,0.735
65,management,married,university.degree,no,no,no,telephone,may,mon,1076,3,6,1,success,-1.8,92.893,-46.2,1.354,5099.1,1,0,0.735
18,student,single,basic.9y,no,yes,no,cellular,aug,tue,642,1,999,0,nonexistent,-2.9,92.201,-31.4,0.884,5076.2,1,1,0.7346140391084022
33,unemployed,married,high.school,no,yes,yes,cellular,oct,tue,301,2,999,0,nonexistent,-3.4,92.431,-26.9,0.742,5017.5,1,1,0.7344360394537177
34,admin.,single,university.degree,no,no,no,cellular,apr,tue,142,1,999,0,nonexistent,-1.8,93.075,-47.1,1.423,5099.1,1,1,0.7330691681767327
35,management,divorced,university.degree,no,no,no,cellular,aug,mon,472,3,999,0,nonexistent,1.4,93.444,-36.1,4.965,5228.1,1,1,0.7325
80,retired,married,basic.4y,no,yes,no,cellular,mar,thu,156,1,999,0,nonexistent,-1.8,93.369,-34.8,0.635,5008.7,1,1,0.7325
24,admin.,single,university.degree,no,yes,yes,telephone,oct,thu,97,1,999,0,nonexistent,-3.4,92.431,-26.9,0.733,5017.5,1,1,0.7325
39,technician,married,university.degree,no,no,yes,cellular,jun,tue,434,2,999,1,failure,-1.7,94.055,-39.8,0.702,4991.6,1,1,0.7325
56,management,married,university.degree,no,unknown,unknown,cellular,nov,tue,289,1,999,0,nonexistent,-3.4,92.649,-30.1,0.72,5017.5,1,1,0.7325
33,services,married,high.school,no,yes,no,cellular,aug,wed,417,1,999,0,nonexistent,-2.9,92.201,-31.4,0.879,5076.2,1,1,0.7325
57,management,married,unknown,no,no,no,cellular,jun,mon,112,1,999,0,nonexistent,-2.9,92.963,-40.8,1.26,5076.2,1,1,0.7325
31,admin.,divorced,university.degree,no,yes,yes,cellular,mar,mon,174,2,999,1,failure,-1.8,92.843,-50.0,1.56,5099.1,1,1,0.7325
66,retired,unknown,basic.9y,no,yes,no,cellular,aug,wed,810,3,999,2,failure,-2.9,92.201,-31.4,0.879,5076.2,1,1,0.7325
28,admin.,single,university.degree,no,yes,no,cellular,aug,mon,343,2,999,1,failure,-2.9,92.201,-31.4,0.861,5076.2,1,1,0.7325
49,management,married,university.degree,no,yes,no,cellular,jun,mon,339,1,999,0,nonexistent,-2.9,92.963,-40.8,1.266,5076.2,1,1,0.7325
57,retired,married,basic.4y,no,yes,yes,telephone,apr,tue,1348,4,999,0,nonexistent,-1.8,93.075,-47.1,1.405,5099.1,1,1,0.7325
59,retired,married,basic.4y,no,yes,no,cellular,sep,tue,458,1,999,0,nonexistent,-3.4,92.379,-29.8,0.77,5017.5,1,1,0.7325
46,unemployed,married,basic.9y,no,no,no,cellular,jun,tue,294,1,999,0,nonexistent,-2.9,92.963,-40.8,1.262,5076.2,1,1,0.7325
46,admin.,married,basic.6y,no,no,no,cellular,apr,thu,278,1,999,0,nonexistent,-1.8,93.075,-47.1,1.365,5099.1,1,1,0.7325
38,unemployed,single,high.school,no,yes,no,cellular,aug,mon,712,2,999,0,nonexistent,-2.9,92.201,-31.4,0.843,5076.2,1,1,0.7325
33,admin.,married,university.degree,no,yes,no,cellular,apr,wed,355,1,999,0,nonexistent,-1.8,93.075,-47.1,1.415,5099.1,1,1,0.7325
36,management,married,basic.6y,no,yes,no,cellular,oct,tue,332,1,999,1,failure,-3.4,92.431,-26.9,0.737,5017.5,1,1,0.7325
71,retired,married,basic.4y,no,yes,no,cellular,aug,fri,125,1,999,0,nonexistent,-2.9,92.201,-31.4,0.869,5076.2,1,1,0.7325
26,admin.,married,high.school,no,yes,no,cellular,oct,mon,703,1,999,0,nonexistent,-3.4,92.431,-26.9,0.731,5017.5,1,1,0.7323960684622296
30,blue-collar,married,basic.4y,no,yes,no,cellular,apr,thu,179,1,999,0,nonexistent,-1.8,93.075,-47.1,1.435,5099.1,1,1,0.7322166919575114
65,management,married,unknown,no,no,no,cellular,dec,wed,456,2,9,1,success,-3.0,92.713,-33.0,0.715,5023.5,1,0,0.7319213201820941
55,retired,married,basic.4y,no,yes,no,cellular,apr,mon,158,1,999,0,nonexistent,-1.8,93.075,-47.1,1.466,5099.1,1,1,0.7318000222156398
30,admin.,married,university.degree,no,yes,yes,cellular,apr,tue,111,1,999,0,nonexistent,-1.8,93.075,-47.1,1.423,5099.1,1,1,0.7315670282809472
28,admin.,single,university.degree,no,yes,no,cellular,apr,tue,295,5,999,0,nonexistent,-1.8,93.075,-47.1,1.423,5099.1,1,1,0.7307785594299293
38,self-employed,married,basic.9y,unknown,no,no,cellular,aug,fri,1329,1,999,0,nonexistent,1.4,93.444,-36.1,4.964,5228.1,1,1,0.7301997134056089
27,services,single,university.degree,no,yes,no,cellular,mar,fri,229,3,999,1,failure,-1.8,93.369,-34.8,0.649,5008.7,1,1,0.73
36,admin.,single,university.degree,no,yes,no,cellular,sep,fri,100,2,999,0,nonexistent,-3.4,92.379,-29.8,0.773,5017.5,1,1,0.73
31,admin.,married,university.degree,no,yes,no,cellular,sep,thu,193,1,999,0,nonexistent,-1.1,94.199,-37.5,0.879,4963.6,1,1,0.73
26,admin.,married,university.degree,no,yes,no,cellular,mar,mon,154,1,999,0,nonexistent,-1.8,92.843,-50.0,1.811,5099.1,1,1,0.73
74,retired,married,university.degree,no,yes,yes,cellular,aug,wed,232,3,999,0,nonexistent,-2.9,92.201,-31.4,0.854,5076.2,1,1,0.73
32,technician,married,professional.course,no,no,no,cellular,apr,mon,688,2,999,0,nonexistent,-1.8,93.749,-34.6,0.645,5008.7,1,1,0.73
50,unemployed,married,high.school,no,no,no,telephone,may,tue,353,3,999,0,nonexistent,-1.8,93.876,-40.0,0.688,5008.7,1,1,0.73
35,unemployed,married,university.degree,no,no,no,cellular,oct,thu,360,5,999,0,nonexistent,-3.4,92.431,-26.9,0.733,5017.5,1,1,0.73
73,retired,married,basic.4y,no,unknown,unknown,cellular,aug,mon,160,3,999,1,failure,-2.9,92.201,-31.4,0.821,5076.2,1,1,0.73
40,admin.,married,university.degree,no,no,yes,cellular,apr,thu,499,1,999,0,nonexistent,-1.8,93.075,-47.1,1.365,5099.1,1,1,0.73
39,technician,married,basic.9y,no,yes,no,cellular,apr,thu,620,1,999,0,nonexistent,-1.8,93.075,-47.1,1.365,5099.1,1,1,0.73
35,technician,married,professional.course,no,no,no,telephone,jun,wed,1528,2,999,0,nonexistent,1.4,94.465,-41.8,4.962,5228.1,1,1,0.73
32,technician,single,professional.course,no,no,no,cellular,aug,fri,87,1,999,0,nonexistent,-2.9,92.201,-31.4,0.881,5076.2,1,1,0.73
28,technician,single,high.school,no,yes,yes,cellular,may,thu,609,1,11,1,success,-1.8,92.893,-46.2,1.327,5099.1,1,0,0.73
79,retired,married,basic.4y,no,no,yes,cellular,jul,fri,464,1,999,1,failure,-1.7,94.215,-40.3,0.822,4991.6,1,1,0.73
36,management,married,university.degree,no,no,no,cellular,jun,tue,265,1,999,1,failure,-1.7,94.055,-39.8,0.761,4991.6,1,1,0.73
28,admin.,single,high.school,no,no,no,telephone,oct,wed,958,1,999,0,nonexistent,-3.4,92.431,-26.9,0.742,5017.5,1,1,0.73
31,management,married,university.degree,no,yes,no,cellular,nov,mon,188,1,999,0,nonexistent,-1.1,94.767,-50.8,1.05,4963.6,1,1,0.73
25,student,single,high.school,no,yes,no,cellular,sep,thu,574,3,999,0,nonexistent,-1.1,94.199,-37.5,0.879,4963.6,1,1,0.73
38,management,married,university.degree,no,no,no,cellular,jul,tue,486,5,999,0,nonexistent,-2.9,92.469,-33.6,0.908,5076.2,1,1,0.73
39,admin.,married,high.school,no,no,no,cellular,may,mon,1063,5,999,0,nonexistent,-1.8,92.893,-46.2,1.354,5099.1,1,1,0.7297187405159332
64,management,married,university.degree,no,no,no,cellular,jun,tue,205,1,999,0,nonexistent,-2.9,92.963,-40.8,1.099,5076.2,1,1,0.7294399848254932
30,technician,single,university.degree,no,yes,no,cellular,jun,fri,166,2,999,0,nonexistent,-2.9,92.963,-40.8,1.268,5076.2,1,1,0.7293166757669016
26,student,single,basic.9y,no,yes,no,telephone,oct,tue,1003,3,999,0,nonexistent,-3.4,92.431,-26.9,0.742,5017.5,1,1,0.7292018720841146
38,housemaid,divorced,university.degree,no,no,no,cellular,nov,wed,403,2,999,0,nonexistent,-1.1,94.767,-50.8,1.03,4963.6,1,1,0.7275
61,retired,married,basic.4y,no,yes,yes,cellular,aug,fri,374,1,999,0,nonexistent,-2.9,92.201,-31.4,0.849,5076.2,1,1,0.7275
38,admin.,married,university.degree,no,no,no,telephone,nov,thu,411,4,999,0,nonexistent,-3.4,92.649,-30.1,0.714,5017.5,1,1,0.7275
32,self-employed,single,university.degree,no,yes,no,cellular,dec,mon,205,4,999,1,failure,-3.0,92.713,-33.0,0.706,5023.5,1,1,0.7275
32,entrepreneur,married,basic.4y,no,yes,no,cellular,jun,tue,183,2,999,1,failure,-2.9,92.963,-40.8,1.286,5076.2,1,1,0.7275
34,blue-collar,married,basic.9y,unknown,yes,no,telephone,apr,mon,1353,2,5,1,success,-1.8,93.075,-47.1,1.466,5099.1,1,0,0.7275
25,admin.,single,university.degree,no,yes,no,cellular,sep,thu,420,1,1,1,success,-3.4,92.379,-29.8,0.809,5017.5,0,0,0.7275
39,entrepreneur,married,basic.6y,no,yes,no,cellular,sep,tue,531,2,999,0,nonexistent,-3.4,92.379,-29.8,0.819,5017.5,1,1,0.7275
26,admin.,single,university.degree,no,yes,no,telephone,dec,wed,395,1,999,0,nonexistent,-3.0,92.713,-33.0,0.715,5023.5,1,1,0.7275
34,admin.,divorced,university.degree,no,yes,no,telephone,jul,thu,332,3,999,1,failure,-1.7,94.215,-40.3,0.899,4991.6,1,1,0.7275
24,admin.,single,university.degree,no,no,no,cellular,aug,fri,744,1,999,2,failure,-1.7,94.027,-38.3,0.905,4991.6,1,1,0.7275
28,student,single,university.degree,no,unknown,unknown,cellular,may,fri,1027,2,999,0,nonexistent,-1.8,93.876,-40.0,0.695,5008.7,1,1,0.7275
77,retired,married,university.degree,no,yes,no,telephone,may,wed,372,1,3,4,success,-1.8,93.876,-40.0,0.682,5008.7,1,0,0.7275
36,services,married,high.school,no,no,no,telephone,jul,wed,276,2,999,0,nonexistent,-1.7,94.215,-40.3,0.802,4991.6,1,1,0.7275
35,blue-collar,single,professional.course,no,yes,no,cellular,jun,mon,264,1,999,0,nonexistent,-2.9,92.963,-40.8,1.266,5076.2,1,1,0.7275
51,housemaid,married,unknown,no,yes,yes,cellular,aug,fri,268,1,999,0,nonexistent,-2.9,92.201,-31.4,0.881,5076.2,1,1,0.7275
63,management,married,basic.4y,unknown,yes,no,cellular,nov,tue,131,4,999,2,failure,-3.4,92.649,-30.1,0.715,5017.5,1,1,0.7275
58,technician,married,professional.course,no,yes,no,cellular,aug,tue,89,2,999,0,nonexistent,-2.9,92.201,-31.4,0.883,5076.2,1,1,0.727255338459543
25,unknown,single,university.degree,no,yes,no,telephone,apr,thu,712,2,999,0,nonexistent,-1.8,93.075,-47.1,1.365,5099.1,1,1,0.7272220789074355
38,technician,married,university.degree,no,no,no,cellular,jun,wed,539,1,999,0,nonexistent,-2.9,92.963,-40.8,1.26,5076.2,1,1,0.7271635190407986
51,self-employed,single,basic.9y,no,yes,no,cellular,nov,thu,104,1,999,0,nonexistent,-3.4,92.649,-30.1,0.714,5017.5,1,1,0.727096093379851
24,student,single,professional.course,no,yes,no,cellular,apr,thu,413,1,999,0,nonexistent,-1.8,93.075,-47.1,1.365,5099.1,1,1,0.727072035724618
30,management,married,university.degree,no,no,no,cellular,mar,mon,116,1,999,0,nonexistent,-1.8,92.843,-50.0,1.811,5099.1,1,1,0.7269817736670293
22,technician,single,unknown,no,no,no,cellular,may,tue,192,1,3,1,success,-1.8,92.893,-46.2,1.266,5099.1,1,0,0.7269378603945371
27,admin.,single,high.school,no,no,no,telephone,aug,wed,415,3,999,0,nonexistent,-2.9,92.201,-31.4,0.834,5076.2,1,1,0.7268600027152672
49,admin.,married,basic.6y,no,yes,no,cellular,apr,wed,805,2,999,1,failure,-1.8,93.075,-47.1,1.498,5099.1,1,1,0.7264055775841731
61,entrepreneur,married,university.degree,unknown,yes,no,cellular,aug,tue,651,1,999,0,nonexistent,-2.9,92.201,-31.4,0.883,5076.2,1,1,0.7263591913857518
44,retired,single,high.school,no,no,no,cellular,aug,mon,2035,4,999,0,nonexistent,-1.7,94.027,-38.3,0.896,4991.6,1,1,0.725
66,unemployed,single,basic.4y,no,yes,no,cellular,apr,thu,416,1,999,0,nonexistent,-1.8,93.075,-47.1,1.365,5099.1,1,1,0.725
29,student,single,high.school,no,yes,no,cellular,jul,thu,253,2,999,0,nonexistent,-2.9,92.469,-33.6,1.018,5076.2,1,1,0.725
39,management,married,university.degree,unknown,yes,no,cellular,jul,mon,908,3,999,0,nonexistent,1.4,93.918,-42.7,4.96,5228.1,1,1,0.725
29,self-employed,married,university.degree,no,yes,no,cellular,mar,wed,95,4,999,0,nonexistent,-1.8,92.843,-50.0,1.663,5099.1,1,1,0.725
29,admin.,married,university.degree,no,yes,no,cellular,apr,wed,350,2,999,0,nonexistent,-1.8,93.075,-47.1,1.445,5099.1,1,1,0.725
25,admin.,single,university.degree,no,yes,yes,cellular,oct,fri,115,1,999,1,failure,-3.4,92.431,-26.9,0.739,5017.5,1,1,0.725
39,admin.,married,university.degree,no,no,no,cellular,jul,fri,743,13,999,0,nonexistent,1.4,93.918,-42.7,4.962,5228.1,1,1,0.725
33,admin.,single,university.degree,no,yes,no,cellular,oct,fri,233,1,999,0,nonexistent,-3.4,92.431,-26.9,0.739,5017.5,1,1,0.725
29,technician,single,university.degree,no,no,no,cellular,jul,fri,1007,6,999,0,nonexistent,-2.9,92.469,-33.6,1.059,5076.2,1,1,0.725
30,admin.,single,university.degree,no,no,no,cellular,sep,mon,199,6,999,0,nonexistent,-3.4,92.379,-29.8,0.797,5017.5,1,1,0.725
28,student,single,high.school,no,yes,no,cellular,jun,wed,296,4,999,0,nonexistent,-2.9,92.963,-40.8,1.26,5076.2,1,1,0.725
36,admin.,divorced,university.degree,no,yes,no,cellular,aug,mon,146,2,999,2,failure,-2.9,92.201,-31.4,0.884,5076.2,1,1,0.725
31,technician,married,professional.course,no,no,yes,cellular,jul,thu,487,1,999,0,nonexistent,1.4,93.918,-42.7,4.963,5228.1,1,1,0.725
68,retired,married,professional.course,no,no,yes,cellular,may,thu,420,1,999,1,failure,-1.8,93.876,-40.0,0.692,5008.7,1,1,0.725
27,admin.,single,professional.course,no,no,no,cellular,jul,tue,803,2,999,0,nonexistent,1.4,93.918,-42.7,4.962,5228.1,1,1,0.725
27,admin.,single,professional.course,no,no,no,cellular,jul,tue,338,2,999,0,nonexistent,1.4,93.918,-42.7,4.962,5228.1,0,1,0.725
40,blue-collar,married,professional.course,no,no,no,telephone,jun,mon,883,1,999,1,failure,-2.9,92.963,-40.8,1.215,5076.2,1,1,0.725
49,technician,single,university.degree,no,yes,no,cellular,apr,thu,861,2,999,0,nonexistent,-1.8,93.075,-47.1,1.365,5099.1,1,1,0.725
34,admin.,divorced,university.degree,no,no,no,cellular,aug,tue,267,2,999,0,nonexistent,-2.9,92.201,-31.4,0.883,5076.2,1,1,0.725
25,technician,single,university.degree,no,yes,no,telephone,aug,thu,256,1,999,0,nonexistent,-2.9,92.201,-31.4,0.883,5076.2,1,1,0.7243068131215673
43,admin.,single,university.degree,no,yes,no,cellular,aug,tue,837,2,999,0,nonexistent,1.4,93.444,-36.1,4.968,5228.1,1,1,0.7235150409105165
32,services,single,unknown,unknown,yes,no,cellular,jul,tue,881,1,999,0,nonexistent,1.4,93.918,-42.7,4.961,5228.1,1,1,0.723063265607394
36,management,single,university.degree,no,no,no,telephone,mar,wed,834,1,999,0,nonexistent,-1.8,93.369,-34.8,0.655,5008.7,1,1,0.7225
26,student,single,high.school,no,yes,yes,cellular,apr,fri,888,1,6,2,success,-1.8,93.749,-34.6,0.645,5008.7,1,0,0.7225
38,blue-collar,single,high.school,unknown,yes,no,telephone,jun,wed,936,1,999,0,nonexistent,1.4,94.465,-41.8,4.864,5228.1,1,1,0.7225
40,self-employed,single,university.degree,unknown,yes,yes,cellular,apr,thu,509,1,2,1,success,-1.8,93.075,-47.1,1.365,5099.1,1,0,0.7225
47,entrepreneur,married,university.degree,no,no,no,cellular,aug,tue,487,3,999,0,nonexistent,1.4,93.444,-36.1,4.968,5228.1,1,1,0.7225
29,services,married,professional.course,unknown,yes,no,cellular,aug,tue,2089,6,999,0,nonexistent,1.4,93.444,-36.1,4.965,5228.1,1,1,0.7225
68,retired,divorced,high.school,no,yes,no,cellular,oct,mon,222,1,999,0,nonexistent,-1.1,94.601,-49.5,1.0,4963.6,1,1,0.7225
46,technician,married,basic.6y,no,yes,no,cellular,aug,thu,464,4,999,0,nonexistent,-2.9,92.201,-31.4,0.873,5076.2,1,1,0.7225
25,blue-collar,single,basic.6y,no,no,no,cellular,mar,tue,228,4,999,0,nonexistent,-1.8,93.369,-34.8,0.655,5008.7,1,1,0.7225
53,technician,married,university.degree,no,unknown,unknown,cellular,apr,thu,758,2,999,2,failure,-1.8,93.749,-34.6,0.64,5008.7,1,1,0.7225
34,blue-collar,married,basic.6y,no,yes,no,cellular,may,wed,716,1,999,0,nonexistent,-1.8,92.893,-46.2,1.281,5099.1,1,1,0.7225
25,technician,married,professional.course,no,yes,no,cellular,jun,tue,551,4,999,1,failure,-2.9,92.963,-40.8,1.252,5076.2,1,1,0.7225
71,retired,married,university.degree,no,no,no,cellular,apr,mon,349,1,999,0,nonexistent,-1.8,93.075,-47.1,1.405,5099.1,1,1,0.7225
47,admin.,single,university.degree,no,yes,no,cellular,jun,mon,243,4,999,0,nonexistent,-2.9,92.963,-40.8,1.281,5076.2,1,1,0.7225
26,student,single,high.school,no,yes,no,cellular,may,wed,223,3,999,1,failure,-1.8,92.893,-46.2,1.27,5099.1,1,1,0.7225
39,management,married,university.degree,no,yes,no,telephone,aug,wed,306,1,999,0,nonexistent,1.4,93.444,-36.1,4.965,5228.1,1,1,0.7223514564979743
34,admin.,single,university.degree,no,yes,no,telephone,aug,tue,205,1,999,0,nonexistent,-2.9,92.201,-31.4,0.859,5076.2,1,1,0.7222236722306525
60,retired,married,university.degree,no,yes,no,cellular,may,tue,133,1,3,1,success,-1.8,92.893,-46.2,1.266,5099.1,1,0,0.7222220789074355
54,housemaid,married,high.school,no,no,no,cellular,apr,thu,381,1,999,0,nonexistent,-1.8,93.075,-47.1,1.365,5099.1,1,1,0.7222194233687405
19,student,single,basic.4y,no,no,yes,cellular,apr,wed,371,2,999,0,nonexistent,-1.8,93.075,-47.1,1.405,5099.1,1,1,0.7220749118602471
37,unemployed,married,university.degree,no,yes,no,cellular,mar,tue,195,1,999,0,nonexistent,-1.8,92.843,-50.0,1.614,5099.1,1,1,0.7215006509686936
24,student,single,high.school,no,no,no,cellular,aug,thu,355,1,999,0,nonexistent,-2.9,92.201,-31.4,0.883,5076.2,1,1,0.7212789476634311
35,technician,married,university.degree,no,no,no,cellular,apr,thu,270,2,999,0,nonexistent,-1.8,93.075,-47.1,1.406,5099.1,1,1,0.7205722612002918
25,self-employed,divorced,university.degree,no,yes,no,cellular,apr,mon,227,5,999,0,nonexistent,-1.8,93.075,-47.1,1.405,5099.1,1,1,0.7204549144507886
29,blue-collar,divorced,high.school,no,no,no,cellular,may,fri,760,1,999,0,nonexistent,-1.8,92.893,-46.2,1.25,5099.1,1,1,0.72
39,admin.,divorced,university.degree,no,yes,yes,cellular,jul,mon,398,10,999,1,failure,-1.7,94.215,-40.3,0.827,4991.6,1,1,0.72
31,entrepreneur,unknown,university.degree,no,no,no,cellular,oct,thu,164,1,999,0,nonexistent,-3.4,92.431,-26.9,0.722,5017.5,1,1,0.72
54,technician,married,professional.course,no,yes,no,cellular,apr,wed,138,2,999,0,nonexistent,-1.8,93.075,-47.1,1.405,5099.1,1,1,0.72
24,blue-collar,single,high.school,no,yes,no,cellular,may,fri,858,3,999,0,nonexistent,-1.8,92.893,-46.2,1.25,5099.1,1,1,0.72
31,technician,single,university.degree,no,no,no,cellular,may,mon,629,1,999,1,failure,-1.8,92.893,-46.2,1.299,5099.1,1,1,0.72
29,admin.,married,high.school,no,yes,no,cellular,jun,wed,292,1,999,1,failure,-1.7,94.055,-39.8,0.727,4991.6,1,1,0.72
28,management,married,university.degree,no,no,no,cellular,nov,wed,69,3,999,0,nonexistent,-3.4,92.649,-30.1,0.715,5017.5,1,1,0.72
62,retired,married,professional.course,no,yes,yes,cellular,aug,fri,517,2,999,1,failure,-2.9,92.201,-31.4,0.825,5076.2,1,1,0.72
31,technician,divorced,professional.course,no,yes,no,cellular,aug,thu,310,2,999,1,failure,-2.9,92.201,-31.4,0.883,5076.2,1,1,0.72
31,services,single,university.degree,unknown,yes,no,cellular,aug,tue,1307,3,999,0,nonexistent,1.4,93.444,-36.1,4.966,5228.1,1,1,0.72
26,management,single,university.degree,no,yes,no,cellular,may,thu,667,1,999,0,nonexistent,-1.8,92.893,-46.2,1.266,5099.1,1,1,0.72
32,admin.,single,university.degree,no,no,no,cellular,jun,tue,856,1,12,2,success,-1.7,94.055,-39.8,0.737,4991.6,1,0,0.72
78,unknown,married,unknown,no,yes,no,cellular,sep,wed,234,1,999,1,failure,-3.4,92.379,-29.8,0.781,5017.5,1,1,0.72
47,admin.,married,high.school,no,yes,no,cellular,oct,fri,437,1,999,1,failure,-1.1,94.601,-49.5,0.972,4963.6,1,1,0.72
22,technician,single,university.degree,no,yes,no,cellular,jun,fri,163,4,999,1,failure,-2.9,92.963,-40.8,1.268,5076.2,1,1,0.72
51,admin.,married,university.degree,no,no,yes,cellular,jul,fri,486,1,999,0,nonexistent,-1.7,94.215,-40.3,0.861,4991.6,1,1,0.72
44,management,married,university.degree,no,no,no,cellular,aug,tue,175,2,999,2,failure,-2.9,92.201,-31.4,0.883,5076.2,1,1,0.72
57,admin.,married,university.degree,no,yes,no,cellular,aug,tue,149,1,999,1,failure,-2.9,92.201,-31.4,0.883,5076.2,1,1,0.72
28,technician,single,professional.course,no,yes,no,cellular,jul,mon,1002,3,999,0,nonexistent,1.4,93.918,-42.7,4.96,5228.1,1,1,0.72
33,services,married,professional.course,no,yes,yes,cellular,jul,thu,630,4,999,0,nonexistent,1.4,93.918,-42.7,4.968,5228.1,1,1,0.72
35,technician,single,professional.course,no,yes,no,cellular,jun,tue,187,1,6,2,success,-1.7,94.055,-39.8,0.713,4991.6,1,0,0.72
26,blue-collar,single,university.degree,no,yes,no,cellular,may,tue,139,2,999,0,nonexistent,-1.8,92.893,-46.2,1.266,5099.1,1,1,0.72
29,admin.,single,high.school,no,yes,no,cellular,jun,mon,295,1,999,0,nonexistent,-2.9,92.963,-40.8,1.266,5076.2,1,1,0.7198536262147619
36,blue-collar,single,high.school,no,yes,yes,cellular,jun,wed,342,2,3,1,success,-1.7,94.055,-39.8,0.739,4991.6,1,0,0.7198503916113157
50,blue-collar,married,unknown,no,yes,yes,cellular,aug,tue,589,2,999,0,nonexistent,-2.9,92.201,-31.4,0.883,5076.2,1,1,0.7197185128983308
41,admin.,married,university.degree,no,no,no,cellular,sep,mon,800,2,999,1,failure,-3.4,92.379,-29.8,0.797,5017.5,1,1,0.719615395042485
67,retired,married,basic.4y,no,no,no,telephone,nov,mon,167,1,999,0,nonexistent,-3.4,92.649,-30.1,0.714,5017.5,1,1,0.7195014891117243
28,admin.,single,university.degree,no,no,yes,telephone,apr,thu,917,1,999,0,nonexistent,-1.8,93.075,-47.1,1.365,5099.1,1,1,0.7194962065389444
37,technician,single,high.school,no,yes,yes,cellular,aug,wed,763,1,999,0,nonexistent,1.4,93.444,-36.1,4.967,5228.1,1,1,0.7194268054194639
28,blue-collar,single,university.degree,no,no,no,cellular,apr,tue,107,3,999,0,nonexistent,-1.8,93.075,-47.1,1.423,5099.1,1,1,0.7186049527729934
41,technician,married,professional.course,no,no,no,cellular,nov,mon,526,2,6,1,success,-1.1,94.767,-50.8,1.039,4963.6,1,0,0.7175
36,services,married,high.school,no,yes,yes,cellular,aug,thu,227,2,999,1,failure,-2.9,92.201,-31.4,0.873,5076.2,1,1,0.7175
20,student,single,high.school,no,yes,no,cellular,aug,tue,532,1,999,1,failure,-2.9,92.201,-31.4,0.859,5076.2,1,1,0.7175
34,technician,single,basic.9y,no,no,no,cellular,aug,mon,205,3,6,3,success,-1.7,94.027,-38.3,0.896,4991.6,1,0,0.7175
33,admin.,single,university.degree,no,yes,no,cellular,oct,mon,297,5,999,0,nonexistent,-1.1,94.601,-49.5,1.032,4963.6,1,1,0.7175
51,blue-collar,married,basic.9y,no,yes,no,cellular,oct,thu,746,2,999,0,nonexistent,-3.4,92.431,-26.9,0.722,5017.5,1,1,0.7175
33,admin.,married,high.school,no,yes,yes,telephone,jul,wed,398,2,999,1,failure,-1.7,94.215,-40.3,0.802,4991.6,1,1,0.7175
35,technician,divorced,basic.4y,no,yes,no,cellular,nov,tue,385,3,4,2,success,-1.1,94.767,-50.8,1.035,4963.6,1,0,0.7175
61,retired,married,basic.4y,no,yes,no,cellular,aug,fri,168,1,15,1,success,-2.9,92.201,-31.4,0.849,5076.2,1,0,0.7175
32,technician,married,high.school,no,yes,no,telephone,jun,fri,293,5,999,1,failure,-2.9,92.963,-40.8,1.224,5076.2,1,1,0.7175
51,technician,married,professional.course,no,no,yes,cellular,sep,fri,520,1,999,0,nonexistent,-3.4,92.379,-29.8,0.803,5017.5,1,1,0.7175
57,management,married,university.degree,no,no,no,cellular,mar,mon,341,2,999,0,nonexistent,-1.8,93.369,-34.8,0.635,5008.7,1,1,0.7175
35,blue-collar,married,basic.9y,unknown,no,no,cellular,nov,thu,543,1,999,0,nonexistent,-0.1,93.2,-42.0,4.076,5195.8,1,1,0.7175
52,blue-collar,married,basic.4y,no,yes,no,cellular,aug,mon,917,2,999,0,nonexistent,1.4,93.444,-36.1,4.965,5228.1,1,1,0.7175
34,management,divorced,university.degree,no,no,no,cellular,nov,thu,370,2,999,0,nonexistent,-0.1,93.2,-42.0,4.076,5195.8,1,1,0.7175
40,unknown,single,unknown,no,no,no,cellular,sep,thu,224,1,999,1,failure,-3.4,92.379,-29.8,0.809,5017.5,1,1,0.7175
33,admin.,single,university.degree,no,yes,no,cellular,jun,thu,114,3,999,0,nonexistent,-2.9,92.963,-40.8,1.26,5076.2,0,1,0.7175
47,services,divorced,unknown,no,yes,no,cellular,aug,tue,113,2,999,1,failure,-1.7,94.027,-38.3,0.899,4991.6,1,1,0.7175
46,self-employed,divorced,high.school,no,no,no,cellular,sep,fri,267,2,999,1,failure,-3.4,92.379,-29.8,0.762,5017.5,1,1,0.7175
57,management,divorced,unknown,no,no,no,cellular,apr,wed,279,2,999,0,nonexistent,-1.8,93.075,-47.1,1.405,5099.1,1,1,0.7173999147745898
85,retired,married,professional.course,no,no,no,cellular,aug,tue,140,1,999,0,nonexistent,-2.9,92.201,-31.4,0.883,5076.2,1,1,0.7167443150002744
33,self-employed,married,university.degree,no,yes,no,cellular,apr,thu,233,1,999,0,nonexistent,-1.8,93.075,-47.1,1.435,5099.1,1,1,0.7156233111215848
23,student,single,unknown,no,no,no,cellular,jul,tue,267,1,999,2,failure,-1.7,94.215,-40.3,0.893,4991.6,1,1,0.715
52,management,married,professional.course,no,yes,no,cellular,jul,mon,491,3,999,0,nonexistent,1.4,93.918,-42.7,4.96,5228.1,1,1,0.715
63,housemaid,married,basic.4y,no,yes,no,telephone,aug,mon,235,1,6,2,failure,-2.9,92.201,-31.4,0.884,5076.2,1,0,0.715
26,student,single,basic.9y,no,yes,no,cellular,mar,mon,294,3,999,0,nonexistent,-1.8,92.843,-50.0,1.811,5099.1,1,1,0.715
31,self-employed,married,university.degree,no,yes,no,cellular,jun,fri,207,1,999,0,nonexistent,-2.9,92.963,-40.8,1.268,5076.2,1,1,0.715
43,blue-collar,married,basic.9y,no,yes,no,cellular,jun,tue,395,1,999,0,nonexistent,-2.9,92.963,-40.8,1.262,5076.2,1,1,0.715
46,admin.,married,high.school,no,no,no,telephone,aug,wed,231,2,999,0,nonexistent,-2.9,92.201,-31.4,0.884,5076.2,1,1,0.715
34,technician,divorced,professional.course,no,no,no,telephone,mar,fri,257,1,999,1,failure,-1.8,93.369,-34.8,0.653,5008.7,1,1,0.715
55,blue-collar,married,basic.4y,no,no,no,cellular,nov,fri,227,2,999,0,nonexistent,-3.4,92.649,-30.1,0.714,5017.5,1,1,0.715
30,technician,married,professional.course,no,yes,no,cellular,mar,tue,368,1,999,0,nonexistent,-1.8,93.369,-34.8,0.655,5008.7,1,1,0.715
26,services,single,high.school,no,no,no,cellular,jul,tue,180,2,999,0,nonexistent,-2.9,92.469,-33.6,1.044,5076.2,1,1,0.715
50,admin.,married,university.degree,no,yes,yes,telephone,apr,thu,413,3,999,0,nonexistent,-1.8,93.075,-47.1,1.406,5099.1,1,1,0.715
62,retired,married,unknown,no,no,no,cellular,aug,fri,172,4,999,0,nonexistent,-2.9,92.201,-31.4,0.869,5076.2,1,1,0.715
32,technician,married,professional.course,unknown,yes,no,cellular,aug,tue,796,4,999,0,nonexistent,1.4,93.444,-36.1,4.966,5228.1,1,1,0.715
65,housemaid,married,basic.4y,no,unknown,unknown,cellular,oct,tue,759,2,999,0,nonexistent,-3.4,92.431,-26.9,0.728,5017.5,1,1,0.715
53,management,divorced,university.degree,no,yes,no,cellular,apr,thu,222,2,999,0,nonexistent,-1.8,93.749,-34.6,0.64,5008.7,1,1,0.715
46,blue-collar,single,university.degree,no,no,no,cellular,apr,mon,1422,2,999,0,nonexistent,-1.8,93.075,-47.1,1.405,5099.1,1,1,0.715
46,blue-collar,married,basic.4y,no,yes,no,cellular,aug,mon,626,2,999,0,nonexistent,1.4,93.444,-36.1,4.965,5228.1,1,1,0.715
49,admin.,married,high.school,no,yes,no,cellular,aug,mon,194,2,999,0,nonexistent,1.4,93.444,-36.1,4.963,5228.1,1,1,0.715
56,services,single,high.school,no,no,yes,cellular,aug,tue,555,3,999,0,nonexistent,-2.9,92.201,-31.4,0.838,5076.2,1,1,0.715
32,admin.,single,university.degree,no,yes,no,cellular,mar,mon,285,8,999,0,nonexistent,-1.8,92.843,-50.0,1.52,5099.1,1,1,0.715
42,management,married,basic.6y,no,yes,no,cellular,sep,thu,84,3,999,0,nonexistent,-3.4,92.379,-29.8,0.778,5017.5,1,1,0.715
50,admin.,divorced,university.degree,no,no,yes,cellular,may,mon,213,4,999,0,nonexistent,-1.8,92.893,-46.2,1.264,5099.1,1,1,0.715
73,retired,married,university.degree,no,no,yes,cellular,nov,thu,749,7,999,0,nonexistent,-3.4,92.649,-30.1,0.716,5017.5,1,1,0.715
68,retired,married,high.school,no,yes,no,cellular,apr,mon,194,1,999,0,nonexistent,-1.8,93.075,-47.1,1.405,5099.1,1,1,0.715
34,admin.,married,university.degree,no,no,no,telephone,sep,fri,290,2,999,0,nonexistent,-3.4,92.379,-29.8,0.773,5017.5,1,1,0.715
60,admin.,married,professional.course,no,yes,no,cellular,apr,thu,473,1,999,1,failure,-1.8,93.075,-47.1,1.365,5099.1,1,1,0.715
33,admin.,single,university.degree,no,yes,no,cellular,aug,wed,173,1,1,1,success,-2.9,92.201,-31.4,0.854,5076.2,1,0,0.715
21,student,single,basic.9y,no,yes,no,cellular,jul,tue,209,2,999,0,nonexistent,-1.7,94.215,-40.3,0.797,4991.6,1,1,0.715
47,management,married,basic.9y,no,yes,no,cellular,jun,tue,181,3,999,1,failure,-2.9,92.963,-40.8,1.262,5076.2,1,1,0.715
25,student,single,high.school,no,no,no,telephone,apr,wed,405,1,999,0,nonexistent,-1.8,93.075,-47.1,1.415,5099.1,1,1,0.7147123672230653
29,technician,single,university.degree,no,yes,no,cellular,apr,wed,389,2,999,0,nonexistent,-1.8,93.075,-47.1,1.415,5099.1,1,1,0.7144954704213053
42,blue-collar,married,professional.course,no,no,no,cellular,oct,wed,287,1,999,0,nonexistent,-3.4,92.431,-26.9,0.735,5017.5,1,1,0.7142971639950679
42,retired,divorced,illiterate,no,no,no,telephone,aug,wed,128,3,999,0,nonexistent,-2.9,92.201,-31.4,0.834,5076.2,1,1,0.7142103280040729
58,retired,married,high.school,no,no,no,cellular,aug,tue,130,2,999,0,nonexistent,-2.9,92.201,-31.4,0.838,5076.2,1,1,0.7141930383299515
32,admin.,married,university.degree,no,no,no,cellular,jul,wed,543,3,999,0,nonexistent,1.4,93.918,-42.7,4.963,5228.1,1,1,0.7139332960621786
32,blue-collar,divorced,basic.4y,no,no,no,cellular,may,mon,827,2,999,0,nonexistent,-1.8,92.893,-46.2,1.244,5099.1,1,1,0.7138335717845032
24,admin.,single,university.degree,no,yes,no,cellular,apr,thu,127,1,999,0,nonexistent,-1.8,93.075,-47.1,1.41,5099.1,1,1,0.7137562878209635
33,technician,single,professional.course,no,yes,no,cellular,aug,tue,396,2,999,0,nonexistent,1.4,93.444,-36.1,4.966,5228.1,1,1,0.7137263400179924
26,student,single,university.degree,no,no,yes,cellular,aug,fri,173,1,999,0,nonexistent,-2.9,92.201,-31.4,0.825,5076.2,1,1,0.7125
41,blue-collar,single,basic.9y,no,no,yes,cellular,may,wed,540,1,999,0,nonexistent,-1.8,92.893,-46.2,1.334,5099.1,1,1,0.7125
27,services,married,university.degree,no,yes,no,cellular,may,tue,445,1,999,0,nonexistent,-1.8,92.893,-46.2,1.266,5099.1,1,1,0.7125
38,admin.,single,university.degree,no,yes,yes,cellular,apr,thu,555,2,999,0,nonexistent,-1.8,93.075,-47.1,1.365,5099.1,1,1,0.7125
32,technician,single,professional.course,no,no,no,cellular,jul,tue,769,4,999,0,nonexistent,1.4,93.918,-42.7,4.961,5228.1,1,1,0.7125
27,services,married,university.degree,no,yes,no,cellular,may,tue,109,1,999,0,nonexistent,-1.8,92.893,-46.2,1.266,5099.1,0,1,0.7125
53,housemaid,married,basic.4y,no,yes,no,cellular,jun,tue,245,2,999,0,nonexistent,-2.9,92.963,-40.8,1.252,5076.2,1,1,0.7125
30,admin.,single,high.school,no,yes,no,cellular,may,mon,158,2,999,0,nonexistent,-1.8,92.893,-46.2,1.264,5099.1,1,1,0.7125
30,student,single,professional.course,no,yes,no,cellular,jul,wed,334,4,999,2,failure,-1.7,94.215,-40.3,0.84,4991.6,1,1,0.7125
45,housemaid,single,basic.4y,no,yes,no,cellular,sep,mon,219,1,999,0,nonexistent,-3.4,92.379,-29.8,0.797,5017.5,1,1,0.7125
59,technician,married,university.degree,no,yes,no,cellular,oct,mon,511,3,999,1,failure,-3.4,92.431,-26.9,0.743,5017.5,1,1,0.7125
29,admin.,single,basic.9y,unknown,yes,no,cellular,may,thu,983,4,999,0,nonexistent,-1.8,92.893,-46.2,1.327,5099.1,1,1,0.7125
29,management,married,university.degree,no,yes,no,cellular,nov,wed,199,1,9,1,success,-3.4,92.649,-30.1,0.719,5017.5,0,0,0.7125
53,admin.,married,high.school,no,no,no,cellular,jul,tue,964,1,999,1,failure,-2.9,92.469,-33.6,1.044,5076.2,1,1,0.7125
86,retired,married,professional.course,no,no,no,telephone,dec,wed,343,2,999,0,nonexistent,-3.0,92.713,-33.0,0.715,5023.5,1,1,0.7125
29,services,single,unknown,no,yes,no,cellular,apr,thu,226,2,999,0,nonexistent,-1.8,93.749,-34.6,0.659,5008.7,1,1,0.7125
36,admin.,married,university.degree,no,no,no,cellular,oct,wed,135,1,999,0,nonexistent,-3.4,92.431,-26.9,0.735,5017.5,1,1,0.7125
51,housemaid,married,unknown,no,no,no,cellular,aug,fri,273,1,999,1,failure,-2.9,92.201,-31.4,0.881,5076.2,1,1,0.7125
38,technician,single,university.degree,no,no,no,cellular,apr,fri,202,5,999,1,failure,-1.8,93.075,-47.1,1.4,5099.1,1,1,0.7125
33,admin.,married,university.degree,no,no,yes,cellular,sep,wed,397,1,999,2,failure,-1.1,94.199,-37.5,0.879,4963.6,1,1,0.7125
59,blue-collar,married,basic.4y,unknown,no,no,cellular,jun,wed,340,1,999,1,failure,-2.9,92.963,-40.8,1.26,5076.2,1,1,0.7125
57,admin.,divorced,university.degree,no,yes,yes,cellular,nov,thu,1154,1,999,0,nonexistent,-0.1,93.2,-42.0,4.076,5195.8,1,1,0.7125
88,retired,divorced,basic.4y,no,yes,yes,cellular,mar,wed,796,5,999,0,nonexistent,-1.8,92.843,-50.0,1.663,5099.1,1,1,0.7123534561693787
25,admin.,single,university.degree,no,no,no,cellular,aug,thu,215,1,999,0,nonexistent,-1.7,94.027,-38.3,0.904,4991.6,1,1,0.7122216995447649
28,technician,single,professional.course,no,yes,no,cellular,jun,tue,318,1,999,0,nonexistent,-2.9,92.963,-40.8,1.262,5076.2,1,1,0.7120001365747064
59,retired,married,basic.4y,no,yes,no,cellular,apr,thu,381,1,999,1,failure,-1.8,93.075,-47.1,1.365,5099.1,1,1,0.7119962065389445
35,blue-collar,single,basic.9y,no,no,no,cellular,may,fri,568,1,999,0,nonexistent,-1.8,92.893,-46.2,1.313,5099.1,1,1,0.71166654382127
80,retired,married,basic.4y,no,no,no,cellular,oct,tue,242,1,999,2,failure,-3.4,92.431,-26.9,0.742,5017.5,1,1,0.7115730378816201
54,admin.,married,university.degree,no,yes,yes,cellular,apr,tue,235,2,999,0,nonexistent,-1.8,93.075,-47.1,1.405,5099.1,1,1,0.7104246273261248
27,admin.,married,university.degree,no,yes,no,cellular,jul,fri,494,1,999,0,nonexistent,1.4,93.918,-42.7,4.957,5228.1,1,1,0.71
22,student,single,high.school,no,no,no,cellular,oct,fri,154,2,999,1,failure,-3.4,92.431,-26.9,0.739,5017.5,1,1,0.71
45,housemaid,single,basic.4y,no,no,no,telephone,sep,mon,569,4,999,0,nonexistent,-3.4,92.379,-29.8,0.797,5017.5,1,1,0.71
49,technician,married,unknown,no,no,no,cellular,apr,fri,378,1,999,0,nonexistent,-1.8,93.075,-47.1,1.405,5099.1,1,1,0.71
46,blue-collar,married,basic.4y,unknown,yes,no,cellular,may,thu,882,2,999,0,nonexistent,-1.8,92.893,-46.2,1.327,5099.1,1,1,0.71
65,retired,married,basic.6y,no,no,no,cellular,aug,mon,161,2,999,1,failure,-2.9,92.201,-31.4,0.884,5076.2,1,1,0.71
45,services,single,unknown,no,yes,no,cellular,apr,fri,164,4,999,0,nonexistent,-1.8,93.075,-47.1,1.405,5099.1,1,1,0.71
49,admin.,single,high.school,no,yes,no,cellular,oct,fri,136,2,999,0,nonexistent,-3.4,92.431,-26.9,0.739,5017.5,1,1,0.71
25,admin.,married,unknown,no,no,no,cellular,nov,thu,241,1,999,0,nonexistent,-3.4,92.649,-30.1,0.714,5017.5,1,1,0.71
27,management,single,university.degree,no,yes,no,cellular,jul,mon,125,2,999,0,nonexistent,-2.9,92.469,-33.6,0.944,5076.2,1,1,0.71
48,admin.,divorced,university.degree,no,yes,no,cellular,aug,fri,103,1,4,1,success,-2.9,92.201,-31.4,0.881,5076.2,0,0,0.71
32,admin.,married,university.degree,no,yes,yes,cellular,jun,tue,82,1,999,0,nonexistent,-2.9,92.963,-40.8,1.262,5076.2,1,1,0.71
28,self-employed,single,university.degree,no,no,no,cellular,mar,fri,296,2,999,0,nonexistent,-1.8,92.843,-50.0,1.64,5099.1,1,1,0.71
46,admin.,married,university.degree,no,yes,no,cellular,aug,thu,399,1,999,1,failure,-2.9,92.201,-31.4,0.873,5076.2,1,1,0.71
32,technician,married,professional.course,no,unknown,unknown,cellular,jun,mon,210,2,999,1,failure,-2.9,92.963,-40.8,1.266,5076.2,1,1,0.71
31,admin.,single,university.degree,no,yes,no,cellular,aug,mon,239,3,999,0,nonexistent,-1.7,94.027,-38.3,0.896,4991.6,1,1,0.71
47,services,married,high.school,no,yes,no,cellular,apr,wed,636,2,999,0,nonexistent,-1.8,93.075,-47.1,1.372,5099.1,1,1,0.71
44,admin.,married,high.school,no,yes,no,cellular,aug,mon,758,2,999,0,nonexistent,1.4,93.444,-36.1,4.965,5228.1,1,1,0.71
28,admin.,single,university.degree,no,yes,no,cellular,mar,thu,257,4,999,2,failure,-1.8,93.369,-34.8,0.65,5008.7,1,1,0.71
32,admin.,married,university.degree,no,yes,yes,cellular,jun,tue,384,1,999,0,nonexistent,-2.9,92.963,-40.8,1.262,5076.2,1,1,0.71
34,management,married,high.school,no,yes,no,cellular,jul,tue,838,3,999,0,nonexistent,1.4,93.918,-42.7,4.961,5228.1,1,1,0.71
19,student,single,basic.6y,no,no,no,cellular,mar,tue,136,1,999,0,nonexistent,-1.8,92.843,-50.0,1.556,5099.1,1,1,0.71
62,retired,married,university.degree,no,yes,no,cellular,nov,thu,329,1,999,2,failure,-1.1,94.767,-50.8,1.031,4963.6,1,1,0.71
33,blue-collar,married,basic.6y,no,yes,yes,cellular,may,wed,686,2,999,0,nonexistent,-1.8,92.893,-46.2,1.334,5099.1,1,1,0.71
24,unemployed,married,high.school,no,yes,no,cellular,nov,mon,98,1,999,1,failure,-3.4,92.649,-30.1,0.715,5017.5,1,1,0.71
38,technician,married,university.degree,no,no,no,cellular,mar,tue,350,2,999,2,failure,-1.8,92.843,-50.0,1.687,5099.1,1,1,0.7093215546385602
52,management,married,university.degree,no,no,no,cellular,aug,tue,600,1,999,0,nonexistent,-2.9,92.201,-31.4,0.884,5076.2,1,1,0.7083227911354315
36,unemployed,single,university.degree,no,yes,no,cellular,may,mon,251,4,999,0,nonexistent,-1.8,92.893,-46.2,1.354,5099.1,1,1,0.7075
62,management,divorced,high.school,no,no,no,cellular,aug,mon,405,1,999,0,nonexistent,-2.9,92.201,-31.4,0.861,5076.2,1,1,0.7075
23,student,single,high.school,no,yes,no,cellular,oct,mon,226,2,999,1,failure,-1.1,94.601,-49.5,1.032,4963.6,1,1,0.7075
30,technician,divorced,professional.course,no,no,yes,cellular,jul,wed,808,1,999,0,nonexistent,1.4,93.918,-42.7,4.963,5228.1,1,1,0.7075
22,student,single,professional.course,no,no,no,cellular,nov,mon,113,3,999,0,nonexistent,-3.4,92.649,-30.1,0.715,5017.5,1,1,0.7075
29,admin.,single,university.degree,no,yes,no,cellular,may,wed,232,1,999,1,failure,-1.8,93.876,-40.0,0.672,5008.7,1,1,0.7075
61,technician,married,professional.course,no,no,no,cellular,oct,thu,106,2,999,1,failure,-3.4,92.431,-26.9,0.722,5017.5,1,1,0.7075
26,blue-collar,married,basic.9y,no,no,no,cellular,apr,thu,334,2,999,0,nonexistent,-1.8,93.075,-47.1,1.41,5099.1,1,1,0.7075
53,admin.,married,university.degree,no,yes,no,cellular,aug,mon,267,1,999,1,failure,-2.9,92.201,-31.4,0.821,5076.2,1,1,0.7075
26,blue-collar,married,basic.9y,no,no,no,cellular,apr,thu,78,2,999,0,nonexistent,-1.8,93.075,-47.1,1.41,5099.1,1,1,0.7075
41,technician,married,professional.course,no,no,no,cellular,jun,tue,160,2,999,0,nonexistent,-2.9,92.963,-40.8,1.262,5076.2,1,1,0.7075
81,retired,married,basic.4y,no,yes,no,cellular,sep,fri,210,1,999,0,nonexistent,-3.4,92.379,-29.8,0.741,5017.5,1,1,0.7075
76,retired,married,basic.4y,no,yes,no,cellular,aug,fri,345,2,999,0,nonexistent,-2.9,92.201,-31.4,0.881,5076.2,1,1,0.7075
49,services,married,high.school,no,no,no,cellular,jun,tue,239,4,999,0,nonexistent,-2.9,92.963,-40.8,1.286,5076.2,1,1,0.7075
25,services,single,high.school,no,yes,no,cellular,jun,thu,239,2,3,1,success,-2.9,92.963,-40.8,1.26,5076.2,1,0,0.7075
58,retired,divorced,basic.9y,no,yes,no,telephone,nov,mon,248,1,999,0,nonexistent,-0.1,93.2,-42.0,4.406,5195.8,1,1,0.7075
79,retired,married,basic.9y,no,no,no,cellular,sep,tue,181,1,999,1,failure,-3.4,92.379,-29.8,0.819,5017.5,1,1,0.7075
38,technician,married,university.degree,no,yes,no,cellular,aug,wed,238,4,999,0,nonexistent,-2.9,92.201,-31.4,0.854,5076.2,1,1,0.7075
37,admin.,single,university.degree,no,yes,no,cellular,oct,thu,447,3,999,0,nonexistent,-3.4,92.431,-26.9,0.754,5017.5,1,1,0.7075
29,technician,single,university.degree,no,no,no,telephone,nov,mon,360,1,3,2,success,-1.1,94.767,-50.8,1.05,4963.6,1,0,0.7075
70,retired,married,basic.4y,no,yes,no,cellular,apr,wed,223,2,999,0,nonexistent,-1.8,93.075,-47.1,1.415,5099.1,1,1,0.7075
35,admin.,married,university.degree,no,no,yes,cellular,apr,fri,262,3,999,1,failure,-1.8,93.749,-34.6,0.663,5008.7,1,1,0.7075
44,blue-collar,married,university.degree,no,yes,no,cellular,apr,thu,397,2,999,0,nonexistent,-1.8,93.075,-47.1,1.483,5099.1,1,1,0.7075
30,entrepreneur,married,high.school,no,yes,yes,cellular,may,fri,485,1,999,0,nonexistent,-1.8,92.893,-46.2,1.25,5099.1,1,1,0.7075
25,admin.,married,university.degree,no,no,no,cellular,mar,fri,243,3,999,0,nonexistent,-1.8,92.843,-50.0,1.531,5099.1,1,1,0.7075
44,admin.,married,university.degree,no,yes,no,cellular,sep,thu,331,1,999,0,nonexistent,-3.4,92.379,-29.8,0.809,5017.5,1,1,0.7075
24,student,single,unknown,no,yes,no,cellular,jun,mon,220,1,999,0,nonexistent,-2.9,92.963,-40.8,1.26,5076.2,1,1,0.7072220030349015
57,blue-collar,married,high.school,unknown,no,no,cellular,jul,fri,558,1,999,0,nonexistent,1.4,93.918,-42.7,4.957,5228.1,1,1,0.7067802751618599
24,unknown,single,university.degree,no,no,no,cellular,jun,tue,119,1,3,2,success,-2.9,92.963,-40.8,1.262,5076.2,1,0,0.7066965657553623
58,retired,divorced,university.degree,no,yes,no,cellular,apr,wed,48,1,999,0,nonexistent,-1.8,93.075,-47.1,1.415,5099.1,0,1,0.706427746089746
58,retired,divorced,university.degree,no,yes,no,cellular,apr,wed,129,1,999,0,nonexistent,-1.8,93.075,-47.1,1.415,5099.1,1,1,0.706427746089746
34,management,married,university.degree,no,yes,yes,cellular,apr,mon,107,1,999,0,nonexistent,-1.8,93.075,-47.1,1.405,5099.1,1,1,0.7063869443265064
27,technician,single,basic.9y,no,yes,no,telephone,apr,wed,523,2,999,0,nonexistent,-1.8,93.075,-47.1,1.445,5099.1,1,1,0.7062217413507083
57,technician,married,university.degree,no,yes,no,cellular,apr,thu,836,1,999,0,nonexistent,-1.8,93.075,-47.1,1.41,5099.1,1,1,0.7060739365911004
45,admin.,single,university.degree,no,no,no,cellular,may,fri,582,1,3,1,success,-1.8,92.893,-46.2,1.259,5099.1,1,0,0.70591979869572
33,services,married,high.school,no,yes,no,cellular,may,wed,1512,1,999,1,failure,-1.8,92.893,-46.2,1.281,5099.1,1,1,0.705255960819316
55,retired,married,basic.4y,no,no,no,cellular,jul,wed,761,1,999,0,nonexistent,1.4,93.918,-42.7,4.963,5228.1,1,1,0.705
32,blue-collar,married,basic.9y,no,unknown,unknown,cellular,apr,mon,1063,1,999,0,nonexistent,-1.8,93.075,-47.1,1.466,5099.1,1,1,0.705
30,services,single,high.school,no,yes,no,cellular,oct,mon,385,2,999,0,nonexistent,-3.4,92.431,-26.9,0.739,5017.5,1,1,0.705
52,blue-collar,married,basic.6y,no,no,no,cellular,apr,thu,247,5,999,0,nonexistent,-1.8,93.075,-47.1,1.406,5099.1,1,1,0.705
22,student,single,high.school,no,no,yes,telephone,jun,thu,166,2,999,0,nonexistent,-2.9,92.963,-40.8,1.26,5076.2,1,1,0.705
26,admin.,single,university.degree,no,yes,no,cellular,apr,thu,239,1,999,0,nonexistent,-1.8,93.075,-47.1,1.365,5099.1,1,1,0.705
39,admin.,married,high.school,no,yes,no,cellular,may,mon,303,3,999,0,nonexistent,-1.8,92.893,-46.2,1.354,5099.1,1,1,0.705
41,admin.,single,high.school,no,yes,no,telephone,nov,thu,234,1,999,0,nonexistent,-0.1,93.2,-42.0,4.592,5195.8,1,1,0.705
40,technician,married,basic.9y,unknown,yes,no,telephone,may,thu,539,1,999,0,nonexistent,1.1,93.994,-36.4,4.86,5191.0,1,1,0.705
35,management,married,university.degree,no,no,no,cellular,jun,tue,136,2,999,0,nonexistent,-2.9,92.963,-40.8,1.252,5076.2,1,1,0.705
33,management,married,university.degree,no,no,no,telephone,aug,thu,201,1,6,2,success,-1.7,94.027,-38.3,0.899,4991.6,1,0,0.705
49,blue-collar,married,basic.4y,unknown,no,no,telephone,jun,fri,115,1,999,0,nonexistent,1.4,94.465,-41.8,4.959,5228.1,0,1,0.705
49,blue-collar,married,basic.4y,unknown,no,no,telephone,jun,fri,838,1,999,0,nonexistent,1.4,94.465,-41.8,4.959,5228.1,1,1,0.705
35,blue-collar,married,basic.6y,no,yes,no,cellular,may,fri,832,1,999,1,failure,-1.8,92.893,-46.2,1.25,5099.1,1,1,0.705
44,services,married,high.school,no,yes,yes,cellular,may,mon,283,1,999,1,failure,-1.8,92.893,-46.2,1.264,5099.1,1,1,0.705
35,services,divorced,university.degree,no,no,yes,cellular,jul,tue,654,2,999,0,nonexistent,1.4,93.918,-42.7,4.961,5228.1,1,1,0.705
61,admin.,married,university.degree,no,yes,yes,telephone,jul,wed,261,4,999,0,nonexistent,-2.9,92.469,-33.6,1.085,5076.2,1,1,0.705
51,technician,married,professional.course,no,yes,no,cellular,jul,thu,135,2,999,1,failure,-2.9,92.469,-33.6,1.072,5076.2,1,1,0.705
53,admin.,married,basic.9y,no,yes,yes,cellular,may,wed,674,1,999,0,nonexistent,-1.8,92.893,-46.2,1.281,5099.1,1,1,0.705
74,retired,married,high.school,no,yes,no,cellular,aug,thu,1452,1,999,1,failure,-2.9,92.201,-31.4,0.883,5076.2,1,1,0.705
75,retired,married,basic.4y,no,no,no,cellular,apr,tue,356,2,999,1,failure,-1.8,93.075,-47.1,1.405,5099.1,1,1,0.705
44,blue-collar,single,basic.4y,no,yes,no,cellular,mar,tue,1530,2,999,0,nonexistent,-1.8,92.843,-50.0,1.51,5099.1,1,1,0.705
53,technician,married,basic.9y,no,no,no,telephone,jun,mon,1049,6,999,0,nonexistent,1.4,94.465,-41.8,4.947,5228.1,1,1,0.705
36,self-employed,married,basic.9y,no,yes,yes,cellular,may,tue,731,1,999,0,nonexistent,-1.8,92.893,-46.2,1.344,5099.1,1,1,0.705
46,technician,married,professional.course,no,no,yes,cellular,apr,tue,189,1,5,2,success,-1.8,93.749,-34.6,0.638,5008.7,1,0,0.704922526101054
28,admin.,single,university.degree,no,no,no,telephone,apr,fri,394,2,999,0,nonexistent,-1.8,93.075,-47.1,1.405,5099.1,1,1,0.7049215734291857
29,technician,single,professional.course,no,no,no,cellular,nov,fri,530,1,999,1,failure,-0.1,93.2,-42.0,4.021,5195.8,1,1,0.7047564587935349
34,technician,married,professional.course,no,yes,no,cellular,jun,wed,302,1,999,0,nonexistent,-2.9,92.963,-40.8,1.26,5076.2,1,1,0.7038206492452629
55,admin.,divorced,university.degree,no,yes,no,cellular,apr,wed,952,1,999,0,nonexistent,-1.8,93.075,-47.1,1.445,5099.1,1,1,0.7034073492851505
46,admin.,single,university.degree,no,no,no,cellular,jul,fri,852,9,999,0,nonexistent,1.4,93.918,-42.7,4.957,5228.1,1,1,0.7025
29,services,married,high.school,no,no,yes,cellular,may,wed,747,2,999,1,failure,-1.8,92.893,-46.2,1.281,5099.1,1,1,0.7025
34,unemployed,single,university.degree,no,no,no,cellular,nov,fri,464,5,999,1,failure,-3.4,92.649,-30.1,0.716,5017.5,1,1,0.7025
26,technician,single,basic.9y,no,yes,no,cellular,sep,thu,305,1,999,1,failure,-1.1,94.199,-37.5,0.879,4963.6,1,1,0.7025
47,technician,married,basic.6y,no,no,no,cellular,sep,mon,164,2,6,3,success,-1.1,94.199,-37.5,0.882,4963.6,0,0,0.7025
30,admin.,married,university.degree,no,yes,yes,cellular,may,fri,449,4,999,0,nonexistent,-1.8,92.893,-46.2,1.259,5099.1,1,1,0.7025
29,admin.,single,high.school,no,no,no,cellular,aug,fri,130,1,999,0,nonexistent,-2.9,92.201,-31.4,0.881,5076.2,1,1,0.7025
29,admin.,single,basic.9y,unknown,no,no,cellular,may,thu,460,2,999,0,nonexistent,-1.8,92.893,-46.2,1.266,5099.1,1,1,0.7025
34,technician,single,university.degree,no,no,no,cellular,oct,fri,144,1,999,0,nonexistent,-3.4,92.431,-26.9,0.72,5017.5,1,1,0.7025
35,admin.,married,university.degree,no,yes,no,cellular,aug,wed,768,2,999,2,failure,-2.9,92.201,-31.4,0.854,5076.2,1,1,0.7025
23,blue-collar,single,basic.9y,no,yes,no,cellular,jul,thu,268,5,999,1,failure,-1.7,94.215,-40.3,0.846,4991.6,1,1,0.7025
39,blue-collar,married,basic.9y,no,yes,yes,cellular,may,tue,494,1,999,0,nonexistent,-1.8,92.893,-46.2,1.344,5099.1,1,1,0.7025
30,entrepreneur,married,professional.course,no,yes,no,telephone,jun,tue,775,3,999,0,nonexistent,1.4,94.465,-41.8,4.961,5228.1,1,1,0.7025
78,retired,divorced,basic.6y,no,no,no,cellular,oct,fri,212,2,999,0,nonexistent,-3.4,92.431,-26.9,0.72,5017.5,1,1,0.7025
26,technician,divorced,professional.course,no,no,yes,cellular,jul,tue,500,1,999,0,nonexistent,1.4,93.918,-42.7,4.961,5228.1,1,1,0.7025
63,retired,married,unknown,no,yes,no,telephone,apr,wed,236,1,999,0,nonexistent,-1.8,93.075,-47.1,1.445,5099.1,1,1,0.7025
36,admin.,married,university.degree,no,yes,yes,cellular,oct,mon,78,1,999,1,failure,-3.4,92.431,-26.9,0.743,5017.5,1,1,0.7025
64,retired,married,basic.4y,no,unknown,unknown,telephone,aug,fri,245,3,999,0,nonexistent,-1.7,94.027,-38.3,0.905,4991.6,1,1,0.7025
46,unemployed,married,basic.9y,no,yes,no,cellular,jun,tue,236,2,999,0,nonexistent,-2.9,92.963,-40.8,1.262,5076.2,1,1,0.7025
36,management,married,university.degree,no,no,no,cellular,jul,wed,777,10,999,0,nonexistent,1.4,93.918,-42.7,4.963,5228.1,1,1,0.7025
44,services,divorced,high.school,no,yes,yes,cellular,apr,tue,895,1,999,0,nonexistent,-1.8,93.075,-47.1,1.453,5099.1,1,1,0.7025
30,admin.,single,university.degree,no,no,no,cellular,aug,thu,152,4,999,0,nonexistent,1.4,93.444,-36.1,4.968,5228.1,0,1,0.7025
30,admin.,single,university.degree,no,no,no,cellular,aug,thu,1336,4,999,0,nonexistent,1.4,93.444,-36.1,4.968,5228.1,1,1,0.7025
61,retired,married,basic.4y,no,no,no,telephone,oct,fri,194,1,999,0,nonexistent,-1.1,94.601,-49.5,0.972,4963.6,1,1,0.7025
24,admin.,single,university.degree,no,yes,no,cellular,aug,thu,158,1,999,0,nonexistent,-2.9,92.201,-31.4,0.851,5076.2,1,1,0.7025
36,technician,single,professional.course,no,yes,no,cellular,aug,thu,474,1,999,0,nonexistent,-2.9,92.201,-31.4,0.851,5076.2,1,1,0.7025
75,retired,married,basic.9y,no,no,no,cellular,mar,mon,293,2,999,1,failure,-1.8,93.369,-34.8,0.639,5008.7,1,1,0.7025
31,blue-collar,married,basic.6y,unknown,no,no,cellular,may,thu,680,1,6,1,success,-1.8,92.893,-46.2,1.266,5099.1,1,0,0.7025
48,blue-collar,married,professional.course,no,no,no,telephone,jul,thu,268,1,999,0,nonexistent,-1.7,94.215,-40.3,0.899,4991.6,1,1,0.7025
49,management,married,university.degree,no,yes,no,cellular,apr,thu,240,1,999,1,failure,-1.8,93.075,-47.1,1.365,5099.1,1,1,0.7023536262147618
53,management,married,basic.9y,unknown,yes,yes,cellular,jul,fri,1041,2,999,0,nonexistent,1.4,93.918,-42.7,4.963,5228.1,1,1,0.7014256751204759
33,services,married,high.school,no,yes,no,cellular,may,tue,737,3,999,0,nonexistent,-1.8,92.893,-46.2,1.291,5099.1,1,1,0.7008527466409185
39,blue-collar,married,basic.6y,unknown,no,no,cellular,jul,tue,634,1,999,0,nonexistent,1.4,93.918,-42.7,4.962,5228.1,1,1,0.7004659394401566
33,services,married,high.school,no,no,no,cellular,aug,thu,738,1,999,0,nonexistent,-2.9,92.201,-31.4,0.873,5076.2,1,1,0.7
35,admin.,single,high.school,no,no,yes,telephone,may,fri,813,1,999,0,nonexistent,1.1,93.994,-36.4,4.859,5191.0,1,1,0.7
48,blue-collar,married,basic.9y,no,yes,no,cellular,apr,wed,1032,3,999,2,failure,-1.8,93.075,-47.1,1.445,5099.1,1,1,0.7
22,technician,single,university.degree,no,no,no,cellular,may,fri,382,1,999,0,nonexistent,-1.8,92.893,-46.2,1.25,5099.1,1,1,0.7
40,technician,single,professional.course,no,yes,no,cellular,may,fri,317,1,999,1,failure,-1.8,92.893,-46.2,1.259,5099.1,1,1,0.7
30,technician,single,university.degree,no,unknown,unknown,cellular,apr,mon,112,1,999,0,nonexistent,-1.8,93.075,-47.1,1.405,5099.1,1,1,0.7
63,housemaid,married,basic.4y,no,no,no,cellular,aug,tue,511,1,999,1,failure,-2.9,92.201,-31.4,0.838,5076.2,1,1,0.7
29,housemaid,single,university.degree,no,no,yes,telephone,nov,mon,201,1,999,0,nonexistent,-3.4,92.649,-30.1,0.715,5017.5,1,1,0.7
28,unemployed,married,professional.course,no,yes,no,telephone,aug,fri,275,6,999,0,nonexistent,-2.9,92.201,-31.4,0.869,5076.2,1,1,0.7
24,admin.,single,high.school,no,no,no,cellular,jun,thu,352,2,999,1,failure,-2.9,92.963,-40.8,1.26,5076.2,1,1,0.7
33,admin.,single,university.degree,no,yes,no,cellular,jun,tue,251,1,999,0,nonexistent,-2.9,92.963,-40.8,1.262,5076.2,1,1,0.7
44,admin.,married,basic.6y,no,unknown,unknown,cellular,may,mon,608,1,999,1,failure,-1.8,92.893,-46.2,1.244,5099.1,1,1,0.7
38,admin.,single,high.school,no,yes,yes,cellular,aug,mon,167,1,999,0,nonexistent,-2.9,92.201,-31.4,0.884,5076.2,1,1,0.7
48,admin.,married,university.degree,no,yes,no,telephone,jun,fri,522,3,999,0,nonexistent,-2.9,92.963,-40.8,1.268,5076.2,1,1,0.7
28,admin.,married,university.degree,no,yes,no,cellular,apr,thu,63,1,999,0,nonexistent,-1.8,93.075,-47.1,1.365,5099.1,0,1,0.7
75,retired,divorced,basic.4y,no,no,no,cellular,apr,mon,227,4,999,0,nonexistent,-1.8,93.075,-47.1,1.405,5099.1,1,1,0.7
53,management,married,university.degree,no,yes,no,telephone,aug,tue,97,1,999,0,nonexistent,-1.7,94.027,-38.3,0.904,4991.6,1,1,0.7
54,housemaid,divorced,university.degree,no,yes,yes,cellular,nov,thu,653,1,999,0,nonexistent,-0.1,93.2,-42.0,4.076,5195.8,1,1,0.7
28,technician,single,university.degree,no,yes,no,cellular,mar,mon,120,3,999,0,nonexistent,-1.8,92.843,-50.0,1.811,5099.1,1,1,0.7
28,technician,single,university.degree,no,yes,no,cellular,may,tue,326,1,999,0,nonexistent,-1.8,92.893,-46.2,1.266,5099.1,1,1,0.7
39,management,single,university.degree,no,no,no,telephone,jun,mon,670,3,999,0,nonexistent,1.4,94.465,-41.8,4.958,5228.1,1,1,0.7
60,admin.,married,university.degree,no,no,no,telephone,jun,wed,1574,3,999,0,nonexistent,1.4,94.465,-41.8,4.962,5228.1,1,1,0.7
50,entrepreneur,married,professional.course,unknown,yes,no,cellular,aug,fri,1306,4,999,0,nonexistent,1.4,93.444,-36.1,4.966,5228.1,1,1,0.7
36,entrepreneur,married,university.degree,no,no,no,telephone,may,mon,410,4,999,0,nonexistent,-1.8,92.893,-46.2,1.354,5099.1,1,1,0.7
42,blue-collar,married,basic.6y,unknown,no,no,telephone,jun,fri,1098,2,999,0,nonexistent,1.4,94.465,-41.8,4.959,5228.1,1,1,0.7
27,technician,single,university.degree,no,yes,no,cellular,oct,wed,184,1,999,1,failure,-1.1,94.601,-49.5,1.043,4963.6,1,1,0.7
38,unemployed,divorced,high.school,no,yes,yes,cellular,apr,fri,715,2,999,1,failure,-1.8,93.075,-47.1,1.405,5099.1,1,1,0.7
35,blue-collar,married,basic.9y,unknown,no,no,cellular,jul,thu,1399,1,999,0,nonexistent,1.4,93.918,-42.7,4.963,5228.1,1,1,0.6997213960546281
23,management,single,university.degree,no,yes,no,cellular,apr,mon,122,1,999,0,nonexistent,-1.8,93.075,-47.1,1.392,5099.1,1,1,0.6997173748103187
80,management,divorced,professional.course,unknown,yes,no,cellular,mar,tue,158,2,999,0,nonexistent,-1.8,92.843,-50.0,1.51,5099.1,1,1,0.6997110773899848
32,management,single,university.degree,no,no,no,cellular,jun,mon,152,2,3,1,success,-2.9,92.963,-40.8,1.281,5076.2,0,0,0.6997057804979501
32,management,single,university.degree,no,no,no,cellular,jun,mon,257,2,3,1,success,-2.9,92.963,-40.8,1.281,5076.2,1,0,0.6997057804979501
57,admin.,married,basic.9y,no,no,no,cellular,jul,fri,1139,2,999,0,nonexistent,1.4,93.918,-42.7,4.957,5228.1,1,1,0.6995019811449652
48,admin.,married,high.school,no,yes,no,cellular,jul,thu,903,1,999,0,nonexistent,1.4,93.918,-42.7,4.962,5228.1,1,1,0.6983547582162251
59,retired,married,university.degree,no,yes,no,cellular,jul,mon,664,7,999,0,nonexistent,1.4,93.918,-42.7,4.962,5228.1,1,1,0.6975
55,technician,single,professional.course,no,yes,yes,cellular,mar,mon,217,2,999,0,nonexistent,-1.8,92.843,-50.0,1.703,5099.1,1,1,0.6975
57,unknown,married,basic.4y,no,yes,no,cellular,jul,wed,183,3,999,0,nonexistent,-1.7,94.215,-40.3,0.802,4991.6,0,1,0.6975
40,management,married,university.degree,no,yes,no,cellular,jul,mon,638,3,999,0,nonexistent,1.4,93.918,-42.7,4.96,5228.1,1,1,0.6975
21,admin.,single,high.school,no,no,no,cellular,jun,mon,173,1,999,0,nonexistent,-2.9,92.963,-40.8,1.26,5076.2,1,1,0.6975
33,housemaid,married,basic.9y,no,no,no,cellular,jul,tue,860,4,999,0,nonexistent,1.4,93.918,-42.7,4.961,5228.1,1,1,0.6975
72,retired,married,basic.4y,no,unknown,unknown,cellular,apr,tue,44,1,999,0,nonexistent,-1.8,93.075,-47.1,1.453,5099.1,0,1,0.6975
34,entrepreneur,married,basic.6y,unknown,yes,no,cellular,nov,mon,788,1,999,0,nonexistent,-0.1,93.2,-42.0,4.191,5195.8,1,1,0.6975
24,services,single,high.school,no,no,no,cellular,apr,tue,450,1,999,0,nonexistent,-1.8,93.075,-47.1,1.423,5099.1,1,1,0.6975
31,management,single,university.degree,no,no,no,cellular,jul,wed,645,1,999,0,nonexistent,1.4,93.918,-42.7,4.962,5228.1,1,1,0.6975
31,blue-collar,married,professional.course,no,no,no,cellular,aug,thu,414,1,999,0,nonexistent,-2.9,92.201,-31.4,0.873,5076.2,1,1,0.6975
53,entrepreneur,married,basic.9y,unknown,yes,no,cellular,aug,tue,1282,5,999,0,nonexistent,1.4,93.444,-36.1,4.966,5228.1,1,1,0.6975
48,technician,married,unknown,no,yes,no,cellular,jul,mon,1096,2,999,0,nonexistent,1.4,93.918,-42.7,4.962,5228.1,1,1,0.6975
80,retired,married,basic.4y,no,yes,no,cellular,aug,wed,323,1,999,0,nonexistent,-2.9,92.201,-31.4,0.834,5076.2,1,1,0.6975
63,admin.,married,university.degree,no,yes,no,cellular,jul,fri,396,2,999,0,nonexistent,-1.7,94.215,-40.3,0.885,4991.6,1,1,0.6975
54,retired,married,professional.course,unknown,no,no,cellular,aug,tue,95,2,999,0,nonexistent,-2.9,92.201,-31.4,0.838,5076.2,1,1,0.6975
34,admin.,married,university.degree,no,yes,yes,cellular,apr,thu,177,2,999,0,nonexistent,-1.8,93.075,-47.1,1.365,5099.1,1,1,0.6975
30,admin.,married,high.school,no,no,yes,cellular,may,tue,838,1,999,0,nonexistent,-1.8,92.893,-46.2,1.344,5099.1,1,1,0.6975
54,blue-collar,married,basic.9y,unknown,no,no,telephone,may,wed,783,2,999,0,nonexistent,1.1,93.994,-36.4,4.858,5191.0,1,1,0.6975
33,technician,married,high.school,no,no,yes,cellular,aug,thu,401,2,999,0,nonexistent,1.4,93.444,-36.1,4.968,5228.1,1,1,0.6975
54,blue-collar,married,basic.6y,unknown,no,no,telephone,jun,thu,2025,1,999,0,nonexistent,1.4,94.465,-41.8,4.958,5228.1,1,1,0.6975
45,blue-collar,single,basic.9y,no,no,yes,cellular,oct,tue,204,2,999,1,failure,-3.4,92.431,-26.9,0.742,5017.5,1,1,0.6975
50,management,married,university.degree,no,yes,no,cellular,oct,thu,305,2,4,1,success,-3.4,92.431,-26.9,0.754,5017.5,1,0,0.6975
57,self-employed,married,university.degree,no,yes,no,cellular,may,mon,949,3,999,0,nonexistent,-1.8,92.893,-46.2,1.354,5099.1,1,1,0.6975
38,blue-collar,married,basic.6y,unknown,no,no,telephone,jun,thu,922,2,999,0,nonexistent,1.4,94.465,-41.8,4.961,5228.1,1,1,0.6973485580018024
22,student,single,high.school,no,no,no,cellular,apr,thu,780,1,999,0,nonexistent,-1.8,93.075,-47.1,1.365,5099.1,1,1,0.6969763906284531
26,technician,single,university.degree,no,yes,no,cellular,may,thu,174,4,2,1,success,-1.8,92.893,-46.2,1.27,5099.1,1,0,0.6965519822092127
28,services,married,high.school,no,no,no,cellular,jul,thu,612,2,999,0,nonexistent,1.4,93.918,-42.7,4.968,5228.1,1,1,0.6956651426531991
54,management,married,university.degree,no,no,no,cellular,jul,mon,798,2,999,0,nonexistent,1.4,93.918,-42.7,4.962,5228.1,1,1,0.6954776230636367
30,self-employed,married,university.degree,no,yes,no,telephone,mar,mon,577,7,999,0,nonexistent,-1.8,93.369,-34.8,0.646,5008.7,1,1,0.695
33,admin.,single,high.school,no,no,no,cellular,may,thu,492,1,12,2,failure,-1.8,92.893,-46.2,1.266,5099.1,1,0,0.695
36,blue-collar,single,basic.6y,no,yes,no,cellular,nov,tue,330,1,999,0,nonexistent,-1.1,94.767,-50.8,1.046,4963.6,1,1,0.695
34,admin.,married,high.school,no,yes,yes,cellular,may,tue,259,1,999,0,nonexistent,-1.8,92.893,-46.2,1.344,5099.1,1,1,0.695
30,blue-collar,single,basic.9y,no,yes,no,cellular,may,thu,623,1,10,1,success,-1.8,92.893,-46.2,1.327,5099.1,1,0,0.695
46,admin.,married,university.degree,unknown,yes,yes,cellular,nov,mon,947,1,999,0,nonexistent,-0.1,93.2,-42.0,4.191,5195.8,1,1,0.695
17,student,single,basic.9y,no,unknown,unknown,cellular,aug,fri,498,2,999,1,failure,-2.9,92.201,-31.4,0.869,5076.2,1,1,0.695
40,technician,single,university.degree,no,no,no,cellular,nov,mon,984,5,999,0,nonexistent,-3.4,92.649,-30.1,0.714,5017.5,1,1,0.695
33,technician,married,university.degree,no,no,no,cellular,may,wed,1489,3,999,0,nonexistent,-1.8,92.893,-46.2,1.334,5099.1,1,1,0.695
36,admin.,married,university.degree,no,yes,no,cellular,jul,wed,99,2,999,0,nonexistent,1.4,93.918,-42.7,4.962,5228.1,0,1,0.695
36,admin.,married,university.degree,no,yes,no,cellular,jul,wed,570,2,999,0,nonexistent,1.4,93.918,-42.7,4.962,5228.1,1,1,0.695
51,blue-collar,married,basic.9y,unknown,no,no,cellular,may,fri,830,1,999,1,failure,-1.8,92.893,-46.2,1.25,5099.1,1,1,0.695
47,admin.,divorced,university.degree,no,yes,yes,cellular,aug,tue,185,1,999,0,nonexistent,-2.9,92.201,-31.4,0.884,5076.2,1,1,0.695
39,admin.,married,high.school,no,yes,no,cellular,may,mon,301,3,3,1,success,-1.8,92.893,-46.2,1.354,5099.1,1,0,0.695
50,technician,married,unknown,no,yes,yes,cellular,may,tue,400,1,999,0,nonexistent,-1.8,92.893,-46.2,1.344,5099.1,1,1,0.695
32,services,married,high.school,unknown,no,no,cellular,may,mon,642,3,10,1,success,-1.8,92.893,-46.2,1.244,5099.1,1,0,0.695
30,admin.,divorced,university.degree,no,yes,no,cellular,may,fri,1598,4,999,1,failure,-1.8,92.893,-46.2,1.25,5099.1,1,1,0.695
50,blue-collar,married,basic.4y,no,yes,no,cellular,jul,mon,611,2,999,0,nonexistent,1.4,93.918,-42.7,4.962,5228.1,1,1,0.695
32,technician,married,university.degree,no,no,yes,cellular,aug,thu,975,4,999,0,nonexistent,-2.9,92.201,-31.4,0.883,5076.2,1,1,0.695
32,technician,single,university.degree,no,no,yes,cellular,aug,tue,1092,4,999,0,nonexistent,1.4,93.444,-36.1,4.966,5228.1,1,1,0.6948490699620261
65,retired,married,basic.9y,no,no,no,cellular,jun,mon,579,1,999,0,nonexistent,-2.9,92.963,-40.8,1.266,5076.2,1,1,0.6947245827010622
30,unemployed,single,unknown,no,yes,no,cellular,nov,wed,1271,2,999,0,nonexistent,-0.1,93.2,-42.0,4.12,5195.8,1,1,0.6947194233687405
34,admin.,married,high.school,no,no,no,cellular,jul,wed,359,5,999,0,nonexistent,1.4,93.918,-42.7,4.962,5228.1,1,1,0.6945663164971215
29,technician,married,university.degree,no,yes,no,cellular,jul,wed,896,2,999,0,nonexistent,-2.9,92.469,-33.6,1.029,5076.2,1,1,0.6944966974179814
56,blue-collar,married,basic.4y,unknown,no,no,telephone,may,fri,1097,15,999,0,nonexistent,1.1,93.994,-36.4,4.864,5191.0,1,1,0.6943054525222553
33,services,married,high.school,no,no,no,cellular,jul,mon,1342,2,999,0,nonexistent,1.4,93.918,-42.7,4.96,5228.1,1,1,0.6939837151702634
37,admin.,married,university.degree,no,yes,no,cellular,aug,tue,148,1,999,2,failure,-2.9,92.201,-31.4,0.859,5076.2,1,1,0.6925
36,services,married,basic.6y,unknown,no,no,cellular,nov,fri,1022,1,999,0,nonexistent,-0.1,93.2,-42.0,4.021,5195.8,1,1,0.6925
35,services,married,high.school,no,no,no,cellular,apr,thu,1034,2,999,0,nonexistent,-1.8,93.075,-47.1,1.365,5099.1,1,1,0.6925
26,student,single,high.school,no,yes,no,cellular,apr,thu,116,4,999,0,nonexistent,-1.8,93.075,-47.1,1.406,5099.1,1,1,0.6925
44,admin.,married,university.degree,no,yes,no,telephone,oct,wed,749,1,999,0,nonexistent,-3.4,92.431,-26.9,0.735,5017.5,1,1,0.6925
26,self-employed,married,university.degree,no,no,no,cellular,may,wed,367,2,999,0,nonexistent,-1.8,92.893,-46.2,1.27,5099.1,1,1,0.6925
21,student,single,high.school,no,yes,no,cellular,may,tue,226,2,999,0,nonexistent,-1.8,92.893,-46.2,1.266,5099.1,1,1,0.6925
34,admin.,single,high.school,no,yes,yes,cellular,apr,tue,2299,2,999,0,nonexistent,-1.8,93.075,-47.1,1.453,5099.1,1,1,0.6925
30,admin.,single,university.degree,no,no,no,telephone,may,wed,819,1,999,0,nonexistent,1.1,93.994,-36.4,4.858,5191.0,1,1,0.6925
37,admin.,single,university.degree,no,yes,no,telephone,may,thu,900,2,999,0,nonexistent,1.1,93.994,-36.4,4.86,5191.0,1,1,0.6925
37,blue-collar,married,basic.9y,no,no,no,cellular,aug,mon,213,1,999,0,nonexistent,-2.9,92.201,-31.4,0.884,5076.2,1,1,0.6925
48,technician,married,basic.9y,no,no,no,cellular,may,thu,553,3,999,0,nonexistent,-1.8,92.893,-46.2,1.327,5099.1,1,1,0.6925
48,technician,married,high.school,no,yes,no,cellular,aug,mon,711,1,999,0,nonexistent,-2.9,92.201,-31.4,0.861,5076.2,1,1,0.6925
32,admin.,married,university.degree,no,yes,no,cellular,jun,mon,103,1,999,1,failure,-2.9,92.963,-40.8,1.266,5076.2,1,1,0.6925
50,technician,married,high.school,no,yes,no,cellular,dec,mon,229,1,999,1,failure,-3.0,92.713,-33.0,0.717,5023.5,1,1,0.6925
46,admin.,married,university.degree,no,unknown,unknown,cellular,dec,fri,696,10,999,0,nonexistent,-3.0,92.713,-33.0,0.718,5023.5,1,1,0.6925
56,retired,married,high.school,unknown,yes,no,cellular,aug,thu,674,1,999,0,nonexistent,1.4,93.444,-36.1,4.968,5228.1,1,1,0.6925
32,admin.,divorced,university.degree,no,yes,no,cellular,aug,mon,1080,3,999,0,nonexistent,1.4,93.444,-36.1,4.965,5228.1,1,1,0.6925
29,admin.,married,high.school,no,yes,no,cellular,may,mon,767,2,999,0,nonexistent,-1.8,92.893,-46.2,1.244,5099.1,1,1,0.6925
59,services,married,university.degree,no,yes,no,cellular,oct,mon,383,2,999,2,failure,-1.1,94.601,-49.5,0.977,4963.6,1,1,0.6925
30,student,single,high.school,no,no,no,cellular,aug,tue,592,3,999,1,failure,-1.7,94.027,-38.3,0.899,4991.6,1,1,0.6925
54,admin.,married,university.degree,no,yes,yes,cellular,aug,fri,204,1,999,1,failure,-2.9,92.201,-31.4,0.849,5076.2,1,1,0.6925
24,services,single,unknown,no,yes,no,cellular,mar,tue,305,13,999,0,nonexistent,-1.8,92.843,-50.0,1.799,5099.1,1,1,0.6925
19,student,single,basic.9y,no,yes,no,cellular,may,fri,491,1,999,0,nonexistent,-1.8,92.893,-46.2,1.259,5099.1,1,1,0.6923514990756371
36,blue-collar,married,high.school,no,no,no,cellular,jul,mon,889,1,999,0,nonexistent,1.4,93.918,-42.7,4.96,5228.1,1,1,0.6922139605462823
32,admin.,single,university.degree,no,yes,no,cellular,mar,fri,271,2,999,0,nonexistent,-1.8,92.843,-50.0,1.531,5099.1,1,1,0.6921393883839764
53,self-employed,married,basic.9y,no,yes,yes,cellular,aug,fri,1241,7,999,0,nonexistent,1.4,93.444,-36.1,4.964,5228.1,1,1,0.6914281363895165
29,admin.,single,university.degree,no,yes,yes,cellular,aug,wed,467,1,999,0,nonexistent,1.4,93.444,-36.1,4.964,5228.1,1,1,0.690826604596397
41,blue-collar,married,basic.6y,no,yes,no,telephone,jun,tue,732,2,999,0,nonexistent,1.4,94.465,-41.8,4.864,5228.1,1,1,0.69
76,retired,married,basic.4y,no,yes,no,cellular,aug,thu,550,1,999,0,nonexistent,-2.9,92.201,-31.4,0.883,5076.2,1,1,0.69
27,admin.,single,university.degree,no,yes,yes,cellular,jun,mon,331,1,999,0,nonexistent,-2.9,92.963,-40.8,1.266,5076.2,1,1,0.69
52,admin.,divorced,basic.9y,no,no,yes,cellular,may,mon,639,2,999,0,nonexistent,-1.8,92.893,-46.2,1.244,5099.1,1,1,0.69
48,entrepreneur,married,university.degree,no,yes,no,cellular,may,fri,796,1,999,1,failure,-1.8,92.893,-46.2,1.259,5099.1,1,1,0.69
28,admin.,married,high.school,no,no,yes,cellular,may,wed,530,2,999,0,nonexistent,-1.8,93.876,-40.0,0.697,5008.7,1,1,0.69
40,management,married,university.degree,no,yes,no,cellular,jun,mon,295,3,999,0,nonexistent,-2.9,92.963,-40.8,1.215,5076.2,1,1,0.69
30,technician,single,professional.course,no,no,no,cellular,jun,thu,137,1,999,0,nonexistent,-2.9,92.963,-40.8,1.26,5076.2,1,1,0.69
35,admin.,married,high.school,no,no,no,cellular,sep,mon,415,1,999,2,failure,-1.1,94.199,-37.5,0.882,4963.6,1,1,0.69
26,admin.,married,high.school,no,no,no,cellular,jul,thu,991,5,999,0,nonexistent,1.4,93.918,-42.7,4.958,5228.1,1,1,0.69
42,admin.,married,high.school,no,yes,yes,telephone,oct,fri,103,1,999,0,nonexistent,-0.1,93.798,-40.4,5.045,5195.8,1,1,0.69
33,admin.,single,high.school,no,yes,no,cellular,aug,fri,182,2,999,1,failure,-2.9,92.201,-31.4,0.881,5076.2,1,1,0.69
24,self-employed,single,unknown,no,no,yes,cellular,jul,thu,342,2,999,0,nonexistent,-2.9,92.469,-33.6,1.072,5076.2,1,1,0.69
27,technician,single,university.degree,no,yes,yes,cellular,may,wed,754,1,999,0,nonexistent,-1.8,92.893,-46.2,1.334,5099.1,1,1,0.69
38,blue-collar,single,high.school,unknown,yes,no,telephone,jun,fri,856,2,999,0,nonexistent,1.4,94.465,-41.8,4.947,5228.1,1,1,0.69
26,services,married,basic.9y,no,no,yes,cellular,may,tue,560,1,999,0,nonexistent,-1.8,92.893,-46.2,1.291,5099.1,1,1,0.69
32,student,single,unknown,no,yes,no,cellular,may,wed,188,2,999,0,nonexistent,-1.8,93.876,-40.0,0.672,5008.7,1,1,0.69
34,admin.,married,university.degree,no,yes,no,cellular,may,mon,915,2,999,0,nonexistent,-1.8,92.893,-46.2,1.264,5099.1,1,1,0.69
37,technician,married,professional.course,no,no,no,cellular,jun,mon,129,1,999,0,nonexistent,-2.9,92.963,-40.8,1.26,5076.2,1,1,0.69
39,blue-collar,single,basic.9y,no,no,no,cellular,may,mon,583,2,999,0,nonexistent,-1.8,92.893,-46.2,1.299,5099.1,1,1,0.6898485580018024
31,technician,married,professional.course,no,no,no,cellular,jul,thu,3643,1,999,0,nonexistent,1.4,93.918,-42.7,4.963,5228.1,1,1,0.689722306525038
33,blue-collar,married,basic.6y,no,no,no,cellular,may,thu,467,1,999,0,nonexistent,-1.8,92.893,-46.2,1.266,5099.1,1,1,0.6897204855842185
36,services,married,high.school,no,yes,yes,cellular,jul,thu,1721,4,999,0,nonexistent,1.4,93.918,-42.7,4.968,5228.1,1,1,0.6897144916540212
21,student,single,high.school,no,yes,no,cellular,apr,fri,551,1,999,0,nonexistent,-1.8,93.749,-34.6,0.663,5008.7,1,1,0.6896155121021272
62,entrepreneur,married,university.degree,no,yes,no,telephone,sep,tue,722,1,999,0,nonexistent,-3.4,92.379,-29.8,0.77,5017.5,1,1,0.6896041510952682
31,technician,single,university.degree,no,yes,no,telephone,apr,tue,847,2,999,0,nonexistent,-1.8,93.075,-47.1,1.405,5099.1,1,1,0.6894938763263414
32,technician,divorced,professional.course,no,no,no,cellular,mar,tue,115,2,999,0,nonexistent,-1.8,92.843,-50.0,1.556,5099.1,0,1,0.689490324339057
39,technician,single,university.degree,no,yes,no,cellular,may,mon,612,1,999,0,nonexistent,-1.8,92.893,-46.2,1.244,5099.1,1,1,0.6893177416952182
24,blue-collar,married,basic.9y,unknown,no,no,cellular,jul,wed,349,1,999,0,nonexistent,1.4,93.918,-42.7,4.957,5228.1,1,1,0.6887622380706788
30,self-employed,single,university.degree,no,no,no,cellular,apr,thu,245,3,999,0,nonexistent,-1.8,93.075,-47.1,1.435,5099.1,1,1,0.6886471425403431
32,management,single,university.degree,no,yes,no,cellular,mar,mon,116,1,999,0,nonexistent,-1.8,92.843,-50.0,1.703,5099.1,1,1,0.6880716731760143
49,admin.,married,high.school,unknown,no,no,cellular,oct,wed,169,1,6,3,success,-1.1,94.601,-49.5,0.985,4963.6,1,0,0.6875
33,technician,married,professional.course,no,yes,no,cellular,aug,tue,940,10,999,0,nonexistent,1.4,93.444,-36.1,4.966,5228.1,1,1,0.6875
25,unknown,single,university.degree,no,no,no,telephone,jun,wed,2203,2,999,0,nonexistent,1.4,94.465,-41.8,4.864,5228.1,1,1,0.6875
28,self-employed,single,university.degree,no,yes,yes,cellular,mar,fri,3076,1,999,0,nonexistent,-1.8,92.843,-50.0,1.64,5099.1,1,1,0.6875
32,services,married,high.school,no,no,no,cellular,may,tue,863,4,1,2,success,-1.8,92.893,-46.2,1.291,5099.1,1,0,0.6875
60,technician,married,high.school,no,no,no,cellular,jul,fri,590,8,999,0,nonexistent,1.4,93.918,-42.7,4.962,5228.1,1,1,0.6875
55,retired,married,professional.course,no,yes,no,cellular,jul,fri,1031,8,999,0,nonexistent,1.4,93.918,-42.7,4.962,5228.1,1,1,0.6875
24,student,single,high.school,no,yes,no,cellular,aug,fri,456,1,999,0,nonexistent,-2.9,92.201,-31.4,0.881,5076.2,1,1,0.6875
31,student,single,university.degree,no,no,no,cellular,aug,tue,224,1,9,2,failure,-1.7,94.027,-38.3,0.899,4991.6,0,0,0.6875
41,services,single,university.degree,no,yes,no,cellular,aug,fri,325,1,999,0,nonexistent,-2.9,92.201,-31.4,0.881,5076.2,1,1,0.6875
42,technician,married,basic.9y,no,yes,no,telephone,jun,mon,442,8,999,0,nonexistent,1.4,94.465,-41.8,4.961,5228.1,1,1,0.6875
56,retired,married,university.degree,no,no,no,cellular,may,wed,108,2,999,0,nonexistent,-1.8,92.893,-46.2,1.27,5099.1,1,1,0.6875
43,admin.,married,university.degree,no,no,no,telephone,jun,fri,1023,3,999,0,nonexistent,1.4,94.465,-41.8,4.959,5228.1,1,1,0.6875
50,entrepreneur,married,university.degree,no,no,no,telephone,nov,tue,209,1,999,0,nonexistent,-0.1,93.2,-42.0,4.7,5195.8,1,1,0.6875
38,technician,divorced,high.school,no,yes,no,cellular,aug,mon,384,3,999,0,nonexistent,1.4,93.444,-36.1,4.965,5228.1,1,1,0.6875
50,technician,single,professional.course,no,yes,yes,cellular,jun,thu,160,1,999,1,failure,-2.9,92.963,-40.8,1.26,5076.2,1,1,0.6875
50,self-employed,married,university.degree,no,yes,no,cellular,apr,thu,1463,2,999,0,nonexistent,-1.8,93.075,-47.1,1.41,5099.1,1,1,0.6875
56,management,divorced,university.degree,no,no,no,cellular,sep,tue,277,1,999,1,failure,-3.4,92.379,-29.8,0.75,5017.5,1,1,0.6875
47,blue-collar,married,unknown,unknown,no,no,telephone,aug,thu,753,13,999,0,nonexistent,1.4,93.444,-36.1,4.964,5228.1,1,1,0.6875
22,admin.,single,university.degree,no,yes,no,telephone,jul,mon,484,1,999,2,failure,-1.7,94.215,-40.3,0.87,4991.6,1,1,0.6875
19,student,single,unknown,no,yes,no,cellular,apr,mon,205,1,999,1,failure,-1.8,93.075,-47.1,1.405,5099.1,1,1,0.6875
47,blue-collar,married,basic.9y,no,unknown,unknown,cellular,jun,tue,380,1,999,0,nonexistent,-1.7,94.055,-39.8,0.713,4991.6,1,1,0.6875
48,entrepreneur,divorced,high.school,no,no,no,cellular,aug,wed,307,1,999,0,nonexistent,-2.9,92.201,-31.4,0.879,5076.2,1,1,0.6875
30,technician,married,high.school,no,no,no,cellular,aug,thu,913,2,999,0,nonexistent,1.4,93.444,-36.1,4.963,5228.1,1,1,0.6875
28,student,single,high.school,no,no,no,cellular,sep,fri,555,2,999,0,nonexistent,-3.4,92.379,-29.8,0.803,5017.5,1,1,0.6875
49,blue-collar,divorced,basic.6y,unknown,no,no,cellular,jul,mon,1065,3,999,0,nonexistent,1.4,93.918,-42.7,4.962,5228.1,1,1,0.6875
27,admin.,single,university.degree,no,no,no,cellular,jul,tue,1237,7,999,0,nonexistent,1.4,93.918,-42.7,4.961,5228.1,1,1,0.6875
48,admin.,married,basic.6y,no,yes,no,telephone,mar,mon,382,2,999,0,nonexistent,-1.8,92.843,-50.0,1.811,5099.1,1,1,0.6875
28,student,single,unknown,no,no,no,cellular,aug,thu,700,4,999,1,failure,-2.9,92.201,-31.4,0.829,5076.2,1,1,0.6875
25,student,single,unknown,unknown,yes,no,cellular,jul,tue,371,1,999,0,nonexistent,-2.9,92.469,-33.6,1.044,5076.2,1,1,0.6875
37,management,married,high.school,no,yes,no,cellular,jul,mon,599,1,999,0,nonexistent,1.4,93.918,-42.7,4.96,5228.1,1,1,0.6875
35,admin.,divorced,university.degree,no,yes,yes,cellular,apr,mon,121,1,999,0,nonexistent,-1.8,93.075,-47.1,1.405,5099.1,1,1,0.6873502211499799
35,admin.,single,university.degree,no,yes,yes,cellular,nov,fri,529,1,999,0,nonexistent,-0.1,93.2,-42.0,4.021,5195.8,1,1,0.687348856669295
34,admin.,divorced,high.school,no,yes,no,cellular,apr,tue,121,1,999,0,nonexistent,-1.8,93.075,-47.1,1.405,5099.1,1,1,0.6872204855842184
39,housemaid,divorced,basic.9y,no,no,no,cellular,jul,thu,926,1,999,0,nonexistent,1.4,93.918,-42.7,4.958,5228.1,1,1,0.6872196509863429
29,services,single,high.school,no,yes,no,telephone,may,thu,93,1,999,0,nonexistent,-1.8,93.876,-40.0,0.699,5008.7,1,1,0.687212215477997
29,self-employed,married,university.degree,no,yes,yes,cellular,nov,fri,729,1,999,0,nonexistent,-0.1,93.2,-42.0,4.021,5195.8,1,1,0.6870121317225574
31,technician,married,professional.course,no,no,no,telephone,jun,wed,371,2,999,0,nonexistent,1.4,94.465,-41.8,4.962,5228.1,1,1,0.6870029655342061
32,technician,single,university.degree,no,no,no,cellular,apr,tue,721,4,999,0,nonexistent,-1.8,93.075,-47.1,1.453,5099.1,1,1,0.686942564491654
32,services,single,high.school,no,no,no,cellular,may,wed,248,2,999,0,nonexistent,-1.8,92.893,-46.2,1.281,5099.1,0,1,0.6868704848089889
30,blue-collar,married,basic.9y,no,yes,no,telephone,apr,thu,426,3,999,0,nonexistent,-1.8,93.075,-47.1,1.41,5099.1,1,1,0.6868344997836953
38,admin.,married,university.degree,no,unknown,unknown,cellular,apr,mon,124,1,999,0,nonexistent,-1.8,93.075,-47.1,1.392,5099.1,1,1,0.6867168132020981
32,blue-collar,single,high.school,no,no,no,cellular,may,wed,329,1,999,0,nonexistent,-1.8,92.893,-46.2,1.27,5099.1,1,1,0.6867113923194924
36,technician,married,high.school,no,yes,no,cellular,aug,mon,630,6,999,0,nonexistent,1.4,93.444,-36.1,4.965,5228.1,1,1,0.6865905156815307
44,services,divorced,high.school,no,no,no,cellular,may,mon,903,4,999,0,nonexistent,-1.8,92.893,-46.2,1.244,5099.1,1,1,0.6862251081292551
39,management,married,university.degree,no,yes,no,cellular,may,fri,837,1,999,0,nonexistent,-1.8,92.893,-46.2,1.25,5099.1,1,1,0.685
63,retired,married,high.school,no,yes,no,cellular,oct,wed,96,1,999,0,nonexistent,-3.4,92.431,-26.9,0.724,5017.5,1,1,0.685
50,technician,married,basic.9y,no,no,no,cellular,nov,fri,705,1,999,0,nonexistent,-0.1,93.2,-42.0,4.021,5195.8,1,1,0.685
39,admin.,married,university.degree,no,yes,no,telephone,may,thu,543,1,999,0,nonexistent,1.1,93.994,-36.4,4.86,5191.0,1,1,0.685
46,blue-collar,single,basic.9y,no,yes,no,telephone,may,thu,541,3,999,0,nonexistent,1.1,93.994,-36.4,4.855,5191.0,1,1,0.685
56,admin.,married,university.degree,no,no,no,cellular,nov,fri,808,2,999,0,nonexistent,-0.1,93.2,-42.0,4.021,5195.8,1,1,0.685
30,admin.,married,university.degree,no,no,yes,cellular,may,mon,85,2,9,2,success,-1.8,93.876,-40.0,0.701,5008.7,0,0,0.685
53,admin.,divorced,university.degree,no,yes,no,cellular,may,mon,367,1,999,0,nonexistent,-1.8,92.893,-46.2,1.354,5099.1,1,1,0.685
52,admin.,married,professional.course,no,no,no,cellular,jul,tue,606,1,999,0,nonexistent,-1.7,94.215,-40.3,0.893,4991.6,1,1,0.685
58,retired,divorced,high.school,no,no,no,cellular,aug,thu,398,2,999,1,failure,-2.9,92.201,-31.4,0.829,5076.2,1,1,0.685
35,management,divorced,university.degree,no,yes,no,cellular,aug,mon,961,2,999,0,nonexistent,1.4,93.444,-36.1,4.965,5228.1,1,1,0.685
29,technician,married,university.degree,no,yes,no,cellular,apr,mon,192,1,999,1,failure,-1.8,93.749,-34.6,0.645,5008.7,1,1,0.685
26,technician,single,university.degree,no,no,no,telephone,jun,tue,1173,3,999,0,nonexistent,1.4,94.465,-41.8,4.864,5228.1,1,1,0.685
64,management,married,high.school,no,yes,no,cellular,apr,fri,693,2,999,0,nonexistent,-1.8,93.075,-47.1,1.4,5099.1,1,1,0.685
43,admin.,divorced,university.degree,no,no,no,telephone,apr,fri,263,4,999,0,nonexistent,-1.8,93.749,-34.6,0.645,5008.7,1,1,0.685
31,blue-collar,single,high.school,no,yes,no,telephone,jun,mon,750,2,999,0,nonexistent,1.4,94.465,-41.8,4.96,5228.1,1,1,0.685
54,housemaid,married,unknown,no,yes,no,cellular,apr,fri,117,1,999,0,nonexistent,-1.8,93.075,-47.1,1.479,5099.1,1,1,0.685
32,blue-collar,married,basic.9y,no,no,no,cellular,apr,thu,583,1,5,1,success,-1.8,93.075,-47.1,1.41,5099.1,1,0,0.685
50,technician,married,university.degree,no,unknown,unknown,cellular,aug,mon,762,2,999,0,nonexistent,1.4,93.444,-36.1,4.963,5228.1,1,1,0.685
35,admin.,married,high.school,no,yes,no,cellular,may,mon,226,1,999,0,nonexistent,-1.8,92.893,-46.2,1.264,5099.1,1,1,0.685
52,admin.,married,university.degree,no,yes,yes,cellular,jun,wed,247,2,999,0,nonexistent,-2.9,92.963,-40.8,1.26,5076.2,1,1,0.685
56,entrepreneur,married,unknown,no,yes,no,cellular,jul,thu,478,2,999,0,nonexistent,-2.9,92.469,-33.6,1.072,5076.2,1,1,0.685
37,entrepreneur,married,university.degree,no,no,no,cellular,nov,tue,543,1,999,0,nonexistent,-0.1,93.2,-42.0,4.153,5195.8,1,1,0.685
36,blue-collar,single,basic.9y,no,no,yes,cellular,may,thu,1516,2,999,0,nonexistent,-1.8,92.893,-46.2,1.327,5099.1,1,1,0.685
42,services,divorced,university.degree,no,unknown,unknown,cellular,nov,tue,262,1,999,1,failure,-1.1,94.767,-50.8,1.046,4963.6,1,1,0.685
29,technician,single,high.school,no,no,yes,cellular,may,tue,185,1,999,0,nonexistent,-1.8,92.893,-46.2,1.266,5099.1,1,1,0.685
38,blue-collar,married,high.school,unknown,yes,no,cellular,may,wed,839,2,7,1,success,-1.8,92.893,-46.2,1.334,5099.1,1,0,0.685
59,retired,married,university.degree,unknown,no,no,cellular,jul,wed,767,5,999,0,nonexistent,1.4,93.918,-42.7,4.957,5228.1,1,1,0.685
33,admin.,single,high.school,no,no,no,cellular,apr,thu,380,3,999,0,nonexistent,-1.8,93.075,-47.1,1.365,5099.1,1,1,0.6849007403524864
26,admin.,single,university.degree,no,yes,no,cellular,jun,wed,213,1,999,0,nonexistent,-2.9,92.963,-40.8,1.26,5076.2,0,1,0.6848526906946475
31,technician,single,university.degree,no,no,no,telephone,apr,tue,207,17,999,0,nonexistent,-1.8,93.075,-47.1,1.405,5099.1,1,1,0.6847179059180576
26,blue-collar,single,basic.9y,no,no,no,cellular,apr,mon,586,1,999,0,nonexistent,-1.8,93.075,-47.1,1.405,5099.1,1,1,0.6847177541729894
37,housemaid,single,university.degree,no,no,no,cellular,may,fri,288,2,999,0,nonexistent,-1.8,92.893,-46.2,1.259,5099.1,1,1,0.6841141746185555
50,blue-collar,married,basic.4y,no,yes,no,cellular,may,tue,392,1,999,0,nonexistent,-1.8,92.893,-46.2,1.344,5099.1,1,1,0.6837932762653515
40,self-employed,single,university.degree,unknown,yes,no,cellular,apr,thu,384,1,999,0,nonexistent,-1.8,93.075,-47.1,1.365,5099.1,1,1,0.6830328528072838
31,management,married,university.degree,no,yes,no,cellular,jun,tue,305,1,999,0,nonexistent,-2.9,92.963,-40.8,1.262,5076.2,1,1,0.6825
37,admin.,married,university.degree,no,yes,no,cellular,sep,wed,729,1,999,1,failure,-1.1,94.199,-37.5,0.886,4963.6,1,1,0.6825
27,admin.,single,university.degree,no,yes,no,cellular,mar,tue,359,1,999,1,failure,-1.8,93.369,-34.8,0.635,5008.7,1,1,0.6825
39,admin.,married,university.degree,no,no,no,cellular,jun,mon,459,1,999,1,failure,-2.9,92.963,-40.8,1.215,5076.2,1,1,0.6825
34,blue-collar,married,basic.9y,no,no,no,telephone,may,tue,427,1,999,0,nonexistent,1.1,93.994,-36.4,4.857,5191.0,0,1,0.6825
31,admin.,single,high.school,unknown,yes,no,cellular,may,mon,309,1,999,0,nonexistent,-1.8,92.893,-46.2,1.244,5099.1,1,1,0.6825
35,admin.,married,university.degree,no,yes,no,cellular,may,fri,763,1,999,0,nonexistent,-1.8,92.893,-46.2,1.313,5099.1,1,1,0.6825
31,technician,single,university.degree,no,yes,no,cellular,may,mon,1514,1,999,1,failure,-1.8,92.893,-46.2,1.299,5099.1,1,1,0.6825
34,blue-collar,married,basic.9y,no,no,no,telephone,may,tue,740,1,999,0,nonexistent,1.1,93.994,-36.4,4.857,5191.0,1,1,0.6825
36,services,single,basic.9y,no,yes,no,cellular,may,fri,501,2,999,0,nonexistent,-1.8,92.893,-46.2,1.313,5099.1,1,1,0.6825
27,admin.,single,professional.course,no,yes,no,cellular,jul,tue,1061,4,999,0,nonexistent,1.4,93.918,-42.7,4.962,5228.1,1,1,0.6825
27,blue-collar,single,basic.6y,no,no,no,cellular,jul,tue,1508,1,999,0,nonexistent,1.4,93.918,-42.7,4.961,5228.1,1,1,0.6825
46,admin.,divorced,high.school,no,unknown,unknown,cellular,jul,tue,297,1,999,0,nonexistent,-2.9,92.469,-33.6,1.044,5076.2,1,1,0.6825
45,management,married,university.degree,no,yes,no,cellular,aug,tue,1735,4,999,0,nonexistent,1.4,93.444,-36.1,4.966,5228.1,1,1,0.6825
29,admin.,single,university.degree,no,no,no,cellular,jun,mon,114,1,999,0,nonexistent,-2.9,92.963,-40.8,1.266,5076.2,1,1,0.6825
37,unemployed,single,basic.9y,unknown,yes,yes,cellular,jul,wed,633,1,999,0,nonexistent,1.4,93.918,-42.7,4.963,5228.1,1,1,0.6825
33,unemployed,married,basic.9y,no,no,no,telephone,jun,wed,563,1,999,0,nonexistent,1.4,94.465,-41.8,4.864,5228.1,1,1,0.6825
48,admin.,divorced,high.school,no,yes,yes,telephone,jun,wed,967,2,999,0,nonexistent,1.4,94.465,-41.8,4.959,5228.1,1,1,0.6825
54,admin.,divorced,university.degree,no,no,no,telephone,may,wed,1689,4,999,0,nonexistent,1.1,93.994,-36.4,4.856,5191.0,1,1,0.6825
36,admin.,single,university.degree,no,no,no,cellular,aug,tue,278,1,999,0,nonexistent,-2.9,92.201,-31.4,0.859,5076.2,1,1,0.6825
29,blue-collar,single,high.school,no,yes,no,telephone,jun,thu,1318,3,999,0,nonexistent,1.4,94.465,-41.8,4.961,5228.1,1,1,0.6825
30,technician,married,professional.course,no,yes,yes,cellular,oct,thu,1707,2,999,0,nonexistent,-3.4,92.431,-26.9,0.722,5017.5,1,1,0.6825
80,retired,married,high.school,no,no,no,telephone,aug,mon,199,1,999,0,nonexistent,-2.9,92.201,-31.4,0.861,5076.2,1,1,0.6825
53,blue-collar,single,basic.9y,no,yes,no,telephone,jul,wed,897,2,999,0,nonexistent,-1.7,94.215,-40.3,0.84,4991.6,1,1,0.6825
32,management,single,university.degree,no,no,no,cellular,jul,wed,675,3,999,0,nonexistent,1.4,93.918,-42.7,4.963,5228.1,1,1,0.6825
56,admin.,married,university.degree,no,yes,no,cellular,sep,thu,169,2,3,2,success,-3.4,92.379,-29.8,0.778,5017.5,1,0,0.6825
20,student,single,unknown,no,yes,no,telephone,may,wed,510,4,999,0,nonexistent,-1.8,93.876,-40.0,0.672,5008.7,1,1,0.6825
39,management,married,unknown,no,yes,yes,cellular,nov,thu,758,1,999,0,nonexistent,-0.1,93.2,-42.0,4.076,5195.8,1,1,0.6825
25,student,single,high.school,no,yes,no,cellular,may,thu,959,3,999,1,failure,-1.8,92.893,-46.2,1.266,5099.1,1,1,0.6825
46,technician,married,university.degree,unknown,no,yes,telephone,jun,thu,993,6,999,0,nonexistent,1.4,94.465,-41.8,4.958,5228.1,1,1,0.6825
52,blue-collar,divorced,high.school,no,no,no,telephone,jun,tue,676,2,999,0,nonexistent,1.4,94.465,-41.8,4.961,5228.1,1,1,0.6825
35,blue-collar,married,basic.9y,no,yes,no,cellular,dec,thu,105,1,4,3,success,-3.0,92.713,-33.0,0.707,5023.5,0,0,0.6825
28,blue-collar,single,professional.course,no,no,no,cellular,jul,wed,1290,4,999,0,nonexistent,1.4,93.918,-42.7,4.962,5228.1,1,1,0.682218057663126
30,admin.,married,university.degree,no,yes,no,cellular,jun,mon,288,1,999,0,nonexistent,-2.9,92.963,-40.8,1.26,5076.2,1,1,0.6822059939301972
31,services,married,high.school,no,yes,no,cellular,may,tue,398,6,999,0,nonexistent,-1.8,92.893,-46.2,1.291,5099.1,1,1,0.6821151266664351
31,technician,married,university.degree,no,yes,yes,cellular,oct,tue,203,4,6,2,success,-1.1,94.601,-49.5,0.982,4963.6,1,0,0.6818356451213589
30,admin.,married,university.degree,no,no,no,cellular,apr,thu,313,3,999,0,nonexistent,-1.8,93.075,-47.1,1.483,5099.1,1,1,0.6818004740038512
40,admin.,divorced,high.school,no,no,no,cellular,jul,mon,837,2,999,0,nonexistent,1.4,93.918,-42.7,4.962,5228.1,1,1,0.6817715979220708
45,services,married,basic.9y,no,no,no,cellular,aug,mon,744,1,999,0,nonexistent,1.4,93.444,-36.1,4.965,5228.1,1,1,0.6809162337637804
45,housemaid,divorced,basic.4y,unknown,no,no,cellular,jul,fri,420,1,999,0,nonexistent,1.4,93.918,-42.7,4.957,5228.1,1,1,0.6802439448741566
39,management,married,university.degree,no,no,no,telephone,jun,mon,721,3,999,0,nonexistent,1.4,94.465,-41.8,4.96,5228.1,1,1,0.68
31,admin.,single,university.degree,no,yes,no,cellular,may,mon,274,2,999,0,nonexistent,-1.8,92.893,-46.2,1.354,5099.1,1,1,0.68
48,admin.,single,university.degree,no,yes,no,cellular,nov,mon,434,2,999,0,nonexistent,-0.1,93.2,-42.0,4.191,5195.8,1,1,0.68
43,entrepreneur,married,university.degree,unknown,no,no,telephone,jun,wed,935,1,999,0,nonexistent,1.4,94.465,-41.8,4.959,5228.1,1,1,0.68
35,entrepreneur,married,university.degree,no,no,no,telephone,jun,mon,513,2,999,0,nonexistent,1.4,94.465,-41.8,4.96,5228.1,1,1,0.68
46,blue-collar,married,basic.6y,no,yes,no,cellular,may,mon,1091,3,999,0,nonexistent,-1.8,92.893,-46.2,1.354,5099.1,1,1,0.68
48,blue-collar,married,high.school,no,yes,yes,telephone,jun,thu,677,3,999,0,nonexistent,1.4,94.465,-41.8,4.955,5228.1,1,1,0.68
28,admin.,single,university.degree,no,yes,no,cellular,may,mon,442,1,999,1,failure,-1.8,92.893,-46.2,1.244,5099.1,1,1,0.68
34,technician,divorced,university.degree,no,no,no,cellular,nov,fri,316,3,999,0,nonexistent,-0.1,93.2,-42.0,4.021,5195.8,1,1,0.68
56,services,divorced,high.school,no,no,no,telephone,may,mon,640,7,999,0,nonexistent,-1.8,92.893,-46.2,1.354,5099.1,1,1,0.68
45,housemaid,married,basic.4y,no,yes,no,cellular,apr,mon,158,2,999,0,nonexistent,-1.8,93.075,-47.1,1.405,5099.1,1,1,0.68
36,blue-collar,married,unknown,no,no,no,cellular,apr,thu,1174,1,999,0,nonexistent,-1.8,93.075,-47.1,1.41,5099.1,1,1,0.68
26,technician,single,university.degree,no,no,no,cellular,may,fri,199,1,999,1,failure,-1.8,92.893,-46.2,1.259,5099.1,1,1,0.68
26,blue-collar,married,basic.9y,no,yes,yes,cellular,apr,thu,251,2,999,0,nonexistent,-1.8,93.075,-47.1,1.41,5099.1,1,1,0.68
38,admin.,married,high.school,no,no,no,cellular,aug,wed,289,2,999,0,nonexistent,-2.9,92.201,-31.4,0.879,5076.2,1,1,0.68
34,services,divorced,high.school,no,yes,yes,cellular,may,fri,562,2,999,0,nonexistent,-1.8,92.893,-46.2,1.25,5099.1,1,1,0.68
31,admin.,single,high.school,no,yes,no,cellular,jul,wed,167,1,999,1,failure,-2.9,92.469,-33.6,1.029,5076.2,1,1,0.68
48,blue-collar,single,basic.4y,no,yes,no,cellular,may,tue,1203,1,999,1,failure,-1.8,92.893,-46.2,1.291,5099.1,1,1,0.68
39,management,divorced,university.degree,no,no,no,cellular,aug,wed,649,1,999,0,nonexistent,1.4,93.444,-36.1,4.964,5228.1,1,1,0.68
31,management,married,university.degree,no,yes,yes,cellular,aug,wed,649,2,999,0,nonexistent,1.4,93.444,-36.1,4.967,5228.1,1,1,0.68
35,admin.,married,university.degree,no,yes,yes,cellular,nov,wed,1028,2,999,0,nonexistent,-0.1,93.2,-42.0,4.12,5195.8,1,1,0.68
38,technician,single,professional.course,no,no,no,cellular,jul,tue,815,4,999,0,nonexistent,1.4,93.918,-42.7,4.961,5228.1,1,1,0.68
58,management,single,university.degree,no,yes,no,cellular,may,fri,685,2,999,0,nonexistent,-1.8,92.893,-46.2,1.313,5099.1,1,1,0.68
32,technician,married,unknown,no,yes,yes,cellular,jul,fri,1973,2,999,0,nonexistent,1.4,93.918,-42.7,4.963,5228.1,1,1,0.68
29,admin.,married,university.degree,no,yes,no,cellular,may,mon,565,1,999,0,nonexistent,-1.8,92.893,-46.2,1.244,5099.1,1,1,0.68
29,admin.,married,university.degree,no,yes,no,cellular,may,mon,167,1,999,0,nonexistent,-1.8,92.893,-46.2,1.244,5099.1,0,1,0.68
37,management,divorced,university.degree,no,no,no,cellular,may,mon,493,1,999,0,nonexistent,-1.8,92.893,-46.2,1.244,5099.1,1,1,0.68
24,technician,single,professional.course,no,unknown,unknown,cellular,may,wed,311,2,999,0,nonexistent,-1.8,92.893,-46.2,1.27,5099.1,1,1,0.68
37,admin.,married,university.degree,no,yes,no,telephone,may,thu,1059,2,999,0,nonexistent,1.1,93.994,-36.4,4.86,5191.0,1,1,0.68
29,admin.,single,high.school,no,yes,no,cellular,may,fri,792,2,999,1,failure,-1.8,92.893,-46.2,1.25,5099.1,1,1,0.68
26,admin.,single,high.school,no,no,no,cellular,may,mon,610,2,999,0,nonexistent,-1.8,92.893,-46.2,1.299,5099.1,1,1,0.68
31,admin.,single,university.degree,no,yes,no,cellular,jul,fri,815,2,13,2,success,-1.7,94.215,-40.3,0.861,4991.6,1,0,0.68
53,admin.,divorced,university.degree,no,no,no,cellular,mar,thu,2486,1,999,0,nonexistent,-1.8,93.369,-34.8,0.654,5008.7,1,1,0.68
39,technician,divorced,high.school,no,no,no,cellular,mar,mon,222,1,12,2,success,-1.8,93.369,-34.8,0.639,5008.7,1,0,0.68
36,admin.,married,high.school,no,no,no,cellular,may,mon,119,1,999,0,nonexistent,-1.8,92.893,-46.2,1.264,5099.1,1,1,0.6797179817905917
35,blue-collar,married,high.school,no,no,no,cellular,may,tue,895,1,999,0,nonexistent,-1.8,92.893,-46.2,1.344,5099.1,1,1,0.6794986620064443
31,services,single,basic.6y,no,yes,no,cellular,may,wed,734,2,999,0,nonexistent,-1.8,92.893,-46.2,1.281,5099.1,1,1,0.6794474203338392
56,blue-collar,married,basic.4y,unknown,no,no,cellular,jul,tue,1545,1,999,0,nonexistent,1.4,93.918,-42.7,4.961,5228.1,1,1,0.6794386949924128
35,entrepreneur,divorced,university.degree,no,yes,no,telephone,jun,mon,351,6,999,0,nonexistent,-2.9,92.963,-40.8,1.26,5076.2,1,1,0.6793461993134562
67,retired,married,professional.course,no,yes,yes,cellular,aug,mon,186,1,999,0,nonexistent,-2.9,92.201,-31.4,0.861,5076.2,1,1,0.6775
31,blue-collar,single,basic.9y,no,yes,yes,cellular,jul,fri,1081,2,999,0,nonexistent,1.4,93.918,-42.7,4.957,5228.1,1,1,0.6775
31,technician,single,university.degree,no,yes,no,cellular,nov,mon,984,1,999,0,nonexistent,-0.1,93.2,-42.0,4.191,5195.8,1,1,0.6775
28,services,single,high.school,no,yes,yes,cellular,may,wed,562,1,999,0,nonexistent,-1.8,92.893,-46.2,1.281,5099.1,1,1,0.6775
26,technician,married,professional.course,no,yes,no,cellular,jul,thu,804,1,999,0,nonexistent,1.4,93.918,-42.7,4.963,5228.1,1,1,0.6775
37,unemployed,married,university.degree,unknown,no,no,telephone,jun,mon,198,1,999,0,nonexistent,-1.7,94.055,-39.8,0.754,4991.6,1,1,0.6775
52,admin.,divorced,university.degree,no,yes,no,telephone,may,wed,938,2,999,0,nonexistent,1.1,93.994,-36.4,4.857,5191.0,1,1,0.6775
60,retired,married,basic.4y,unknown,yes,no,cellular,apr,fri,314,2,999,0,nonexistent,-1.8,93.075,-47.1,1.405,5099.1,1,1,0.6775
48,management,married,university.degree,no,no,yes,cellular,nov,fri,591,1,999,1,failure,-0.1,93.2,-42.0,4.021,5195.8,1,1,0.6775
39,blue-collar,married,basic.9y,no,yes,no,cellular,may,thu,607,3,999,0,nonexistent,-1.8,92.893,-46.2,1.266,5099.1,1,1,0.6775
60,unemployed,married,basic.4y,no,no,no,cellular,nov,thu,627,2,6,1,success,-3.4,92.649,-30.1,0.714,5017.5,1,0,0.6775
34,management,divorced,university.degree,no,yes,no,cellular,jul,tue,1228,6,999,0,nonexistent,1.4,93.918,-42.7,4.961,5228.1,1,1,0.6775
32,technician,single,professional.course,no,no,no,cellular,may,fri,153,2,999,0,nonexistent,-1.8,92.893,-46.2,1.25,5099.1,1,1,0.6775
36,management,married,university.degree,no,no,no,telephone,aug,mon,328,1,999,0,nonexistent,-2.9,92.201,-31.4,0.884,5076.2,1,1,0.6775
33,management,single,university.degree,no,no,no,cellular,nov,thu,2420,3,999,0,nonexistent,-0.1,93.2,-42.0,4.076,5195.8,1,1,0.6775
47,admin.,single,high.school,no,yes,no,cellular,may,mon,911,3,999,0,nonexistent,-1.8,92.893,-46.2,1.299,5099.1,1,1,0.6775
40,blue-collar,married,basic.9y,no,no,no,cellular,apr,thu,328,1,999,0,nonexistent,-1.8,93.075,-47.1,1.365,5099.1,1,1,0.6775
33,blue-collar,married,basic.6y,no,no,no,cellular,jul,tue,1077,1,999,0,nonexistent,1.4,93.918,-42.7,4.961,5228.1,1,1,0.6775
32,services,married,high.school,unknown,no,no,telephone,jun,mon,1137,3,999,0,nonexistent,1.4,94.465,-41.8,4.961,5228.1,1,1,0.6775
59,admin.,divorced,professional.course,no,no,no,cellular,aug,tue,206,1,999,1,failure,-2.9,92.201,-31.4,0.883,5076.2,1,1,0.6775
28,admin.,married,university.degree,no,yes,no,cellular,may,mon,643,1,999,0,nonexistent,-1.8,92.893,-46.2,1.354,5099.1,1,1,0.6775
57,blue-collar,married,professional.course,unknown,yes,no,cellular,jul,mon,857,4,999,0,nonexistent,1.4,93.918,-42.7,4.96,5228.1,1,1,0.6775
40,services,married,high.school,no,no,no,cellular,apr,thu,161,1,999,0,nonexistent,-1.8,93.075,-47.1,1.41,5099.1,1,1,0.6775
29,admin.,single,university.degree,no,no,no,cellular,apr,fri,678,1,999,0,nonexistent,-1.8,93.075,-47.1,1.405,5099.1,1,1,0.6775
33,admin.,single,professional.course,no,no,no,cellular,may,mon,843,1,999,1,failure,-1.8,92.893,-46.2,1.244,5099.1,1,1,0.6775
45,management,married,professional.course,no,no,no,cellular,nov,thu,993,1,999,0,nonexistent,-0.1,93.2,-42.0,4.076,5195.8,1,1,0.6775
39,management,married,university.degree,no,no,no,cellular,aug,thu,1321,6,999,0,nonexistent,1.4,93.444,-36.1,4.968,5228.1,1,1,0.6775
27,entrepreneur,single,university.degree,no,yes,no,telephone,jun,mon,486,3,999,0,nonexistent,1.4,94.465,-41.8,4.961,5228.1,1,1,0.6775
53,admin.,married,university.degree,no,no,yes,telephone,jun,thu,1603,10,999,0,nonexistent,-2.9,92.963,-40.8,1.235,5076.2,1,1,0.6775
29,admin.,single,high.school,no,yes,no,cellular,apr,thu,733,1,999,0,nonexistent,-1.8,93.075,-47.1,1.365,5099.1,1,1,0.6773987927301358
37,management,married,university.degree,no,no,no,cellular,aug,wed,902,2,999,0,nonexistent,1.4,93.444,-36.1,4.967,5228.1,1,1,0.6773052971779916
29,services,married,professional.course,no,no,no,cellular,aug,tue,836,3,999,0,nonexistent,1.4,93.444,-36.1,4.963,5228.1,1,1,0.6772220789074355
27,services,single,high.school,unknown,no,no,cellular,jul,tue,509,4,999,0,nonexistent,1.4,93.918,-42.7,4.962,5228.1,1,1,0.6772169954476479
30,services,single,high.school,no,no,no,cellular,may,mon,700,3,999,0,nonexistent,-1.8,92.893,-46.2,1.244,5099.1,1,1,0.6772115326251896
40,admin.,divorced,university.degree,no,no,no,cellular,apr,wed,143,2,999,0,nonexistent,-1.8,93.075,-47.1,1.445,5099.1,1,1,0.6770679334703411
35,blue-collar,single,high.school,no,no,no,cellular,may,tue,1090,1,999,0,nonexistent,-1.8,92.893,-46.2,1.344,5099.1,1,1,0.6769986620064442
34,admin.,single,university.degree,no,yes,no,cellular,jul,tue,819,3,999,0,nonexistent,1.4,93.918,-42.7,4.962,5228.1,1,1,0.6769931409714457
60,blue-collar,married,basic.9y,no,yes,no,cellular,may,mon,193,1,999,1,failure,-1.8,92.893,-46.2,1.354,5099.1,1,1,0.6769289833080424
25,admin.,single,high.school,no,no,no,cellular,may,fri,682,3,999,1,failure,-1.8,92.893,-46.2,1.313,5099.1,1,1,0.6768447375367611
36,blue-collar,single,high.school,no,yes,no,telephone,jun,wed,835,1,999,0,nonexistent,1.4,94.465,-41.8,4.962,5228.1,1,1,0.6767963716073314
32,technician,single,professional.course,no,yes,yes,cellular,aug,wed,952,1,999,0,nonexistent,1.4,93.444,-36.1,4.967,5228.1,1,1,0.6767127601894377
32,admin.,married,professional.course,no,yes,no,cellular,oct,tue,435,1,999,0,nonexistent,-3.4,92.431,-26.9,0.742,5017.5,1,1,0.6756170675161823
32,admin.,married,professional.course,no,yes,no,cellular,oct,tue,169,1,999,0,nonexistent,-3.4,92.431,-26.9,0.742,5017.5,0,1,0.6756170675161823
29,technician,single,professional.course,no,yes,no,cellular,nov,fri,1555,2,999,0,nonexistent,-0.1,93.2,-42.0,4.021,5195.8,1,1,0.6753374798124124
46,admin.,divorced,university.degree,no,no,no,telephone,may,fri,897,1,999,0,nonexistent,1.1,93.994,-36.4,4.859,5191.0,1,1,0.675
56,blue-collar,married,basic.9y,no,yes,no,cellular,nov,thu,994,1,999,1,failure,-0.1,93.2,-42.0,4.076,5195.8,1,1,0.675
25,student,single,high.school,no,yes,yes,telephone,aug,fri,461,1,999,0,nonexistent,-1.7,94.027,-38.3,0.898,4991.6,1,1,0.675
45,entrepreneur,married,university.degree,no,yes,no,cellular,may,wed,1074,4,999,1,failure,-1.8,92.893,-46.2,1.334,5099.1,1,1,0.675
42,blue-collar,married,basic.9y,no,no,no,cellular,jul,tue,730,1,999,0,nonexistent,1.4,93.918,-42.7,4.962,5228.1,1,1,0.675
35,technician,married,university.degree,no,yes,yes,telephone,may,fri,231,2,999,0,nonexistent,-1.8,92.893,-46.2,1.259,5099.1,1,1,0.675
44,blue-collar,divorced,basic.6y,unknown,no,no,cellular,may,thu,877,3,999,0,nonexistent,-1.8,92.893,-46.2,1.327,5099.1,1,1,0.675
45,entrepreneur,married,university.degree,no,yes,yes,telephone,may,fri,515,1,999,0,nonexistent,1.1,93.994,-36.4,4.859,5191.0,1,1,0.675
40,blue-collar,married,basic.9y,no,unknown,unknown,telephone,nov,thu,160,1,999,0,nonexistent,-0.1,93.2,-42.0,4.245,5195.8,1,1,0.675
43,blue-collar,divorced,high.school,no,yes,no,cellular,jul,tue,658,2,999,0,nonexistent,1.4,93.918,-42.7,4.962,5228.1,1,1,0.675
34,blue-collar,married,high.school,no,yes,no,cellular,may,tue,863,1,3,2,success,-1.8,92.893,-46.2,1.344,5099.1,1,0,0.675
28,admin.,single,university.degree,no,no,no,cellular,jun,mon,69,1,999,1,failure,-2.9,92.963,-40.8,1.266,5076.2,1,1,0.675
20,student,single,basic.4y,no,yes,yes,cellular,apr,tue,240,1,999,1,failure,-1.8,93.749,-34.6,0.644,5008.7,1,1,0.675
28,services,single,professional.course,no,yes,no,cellular,may,thu,406,2,999,0,nonexistent,-1.8,92.893,-46.2,1.266,5099.1,1,1,0.675
51,blue-collar,married,basic.4y,no,unknown,unknown,telephone,aug,tue,480,1,999,0,nonexistent,1.4,93.444,-36.1,4.963,5228.1,1,1,0.675
42,self-employed,married,university.degree,no,yes,no,cellular,apr,tue,216,1,999,1,failure,-1.8,93.075,-47.1,1.423,5099.1,1,1,0.675
20,technician,single,university.degree,no,no,no,cellular,may,mon,237,5,999,0,nonexistent,-1.8,92.893,-46.2,1.354,5099.1,1,1,0.675
28,technician,married,professional.course,no,no,no,cellular,may,wed,550,1,999,0,nonexistent,-1.8,92.893,-46.2,1.334,5099.1,1,1,0.675
52,blue-collar,married,basic.4y,unknown,yes,yes,cellular,aug,wed,1250,4,999,0,nonexistent,1.4,93.444,-36.1,4.967,5228.1,1,1,0.675
51,management,married,university.degree,no,no,no,cellular,aug,thu,644,2,999,0,nonexistent,1.4,93.444,-36.1,4.963,5228.1,1,1,0.675
41,technician,single,professional.course,no,yes,no,telephone,jun,wed,1255,1,999,0,nonexistent,1.4,94.465,-41.8,4.962,5228.1,1,1,0.675
33,unemployed,married,basic.4y,no,no,no,cellular,may,mon,1008,1,999,1,failure,-1.8,92.893,-46.2,1.244,5099.1,1,1,0.675
35,admin.,single,university.degree,no,yes,no,cellular,nov,fri,530,1,999,0,nonexistent,-0.1,93.2,-42.0,4.021,5195.8,1,1,0.675
39,admin.,married,university.degree,no,no,no,cellular,may,tue,614,3,999,0,nonexistent,-1.8,92.893,-46.2,1.291,5099.1,1,1,0.675
26,admin.,married,high.school,no,yes,no,cellular,nov,mon,432,5,999,0,nonexistent,-3.4,92.649,-30.1,0.714,5017.5,1,1,0.675
26,management,single,university.degree,no,no,no,cellular,may,thu,715,1,999,0,nonexistent,-1.8,92.893,-46.2,1.266,5099.1,1,1,0.675
37,blue-collar,married,basic.6y,no,yes,no,cellular,apr,mon,1138,2,999,1,failure,-1.8,93.075,-47.1,1.466,5099.1,1,1,0.675
43,technician,single,high.school,no,yes,yes,cellular,may,wed,610,1,999,0,nonexistent,-1.8,92.893,-46.2,1.281,5099.1,1,1,0.675
39,blue-collar,single,basic.9y,no,no,no,telephone,may,tue,650,3,999,0,nonexistent,1.1,93.994,-36.4,4.856,5191.0,1,1,0.675
53,blue-collar,married,basic.4y,unknown,yes,no,cellular,apr,mon,583,2,999,1,failure,-1.8,93.075,-47.1,1.466,5099.1,1,1,0.675
34,housemaid,single,high.school,no,no,no,cellular,may,wed,391,1,999,0,nonexistent,-1.8,92.893,-46.2,1.281,5099.1,1,1,0.675
32,admin.,single,high.school,no,yes,no,cellular,jun,tue,350,1,999,0,nonexistent,-2.9,92.963,-40.8,1.262,5076.2,1,1,0.675
26,student,single,high.school,no,no,no,cellular,may,mon,716,3,999,1,failure,-1.8,92.893,-46.2,1.354,5099.1,1,1,0.675
43,services,married,basic.6y,unknown,unknown,unknown,cellular,jul,mon,939,2,999,0,nonexistent,1.4,93.918,-42.7,4.962,5228.1,1,1,0.675
25,admin.,single,university.degree,no,yes,no,cellular,aug,fri,255,1,999,0,nonexistent,-2.9,92.201,-31.4,0.881,5076.2,1,1,0.6748969580166883
33,management,married,university.degree,no,yes,no,cellular,jul,tue,429,1,999,0,nonexistent,-2.9,92.469,-33.6,1.044,5076.2,1,1,0.674846037985083
27,services,single,high.school,no,no,yes,cellular,jul,fri,616,5,999,0,nonexistent,1.4,93.918,-42.7,4.962,5228.1,1,1,0.6745034578902769
34,technician,married,high.school,no,no,yes,cellular,nov,wed,561,1,999,0,nonexistent,-0.1,93.2,-42.0,4.12,5195.8,1,1,0.6744873890069184
64,retired,married,university.degree,no,yes,no,cellular,apr,tue,146,4,999,0,nonexistent,-1.8,93.075,-47.1,1.405,5099.1,1,1,0.6739702379806838
34,blue-collar,married,high.school,no,no,no,cellular,may,wed,590,1,999,0,nonexistent,-1.8,92.893,-46.2,1.281,5099.1,1,1,0.6729541831427522
44,management,single,university.degree,unknown,yes,no,telephone,may,fri,844,1,999,0,nonexistent,1.1,93.994,-36.4,4.859,5191.0,1,1,0.6725
34,blue-collar,married,basic.9y,unknown,yes,no,cellular,jul,fri,913,4,999,0,nonexistent,1.4,93.918,-42.7,4.957,5228.1,1,1,0.6725
37,admin.,married,university.degree,no,no,yes,cellular,aug,thu,1505,3,999,0,nonexistent,1.4,93.444,-36.1,4.963,5228.1,1,1,0.6725
34,management,divorced,university.degree,no,yes,yes,cellular,nov,thu,1258,2,999,0,nonexistent,-0.1,93.2,-42.0,4.076,5195.8,1,1,0.6725
28,blue-collar,married,basic.9y,no,yes,no,cellular,may,tue,390,1,999,0,nonexistent,-1.8,92.893,-46.2,1.266,5099.1,1,1,0.6725
39,entrepreneur,single,basic.6y,no,no,no,telephone,jun,thu,1053,2,999,0,nonexistent,1.4,94.465,-41.8,4.866,5228.1,1,1,0.6725
23,blue-collar,single,basic.4y,no,yes,no,cellular,may,fri,523,2,999,0,nonexistent,-1.8,92.893,-46.2,1.25,5099.1,1,1,0.6725
36,technician,married,high.school,no,no,no,telephone,jun,mon,940,1,999,0,nonexistent,1.4,94.465,-41.8,4.961,5228.1,1,1,0.6725
55,unemployed,married,basic.9y,no,no,yes,cellular,may,mon,296,1,999,0,nonexistent,-1.8,92.893,-46.2,1.264,5099.1,1,1,0.6725
48,unemployed,married,basic.6y,no,no,no,cellular,jul,thu,1850,1,999,0,nonexistent,1.4,93.918,-42.7,4.962,5228.1,1,1,0.6725
42,technician,single,professional.course,no,no,no,cellular,may,wed,531,2,999,0,nonexistent,-1.8,92.893,-46.2,1.281,5099.1,1,1,0.6725
38,admin.,married,high.school,no,yes,yes,cellular,may,thu,574,1,999,0,nonexistent,-1.8,92.893,-46.2,1.327,5099.1,1,1,0.6725
29,blue-collar,married,basic.6y,no,no,no,cellular,may,thu,481,2,999,0,nonexistent,-1.8,92.893,-46.2,1.327,5099.1,1,1,0.6725
52,management,married,university.degree,no,unknown,unknown,cellular,nov,tue,486,1,999,0,nonexistent,-0.1,93.2,-42.0,4.153,5195.8,1,1,0.6725
42,admin.,married,unknown,no,no,no,cellular,apr,fri,952,1,999,1,failure,-1.8,93.075,-47.1,1.405,5099.1,1,1,0.6725
49,blue-collar,married,basic.4y,no,no,no,telephone,jun,thu,577,2,999,0,nonexistent,1.4,94.465,-41.8,4.958,5228.1,1,1,0.6725
38,technician,married,university.degree,no,yes,no,cellular,aug,mon,1374,6,999,0,nonexistent,1.4,93.444,-36.1,4.965,5228.1,1,1,0.6725
31,admin.,single,high.school,no,yes,no,cellular,may,wed,850,1,999,0,nonexistent,-1.8,92.893,-46.2,1.281,5099.1,1,1,0.6725
34,management,married,university.degree,no,no,no,telephone,nov,fri,179,1,999,0,nonexistent,-0.1,93.2,-42.0,4.223,5195.8,1,1,0.6725
39,admin.,married,university.degree,no,no,no,cellular,jul,fri,653,4,999,0,nonexistent,1.4,93.918,-42.7,4.962,5228.1,1,1,0.6725
42,technician,married,university.degree,no,no,no,cellular,jul,wed,361,1,999,1,failure,-2.9,92.469,-33.6,1.029,5076.2,1,1,0.6725
52,retired,married,basic.4y,no,no,no,telephone,jun,wed,633,1,999,0,nonexistent,1.4,94.465,-41.8,4.864,5228.1,1,1,0.6725
50,admin.,married,university.degree,no,no,no,telephone,jul,mon,1076,17,999,0,nonexistent,1.4,93.918,-42.7,4.962,5228.1,1,1,0.6725
32,blue-collar,married,basic.9y,no,unknown,unknown,cellular,may,thu,1020,1,999,0,nonexistent,-1.8,92.893,-46.2,1.266,5099.1,1,1,0.6725
45,admin.,married,high.school,no,yes,yes,cellular,apr,fri,636,3,999,0,nonexistent,-1.8,93.075,-47.1,1.405,5099.1,1,1,0.6725
51,blue-collar,married,basic.4y,no,yes,no,cellular,may,mon,601,3,999,0,nonexistent,-1.8,92.893,-46.2,1.354,5099.1,1,1,0.6725
31,services,married,high.school,unknown,no,no,cellular,may,mon,619,6,999,0,nonexistent,-1.8,92.893,-46.2,1.354,5099.1,1,1,0.6725
34,blue-collar,divorced,professional.course,no,no,no,telephone,jun,thu,884,4,999,0,nonexistent,1.4,94.465,-41.8,4.866,5228.1,1,1,0.6725
31,housemaid,married,basic.6y,no,yes,yes,telephone,aug,thu,698,1,999,0,nonexistent,1.4,93.444,-36.1,4.964,5228.1,1,1,0.6723964540793971
30,technician,single,professional.course,no,no,yes,cellular,nov,tue,835,1,999,0,nonexistent,-0.1,93.2,-42.0,4.153,5195.8,1,1,0.6722167678300456
34,admin.,married,university.degree,no,no,no,cellular,jul,wed,198,2,999,0,nonexistent,1.4,93.918,-42.7,4.957,5228.1,0,1,0.6722137542309002
34,admin.,married,university.degree,no,no,no,cellular,jul,wed,781,2,999,0,nonexistent,1.4,93.918,-42.7,4.957,5228.1,1,1,0.6722137542309002
36,self-employed,married,basic.9y,unknown,no,no,cellular,aug,thu,1184,2,999,0,nonexistent,1.4,93.444,-36.1,4.964,5228.1,1,1,0.6722136570561458
44,entrepreneur,married,basic.4y,no,yes,no,cellular,may,tue,955,2,999,0,nonexistent,-1.8,92.893,-46.2,1.344,5099.1,1,1,0.6720872408156242
23,technician,single,professional.course,no,yes,no,telephone,jul,fri,336,4,999,0,nonexistent,-2.9,92.469,-33.6,1.007,5076.2,1,1,0.6719932635138821
30,technician,single,professional.course,no,no,no,cellular,nov,wed,757,2,999,0,nonexistent,-0.1,93.2,-42.0,4.12,5195.8,1,1,0.6717984621960329
50,blue-collar,married,professional.course,unknown,no,no,cellular,nov,thu,283,1,999,0,nonexistent,-0.1,93.2,-42.0,4.076,5195.8,1,1,0.67
55,entrepreneur,single,unknown,unknown,no,no,telephone,jul,wed,542,1,999,0,nonexistent,1.4,93.918,-42.7,4.963,5228.1,1,1,0.67
41,admin.,single,unknown,no,yes,yes,telephone,may,mon,1111,3,999,0,nonexistent,1.1,93.994,-36.4,4.857,5191.0,1,1,0.67
49,technician,married,basic.9y,no,no,no,telephone,may,mon,1467,1,999,0,nonexistent,1.1,93.994,-36.4,4.857,5191.0,1,1,0.67
45,technician,married,basic.9y,no,no,yes,cellular,may,fri,1077,1,999,0,nonexistent,-1.8,92.893,-46.2,1.313,5099.1,1,1,0.67
44,blue-collar,single,basic.6y,unknown,yes,no,telephone,may,fri,665,2,999,0,nonexistent,1.1,93.994,-36.4,4.855,5191.0,1,1,0.67
47,blue-collar,married,basic.6y,no,yes,no,telephone,may,fri,600,1,999,0,nonexistent,1.1,93.994,-36.4,4.857,5191.0,1,1,0.67
54,admin.,single,university.degree,no,no,no,cellular,may,mon,337,1,999,0,nonexistent,-1.8,92.893,-46.2,1.264,5099.1,1,1,0.67
78,retired,married,basic.4y,no,yes,no,telephone,mar,fri,139,1,999,0,nonexistent,-1.8,93.369,-34.8,0.636,5008.7,0,1,0.67
27,admin.,single,high.school,no,yes,no,cellular,may,fri,1448,2,999,0,nonexistent,-1.8,92.893,-46.2,1.313,5099.1,1,1,0.67
41,blue-collar,divorced,basic.4y,no,no,no,cellular,may,fri,709,5,999,0,nonexistent,-1.8,92.893,-46.2,1.25,5099.1,1,1,0.67
42,admin.,married,high.school,no,no,no,telephone,may,tue,1392,2,999,0,nonexistent,1.1,93.994,-36.4,4.856,5191.0,1,1,0.67
33,technician,single,basic.9y,no,yes,yes,cellular,aug,mon,289,1,999,2,failure,-2.9,92.201,-31.4,0.884,5076.2,1,1,0.67
47,admin.,married,university.degree,no,unknown,unknown,cellular,aug,thu,1231,2,999,0,nonexistent,1.4,93.444,-36.1,4.964,5228.1,1,1,0.67
33,admin.,single,high.school,no,yes,no,cellular,aug,tue,136,3,999,0,nonexistent,-2.9,92.201,-31.4,0.883,5076.2,1,1,0.67
27,unknown,single,university.degree,no,yes,no,cellular,jun,wed,665,4,3,2,success,-1.7,94.055,-39.8,0.767,4991.6,1,0,0.67
33,entrepreneur,married,university.degree,no,yes,no,telephone,oct,tue,454,1,999,0,nonexistent,-0.1,93.798,-40.4,4.86,5195.8,1,1,0.67
30,admin.,married,university.degree,no,no,no,telephone,aug,wed,588,3,999,0,nonexistent,1.4,93.444,-36.1,4.964,5228.1,1,1,0.67
32,student,single,university.degree,no,yes,no,cellular,apr,mon,712,4,999,0,nonexistent,-1.8,93.075,-47.1,1.405,5099.1,1,1,0.67
57,self-employed,married,university.degree,no,no,yes,cellular,jul,thu,1441,2,999,0,nonexistent,1.4,93.918,-42.7,4.962,5228.1,1,1,0.67
57,retired,married,university.degree,no,yes,yes,cellular,jul,mon,1062,4,999,0,nonexistent,1.4,93.918,-42.7,4.962,5228.1,1,1,0.67
36,technician,married,high.school,no,yes,yes,cellular,may,fri,659,1,999,0,nonexistent,-1.8,92.893,-46.2,1.25,5099.1,1,1,0.67
30,blue-collar,married,basic.9y,no,no,no,cellular,jul,tue,623,2,999,0,nonexistent,1.4,93.918,-42.7,4.962,5228.1,1,1,0.67
39,management,single,university.degree,no,yes,no,telephone,may,tue,751,1,999,0,nonexistent,1.1,93.994,-36.4,4.857,5191.0,1,1,0.67
50,retired,married,professional.course,no,yes,no,cellular,jul,fri,695,1,999,0,nonexistent,1.4,93.918,-42.7,4.962,5228.1,1,1,0.67
53,management,married,university.degree,no,yes,no,cellular,aug,tue,1133,3,999,0,nonexistent,1.4,93.444,-36.1,4.966,5228.1,1,1,0.67
37,unemployed,married,professional.course,unknown,no,no,telephone,may,thu,746,1,999,0,nonexistent,1.1,93.994,-36.4,4.86,5191.0,1,1,0.67
43,technician,married,university.degree,unknown,unknown,unknown,cellular,may,tue,426,1,999,1,failure,-1.8,92.893,-46.2,1.291,5099.1,1,1,0.67
33,retired,married,high.school,no,yes,no,cellular,may,tue,762,3,999,0,nonexistent,-1.8,92.893,-46.2,1.344,5099.1,1,1,0.67
28,blue-collar,single,basic.9y,no,yes,yes,cellular,may,tue,637,3,999,0,nonexistent,-1.8,92.893,-46.2,1.291,5099.1,1,1,0.67
22,admin.,single,university.degree,no,yes,no,cellular,sep,mon,194,2,999,3,failure,-1.1,94.199,-37.5,0.882,4963.6,1,1,0.67
36,services,single,high.school,no,yes,no,cellular,jul,fri,862,1,999,0,nonexistent,1.4,93.918,-42.7,4.962,5228.1,1,1,0.67
52,management,married,university.degree,no,no,no,cellular,aug,mon,1488,2,999,0,nonexistent,1.4,93.444,-36.1,4.97,5228.1,1,1,0.67
28,admin.,married,high.school,no,yes,no,cellular,may,wed,1073,1,999,0,nonexistent,-1.8,92.893,-46.2,1.281,5099.1,1,1,0.67
58,housemaid,married,basic.4y,no,no,no,telephone,may,wed,689,2,999,0,nonexistent,-1.8,92.893,-46.2,1.281,5099.1,1,1,0.67
37,blue-collar,married,basic.4y,unknown,no,no,telephone,jun,fri,1663,1,999,0,nonexistent,1.4,94.465,-41.8,4.959,5228.1,1,1,0.67
43,management,married,university.degree,no,yes,yes,cellular,nov,wed,1084,1,999,1,failure,-0.1,93.2,-42.0,4.12,5195.8,1,1,0.67
52,services,married,high.school,unknown,yes,no,cellular,jul,fri,946,3,999,0,nonexistent,1.4,93.918,-42.7,4.962,5228.1,1,1,0.67
26,blue-collar,single,basic.9y,no,no,no,telephone,may,fri,688,1,999,0,nonexistent,1.1,93.994,-36.4,4.859,5191.0,1,1,0.67
31,management,married,university.degree,no,yes,yes,cellular,aug,mon,271,2,999,0,nonexistent,-2.9,92.201,-31.4,0.821,5076.2,1,1,0.67
54,retired,married,basic.4y,no,yes,no,cellular,apr,fri,840,3,999,0,nonexistent,-1.8,93.075,-47.1,1.405,5099.1,1,1,0.67
32,blue-collar,married,basic.9y,no,no,no,cellular,nov,mon,1091,2,5,1,success,-0.1,93.2,-42.0,4.191,5195.8,1,0,0.67
29,blue-collar,married,basic.9y,no,no,yes,cellular,may,wed,837,1,999,0,nonexistent,-1.8,92.893,-46.2,1.334,5099.1,1,1,0.6698530309602995
53,services,married,unknown,no,yes,no,cellular,jun,tue,501,3,999,0,nonexistent,-2.9,92.963,-40.8,1.262,5076.2,1,1,0.6698491552695093
42,services,married,high.school,no,no,no,cellular,jul,thu,1153,4,999,0,nonexistent,1.4,93.918,-42.7,4.958,5228.1,1,1,0.6697260242792109
30,admin.,single,university.degree,no,yes,no,cellular,nov,thu,478,1,999,0,nonexistent,-0.1,93.2,-42.0,4.076,5195.8,1,1,0.6697139605462823
50,self-employed,married,basic.9y,no,yes,yes,cellular,may,mon,673,6,3,1,success,-1.8,92.893,-46.2,1.354,5099.1,1,0,0.6697091805766313
24,student,single,high.school,no,no,yes,cellular,apr,thu,209,1,999,0,nonexistent,-1.8,93.075,-47.1,1.365,5099.1,1,1,0.6694824942004729
24,student,single,high.school,no,no,yes,cellular,apr,thu,157,1,999,0,nonexistent,-1.8,93.075,-47.1,1.365,5099.1,0,1,0.6694824942004729
34,blue-collar,married,basic.9y,no,no,yes,cellular,may,fri,763,1,999,0,nonexistent,-1.8,92.893,-46.2,1.313,5099.1,1,1,0.669145144157815
44,admin.,married,high.school,no,no,no,cellular,jul,wed,869,1,999,0,nonexistent,1.4,93.918,-42.7,4.962,5228.1,1,1,0.6689669562148939
40,retired,married,basic.4y,unknown,yes,no,cellular,jul,fri,1689,2,999,0,nonexistent,1.4,93.918,-42.7,4.963,5228.1,1,1,0.6688585955506666
52,admin.,married,professional.course,no,yes,yes,cellular,jul,tue,287,2,6,1,success,-1.7,94.215,-40.3,0.893,4991.6,1,0,0.6677257733472363
52,admin.,married,professional.course,no,yes,yes,cellular,jul,tue,139,2,6,1,success,-1.7,94.215,-40.3,0.893,4991.6,0,0,0.6677257733472363
52,self-employed,married,basic.4y,unknown,no,yes,telephone,jun,fri,381,2,999,0,nonexistent,1.4,94.465,-41.8,4.967,5228.1,1,1,0.6675
37,blue-collar,married,basic.6y,no,no,no,cellular,may,tue,1085,3,999,0,nonexistent,-1.8,92.893,-46.2,1.344,5099.1,1,1,0.6675
29,admin.,single,high.school,no,no,no,cellular,jun,wed,108,5,999,0,nonexistent,-1.7,94.055,-39.8,0.767,4991.6,0,1,0.6675
59,management,married,university.degree,no,no,no,telephone,may,mon,460,5,999,0,nonexistent,1.1,93.994,-36.4,4.857,5191.0,1,1,0.6675
28,self-employed,single,university.degree,no,no,no,cellular,may,wed,554,2,999,0,nonexistent,-1.8,92.893,-46.2,1.334,5099.1,1,1,0.6675
60,self-employed,married,university.degree,no,yes,no,cellular,jul,wed,416,4,999,0,nonexistent,1.4,93.918,-42.7,4.963,5228.1,1,1,0.6675
37,admin.,single,high.school,no,yes,no,cellular,nov,thu,1035,1,999,0,nonexistent,-0.1,93.2,-42.0,4.076,5195.8,1,1,0.6675
57,management,married,basic.4y,unknown,no,yes,cellular,jul,thu,584,1,999,0,nonexistent,1.4,93.918,-42.7,4.963,5228.1,1,1,0.6675
50,blue-collar,married,basic.6y,no,no,no,cellular,aug,fri,733,3,999,0,nonexistent,1.4,93.444,-36.1,4.966,5228.1,1,1,0.6675
54,entrepreneur,married,professional.course,no,no,no,cellular,nov,tue,1855,1,999,0,nonexistent,-0.1,93.2,-42.0,4.153,5195.8,1,1,0.6675
48,admin.,married,basic.9y,no,yes,yes,cellular,nov,fri,664,3,999,0,nonexistent,-0.1,93.2,-42.0,4.021,5195.8,1,1,0.6675
50,services,married,basic.4y,unknown,yes,no,telephone,may,wed,507,1,999,0,nonexistent,1.1,93.994,-36.4,4.857,5191.0,1,1,0.6675
39,services,married,high.school,no,yes,no,cellular,apr,thu,243,1,999,0,nonexistent,-1.8,93.075,-47.1,1.365,5099.1,0,1,0.6675
28,technician,single,professional.course,no,no,no,telephone,jun,thu,508,2,999,0,nonexistent,1.4,94.465,-41.8,4.866,5228.1,1,1,0.6675
33,services,married,professional.course,no,no,no,cellular,jul,wed,782,7,999,0,nonexistent,1.4,93.918,-42.7,4.963,5228.1,1,1,0.6675
28,admin.,single,high.school,unknown,no,no,cellular,may,thu,1391,2,999,0,nonexistent,-1.8,92.893,-46.2,1.327,5099.1,1,1,0.6675
36,admin.,single,professional.course,no,yes,yes,telephone,may,wed,828,4,999,0,nonexistent,1.1,93.994,-36.4,4.858,5191.0,1,1,0.6675
33,admin.,single,university.degree,no,no,no,cellular,may,mon,657,1,999,0,nonexistent,-1.8,92.893,-46.2,1.299,5099.1,1,1,0.6675
50,blue-collar,divorced,basic.4y,no,yes,no,cellular,may,tue,703,4,999,0,nonexistent,-1.8,92.893,-46.2,1.291,5099.1,1,1,0.6675
49,admin.,divorced,high.school,no,yes,no,telephone,may,fri,787,1,999,0,nonexistent,1.1,93.994,-36.4,4.859,5191.0,1,1,0.6675
32,blue-collar,single,basic.9y,no,yes,no,cellular,nov,thu,276,1,999,1,failure,-0.1,93.2,-42.0,4.076,5195.8,1,1,0.6675
31,blue-collar,married,basic.6y,no,no,yes,telephone,may,wed,795,1,999,0,nonexistent,1.1,93.994,-36.4,4.858,5191.0,1,1,0.6675
27,housemaid,married,basic.6y,no,no,no,cellular,may,mon,608,3,999,0,nonexistent,-1.8,92.893,-46.2,1.299,5099.1,1,1,0.6675
36,admin.,married,high.school,unknown,no,no,cellular,may,mon,899,3,999,0,nonexistent,-1.8,92.893,-46.2,1.244,5099.1,1,1,0.6675
51,admin.,married,high.school,no,yes,yes,cellular,may,fri,1002,4,999,0,nonexistent,-1.8,92.893,-46.2,1.25,5099.1,1,1,0.6675
27,technician,single,high.school,no,yes,no,cellular,jul,fri,784,1,999,0,nonexistent,1.4,93.918,-42.7,4.962,5228.1,1,1,0.6675
25,blue-collar,married,basic.4y,no,no,yes,telephone,jul,thu,1008,2,999,0,nonexistent,1.4,93.918,-42.7,4.958,5228.1,1,1,0.6675
40,admin.,married,university.degree,no,yes,no,telephone,may,wed,615,2,999,0,nonexistent,1.1,93.994,-36.4,4.857,5191.0,1,1,0.6675
61,retired,married,high.school,no,yes,no,cellular,apr,tue,930,4,999,0,nonexistent,-1.8,93.749,-34.6,0.642,5008.7,0,1,0.6675
52,blue-collar,married,basic.4y,unknown,yes,no,telephone,may,mon,748,3,999,0,nonexistent,1.1,93.994,-36.4,4.857,5191.0,1,1,0.6675
42,admin.,divorced,university.degree,no,no,no,cellular,may,fri,308,3,999,0,nonexistent,-1.8,92.893,-46.2,1.313,5099.1,1,1,0.6675
36,blue-collar,married,basic.6y,no,yes,no,telephone,jun,thu,614,2,999,0,nonexistent,1.4,94.465,-41.8,4.958,5228.1,1,1,0.6675
31,services,married,basic.9y,no,no,no,telephone,may,tue,945,2,999,0,nonexistent,1.1,93.994,-36.4,4.856,5191.0,1,1,0.6675
70,retired,married,basic.4y,no,yes,no,cellular,aug,fri,530,2,999,0,nonexistent,-2.9,92.201,-31.4,0.881,5076.2,1,1,0.6675
51,blue-collar,married,high.school,no,yes,no,cellular,may,wed,809,1,999,1,failure,-1.8,92.893,-46.2,1.281,5099.1,1,1,0.6675
36,entrepreneur,married,university.degree,no,no,no,cellular,jul,wed,638,2,999,0,nonexistent,1.4,93.918,-42.7,4.963,5228.1,1,1,0.6675
45,admin.,single,professional.course,no,yes,no,telephone,may,wed,565,1,999,0,nonexistent,1.1,93.994,-36.4,4.858,5191.0,1,1,0.6675
43,admin.,divorced,university.degree,no,yes,no,cellular,nov,fri,741,4,999,2,failure,-1.1,94.767,-50.8,1.04,4963.6,1,1,0.6675
36,technician,married,university.degree,no,no,yes,cellular,may,mon,287,2,999,1,failure,-1.8,92.893,-46.2,1.354,5099.1,1,1,0.6675
44,blue-collar,single,high.school,unknown,no,no,cellular,jul,mon,699,2,999,0,nonexistent,1.4,93.918,-42.7,4.962,5228.1,1,1,0.6675
30,admin.,married,high.school,unknown,yes,yes,cellular,aug,thu,1151,1,999,0,nonexistent,1.4,93.444,-36.1,4.964,5228.1,1,1,0.6675
23,blue-collar,single,high.school,no,no,no,cellular,jul,wed,435,1,999,0,nonexistent,1.4,93.918,-42.7,4.957,5228.1,1,1,0.6674078976216211
23,blue-collar,single,high.school,no,no,no,cellular,jul,wed,251,1,999,0,nonexistent,1.4,93.918,-42.7,4.957,5228.1,0,1,0.6674078976216211
38,services,single,basic.6y,no,yes,no,cellular,may,tue,546,2,999,0,nonexistent,-1.8,92.893,-46.2,1.291,5099.1,1,1,0.6673796317958618
30,technician,single,university.degree,no,yes,no,cellular,aug,mon,720,1,999,0,nonexistent,1.4,93.444,-36.1,4.965,5228.1,1,1,0.6672228376327769
30,self-employed,single,university.degree,no,yes,no,cellular,apr,thu,104,1,999,0,nonexistent,-1.8,93.075,-47.1,1.435,5099.1,0,1,0.6670951891027619
30,self-employed,single,university.degree,no,yes,no,cellular,apr,thu,214,1,999,0,nonexistent,-1.8,93.075,-47.1,1.435,5099.1,1,1,0.6670951891027619
33,management,married,professional.course,no,no,no,cellular,may,thu,578,1,999,0,nonexistent,-1.8,92.893,-46.2,1.266,5099.1,1,1,0.6669966974179813
29,management,single,basic.9y,no,no,yes,cellular,jul,fri,968,1,999,0,nonexistent,1.4,93.918,-42.7,4.957,5228.1,1,1,0.6669881224801134
32,technician,married,professional.course,no,yes,no,cellular,jul,thu,255,1,999,0,nonexistent,1.4,93.918,-42.7,4.963,5228.1,1,1,0.6666428442600776
33,blue-collar,married,basic.9y,no,no,no,cellular,may,fri,728,1,999,0,nonexistent,-1.8,92.893,-46.2,1.313,5099.1,1,1,0.6662068560909912
33,blue-collar,married,basic.9y,no,no,no,cellular,may,fri,428,1,999,0,nonexistent,-1.8,92.893,-46.2,1.313,5099.1,0,1,0.6662068560909912
36,entrepreneur,single,university.degree,no,no,no,cellular,may,tue,612,1,999,0,nonexistent,-1.8,92.893,-46.2,1.291,5099.1,1,1,0.6660313649360884
32,blue-collar,single,high.school,no,yes,no,cellular,apr,fri,1080,1,999,0,nonexistent,-1.8,93.075,-47.1,1.405,5099.1,1,1,0.665
32,admin.,single,university.degree,no,yes,no,cellular,jun,mon,253,1,999,0,nonexistent,-2.9,92.963,-40.8,1.266,5076.2,1,1,0.665
38,admin.,married,high.school,no,yes,yes,telephone,jun,thu,2028,1,999,0,nonexistent,1.4,94.465,-41.8,4.961,5228.1,1,1,0.665
33,services,married,high.school,no,no,no,telephone,nov,tue,158,1,999,0,nonexistent,-0.1,93.2,-42.0,4.343,5195.8,1,1,0.665
32,technician,married,basic.9y,no,yes,no,cellular,may,tue,500,2,999,0,nonexistent,-1.8,92.893,-46.2,1.344,5099.1,1,1,0.665
35,student,married,university.degree,no,yes,no,telephone,may,wed,629,2,999,0,nonexistent,1.1,93.994,-36.4,4.859,5191.0,1,1,0.665
60,management,married,university.degree,no,no,no,telephone,jun,mon,526,2,999,0,nonexistent,1.4,94.465,-41.8,4.865,5228.1,1,1,0.665
28,admin.,single,university.degree,no,yes,no,cellular,aug,mon,340,1,999,0,nonexistent,-2.9,92.201,-31.4,0.861,5076.2,1,1,0.665
39,technician,married,university.degree,no,no,yes,cellular,nov,tue,1437,2,999,0,nonexistent,-0.1,93.2,-42.0,4.153,5195.8,1,1,0.665
37,entrepreneur,married,university.degree,unknown,no,no,cellular,nov,mon,454,1,999,0,nonexistent,-0.1,93.2,-42.0,4.191,5195.8,1,1,0.665
36,admin.,single,university.degree,no,no,yes,cellular,may,wed,1119,2,999,0,nonexistent,-1.8,92.893,-46.2,1.281,5099.1,1,1,0.665
51,admin.,married,university.degree,no,yes,no,cellular,jul,wed,426,3,999,0,nonexistent,1.4,93.918,-42.7,4.962,5228.1,1,1,0.665
43,blue-collar,single,basic.6y,no,yes,yes,cellular,jul,wed,1806,4,999,0,nonexistent,1.4,93.918,-42.7,4.957,5228.1,1,1,0.665
32,admin.,single,high.school,no,yes,no,telephone,jun,wed,1199,1,999,0,nonexistent,1.4,94.465,-41.8,4.959,5228.1,1,1,0.665
58,blue-collar,married,basic.4y,no,yes,no,cellular,jun,wed,110,1,999,0,nonexistent,-2.9,92.963,-40.8,1.26,5076.2,1,1,0.665
34,services,married,high.school,no,no,no,telephone,may,thu,791,2,999,0,nonexistent,1.1,93.994,-36.4,4.86,5191.0,1,1,0.665
29,admin.,married,basic.9y,no,yes,no,cellular,jul,mon,577,2,999,0,nonexistent,1.4,93.918,-42.7,4.96,5228.1,1,1,0.665
44,management,single,university.degree,unknown,no,no,cellular,nov,fri,534,2,999,0,nonexistent,-0.1,93.2,-42.0,4.021,5195.8,1,1,0.665
28,services,married,basic.9y,no,no,no,cellular,may,tue,396,3,999,0,nonexistent,-1.8,92.893,-46.2,1.266,5099.1,1,1,0.665
50,blue-collar,married,basic.9y,no,yes,no,cellular,apr,mon,567,1,999,0,nonexistent,-1.8,93.075,-47.1,1.405,5099.1,1,1,0.665
43,admin.,married,high.school,no,no,no,cellular,jul,mon,999,2,999,0,nonexistent,1.4,93.918,-42.7,4.96,5228.1,1,1,0.665
34,management,single,university.degree,no,no,yes,cellular,may,fri,662,4,999,0,nonexistent,-1.8,92.893,-46.2,1.313,5099.1,1,1,0.665
35,blue-collar,single,basic.9y,no,no,no,cellular,may,thu,1806,2,999,0,nonexistent,-1.8,92.893,-46.2,1.327,5099.1,1,1,0.665
41,entrepreneur,married,university.degree,no,yes,no,cellular,nov,tue,854,1,999,0,nonexistent,-0.1,93.2,-42.0,4.153,5195.8,1,1,0.665
35,admin.,single,university.degree,no,no,no,cellular,nov,thu,295,3,999,0,nonexistent,-0.1,93.2,-42.0,4.076,5195.8,1,1,0.665
26,admin.,single,basic.9y,no,yes,yes,cellular,jul,tue,687,2,999,0,nonexistent,1.4,93.918,-42.7,4.962,5228.1,1,1,0.665
60,retired,married,unknown,no,yes,no,cellular,aug,mon,600,2,999,0,nonexistent,1.4,93.444,-36.1,4.965,5228.1,1,1,0.665
28,student,single,basic.9y,unknown,yes,yes,telephone,may,wed,732,2,999,0,nonexistent,1.1,93.994,-36.4,4.856,5191.0,1,1,0.665
40,housemaid,divorced,high.school,no,no,no,telephone,jun,wed,1449,6,999,0,nonexistent,1.4,94.465,-41.8,4.864,5228.1,1,1,0.665
42,entrepreneur,married,professional.course,no,yes,no,telephone,jun,fri,291,5,999,0,nonexistent,1.4,94.465,-41.8,4.959,5228.1,1,1,0.665
35,services,divorced,university.degree,no,yes,no,cellular,jul,tue,722,2,999,0,nonexistent,1.4,93.918,-42.7,4.961,5228.1,1,1,0.665
30,technician,married,professional.course,no,no,no,telephone,aug,wed,645,7,999,0,nonexistent,1.4,93.444,-36.1,4.964,5228.1,1,1,0.665
74,retired,divorced,basic.4y,no,yes,yes,cellular,jul,wed,106,2,999,0,nonexistent,-1.7,94.215,-40.3,0.896,4991.6,0,1,0.665
36,blue-collar,married,basic.9y,no,no,no,cellular,nov,thu,768,3,999,0,nonexistent,-0.1,93.2,-42.0,4.076,5195.8,1,1,0.665
30,technician,divorced,university.degree,no,no,no,cellular,aug,mon,731,3,999,0,nonexistent,1.4,93.444,-36.1,4.965,5228.1,1,1,0.665
35,entrepreneur,married,high.school,no,yes,no,cellular,nov,thu,566,2,999,0,nonexistent,-0.1,93.2,-42.0,4.076,5195.8,1,1,0.665
41,technician,divorced,university.degree,no,no,no,cellular,aug,fri,519,1,999,0,nonexistent,1.4,93.444,-36.1,4.966,5228.1,1,1,0.6647118361153262
35,technician,divorced,basic.4y,no,no,no,cellular,nov,tue,363,1,999,0,nonexistent,-1.1,94.767,-50.8,1.035,4963.6,1,1,0.6645666283336223
35,admin.,single,high.school,no,yes,yes,cellular,jul,wed,652,1,999,0,nonexistent,1.4,93.918,-42.7,4.957,5228.1,1,1,0.6643197232435655
38,blue-collar,married,basic.6y,no,yes,no,cellular,may,tue,788,1,999,0,nonexistent,-1.8,92.893,-46.2,1.344,5099.1,1,1,0.6638833024448675
53,self-employed,married,university.degree,no,yes,no,cellular,nov,fri,528,1,999,0,nonexistent,-0.1,93.2,-42.0,4.021,5195.8,1,1,0.6636856634555187
53,self-employed,married,university.degree,no,yes,no,cellular,nov,fri,1221,1,999,0,nonexistent,-0.1,93.2,-42.0,4.021,5195.8,0,1,0.6636856634555187
70,retired,divorced,university.degree,no,yes,no,cellular,sep,fri,692,1,999,0,nonexistent,-3.4,92.379,-29.8,0.741,5017.5,1,1,0.6625
69,retired,married,basic.4y,no,yes,no,cellular,oct,thu,124,1,999,0,nonexistent,-3.4,92.431,-26.9,0.722,5017.5,1,1,0.6625
35,admin.,married,university.degree,no,no,no,cellular,aug,fri,201,1,999,0,nonexistent,-2.9,92.201,-31.4,0.869,5076.2,1,1,0.6625
35,blue-collar,married,high.school,no,no,no,telephone,jun,thu,992,2,999,0,nonexistent,1.4,94.465,-41.8,4.958,5228.1,1,1,0.6625
43,blue-collar,married,high.school,no,no,no,cellular,apr,fri,997,1,999,1,failure,-1.8,93.075,-47.1,1.405,5099.1,1,1,0.6625
29,admin.,single,university.degree,no,yes,no,telephone,jun,wed,294,2,3,1,success,-1.7,94.055,-39.8,0.715,4991.6,0,0,0.6625
22,self-employed,single,university.degree,no,yes,yes,cellular,jun,fri,126,6,999,0,nonexistent,-2.9,92.963,-40.8,1.268,5076.2,1,1,0.6625
45,blue-collar,married,unknown,no,yes,yes,telephone,may,mon,943,2,999,0,nonexistent,1.1,93.994,-36.4,4.858,5191.0,1,1,0.6625
42,blue-collar,married,basic.4y,no,no,no,cellular,apr,wed,1217,3,999,0,nonexistent,-1.8,93.075,-47.1,1.415,5099.1,1,1,0.6625
53,technician,married,high.school,no,yes,no,cellular,mar,tue,539,2,999,0,nonexistent,-1.8,93.369,-34.8,0.655,5008.7,1,1,0.6625
49,services,married,basic.4y,unknown,no,no,cellular,aug,mon,309,2,999,0,nonexistent,1.4,93.444,-36.1,4.963,5228.1,1,1,0.6625
51,blue-collar,married,basic.4y,no,yes,yes,cellular,may,thu,668,2,999,0,nonexistent,-1.8,92.893,-46.2,1.266,5099.1,1,1,0.6625
37,admin.,divorced,university.degree,no,yes,no,cellular,may,tue,918,1,999,0,nonexistent,-1.8,92.893,-46.2,1.291,5099.1,1,1,0.6625
25,student,single,high.school,no,no,no,telephone,sep,mon,185,1,999,0,nonexistent,-1.1,94.199,-37.5,0.876,4963.6,1,1,0.6625
31,technician,married,professional.course,no,no,yes,telephone,jun,fri,809,6,999,0,nonexistent,1.4,94.465,-41.8,4.959,5228.1,1,1,0.6625
58,retired,married,high.school,no,yes,no,telephone,jun,thu,3183,2,999,0,nonexistent,1.4,94.465,-41.8,4.955,5228.1,1,1,0.6625
38,management,married,university.degree,no,no,no,telephone,may,wed,165,1,999,0,nonexistent,-1.8,92.893,-46.2,1.27,5099.1,1,1,0.6625
35,technician,single,professional.course,no,yes,no,cellular,jul,tue,577,6,6,1,success,-1.7,94.215,-40.3,0.835,4991.6,1,0,0.6625
37,entrepreneur,divorced,high.school,no,yes,no,cellular,jul,thu,812,2,999,0,nonexistent,1.4,93.918,-42.7,4.968,5228.1,1,1,0.6625
31,blue-collar,married,basic.9y,no,no,no,telephone,may,thu,535,2,999,0,nonexistent,1.1,93.994,-36.4,4.86,5191.0,1,1,0.6625
34,technician,married,high.school,no,no,no,cellular,nov,thu,732,1,999,0,nonexistent,-0.1,93.2,-42.0,4.076,5195.8,1,1,0.6625
36,blue-collar,married,basic.4y,unknown,yes,no,cellular,may,mon,1027,2,999,0,nonexistent,-1.8,92.893,-46.2,1.244,5099.1,1,1,0.6625
43,admin.,married,high.school,no,no,no,telephone,jun,fri,1422,10,999,0,nonexistent,1.4,94.465,-41.8,4.959,5228.1,1,1,0.6625
28,services,married,high.school,no,no,no,telephone,may,mon,1022,4,999,0,nonexistent,1.1,93.994,-36.4,4.858,5191.0,1,1,0.6625
34,technician,divorced,basic.6y,no,yes,no,cellular,jul,tue,716,3,999,0,nonexistent,1.4,93.918,-42.7,4.961,5228.1,1,1,0.6625
46,admin.,married,university.degree,no,yes,no,cellular,jul,fri,341,3,999,0,nonexistent,-1.7,94.215,-40.3,0.822,4991.6,1,1,0.6625
33,services,married,high.school,no,yes,no,cellular,jul,tue,820,4,999,0,nonexistent,1.4,93.918,-42.7,4.961,5228.1,1,1,0.6625
31,unemployed,divorced,basic.4y,no,yes,no,telephone,jun,tue,801,1,999,0,nonexistent,1.4,94.465,-41.8,4.864,5228.1,1,1,0.6625
59,self-employed,married,professional.course,no,yes,no,cellular,apr,mon,860,1,999,0,nonexistent,-1.8,93.075,-47.1,1.405,5099.1,1,1,0.6625
30,technician,single,university.degree,no,yes,no,telephone,jun,wed,263,1,999,2,failure,-1.7,94.055,-39.8,0.767,4991.6,1,1,0.6625
31,management,married,high.school,no,no,no,cellular,jul,mon,1272,3,999,0,nonexistent,1.4,93.918,-42.7,4.96,5228.1,1,1,0.6625
25,services,married,high.school,no,no,no,cellular,jul,tue,1767,2,999,0,nonexistent,1.4,93.918,-42.7,4.962,5228.1,1,1,0.6625
43,blue-collar,married,basic.9y,unknown,no,no,cellular,apr,tue,608,1,999,1,failure,-1.8,93.075,-47.1,1.453,5099.1,1,1,0.6625
23,student,single,high.school,no,no,no,cellular,jul,tue,370,1,999,1,failure,-2.9,92.469,-33.6,1.044,5076.2,1,1,0.6625
29,management,married,university.degree,no,yes,no,cellular,may,wed,281,4,999,1,failure,-1.8,92.893,-46.2,1.27,5099.1,1,1,0.6625
37,admin.,divorced,basic.9y,no,no,no,telephone,jun,tue,1363,7,999,0,nonexistent,1.4,94.465,-41.8,4.864,5228.1,1,1,0.6625
33,blue-collar,married,professional.course,no,yes,no,cellular,may,fri,669,1,999,1,failure,-1.8,92.893,-46.2,1.25,5099.1,1,1,0.6625
27,admin.,married,university.degree,no,yes,no,cellular,may,fri,670,4,999,1,failure,-1.8,92.893,-46.2,1.25,5099.1,1,1,0.6625
25,blue-collar,married,high.school,unknown,yes,yes,telephone,may,mon,741,6,999,0,nonexistent,1.1,93.994,-36.4,4.857,5191.0,1,1,0.6625
43,blue-collar,married,basic.4y,no,yes,no,cellular,may,tue,1182,1,999,1,failure,-1.8,92.893,-46.2,1.291,5099.1,1,1,0.6625
58,retired,married,high.school,no,no,no,cellular,nov,thu,477,1,999,0,nonexistent,-0.1,93.2,-42.0,4.076,5195.8,1,1,0.6625
82,retired,divorced,basic.4y,no,yes,no,cellular,sep,thu,143,2,999,1,failure,-1.1,94.199,-37.5,0.879,4963.6,1,1,0.6625
48,management,married,basic.9y,no,yes,yes,cellular,may,tue,955,2,999,0,nonexistent,-1.8,92.893,-46.2,1.291,5099.1,1,1,0.6625
30,services,single,high.school,no,yes,no,cellular,jun,mon,181,2,999,0,nonexistent,-2.9,92.963,-40.8,1.26,5076.2,1,1,0.6622196509863428
50,management,divorced,university.degree,unknown,no,no,telephone,apr,mon,475,6,999,1,failure,-1.8,93.075,-47.1,1.466,5099.1,1,1,0.662215402124431
56,management,married,professional.course,no,no,no,cellular,dec,wed,124,1,999,0,nonexistent,-3.0,92.713,-33.0,0.715,5023.5,0,1,0.6622131259484066
24,entrepreneur,single,university.degree,no,yes,no,cellular,jul,tue,808,3,999,0,nonexistent,1.4,93.918,-42.7,4.961,5228.1,1,1,0.6616602152246464
29,admin.,single,university.degree,no,yes,yes,cellular,nov,fri,1222,2,999,0,nonexistent,-0.1,93.2,-42.0,4.021,5195.8,1,1,0.6614261464033772
41,admin.,divorced,high.school,no,no,no,telephone,jun,mon,686,11,999,0,nonexistent,1.4,94.465,-41.8,4.96,5228.1,1,1,0.66
58,admin.,single,university.degree,no,yes,no,cellular,may,tue,851,1,999,0,nonexistent,-1.8,92.893,-46.2,1.344,5099.1,1,1,0.66
29,self-employed,married,university.degree,no,no,no,cellular,mar,wed,197,2,999,0,nonexistent,-1.8,92.843,-50.0,1.663,5099.1,1,1,0.66
24,admin.,single,university.degree,no,no,no,cellular,jun,fri,255,2,999,0,nonexistent,-2.9,92.963,-40.8,1.268,5076.2,1,1,0.66
33,technician,single,high.school,no,no,no,cellular,apr,fri,1017,1,999,0,nonexistent,-1.8,93.075,-47.1,1.405,5099.1,1,1,0.66
35,admin.,single,university.degree,no,no,no,cellular,nov,tue,898,1,999,0,nonexistent,-0.1,93.2,-42.0,4.153,5195.8,1,1,0.66
48,technician,married,professional.course,no,yes,no,cellular,jul,mon,383,2,999,0,nonexistent,1.4,93.918,-42.7,4.962,5228.1,1,1,0.66
40,technician,married,high.school,no,yes,no,cellular,aug,fri,419,1,999,0,nonexistent,1.4,93.444,-36.1,4.966,5228.1,1,1,0.66
55,blue-collar,married,basic.9y,no,no,no,cellular,nov,mon,236,1,999,0,nonexistent,-0.1,93.2,-42.0,4.191,5195.8,0,1,0.66
44,technician,married,high.school,no,yes,yes,cellular,oct,mon,310,1,999,1,failure,-1.1,94.601,-49.5,1.0,4963.6,1,1,0.66
54,services,divorced,university.degree,no,no,no,cellular,may,tue,499,1,999,0,nonexistent,-1.8,92.893,-46.2,1.344,5099.1,1,1,0.66
32,services,single,professional.course,no,yes,no,cellular,jul,fri,671,1,999,0,nonexistent,1.4,93.918,-42.7,4.957,5228.1,1,1,0.66
33,admin.,single,university.degree,no,yes,no,cellular,jun,tue,257,3,999,0,nonexistent,-2.9,92.963,-40.8,1.262,5076.2,1,1,0.66
44,self-employed,single,professional.course,no,yes,no,cellular,may,mon,922,4,999,0,nonexistent,-1.8,92.893,-46.2,1.354,5099.1,1,1,0.66
33,technician,married,professional.course,no,no,yes,cellular,apr,fri,404,1,999,1,failure,-1.8,93.075,-47.1,1.405,5099.1,1,1,0.66
24,management,single,university.degree,no,yes,no,cellular,may,thu,513,9,999,0,nonexistent,-1.8,92.893,-46.2,1.27,5099.1,1,1,0.66
35,technician,married,high.school,no,no,no,telephone,aug,fri,243,1,999,0,nonexistent,1.4,93.444,-36.1,4.966,5228.1,1,1,0.66
45,blue-collar,married,basic.4y,unknown,yes,no,cellular,aug,fri,994,1,999,0,nonexistent,1.4,93.444,-36.1,4.966,5228.1,1,1,0.66
26,admin.,married,basic.9y,no,no,no,cellular,jul,tue,878,2,999,0,nonexistent,1.4,93.918,-42.7,4.961,5228.1,1,1,0.66
55,blue-collar,married,basic.9y,no,no,no,cellular,nov,mon,1077,1,999,0,nonexistent,-0.1,93.2,-42.0,4.191,5195.8,1,1,0.66
50,technician,married,professional.course,unknown,yes,yes,telephone,jun,fri,705,7,999,0,nonexistent,1.4,94.465,-41.8,4.959,5228.1,1,1,0.66
55,blue-collar,married,basic.9y,no,no,no,cellular,nov,mon,1303,1,999,0,nonexistent,-0.1,93.2,-42.0,4.191,5195.8,1,1,0.66
45,blue-collar,married,basic.4y,no,yes,no,cellular,jul,thu,367,2,999,0,nonexistent,1.4,93.918,-42.7,4.962,5228.1,1,1,0.66
29,admin.,married,high.school,no,yes,no,cellular,may,thu,798,2,999,0,nonexistent,-1.8,92.893,-46.2,1.327,5099.1,1,1,0.66
51,technician,married,professional.course,no,yes,no,cellular,apr,thu,115,1,999,0,nonexistent,-1.8,93.075,-47.1,1.365,5099.1,0,1,0.66
51,technician,married,professional.course,no,yes,no,cellular,apr,thu,341,1,999,0,nonexistent,-1.8,93.075,-47.1,1.365,5099.1,1,1,0.66
36,blue-collar,married,basic.9y,no,yes,no,cellular,apr,thu,490,3,999,2,failure,-1.8,93.075,-47.1,1.435,5099.1,1,1,0.66
44,management,single,university.degree,unknown,yes,no,telephone,may,mon,745,4,999,0,nonexistent,1.1,93.994,-36.4,4.857,5191.0,1,1,0.66
41,technician,married,professional.course,no,yes,no,cellular,apr,tue,466,5,999,1,failure,-1.8,93.075,-47.1,1.423,5099.1,1,1,0.66
33,management,married,basic.4y,no,yes,yes,telephone,may,tue,568,4,999,0,nonexistent,1.1,93.994,-36.4,4.856,5191.0,1,1,0.66
50,admin.,divorced,university.degree,no,yes,yes,cellular,may,wed,155,3,999,0,nonexistent,-1.8,92.893,-46.2,1.27,5099.1,1,1,0.66
36,admin.,single,university.degree,no,yes,no,cellular,apr,thu,592,4,999,1,failure,-1.8,93.075,-47.1,1.435,5099.1,1,1,0.66
41,unemployed,married,basic.9y,unknown,yes,yes,telephone,may,mon,895,4,999,0,nonexistent,1.1,93.994,-36.4,4.857,5191.0,1,1,0.66
38,blue-collar,single,university.degree,unknown,no,no,telephone,may,fri,894,1,999,0,nonexistent,1.1,93.994,-36.4,4.859,5191.0,1,1,0.66
57,admin.,married,university.degree,unknown,no,no,cellular,aug,wed,846,4,999,0,nonexistent,1.4,93.444,-36.1,4.965,5228.1,1,1,0.66
46,blue-collar,married,basic.4y,unknown,yes,no,cellular,aug,wed,1357,3,999,0,nonexistent,1.4,93.444,-36.1,4.967,5228.1,1,1,0.66
37,technician,married,university.degree,no,no,no,cellular,aug,thu,716,1,999,0,nonexistent,1.4,93.444,-36.1,4.962,5228.1,1,1,0.66
57,services,married,high.school,no,yes,yes,cellular,may,mon,473,3,999,0,nonexistent,-1.8,92.893,-46.2,1.244,5099.1,1,1,0.66
49,housemaid,married,basic.4y,unknown,no,yes,telephone,may,wed,801,1,999,0,nonexistent,1.1,93.994,-36.4,4.858,5191.0,1,1,0.66
31,blue-collar,married,basic.9y,unknown,yes,no,telephone,jun,tue,1051,3,999,0,nonexistent,1.4,94.465,-41.8,4.961,5228.1,1,1,0.66
26,blue-collar,married,professional.course,no,no,no,cellular,may,thu,1071,2,999,0,nonexistent,-1.8,92.893,-46.2,1.266,5099.1,1,1,0.66
28,unknown,single,unknown,unknown,yes,yes,telephone,may,tue,1201,1,999,0,nonexistent,1.1,93.994,-36.4,4.857,5191.0,1,1,0.66
55,services,single,basic.9y,no,unknown,unknown,cellular,may,thu,717,1,999,0,nonexistent,-1.8,92.893,-46.2,1.266,5099.1,1,1,0.66
36,admin.,married,university.degree,no,yes,no,cellular,jul,tue,716,5,999,0,nonexistent,1.4,93.918,-42.7,4.962,5228.1,1,1,0.66
48,blue-collar,married,basic.6y,unknown,yes,no,cellular,jul,wed,709,2,999,0,nonexistent,1.4,93.918,-42.7,4.957,5228.1,1,1,0.66
37,technician,divorced,high.school,no,no,no,cellular,nov,fri,635,1,999,1,failure,-0.1,93.2,-42.0,4.021,5195.8,1,1,0.66
51,services,married,high.school,unknown,yes,no,telephone,jul,mon,596,3,999,0,nonexistent,1.4,93.918,-42.7,4.962,5228.1,1,1,0.66
32,services,married,high.school,no,yes,no,telephone,may,wed,628,2,999,0,nonexistent,-1.8,92.893,-46.2,1.27,5099.1,1,1,0.6598073710641605
30,admin.,single,university.degree,no,no,no,cellular,jun,wed,656,1,999,0,nonexistent,-2.9,92.963,-40.8,1.26,5076.2,0,1,0.6598045873102636
43,admin.,married,university.degree,unknown,yes,no,cellular,aug,tue,1332,1,999,0,nonexistent,1.4,93.444,-36.1,4.968,5228.1,1,1,0.6597198027314113
24,services,single,high.school,no,no,no,telephone,jun,mon,700,1,999,0,nonexistent,1.4,94.465,-41.8,4.961,5228.1,1,1,0.659719119878604
28,blue-collar,single,high.school,no,yes,no,telephone,apr,thu,771,1,999,0,nonexistent,-1.8,93.075,-47.1,1.483,5099.1,1,1,0.6595859617467303
28,blue-collar,single,high.school,no,yes,no,telephone,apr,thu,240,1,999,0,nonexistent,-1.8,93.075,-47.1,1.483,5099.1,0,1,0.6595859617467303
42,admin.,married,professional.course,no,no,yes,cellular,may,mon,300,1,999,0,nonexistent,-1.8,92.893,-46.2,1.354,5099.1,1,1,0.6594970656476048
30,management,single,university.degree,no,yes,no,cellular,may,fri,637,1,999,0,nonexistent,-1.8,92.893,-46.2,1.25,5099.1,1,1,0.6594949798101059
45,admin.,married,basic.9y,unknown,no,no,telephone,jun,fri,973,2,999,0,nonexistent,1.4,94.465,-41.8,4.959,5228.1,1,1,0.6575
51,blue-collar,married,basic.4y,no,yes,no,cellular,may,wed,440,2,999,0,nonexistent,-1.8,92.893,-46.2,1.281,5099.1,1,1,0.6575
30,admin.,single,high.school,no,no,yes,telephone,may,thu,892,4,999,0,nonexistent,1.1,93.994,-36.4,4.86,5191.0,1,1,0.6575
24,admin.,married,basic.9y,no,yes,no,telephone,may,mon,764,2,999,0,nonexistent,1.1,93.994,-36.4,4.857,5191.0,1,1,0.6575
30,entrepreneur,single,university.degree,no,yes,no,cellular,nov,thu,531,1,999,1,failure,-0.1,93.2,-42.0,4.076,5195.8,1,1,0.6575
33,technician,married,professional.course,unknown,yes,no,cellular,aug,tue,731,7,999,0,nonexistent,1.4,93.444,-36.1,4.965,5228.1,1,1,0.6575
32,technician,single,university.degree,no,no,no,cellular,aug,tue,432,3,999,0,nonexistent,1.4,93.444,-36.1,4.966,5228.1,1,1,0.6575
24,services,married,high.school,unknown,yes,no,cellular,may,fri,1012,3,999,0,nonexistent,-1.8,92.893,-46.2,1.25,5099.1,1,1,0.6575
47,admin.,single,high.school,no,no,no,cellular,apr,thu,1025,1,999,0,nonexistent,-1.8,93.075,-47.1,1.41,5099.1,1,1,0.6575
48,blue-collar,married,basic.9y,unknown,no,no,cellular,aug,wed,627,2,999,0,nonexistent,1.4,93.444,-36.1,4.964,5228.1,1,1,0.6575
41,blue-collar,married,basic.4y,no,no,no,cellular,jul,fri,623,3,999,0,nonexistent,1.4,93.918,-42.7,4.957,5228.1,1,1,0.6575
32,admin.,single,university.degree,no,no,yes,cellular,jul,thu,1027,1,999,0,nonexistent,1.4,93.918,-42.7,4.958,5228.1,1,1,0.6575
36,technician,single,professional.course,no,yes,no,cellular,nov,tue,1132,1,999,1,failure,-0.1,93.2,-42.0,4.153,5195.8,1,1,0.6575
40,blue-collar,married,basic.9y,no,no,yes,telephone,jul,tue,1135,2,999,0,nonexistent,1.4,93.918,-42.7,4.955,5228.1,1,1,0.6575
36,self-employed,single,university.degree,no,no,no,cellular,jun,mon,177,1,999,0,nonexistent,-2.9,92.963,-40.8,1.26,5076.2,1,1,0.6575
43,self-employed,married,basic.9y,no,no,no,telephone,jun,mon,1089,1,999,0,nonexistent,1.4,94.465,-41.8,4.96,5228.1,1,1,0.6575
53,blue-collar,single,basic.9y,no,yes,no,cellular,jul,wed,355,1,999,0,nonexistent,-1.7,94.215,-40.3,0.84,4991.6,1,1,0.6575
28,admin.,single,high.school,no,no,no,cellular,apr,mon,1333,5,999,0,nonexistent,-1.8,93.075,-47.1,1.405,5099.1,1,1,0.6575
31,technician,married,professional.course,no,yes,no,telephone,jun,tue,208,1,999,0,nonexistent,-1.7,94.055,-39.8,0.723,4991.6,1,1,0.6575
43,blue-collar,married,basic.6y,no,yes,no,telephone,jun,wed,1540,1,999,0,nonexistent,1.4,94.465,-41.8,4.962,5228.1,1,1,0.6575
33,technician,single,university.degree,no,yes,no,telephone,aug,wed,827,1,999,0,nonexistent,1.4,93.444,-36.1,4.965,5228.1,1,1,0.6575
43,services,married,high.school,no,no,no,cellular,jul,mon,710,1,999,0,nonexistent,1.4,93.918,-42.7,4.96,5228.1,1,1,0.6575
48,blue-collar,married,basic.6y,no,yes,no,telephone,may,fri,290,5,999,0,nonexistent,1.1,93.994,-36.4,4.864,5191.0,1,1,0.6575
43,technician,single,university.degree,no,yes,no,telephone,may,thu,1120,2,999,0,nonexistent,1.1,93.994,-36.4,4.855,5191.0,1,1,0.6575
53,technician,divorced,high.school,no,no,no,cellular,nov,thu,531,1,999,0,nonexistent,-0.1,93.2,-42.0,4.076,5195.8,1,1,0.6575
28,blue-collar,single,basic.6y,no,no,no,cellular,may,wed,863,3,999,0,nonexistent,-1.8,92.893,-46.2,1.281,5099.1,1,1,0.6575
37,blue-collar,married,high.school,no,no,no,cellular,apr,mon,943,3,999,0,nonexistent,-1.8,93.075,-47.1,1.405,5099.1,1,1,0.6575
50,blue-collar,married,basic.9y,no,yes,no,telephone,may,thu,697,3,999,0,nonexistent,1.1,93.994,-36.4,4.86,5191.0,1,1,0.6575
42,services,divorced,high.school,no,yes,yes,cellular,may,thu,874,1,999,1,failure,-1.8,92.893,-46.2,1.266,5099.1,1,1,0.6575
43,services,married,high.school,unknown,yes,no,cellular,may,thu,974,2,999,0,nonexistent,-1.8,92.893,-46.2,1.266,5099.1,1,1,0.6575
35,blue-collar,single,basic.9y,no,yes,no,cellular,may,fri,676,3,999,0,nonexistent,-1.8,92.893,-46.2,1.25,5099.1,1,1,0.6575
56,blue-collar,married,basic.4y,unknown,yes,yes,telephone,may,fri,1252,1,999,0,nonexistent,1.1,93.994,-36.4,4.859,5191.0,1,1,0.6575
40,services,divorced,high.school,no,yes,no,telephone,jun,fri,685,3,999,0,nonexistent,1.4,94.465,-41.8,4.967,5228.1,1,1,0.6575
32,admin.,married,high.school,no,no,no,cellular,jul,thu,662,11,999,0,nonexistent,1.4,93.918,-42.7,4.968,5228.1,1,1,0.6575
48,admin.,divorced,high.school,unknown,yes,yes,cellular,may,mon,466,1,999,0,nonexistent,-1.8,92.893,-46.2,1.299,5099.1,1,1,0.6575
57,admin.,single,university.degree,unknown,yes,no,cellular,aug,wed,404,4,999,0,nonexistent,1.4,93.444,-36.1,4.965,5228.1,1,1,0.6575
33,technician,married,professional.course,no,unknown,unknown,cellular,aug,thu,946,2,999,0,nonexistent,1.4,93.444,-36.1,4.963,5228.1,1,1,0.6575
48,admin.,divorced,high.school,no,no,yes,cellular,apr,fri,2139,3,999,0,nonexistent,-1.8,93.075,-47.1,1.405,5099.1,1,1,0.6575
48,technician,single,unknown,no,yes,no,telephone,may,fri,722,3,999,0,nonexistent,1.1,93.994,-36.4,4.864,5191.0,1,1,0.6575
33,technician,single,high.school,no,yes,no,cellular,jul,fri,1422,2,999,0,nonexistent,1.4,93.918,-42.7,4.962,5228.1,1,1,0.6575
33,admin.,single,university.degree,no,yes,no,cellular,aug,thu,686,4,999,0,nonexistent,1.4,93.444,-36.1,4.963,5228.1,1,1,0.6575
34,admin.,single,university.degree,no,no,no,cellular,apr,tue,344,1,999,1,failure,-1.8,93.075,-47.1,1.423,5099.1,1,1,0.6574262270711341
35,technician,married,high.school,unknown,yes,no,cellular,jul,tue,740,1,999,0,nonexistent,1.4,93.918,-42.7,4.962,5228.1,1,1,0.6573990291049836
41,admin.,married,university.degree,no,no,no,cellular,jul,mon,1360,3,999,0,nonexistent,1.4,93.918,-42.7,4.96,5228.1,1,1,0.65723406676783
25,technician,single,university.degree,no,yes,no,cellular,jun,fri,271,2,3,1,success,-2.9,92.963,-40.8,1.268,5076.2,0,0,0.6572242033383915
41,blue-collar,married,basic.6y,no,yes,no,cellular,may,wed,488,1,999,0,nonexistent,-1.8,92.893,-46.2,1.334,5099.1,1,1,0.6572200303490137
36,entrepreneur,single,university.degree,no,no,no,cellular,nov,wed,1120,2,999,0,nonexistent,-0.1,93.2,-42.0,4.12,5195.8,1,1,0.6572198786039454
40,admin.,married,university.degree,no,yes,no,cellular,aug,mon,366,3,999,0,nonexistent,1.4,93.444,-36.1,4.965,5228.1,1,1,0.657212215477997
32,admin.,married,high.school,no,no,no,cellular,aug,thu,876,1,999,0,nonexistent,1.4,93.444,-36.1,4.968,5228.1,1,1,0.6569973111675266
32,blue-collar,married,basic.6y,unknown,yes,no,cellular,may,wed,459,1,999,0,nonexistent,-1.8,92.893,-46.2,1.281,5099.1,1,1,0.6569964519650655
42,services,married,high.school,no,no,no,cellular,may,fri,551,1,999,1,failure,-1.8,92.893,-46.2,1.25,5099.1,1,1,0.6569892231395952
39,blue-collar,married,basic.6y,unknown,no,no,cellular,may,mon,1232,2,999,0,nonexistent,-1.8,92.893,-46.2,1.299,5099.1,1,1,0.6569811641506869
31,admin.,married,university.degree,no,yes,no,cellular,oct,tue,107,1,999,0,nonexistent,-3.4,92.431,-26.9,0.737,5017.5,0,1,0.6569734518186426
31,admin.,married,university.degree,no,yes,no,cellular,oct,tue,213,1,999,0,nonexistent,-3.4,92.431,-26.9,0.737,5017.5,1,1,0.6569734518186426
30,self-employed,single,university.degree,no,yes,no,cellular,apr,thu,331,1,999,1,failure,-1.8,93.075,-47.1,1.435,5099.1,1,1,0.6568540189046951
43,management,single,university.degree,no,yes,no,cellular,oct,tue,205,1,999,0,nonexistent,-3.4,92.431,-26.9,0.744,5017.5,0,1,0.6566093665138346
31,blue-collar,married,basic.4y,unknown,yes,yes,telephone,jun,thu,519,3,999,0,nonexistent,1.4,94.465,-41.8,4.955,5228.1,1,1,0.655
35,technician,single,unknown,no,no,no,cellular,may,thu,745,1,999,1,failure,-1.8,92.893,-46.2,1.266,5099.1,1,1,0.655
28,blue-collar,married,basic.6y,no,yes,no,cellular,may,thu,933,4,999,0,nonexistent,-1.8,92.893,-46.2,1.266,5099.1,1,1,0.655
53,services,married,high.school,no,yes,no,cellular,aug,wed,406,1,999,0,nonexistent,1.4,93.444,-36.1,4.967,5228.1,1,1,0.655
43,blue-collar,married,basic.4y,no,unknown,unknown,telephone,jun,thu,1618,2,999,0,nonexistent,1.4,94.465,-41.8,4.958,5228.1,1,1,0.655
30,blue-collar,married,basic.6y,no,yes,yes,cellular,jul,wed,1018,2,999,0,nonexistent,1.4,93.918,-42.7,4.957,5228.1,1,1,0.655
57,management,married,university.degree,no,yes,yes,cellular,nov,tue,609,2,999,1,failure,-0.1,93.2,-42.0,4.153,5195.8,1,1,0.655
29,admin.,married,high.school,no,yes,no,cellular,may,fri,1871,4,999,0,nonexistent,-1.8,92.893,-46.2,1.25,5099.1,1,1,0.655
35,admin.,single,university.degree,no,yes,no,cellular,aug,mon,773,2,999,0,nonexistent,1.4,93.444,-36.1,4.963,5228.1,1,1,0.655
45,blue-collar,married,basic.6y,unknown,yes,no,cellular,nov,mon,696,2,999,0,nonexistent,-0.1,93.2,-42.0,4.191,5195.8,1,1,0.655
48,services,married,high.school,no,yes,no,cellular,aug,wed,703,2,999,0,nonexistent,1.4,93.444,-36.1,4.964,5228.1,1,1,0.655
40,blue-collar,married,basic.9y,no,no,yes,telephone,jun,tue,2456,2,999,0,nonexistent,1.4,94.465,-41.8,4.864,5228.1,1,1,0.655
38,blue-collar,married,basic.6y,unknown,yes,no,telephone,may,wed,476,1,999,0,nonexistent,1.1,93.994,-36.4,4.859,5191.0,1,1,0.655
40,blue-collar,divorced,basic.9y,unknown,no,yes,telephone,jun,tue,1259,6,999,0,nonexistent,1.4,94.465,-41.8,4.864,5228.1,1,1,0.655
29,technician,married,professional.course,no,no,no,telephone,may,fri,886,3,999,0,nonexistent,1.1,93.994,-36.4,4.864,5191.0,1,1,0.655
47,housemaid,married,university.degree,no,yes,no,cellular,aug,mon,232,2,999,0,nonexistent,-2.9,92.201,-31.4,0.843,5076.2,1,1,0.655
49,admin.,unknown,university.degree,no,no,no,cellular,aug,thu,1532,1,999,0,nonexistent,1.4,93.444,-36.1,4.963,5228.1,1,1,0.655
32,admin.,single,university.degree,unknown,no,no,telephone,may,tue,1346,1,999,0,nonexistent,1.1,93.994,-36.4,4.856,5191.0,1,1,0.655
51,technician,married,basic.9y,no,no,no,telephone,jun,fri,302,1,999,0,nonexistent,-2.9,92.963,-40.8,1.268,5076.2,1,1,0.655
55,blue-collar,married,basic.4y,unknown,yes,no,telephone,jun,thu,1136,1,999,0,nonexistent,1.4,94.465,-41.8,4.961,5228.1,1,1,0.655
45,blue-collar,married,basic.9y,unknown,no,yes,telephone,jun,fri,1210,1,999,0,nonexistent,1.4,94.465,-41.8,4.959,5228.1,1,1,0.655
41,technician,married,high.school,no,no,no,cellular,aug,mon,697,2,999,0,nonexistent,1.4,93.444,-36.1,4.963,5228.1,1,1,0.655
43,blue-collar,married,basic.4y,unknown,no,no,telephone,may,fri,745,12,999,0,nonexistent,1.1,93.994,-36.4,4.864,5191.0,1,1,0.655
47,admin.,married,high.school,no,yes,no,cellular,apr,wed,903,2,999,1,failure,-1.8,93.075,-47.1,1.415,5099.1,1,1,0.655
28,admin.,single,university.degree,no,no,no,cellular,aug,thu,489,5,999,0,nonexistent,-2.9,92.201,-31.4,0.873,5076.2,1,1,0.655
36,unemployed,married,university.degree,no,no,no,cellular,aug,thu,222,1,999,0,nonexistent,-2.9,92.201,-31.4,0.873,5076.2,1,1,0.655
25,admin.,married,university.degree,no,unknown,unknown,cellular,may,mon,612,7,999,0,nonexistent,-1.8,92.893,-46.2,1.264,5099.1,1,1,0.655
29,technician,single,basic.9y,no,yes,no,cellular,apr,mon,114,2,999,0,nonexistent,-1.8,93.075,-47.1,1.405,5099.1,1,1,0.655
43,admin.,married,university.degree,no,no,no,telephone,aug,wed,618,8,999,0,nonexistent,1.4,93.444,-36.1,4.965,5228.1,1,1,0.655
34,admin.,married,university.degree,no,no,no,cellular,oct,fri,281,1,999,2,failure,-3.4,92.431,-26.9,0.73,5017.5,1,1,0.655
53,technician,married,professional.course,unknown,yes,no,telephone,may,thu,920,2,999,0,nonexistent,1.1,93.994,-36.4,4.86,5191.0,1,1,0.655
57,management,married,university.degree,no,no,no,cellular,may,wed,1205,1,999,0,nonexistent,-1.8,92.893,-46.2,1.334,5099.1,1,1,0.655
38,technician,married,professional.course,unknown,no,no,cellular,apr,fri,1624,1,999,2,failure,-1.8,93.075,-47.1,1.405,5099.1,1,1,0.655
46,student,single,unknown,no,yes,no,telephone,jul,fri,279,4,999,0,nonexistent,1.4,93.918,-42.7,4.962,5228.1,1,1,0.655
38,blue-collar,single,basic.9y,no,yes,no,telephone,may,tue,2231,1,999,0,nonexistent,1.1,93.994,-36.4,4.856,5191.0,1,1,0.655
22,unemployed,single,high.school,no,yes,no,cellular,jul,thu,361,3,999,0,nonexistent,1.4,93.918,-42.7,4.968,5228.1,1,1,0.655
28,entrepreneur,married,basic.9y,unknown,yes,no,telephone,may,thu,733,1,999,0,nonexistent,1.1,93.994,-36.4,4.86,5191.0,1,1,0.655
60,housemaid,married,high.school,unknown,no,no,telephone,may,fri,929,3,999,0,nonexistent,1.1,93.994,-36.4,4.855,5191.0,1,1,0.655
31,blue-collar,single,basic.4y,no,no,no,telephone,jun,thu,590,3,999,0,nonexistent,1.4,94.465,-41.8,4.866,5228.1,1,1,0.655
32,admin.,single,university.degree,no,yes,yes,cellular,aug,thu,1327,5,999,0,nonexistent,1.4,93.444,-36.1,4.968,5228.1,1,1,0.655
26,technician,single,university.degree,no,no,no,cellular,jul,fri,129,2,6,1,success,-1.7,94.215,-40.3,0.861,4991.6,0,0,0.655
34,admin.,divorced,university.degree,no,no,no,cellular,nov,fri,549,2,999,0,nonexistent,-0.1,93.2,-42.0,4.021,5195.8,1,1,0.655
44,services,divorced,high.school,no,yes,yes,cellular,jul,mon,1169,1,999,0,nonexistent,1.4,93.918,-42.7,4.962,5228.1,1,1,0.655
30,unemployed,single,basic.9y,no,no,no,cellular,apr,wed,142,4,999,0,nonexistent,-1.8,93.075,-47.1,1.445,5099.1,1,1,0.655
27,blue-collar,single,basic.9y,no,no,no,cellular,jul,thu,656,3,999,0,nonexistent,1.4,93.918,-42.7,4.958,5228.1,1,1,0.6549242675053799
32,blue-collar,single,high.school,no,no,no,telephone,jun,tue,956,3,999,0,nonexistent,1.4,94.465,-41.8,4.864,5228.1,1,1,0.6548475761917794
53,blue-collar,married,basic.6y,unknown,yes,no,cellular,may,wed,659,1,999,0,nonexistent,-1.8,92.893,-46.2,1.281,5099.1,1,1,0.6547201820940819
48,admin.,married,university.degree,unknown,yes,no,cellular,aug,tue,1208,3,999,0,nonexistent,1.4,93.444,-36.1,4.968,5228.1,1,1,0.6547154779969651
30,services,single,high.school,no,no,no,cellular,jul,wed,1426,3,999,0,nonexistent,1.4,93.918,-42.7,4.962,5228.1,1,1,0.6545725741204028
32,management,single,university.degree,no,no,no,cellular,aug,thu,149,1,3,2,success,-2.9,92.201,-31.4,0.851,5076.2,1,0,0.65403035367308
55,technician,married,basic.9y,unknown,yes,no,telephone,may,wed,958,2,999,0,nonexistent,1.1,93.994,-36.4,4.858,5191.0,1,1,0.6525
55,management,married,university.degree,no,no,no,cellular,aug,mon,372,3,999,0,nonexistent,1.4,93.444,-36.1,4.965,5228.1,1,1,0.6525
25,blue-collar,single,basic.9y,no,yes,no,cellular,may,fri,655,3,999,1,failure,-1.8,92.893,-46.2,1.25,5099.1,1,1,0.6525
34,blue-collar,married,basic.9y,no,no,no,telephone,jun,tue,963,2,999,0,nonexistent,1.4,94.465,-41.8,4.864,5228.1,1,1,0.6525
20,student,single,basic.9y,no,yes,no,cellular,mar,thu,325,1,999,0,nonexistent,-1.8,92.843,-50.0,1.538,5099.1,1,1,0.6525
44,blue-collar,divorced,unknown,no,yes,yes,telephone,may,wed,799,1,999,0,nonexistent,1.1,93.994,-36.4,4.858,5191.0,1,1,0.6525
55,housemaid,married,university.degree,no,no,no,cellular,jul,wed,988,1,999,0,nonexistent,1.4,93.918,-42.7,4.957,5228.1,1,1,0.6525
42,entrepreneur,married,university.degree,no,unknown,unknown,cellular,jul,thu,430,4,999,0,nonexistent,1.4,93.918,-42.7,4.962,5228.1,1,1,0.6525
48,blue-collar,married,basic.9y,no,no,no,cellular,may,tue,309,1,10,1,success,-1.8,92.893,-46.2,1.291,5099.1,1,0,0.6525
41,self-employed,divorced,professional.course,no,no,no,cellular,jul,fri,911,2,999,0,nonexistent,1.4,93.918,-42.7,4.963,5228.1,1,1,0.6525
36,admin.,single,high.school,no,yes,no,cellular,aug,fri,159,1,3,2,success,-2.9,92.201,-31.4,0.849,5076.2,1,0,0.6525
43,entrepreneur,married,high.school,no,yes,yes,telephone,may,mon,642,2,999,0,nonexistent,1.1,93.994,-36.4,4.857,5191.0,1,1,0.6525
31,entrepreneur,single,basic.9y,no,no,no,telephone,jun,mon,1248,3,999,0,nonexistent,1.4,94.465,-41.8,4.96,5228.1,1,1,0.6525
56,entrepreneur,married,basic.9y,no,no,yes,cellular,nov,wed,680,2,999,1,failure,-0.1,93.2,-42.0,4.12,5195.8,1,1,0.6525
38,entrepreneur,married,unknown,unknown,no,no,cellular,may,tue,1272,1,999,0,nonexistent,-1.8,92.893,-46.2,1.291,5099.1,1,1,0.6525
46,blue-collar,married,basic.4y,no,yes,no,telephone,may,fri,1392,2,999,0,nonexistent,1.1,93.994,-36.4,4.857,5191.0,1,1,0.6525
44,management,single,high.school,no,yes,no,cellular,may,mon,504,1,999,0,nonexistent,-1.8,92.893,-46.2,1.244,5099.1,1,1,0.6525
32,admin.,single,university.degree,no,yes,no,cellular,aug,tue,419,3,999,0,nonexistent,1.4,93.444,-36.1,4.968,5228.1,1,1,0.6525
37,technician,divorced,professional.course,unknown,yes,no,cellular,jul,mon,1134,5,999,0,nonexistent,1.4,93.918,-42.7,4.96,5228.1,1,1,0.6525
59,retired,married,basic.4y,unknown,no,no,cellular,aug,mon,555,1,999,0,nonexistent,1.4,93.444,-36.1,4.965,5228.1,1,1,0.6525
68,retired,married,basic.4y,no,yes,no,cellular,apr,fri,177,1,999,0,nonexistent,-1.8,93.749,-34.6,0.644,5008.7,0,1,0.6525
40,management,married,university.degree,no,yes,yes,cellular,nov,fri,957,1,999,1,failure,-0.1,93.2,-42.0,4.021,5195.8,1,1,0.6525
52,services,divorced,high.school,unknown,yes,yes,cellular,nov,mon,652,2,999,1,failure,-0.1,93.2,-42.0,4.191,5195.8,1,1,0.6525
38,admin.,single,university.degree,unknown,yes,no,telephone,jun,tue,992,1,999,0,nonexistent,1.4,94.465,-41.8,4.864,5228.1,1,1,0.6525
36,admin.,single,university.degree,no,yes,no,cellular,aug,wed,1408,3,999,0,nonexistent,1.4,93.444,-36.1,4.964,5228.1,1,1,0.6525
41,admin.,married,university.degree,no,yes,no,telephone,aug,thu,345,1,9,3,failure,-1.7,94.027,-38.3,0.899,4991.6,1,0,0.6525
48,services,single,high.school,no,yes,no,cellular,apr,mon,1202,3,999,0,nonexistent,-1.8,93.075,-47.1,1.405,5099.1,1,1,0.6525
29,technician,married,university.degree,no,yes,no,cellular,nov,thu,150,1,999,0,nonexistent,-0.1,93.2,-42.0,4.592,5195.8,1,1,0.6525
42,self-employed,married,university.degree,no,no,no,cellular,aug,fri,1206,4,999,0,nonexistent,1.4,93.444,-36.1,4.966,5228.1,1,1,0.6525
40,blue-collar,married,basic.6y,no,yes,no,telephone,may,wed,927,1,999,0,nonexistent,1.1,93.994,-36.4,4.859,5191.0,1,1,0.6525
32,blue-collar,divorced,basic.9y,no,yes,no,telephone,nov,thu,1025,2,999,0,nonexistent,-0.1,93.2,-42.0,4.076,5195.8,1,1,0.6522185128983309
31,blue-collar,single,high.school,no,no,no,telephone,may,tue,1882,2,999,0,nonexistent,1.1,93.994,-36.4,4.856,5191.0,1,1,0.6522179817905918
60,retired,married,university.degree,no,no,no,cellular,aug,wed,576,1,999,0,nonexistent,-2.9,92.201,-31.4,0.879,5076.2,1,1,0.6518042441170655
28,blue-collar,single,basic.9y,no,no,no,cellular,jul,fri,1369,9,999,0,nonexistent,1.4,93.918,-42.7,4.962,5228.1,1,1,0.6512156307360408
30,entrepreneur,married,university.degree,no,no,no,cellular,may,wed,585,1,999,0,nonexistent,-1.8,92.893,-46.2,1.281,5099.1,1,1,0.6511897285036787
38,technician,married,professional.course,no,yes,no,cellular,aug,fri,848,1,999,0,nonexistent,1.4,93.444,-36.1,4.966,5228.1,1,1,0.6510318414314427
56,entrepreneur,married,university.degree,no,no,no,cellular,apr,thu,457,1,2,1,success,-1.8,93.075,-47.1,1.365,5099.1,1,0,0.6509304721170779
56,entrepreneur,married,university.degree,no,no,no,cellular,apr,thu,196,1,2,1,success,-1.8,93.075,-47.1,1.365,5099.1,0,0,0.6509304721170779
23,admin.,single,professional.course,no,yes,no,cellular,jul,wed,902,2,999,0,nonexistent,1.4,93.918,-42.7,4.963,5228.1,1,1,0.65
29,blue-collar,single,high.school,no,yes,no,telephone,may,fri,803,1,999,0,nonexistent,1.1,93.994,-36.4,4.859,5191.0,1,1,0.65
34,admin.,married,university.degree,no,no,no,cellular,nov,fri,467,1,999,0,nonexistent,-0.1,93.2,-42.0,4.021,5195.8,1,1,0.65
42,housemaid,married,basic.4y,no,no,no,telephone,jun,thu,500,2,999,0,nonexistent,1.4,94.465,-41.8,4.961,5228.1,1,1,0.65
57,retired,married,university.degree,no,yes,yes,cellular,nov,mon,1132,2,999,0,nonexistent,-0.1,93.2,-42.0,4.191,5195.8,1,1,0.65
47,technician,single,professional.course,no,yes,no,cellular,jul,mon,365,3,999,0,nonexistent,1.4,93.918,-42.7,4.962,5228.1,1,1,0.65
49,retired,married,high.school,no,yes,no,cellular,jul,wed,239,1,999,0,nonexistent,1.4,93.918,-42.7,4.957,5228.1,0,1,0.65
49,retired,married,high.school,no,yes,no,cellular,jul,wed,555,1,999,0,nonexistent,1.4,93.918,-42.7,4.957,5228.1,1,1,0.65
23,admin.,single,professional.course,no,yes,no,cellular,jul,wed,332,2,999,0,nonexistent,1.4,93.918,-42.7,4.963,5228.1,0,1,0.65
42,admin.,single,university.degree,unknown,yes,no,cellular,jul,mon,719,2,999,0,nonexistent,1.4,93.918,-42.7,4.96,5228.1,1,1,0.65
37,services,married,basic.6y,unknown,yes,no,cellular,may,fri,679,1,999,1,failure,-1.8,92.893,-46.2,1.25,5099.1,1,1,0.65
25,services,single,unknown,no,yes,no,cellular,jul,tue,598,5,999,0,nonexistent,1.4,93.918,-42.7,4.961,5228.1,1,1,0.65
36,blue-collar,married,basic.6y,no,yes,no,cellular,jul,tue,864,4,999,0,nonexistent,1.4,93.918,-42.7,4.961,5228.1,1,1,0.65
55,technician,married,professional.course,no,no,no,cellular,aug,wed,976,7,999,0,nonexistent,1.4,93.444,-36.1,4.964,5228.1,1,1,0.65
25,services,single,high.school,no,no,no,cellular,may,thu,646,5,999,0,nonexistent,-1.8,92.893,-46.2,1.266,5099.1,1,1,0.65
40,admin.,divorced,basic.9y,no,yes,no,cellular,may,thu,688,2,999,0,nonexistent,-1.8,92.893,-46.2,1.266,5099.1,1,1,0.65
37,admin.,married,university.degree,no,no,no,telephone,jun,wed,867,1,999,0,nonexistent,1.4,94.465,-41.8,4.959,5228.1,1,1,0.65
53,blue-collar,married,basic.4y,unknown,yes,no,telephone,aug,tue,1186,4,999,0,nonexistent,1.4,93.444,-36.1,4.968,5228.1,1,1,0.65
50,technician,married,professional.course,no,no,no,cellular,jul,mon,830,5,999,0,nonexistent,1.4,93.918,-42.7,4.96,5228.1,1,1,0.65
46,management,married,unknown,no,yes,no,cellular,nov,thu,1503,2,999,0,nonexistent,-0.1,93.2,-42.0,4.076,5195.8,1,1,0.65
32,blue-collar,married,basic.4y,unknown,no,yes,telephone,jul,wed,990,1,999,0,nonexistent,1.4,93.918,-42.7,4.962,5228.1,1,1,0.65
57,retired,married,basic.9y,no,yes,yes,cellular,aug,tue,1223,4,999,0,nonexistent,1.4,93.444,-36.1,4.965,5228.1,1,1,0.65
20,student,single,high.school,no,no,no,cellular,apr,mon,1472,1,999,3,failure,-1.8,93.749,-34.6,0.645,5008.7,1,1,0.65
57,retired,divorced,basic.4y,unknown,no,no,cellular,jul,fri,655,4,999,0,nonexistent,1.4,93.918,-42.7,4.957,5228.1,1,1,0.65
57,self-employed,married,professional.course,no,yes,no,cellular,jul,tue,1056,2,999,0,nonexistent,1.4,93.918,-42.7,4.961,5228.1,1,1,0.65
28,technician,married,basic.9y,no,yes,no,cellular,jul,mon,1080,4,999,0,nonexistent,1.4,93.918,-42.7,4.96,5228.1,1,1,0.65
32,technician,single,university.degree,no,no,no,cellular,nov,thu,454,1,999,0,nonexistent,-0.1,93.2,-42.0,4.076,5195.8,1,1,0.65
55,retired,divorced,basic.4y,unknown,no,no,cellular,may,wed,526,4,999,1,failure,-1.8,92.893,-46.2,1.281,5099.1,1,1,0.65
25,admin.,single,unknown,no,no,no,telephone,jun,tue,221,7,999,0,nonexistent,-2.9,92.963,-40.8,1.286,5076.2,1,1,0.65
28,management,married,university.degree,no,no,no,telephone,jun,wed,771,2,999,0,nonexistent,1.4,94.465,-41.8,4.962,5228.1,1,1,0.65
30,admin.,married,university.degree,no,yes,no,cellular,jul,fri,799,2,999,0,nonexistent,1.4,93.918,-42.7,4.957,5228.1,1,1,0.65
30,technician,married,university.degree,no,yes,no,cellular,dec,thu,244,2,6,1,success,-3.0,92.713,-33.0,0.72,5023.5,1,0,0.65
35,admin.,married,university.degree,no,yes,no,cellular,may,mon,109,1,999,0,nonexistent,-1.8,92.893,-46.2,1.264,5099.1,0,1,0.65
30,admin.,married,university.degree,no,yes,no,cellular,apr,thu,316,1,999,1,failure,-1.8,93.075,-47.1,1.365,5099.1,1,1,0.65
42,blue-collar,married,basic.9y,no,no,yes,cellular,jul,thu,880,1,999,0,nonexistent,1.4,93.918,-42.7,4.963,5228.1,1,1,0.65
36,technician,married,university.degree,no,no,no,telephone,jun,mon,1093,1,999,0,nonexistent,1.4,94.465,-41.8,4.96,5228.1,1,1,0.65
45,admin.,divorced,university.degree,no,no,no,telephone,may,wed,681,3,999,0,nonexistent,1.1,93.994,-36.4,4.858,5191.0,1,1,0.65
41,technician,married,high.school,no,yes,no,telephone,may,wed,832,1,999,0,nonexistent,1.1,93.994,-36.4,4.859,5191.0,1,1,0.65
25,services,married,high.school,no,yes,no,telephone,jul,tue,479,9,999,0,nonexistent,1.4,93.918,-42.7,4.955,5228.1,1,1,0.65
45,services,single,unknown,no,no,no,telephone,apr,fri,541,1,999,0,nonexistent,-1.8,93.075,-47.1,1.405,5099.1,1,1,0.65
47,admin.,divorced,high.school,no,yes,no,telephone,jun,mon,302,1,999,0,nonexistent,-1.7,94.055,-39.8,0.711,4991.6,1,1,0.65
35,blue-collar,married,basic.9y,no,no,no,telephone,jul,mon,1356,3,999,0,nonexistent,1.4,93.918,-42.7,4.96,5228.1,1,1,0.65
49,blue-collar,married,basic.6y,unknown,no,no,cellular,may,tue,568,1,999,1,failure,-1.8,92.893,-46.2,1.344,5099.1,1,1,0.65
52,blue-collar,married,basic.4y,no,no,no,telephone,aug,thu,4199,3,999,0,nonexistent,1.4,93.444,-36.1,4.963,5228.1,1,1,0.65
35,admin.,single,university.degree,no,yes,no,cellular,apr,fri,1007,2,999,0,nonexistent,-1.8,93.075,-47.1,1.405,5099.1,1,1,0.65
42,blue-collar,married,basic.6y,no,yes,no,telephone,jun,mon,1036,1,999,0,nonexistent,1.4,94.465,-41.8,4.865,5228.1,1,1,0.65
59,retired,married,basic.6y,no,yes,no,cellular,may,mon,228,6,999,0,nonexistent,-1.8,92.893,-46.2,1.354,5099.1,1,1,0.65
48,self-employed,married,university.degree,no,no,no,telephone,jun,fri,467,3,999,0,nonexistent,1.4,94.465,-41.8,4.967,5228.1,1,1,0.65
45,blue-collar,married,basic.9y,unknown,yes,no,telephone,may,mon,461,1,999,0,nonexistent,1.1,93.994,-36.4,4.857,5191.0,1,1,0.65
37,admin.,single,university.degree,no,no,no,telephone,nov,wed,623,1,999,0,nonexistent,-0.1,93.2,-42.0,4.12,5195.8,1,1,0.6498198475159893
31,admin.,single,university.degree,no,unknown,unknown,cellular,oct,tue,192,1,3,1,success,-1.1,94.601,-49.5,1.008,4963.6,1,0,0.6497200303490136
34,management,married,university.degree,no,no,no,cellular,apr,mon,163,1,999,0,nonexistent,-1.8,93.075,-47.1,1.405,5099.1,1,1,0.6497103186646433
56,admin.,married,high.school,unknown,yes,no,cellular,jul,fri,661,4,999,0,nonexistent,1.4,93.918,-42.7,4.962,5228.1,1,1,0.6495686307166463
32,unknown,single,professional.course,no,no,no,cellular,jul,thu,2029,1,999,0,nonexistent,1.4,93.918,-42.7,4.963,5228.1,1,1,0.6493270619583623
43,technician,divorced,basic.9y,no,no,no,cellular,jul,fri,853,2,999,0,nonexistent,1.4,93.918,-42.7,4.963,5228.1,1,1,0.6488127557820232
29,admin.,single,university.degree,no,no,no,cellular,apr,thu,71,2,999,0,nonexistent,-1.8,93.075,-47.1,1.41,5099.1,0,1,0.6485694874353802
29,admin.,single,university.degree,no,no,no,cellular,apr,thu,271,2,999,0,nonexistent,-1.8,93.075,-47.1,1.41,5099.1,1,1,0.6485694874353802
42,technician,married,professional.course,no,yes,no,cellular,aug,tue,607,3,999,0,nonexistent,1.4,93.444,-36.1,4.968,5228.1,1,1,0.6480846296142743
33,services,single,high.school,no,yes,no,cellular,jul,tue,714,1,999,0,nonexistent,1.4,93.918,-42.7,4.961,5228.1,1,1,0.6477865304268778
30,blue-collar,married,basic.6y,unknown,yes,no,cellular,jul,fri,474,2,999,0,nonexistent,1.4,93.918,-42.7,4.957,5228.1,1,1,0.6475
45,management,married,university.degree,no,no,no,cellular,may,thu,647,1,999,1,failure,-1.8,92.893,-46.2,1.327,5099.1,1,1,0.6475
59,retired,married,high.school,no,yes,no,cellular,aug,wed,625,5,999,0,nonexistent,1.4,93.444,-36.1,4.964,5228.1,1,1,0.6475
54,management,married,university.degree,no,no,no,cellular,may,mon,397,1,999,1,failure,-1.8,92.893,-46.2,1.264,5099.1,1,1,0.6475
57,retired,married,basic.9y,no,no,no,cellular,aug,tue,388,4,999,0,nonexistent,1.4,93.444,-36.1,4.965,5228.1,1,1,0.6475
44,blue-collar,married,basic.4y,no,yes,yes,telephone,dec,mon,119,1,999,0,nonexistent,-0.2,92.756,-45.9,3.053,5176.3,1,1,0.6475
36,management,divorced,high.school,no,no,yes,cellular,nov,wed,709,2,999,0,nonexistent,-0.1,93.2,-42.0,4.12,5195.8,1,1,0.6475
35,technician,married,professional.course,no,yes,yes,cellular,aug,mon,882,4,999,0,nonexistent,1.4,93.444,-36.1,4.963,5228.1,1,1,0.6475
60,retired,married,high.school,unknown,yes,no,telephone,may,fri,597,6,999,0,nonexistent,1.1,93.994,-36.4,4.857,5191.0,1,1,0.6475
45,housemaid,married,professional.course,unknown,yes,no,telephone,may,tue,1597,2,999,0,nonexistent,1.1,93.994,-36.4,4.857,5191.0,1,1,0.6475
41,blue-collar,married,basic.9y,no,no,no,telephone,jun,fri,1085,1,999,0,nonexistent,1.4,94.465,-41.8,4.967,5228.1,1,1,0.6475
31,technician,married,university.degree,no,yes,yes,cellular,jul,mon,385,5,999,0,nonexistent,1.4,93.918,-42.7,4.96,5228.1,1,1,0.6475
24,admin.,single,high.school,no,no,no,telephone,jun,tue,768,1,999,0,nonexistent,1.4,94.465,-41.8,4.864,5228.1,1,1,0.6475
39,blue-collar,married,basic.9y,no,no,no,telephone,may,thu,651,23,999,0,nonexistent,1.1,93.994,-36.4,4.86,5191.0,1,1,0.6475
33,student,married,professional.course,no,yes,no,telephone,nov,thu,112,1,999,0,nonexistent,-1.1,94.767,-50.8,1.031,4963.6,1,1,0.6475
29,services,single,high.school,no,no,no,cellular,may,thu,854,2,999,1,failure,-1.8,92.893,-46.2,1.266,5099.1,1,1,0.6475
32,services,married,high.school,unknown,yes,no,cellular,may,mon,536,2,999,0,nonexistent,-1.8,92.893,-46.2,1.244,5099.1,1,1,0.6475
37,admin.,divorced,university.degree,unknown,yes,no,cellular,may,mon,442,1,999,0,nonexistent,-1.8,92.893,-46.2,1.244,5099.1,1,1,0.6475
33,blue-collar,married,basic.9y,no,no,no,cellular,nov,thu,593,1,999,0,nonexistent,-0.1,93.2,-42.0,4.076,5195.8,1,1,0.6475
33,services,married,high.school,unknown,yes,no,telephone,jun,tue,1345,3,999,0,nonexistent,1.4,94.465,-41.8,4.961,5228.1,1,1,0.6475
54,self-employed,married,basic.9y,unknown,yes,no,cellular,aug,thu,429,3,999,0,nonexistent,1.4,93.444,-36.1,4.968,5228.1,1,1,0.6475
30,blue-collar,married,high.school,no,yes,yes,cellular,nov,thu,2453,2,999,0,nonexistent,-0.1,93.2,-42.0,4.076,5195.8,1,1,0.6475
27,blue-collar,single,basic.9y,no,yes,yes,cellular,may,thu,224,4,999,0,nonexistent,-1.8,92.893,-46.2,1.266,5099.1,1,1,0.6475
59,admin.,married,high.school,no,yes,no,cellular,aug,wed,1019,2,2,1,success,-2.9,92.201,-31.4,0.884,5076.2,1,0,0.6475
43,blue-collar,married,basic.4y,no,no,yes,cellular,may,thu,722,2,11,1,success,-1.8,92.893,-46.2,1.266,5099.1,1,0,0.6475
38,housemaid,divorced,university.degree,no,yes,no,cellular,may,wed,873,3,999,1,failure,-1.8,92.893,-46.2,1.281,5099.1,1,1,0.6475
37,admin.,divorced,university.degree,unknown,yes,no,cellular,may,mon,230,1,999,0,nonexistent,-1.8,92.893,-46.2,1.244,5099.1,0,1,0.6475
52,services,married,high.school,unknown,yes,no,cellular,may,mon,930,1,999,0,nonexistent,-1.8,92.893,-46.2,1.299,5099.1,1,1,0.6475
35,blue-collar,divorced,basic.9y,no,no,no,cellular,may,fri,409,1,999,1,failure,-1.8,92.893,-46.2,1.25,5099.1,1,1,0.6475
42,blue-collar,married,high.school,no,no,yes,telephone,may,tue,1297,3,999,0,nonexistent,1.1,93.994,-36.4,4.857,5191.0,1,1,0.6475
36,blue-collar,married,basic.4y,unknown,no,no,cellular,jul,tue,1615,3,999,0,nonexistent,1.4,93.918,-42.7,4.961,5228.1,1,1,0.6475
57,entrepreneur,single,university.degree,no,yes,no,cellular,apr,mon,720,1,999,0,nonexistent,-1.8,93.075,-47.1,1.405,5099.1,1,1,0.6474933145287665
36,admin.,single,basic.9y,no,yes,yes,telephone,apr,wed,173,1,999,0,nonexistent,-1.8,93.749,-34.6,0.644,5008.7,1,1,0.6474193883919284
50,admin.,single,high.school,no,no,yes,cellular,may,fri,623,8,999,0,nonexistent,-1.8,92.893,-46.2,1.25,5099.1,1,1,0.647222306525038
28,admin.,married,high.school,no,yes,no,cellular,nov,tue,254,5,999,0,nonexistent,-3.4,92.649,-30.1,0.715,5017.5,1,1,0.6469455993930197
30,management,single,high.school,no,no,no,cellular,nov,thu,952,2,999,0,nonexistent,-0.1,93.2,-42.0,4.076,5195.8,1,1,0.6469368740515934
56,blue-collar,married,basic.4y,no,yes,no,cellular,jul,fri,641,1,999,0,nonexistent,1.4,93.918,-42.7,4.957,5228.1,1,1,0.6469362670713201
44,blue-collar,married,basic.9y,no,no,no,cellular,aug,thu,1056,1,999,0,nonexistent,1.4,93.444,-36.1,4.968,5228.1,1,1,0.6469318664643399
25,self-employed,divorced,university.degree,no,no,no,cellular,apr,mon,111,1,999,0,nonexistent,-1.8,93.075,-47.1,1.405,5099.1,0,1,0.6465386227202268
25,self-employed,divorced,university.degree,no,no,no,cellular,apr,mon,241,1,999,0,nonexistent,-1.8,93.075,-47.1,1.405,5099.1,1,1,0.6465386227202268
34,admin.,married,university.degree,no,yes,no,cellular,jul,wed,686,6,999,0,nonexistent,1.4,93.918,-42.7,4.957,5228.1,1,1,0.6464021607973379
43,management,married,university.degree,no,yes,no,cellular,may,fri,663,1,999,0,nonexistent,-1.8,92.893,-46.2,1.25,5099.1,1,1,0.645
51,entrepreneur,married,illiterate,no,yes,no,cellular,apr,thu,838,3,999,0,nonexistent,-1.8,93.075,-47.1,1.41,5099.1,1,1,0.645
40,blue-collar,married,high.school,no,no,no,telephone,may,wed,1028,2,999,0,nonexistent,1.1,93.994,-36.4,4.859,5191.0,1,1,0.645
40,services,single,high.school,no,no,no,cellular,apr,mon,1332,2,999,0,nonexistent,-1.8,93.075,-47.1,1.405,5099.1,1,1,0.645
54,blue-collar,married,high.school,no,no,no,cellular,jul,thu,771,1,999,0,nonexistent,1.4,93.918,-42.7,4.963,5228.1,1,1,0.645
41,entrepreneur,divorced,unknown,no,no,no,cellular,may,fri,536,2,999,0,nonexistent,-1.8,92.893,-46.2,1.25,5099.1,1,1,0.645
30,admin.,single,high.school,no,yes,no,cellular,jul,tue,1352,2,999,0,nonexistent,1.4,93.918,-42.7,4.961,5228.1,1,1,0.645
59,retired,married,professional.course,no,yes,no,telephone,jun,wed,437,1,999,0,nonexistent,-2.9,92.963,-40.8,1.26,5076.2,1,1,0.645
33,student,divorced,professional.course,no,no,no,cellular,aug,mon,1110,1,999,0,nonexistent,1.4,93.444,-36.1,4.97,5228.1,1,1,0.645
47,services,single,basic.9y,no,unknown,unknown,telephone,jun,thu,835,3,999,0,nonexistent,1.4,94.465,-41.8,4.961,5228.1,1,1,0.645
40,admin.,single,high.school,no,yes,no,cellular,apr,mon,133,1,999,0,nonexistent,-1.8,93.075,-47.1,1.405,5099.1,1,1,0.645
26,blue-collar,single,basic.6y,unknown,yes,no,cellular,jul,tue,1833,2,999,0,nonexistent,1.4,93.918,-42.7,4.961,5228.1,1,1,0.645
37,admin.,single,high.school,no,yes,no,cellular,may,fri,326,5,999,2,failure,-1.8,92.893,-46.2,1.25,5099.1,1,1,0.645
59,unknown,married,unknown,unknown,no,no,telephone,jun,thu,701,1,999,0,nonexistent,1.4,94.465,-41.8,4.866,5228.1,1,1,0.645
38,management,married,basic.9y,no,yes,no,telephone,may,tue,1000,1,999,0,nonexistent,1.1,93.994,-36.4,4.856,5191.0,1,1,0.645
39,admin.,married,basic.6y,unknown,no,no,cellular,jul,wed,1176,1,999,0,nonexistent,1.4,93.918,-42.7,4.963,5228.1,1,1,0.645
53,admin.,married,university.degree,unknown,no,no,cellular,jul,wed,815,1,999,0,nonexistent,1.4,93.918,-42.7,4.962,5228.1,1,1,0.645
30,technician,single,university.degree,no,yes,yes,cellular,aug,thu,1288,3,999,0,nonexistent,1.4,93.444,-36.1,4.968,5228.1,1,1,0.645
33,blue-collar,single,basic.6y,no,unknown,unknown,telephone,may,fri,833,1,999,0,nonexistent,-1.8,92.893,-46.2,1.313,5099.1,1,1,0.645
32,services,single,basic.6y,no,no,yes,telephone,may,tue,1205,1,999,0,nonexistent,1.1,93.994,-36.4,4.856,5191.0,1,1,0.645
46,technician,married,basic.6y,unknown,yes,no,cellular,apr,wed,575,2,999,0,nonexistent,-1.8,93.075,-47.1,1.445,5099.1,1,1,0.645
25,blue-collar,single,basic.6y,no,no,yes,cellular,jul,fri,1127,3,999,0,nonexistent,1.4,93.918,-42.7,4.957,5228.1,1,1,0.645
34,admin.,married,university.degree,no,yes,yes,cellular,may,wed,242,1,7,1,success,-1.8,92.893,-46.2,1.27,5099.1,1,0,0.645
29,admin.,married,professional.course,no,yes,no,telephone,jun,wed,583,4,999,0,nonexistent,1.4,94.465,-41.8,4.959,5228.1,1,1,0.645
34,management,married,university.degree,no,no,no,telephone,jun,wed,893,8,999,0,nonexistent,1.4,94.465,-41.8,4.959,5228.1,1,1,0.645
36,blue-collar,single,basic.9y,no,yes,yes,telephone,jun,thu,762,3,999,0,nonexistent,1.4,94.465,-41.8,4.955,5228.1,1,1,0.645
37,technician,married,professional.course,no,no,no,cellular,apr,thu,277,1,18,1,success,-1.8,93.749,-34.6,0.659,5008.7,1,0,0.645
41,blue-collar,married,basic.6y,no,no,no,cellular,may,tue,897,4,999,0,nonexistent,-1.8,92.893,-46.2,1.291,5099.1,1,1,0.645
36,self-employed,single,university.degree,no,yes,no,telephone,oct,thu,248,1,999,0,nonexistent,-0.1,93.798,-40.4,4.794,5195.8,1,1,0.645
35,technician,married,basic.9y,no,no,no,cellular,may,tue,580,1,999,0,nonexistent,-1.8,92.893,-46.2,1.291,5099.1,1,1,0.645
47,services,divorced,high.school,unknown,no,no,cellular,aug,thu,819,6,999,0,nonexistent,1.4,93.444,-36.1,4.963,5228.1,1,1,0.645
46,admin.,married,university.degree,no,yes,no,telephone,jun,mon,502,5,999,0,nonexistent,1.4,94.465,-41.8,4.865,5228.1,1,1,0.645
36,blue-collar,single,high.school,no,no,yes,cellular,may,wed,1347,2,999,1,failure,-1.8,92.893,-46.2,1.334,5099.1,1,1,0.645
34,blue-collar,married,basic.6y,unknown,no,no,cellular,jul,wed,727,3,999,0,nonexistent,1.4,93.918,-42.7,4.962,5228.1,1,1,0.645
41,services,divorced,high.school,no,yes,no,telephone,may,thu,985,2,999,0,nonexistent,1.1,93.994,-36.4,4.855,5191.0,1,1,0.645
41,entrepreneur,married,basic.4y,no,no,yes,cellular,may,wed,767,1,999,0,nonexistent,-1.8,92.893,-46.2,1.334,5099.1,1,1,0.645
54,admin.,married,university.degree,no,no,no,telephone,may,thu,513,1,999,0,nonexistent,1.1,93.994,-36.4,4.855,5191.0,1,1,0.645
47,admin.,married,university.degree,no,no,no,cellular,aug,mon,384,6,999,0,nonexistent,1.4,93.444,-36.1,4.963,5228.1,1,1,0.645
43,management,married,university.degree,no,no,no,cellular,nov,thu,1192,1,999,0,nonexistent,-0.1,93.2,-42.0,4.076,5195.8,1,1,0.645
34,admin.,married,high.school,no,yes,no,telephone,jun,mon,491,6,999,0,nonexistent,1.4,94.465,-41.8,4.961,5228.1,1,1,0.645
28,entrepreneur,married,basic.9y,no,no,no,telephone,may,mon,896,3,999,0,nonexistent,1.1,93.994,-36.4,4.857,5191.0,1,1,0.645
58,retired,married,basic.4y,unknown,no,no,telephone,may,tue,1045,1,999,0,nonexistent,1.1,93.994,-36.4,4.856,5191.0,1,1,0.645
54,housemaid,married,basic.4y,unknown,yes,no,cellular,aug,wed,523,3,999,0,nonexistent,1.4,93.444,-36.1,4.964,5228.1,1,1,0.645
30,management,married,university.degree,no,yes,no,cellular,jul,wed,957,3,999,0,nonexistent,1.4,93.918,-42.7,4.963,5228.1,1,1,0.645
54,blue-collar,married,basic.4y,no,unknown,unknown,cellular,may,mon,352,3,999,1,failure,-1.8,92.893,-46.2,1.264,5099.1,1,1,0.645
31,blue-collar,divorced,basic.9y,no,no,no,cellular,jul,thu,551,3,999,0,nonexistent,1.4,93.918,-42.7,4.958,5228.1,1,1,0.6449386972286283
24,blue-collar,married,basic.9y,no,unknown,unknown,cellular,jul,wed,781,1,999,0,nonexistent,1.4,93.918,-42.7,4.962,5228.1,1,1,0.6449225034415272
36,admin.,married,high.school,no,yes,no,telephone,nov,wed,114,1,999,1,failure,-0.1,93.2,-42.0,4.286,5195.8,1,1,0.6447244309559941
31,self-employed,married,university.degree,no,no,no,cellular,may,fri,704,1,999,1,failure,-1.8,92.893,-46.2,1.313,5099.1,1,1,0.6447213960546282
57,blue-collar,married,unknown,unknown,no,no,telephone,jun,wed,651,2,999,0,nonexistent,1.4,94.465,-41.8,4.959,5228.1,1,1,0.6447144157814871
37,technician,single,professional.course,unknown,yes,no,cellular,aug,tue,971,1,999,0,nonexistent,1.4,93.444,-36.1,4.966,5228.1,1,1,0.6440188423901728
41,technician,single,university.degree,no,yes,no,cellular,jul,mon,553,1,999,0,nonexistent,1.4,93.918,-42.7,4.96,5228.1,1,1,0.6438074003683056
52,admin.,married,unknown,no,yes,no,cellular,aug,tue,976,1,999,0,nonexistent,1.4,93.444,-36.1,4.968,5228.1,1,1,0.6430720791426536
35,admin.,single,university.degree,no,yes,no,cellular,jul,fri,564,2,999,0,nonexistent,1.4,93.918,-42.7,4.963,5228.1,0,1,0.6425420584581096
35,admin.,single,university.degree,no,yes,no,cellular,jul,fri,141,2,999,0,nonexistent,1.4,93.918,-42.7,4.963,5228.1,0,1,0.6425420584581096
35,admin.,single,university.degree,no,yes,no,cellular,jul,fri,963,2,999,0,nonexistent,1.4,93.918,-42.7,4.963,5228.1,1,1,0.6425420584581096
44,blue-collar,married,basic.4y,no,yes,no,cellular,aug,tue,720,2,999,0,nonexistent,1.4,93.444,-36.1,4.968,5228.1,1,1,0.6425
50,admin.,married,professional.course,no,no,no,cellular,jul,tue,1001,3,999,0,nonexistent,1.4,93.918,-42.7,4.961,5228.1,1,1,0.6425
39,blue-collar,married,basic.6y,unknown,yes,no,cellular,jul,wed,1439,6,999,0,nonexistent,1.4,93.918,-42.7,4.962,5228.1,1,1,0.6425
38,blue-collar,divorced,unknown,no,no,no,cellular,nov,tue,154,1,999,0,nonexistent,-0.1,93.2,-42.0,4.153,5195.8,0,1,0.6425
58,admin.,married,high.school,no,yes,no,cellular,aug,tue,553,1,999,0,nonexistent,1.4,93.444,-36.1,4.968,5228.1,1,1,0.6425
35,self-employed,married,university.degree,no,no,no,cellular,jul,thu,1175,2,999,0,nonexistent,1.4,93.918,-42.7,4.958,5228.1,1,1,0.6425
40,admin.,married,high.school,no,yes,yes,cellular,jul,mon,615,2,999,0,nonexistent,1.4,93.918,-42.7,4.96,5228.1,1,1,0.6425
44,admin.,single,university.degree,no,yes,no,telephone,jun,thu,541,17,999,0,nonexistent,1.4,94.465,-41.8,4.958,5228.1,1,1,0.6425
29,technician,single,professional.course,no,yes,no,cellular,apr,mon,740,3,999,0,nonexistent,-1.8,93.075,-47.1,1.466,5099.1,1,1,0.6425
30,technician,single,high.school,no,no,no,cellular,aug,mon,638,4,999,0,nonexistent,1.4,93.444,-36.1,4.963,5228.1,1,1,0.6425
34,unknown,married,basic.4y,no,yes,no,cellular,apr,thu,328,1,999,0,nonexistent,-1.8,93.075,-47.1,1.406,5099.1,1,1,0.6425
31,blue-collar,married,basic.9y,no,no,no,cellular,apr,tue,84,1,999,1,failure,-1.8,93.075,-47.1,1.453,5099.1,1,1,0.6425
46,services,married,basic.9y,no,no,no,cellular,may,wed,984,1,999,1,failure,-1.8,92.893,-46.2,1.334,5099.1,1,1,0.6425
59,unemployed,married,basic.4y,unknown,yes,no,cellular,jul,thu,458,9,999,0,nonexistent,1.4,93.918,-42.7,4.962,5228.1,1,1,0.6425
56,retired,married,basic.4y,no,yes,no,cellular,nov,fri,481,2,999,0,nonexistent,-0.1,93.2,-42.0,4.021,5195.8,1,1,0.6425
34,technician,single,university.degree,no,no,yes,telephone,sep,fri,231,1,999,0,nonexistent,-1.1,94.199,-37.5,0.879,4963.6,1,1,0.6425
49,admin.,married,university.degree,no,no,no,cellular,aug,tue,958,5,999,0,nonexistent,1.4,93.444,-36.1,4.965,5228.1,1,1,0.6425
47,self-employed,married,basic.9y,no,yes,no,cellular,jul,wed,1359,6,999,0,nonexistent,1.4,93.918,-42.7,4.963,5228.1,1,1,0.6425
53,technician,single,professional.course,no,yes,no,cellular,nov,wed,1468,3,999,0,nonexistent,-0.1,93.2,-42.0,4.12,5195.8,1,1,0.6425
35,services,single,basic.4y,no,yes,no,telephone,may,tue,1777,1,999,0,nonexistent,1.1,93.994,-36.4,4.856,5191.0,1,1,0.6425
38,services,single,basic.9y,no,no,yes,cellular,may,tue,515,1,999,1,failure,-1.8,92.893,-46.2,1.291,5099.1,1,1,0.6425
41,services,married,high.school,unknown,yes,no,telephone,may,mon,679,2,999,0,nonexistent,1.1,93.994,-36.4,4.857,5191.0,1,1,0.6425
47,blue-collar,married,basic.6y,unknown,yes,no,telephone,may,fri,604,2,999,0,nonexistent,1.1,93.994,-36.4,4.864,5191.0,1,1,0.6425
50,entrepreneur,married,basic.9y,no,yes,no,telephone,may,mon,331,5,999,0,nonexistent,-1.8,92.893,-46.2,1.354,5099.1,1,1,0.6425
47,management,married,basic.4y,unknown,no,no,telephone,may,mon,882,1,999,0,nonexistent,1.1,93.994,-36.4,4.858,5191.0,1,1,0.6425
34,technician,divorced,university.degree,no,yes,yes,cellular,aug,thu,526,1,999,0,nonexistent,1.4,93.444,-36.1,4.968,5228.1,1,1,0.6425
36,blue-collar,single,basic.6y,unknown,yes,no,telephone,jul,mon,1877,1,999,0,nonexistent,1.4,93.918,-42.7,4.96,5228.1,1,1,0.6425
36,blue-collar,married,basic.4y,no,yes,yes,cellular,may,thu,558,1,999,0,nonexistent,-1.8,92.893,-46.2,1.266,5099.1,1,1,0.6425
35,admin.,single,high.school,no,yes,yes,telephone,may,tue,618,1,999,0,nonexistent,1.1,93.994,-36.4,4.856,5191.0,1,1,0.6425
34,blue-collar,married,unknown,unknown,yes,no,telephone,may,wed,1302,3,999,0,nonexistent,-1.8,92.893,-46.2,1.281,5099.1,1,1,0.6425
29,admin.,single,high.school,no,yes,no,cellular,may,thu,566,2,999,0,nonexistent,-1.8,92.893,-46.2,1.266,5099.1,1,1,0.6425
37,management,married,university.degree,no,no,no,telephone,jun,tue,490,4,999,0,nonexistent,1.4,94.465,-41.8,4.961,5228.1,1,1,0.6425
34,blue-collar,married,basic.9y,no,yes,yes,telephone,may,wed,1479,4,999,0,nonexistent,1.1,93.994,-36.4,4.857,5191.0,1,1,0.6425
34,blue-collar,single,basic.6y,unknown,yes,no,cellular,may,fri,415,4,999,1,failure,-1.8,92.893,-46.2,1.25,5099.1,1,1,0.6425
30,services,married,high.school,no,yes,no,cellular,jul,tue,1344,3,999,0,nonexistent,1.4,93.918,-42.7,4.962,5228.1,1,1,0.6425
51,management,married,university.degree,unknown,no,yes,telephone,may,thu,1156,2,999,0,nonexistent,1.1,93.994,-36.4,4.86,5191.0,1,1,0.6425
59,retired,married,professional.course,unknown,no,no,telephone,may,wed,905,1,999,0,nonexistent,1.1,93.994,-36.4,4.858,5191.0,1,1,0.6425
31,technician,single,professional.course,no,no,no,cellular,aug,fri,193,2,999,0,nonexistent,1.4,93.444,-36.1,4.966,5228.1,1,1,0.6425
45,technician,married,university.degree,unknown,no,yes,telephone,jun,tue,1336,4,999,0,nonexistent,1.4,94.465,-41.8,4.864,5228.1,1,1,0.6425
43,self-employed,married,university.degree,no,yes,no,cellular,mar,mon,264,2,9,1,success,-1.8,93.369,-34.8,0.652,5008.7,1,0,0.6425
38,blue-collar,divorced,unknown,no,no,no,cellular,nov,tue,596,1,999,0,nonexistent,-0.1,93.2,-42.0,4.153,5195.8,1,1,0.6425
55,retired,married,high.school,no,no,no,telephone,may,fri,924,1,999,0,nonexistent,1.1,93.994,-36.4,4.857,5191.0,1,1,0.6425
55,retired,married,university.degree,unknown,yes,no,telephone,jun,thu,1012,1,999,0,nonexistent,1.4,94.465,-41.8,4.961,5228.1,1,1,0.6425
45,management,married,university.degree,no,yes,yes,cellular,nov,mon,789,1,999,0,nonexistent,-0.1,93.2,-42.0,4.191,5195.8,1,1,0.6425
31,admin.,married,high.school,no,no,no,telephone,jun,thu,952,4,999,0,nonexistent,1.4,94.465,-41.8,4.961,5228.1,1,1,0.6425
44,entrepreneur,married,basic.6y,unknown,no,no,cellular,jul,mon,973,3,999,0,nonexistent,1.4,93.918,-42.7,4.96,5228.1,1,1,0.6425
56,retired,married,basic.4y,no,yes,no,cellular,jul,mon,621,2,999,0,nonexistent,1.4,93.918,-42.7,4.96,5228.1,1,1,0.6422188163884673
46,technician,married,professional.course,no,no,no,cellular,apr,tue,279,1,999,0,nonexistent,-1.8,93.075,-47.1,1.423,5099.1,1,1,0.6422143399089529
25,admin.,single,university.degree,no,no,no,cellular,aug,mon,286,1,999,0,nonexistent,-2.9,92.201,-31.4,0.861,5076.2,1,1,0.6419995220538032
36,admin.,married,university.degree,no,yes,no,cellular,apr,thu,483,1,0,1,success,-1.8,93.075,-47.1,1.365,5099.1,1,0,0.6412944479034222
47,services,married,high.school,no,yes,no,cellular,aug,tue,836,1,999,0,nonexistent,1.4,93.444,-36.1,4.968,5228.1,1,1,0.64
32,blue-collar,married,professional.course,no,no,no,telephone,may,thu,1119,1,999,0,nonexistent,1.1,93.994,-36.4,4.855,5191.0,1,1,0.64
42,blue-collar,married,basic.6y,no,yes,yes,cellular,mar,tue,185,1,7,3,failure,-1.8,93.369,-34.8,0.652,5008.7,1,0,0.64
25,admin.,single,high.school,no,yes,no,cellular,jul,thu,476,4,999,0,nonexistent,1.4,93.918,-42.7,4.963,5228.1,1,1,0.64
37,blue-collar,married,basic.6y,no,no,no,cellular,jul,fri,640,3,999,0,nonexistent,1.4,93.918,-42.7,4.957,5228.1,1,1,0.64
28,entrepreneur,married,basic.9y,no,yes,no,telephone,jun,tue,1848,1,999,0,nonexistent,1.4,94.465,-41.8,4.961,5228.1,1,1,0.64
52,blue-collar,unknown,basic.4y,no,no,no,cellular,may,thu,1180,1,999,0,nonexistent,-1.8,92.893,-46.2,1.266,5099.1,1,1,0.64
31,services,single,high.school,no,no,no,cellular,may,fri,293,2,999,0,nonexistent,-1.8,92.893,-46.2,1.259,5099.1,1,1,0.64
71,retired,married,unknown,no,yes,no,cellular,sep,fri,658,4,999,0,nonexistent,-3.4,92.379,-29.8,0.773,5017.5,1,1,0.64
50,blue-collar,married,basic.4y,no,no,no,cellular,jul,mon,1130,3,999,0,nonexistent,1.4,93.918,-42.7,4.962,5228.1,1,1,0.64
46,blue-collar,married,basic.9y,no,yes,yes,cellular,nov,wed,814,1,999,0,nonexistent,-0.1,93.2,-42.0,4.12,5195.8,1,1,0.64
33,blue-collar,married,basic.6y,no,no,no,telephone,may,wed,1183,1,999,0,nonexistent,1.1,93.994,-36.4,4.857,5191.0,1,1,0.64
31,admin.,single,high.school,no,yes,no,cellular,jul,wed,926,1,999,0,nonexistent,1.4,93.918,-42.7,4.963,5228.1,1,1,0.64
28,self-employed,single,university.degree,no,no,yes,cellular,may,mon,315,1,999,0,nonexistent,-1.8,92.893,-46.2,1.264,5099.1,1,1,0.64
45,services,divorced,unknown,no,yes,no,telephone,may,tue,1063,5,999,0,nonexistent,1.1,93.994,-36.4,4.857,5191.0,1,1,0.64
81,retired,divorced,unknown,unknown,yes,yes,cellular,may,fri,176,1,999,0,nonexistent,-1.8,92.893,-46.2,1.259,5099.1,1,1,0.64
35,management,married,university.degree,no,no,no,cellular,nov,tue,190,3,7,3,failure,-3.4,92.649,-30.1,0.716,5017.5,0,0,0.64
33,technician,single,university.degree,no,yes,yes,cellular,nov,fri,710,1,999,0,nonexistent,-0.1,93.2,-42.0,4.021,5195.8,1,1,0.64
58,management,divorced,university.degree,no,no,no,telephone,nov,wed,139,1,999,0,nonexistent,-0.1,93.2,-42.0,4.286,5195.8,1,1,0.64
43,blue-collar,married,basic.4y,unknown,yes,no,cellular,may,thu,625,1,999,0,nonexistent,-1.8,92.893,-46.2,1.327,5099.1,1,1,0.64
27,entrepreneur,married,high.school,no,no,no,cellular,jul,tue,831,1,999,0,nonexistent,1.4,93.918,-42.7,4.962,5228.1,1,1,0.64
50,blue-collar,married,basic.4y,no,no,no,cellular,jul,mon,244,3,999,0,nonexistent,1.4,93.918,-42.7,4.962,5228.1,0,1,0.64
25,admin.,single,high.school,no,yes,no,cellular,jul,thu,418,4,999,0,nonexistent,1.4,93.918,-42.7,4.963,5228.1,0,1,0.64
33,technician,married,professional.course,no,no,yes,cellular,aug,tue,587,1,999,0,nonexistent,1.4,93.444,-36.1,4.966,5228.1,1,1,0.64
50,services,divorced,basic.6y,no,no,yes,cellular,jul,wed,684,1,999,0,nonexistent,1.4,93.918,-42.7,4.963,5228.1,1,1,0.64
47,student,single,unknown,no,unknown,unknown,telephone,nov,mon,145,1,999,0,nonexistent,-0.1,93.2,-42.0,4.406,5195.8,1,1,0.64
31,blue-collar,single,high.school,no,yes,no,cellular,nov,wed,522,1,6,1,success,-0.1,93.2,-42.0,4.12,5195.8,1,0,0.64
42,admin.,married,high.school,no,unknown,unknown,cellular,may,thu,878,3,999,1,failure,-1.8,92.893,-46.2,1.327,5099.1,1,1,0.64
34,blue-collar,divorced,basic.6y,no,yes,no,cellular,jul,thu,1491,2,999,0,nonexistent,1.4,93.918,-42.7,4.962,5228.1,1,1,0.64
27,admin.,single,high.school,unknown,no,no,cellular,jul,mon,1105,2,999,0,nonexistent,1.4,93.918,-42.7,4.96,5228.1,1,1,0.64
40,housemaid,married,basic.6y,unknown,unknown,unknown,cellular,apr,fri,2926,2,999,0,nonexistent,-1.8,93.075,-47.1,1.405,5099.1,1,1,0.64
33,admin.,single,high.school,no,yes,no,cellular,apr,wed,961,2,999,1,failure,-1.8,93.075,-47.1,1.372,5099.1,1,1,0.64
56,retired,married,basic.4y,no,no,no,cellular,aug,tue,933,2,999,0,nonexistent,1.4,93.444,-36.1,4.963,5228.1,1,1,0.64
55,blue-collar,married,basic.9y,unknown,no,yes,cellular,may,tue,829,7,999,0,nonexistent,-1.8,92.893,-46.2,1.291,5099.1,1,1,0.64
44,blue-collar,married,basic.4y,unknown,no,no,cellular,aug,mon,363,5,999,0,nonexistent,1.4,93.444,-36.1,4.965,5228.1,1,1,0.64
27,blue-collar,married,basic.4y,unknown,no,no,cellular,may,mon,877,7,999,0,nonexistent,-1.8,92.893,-46.2,1.299,5099.1,1,1,0.64
35,blue-collar,married,professional.course,no,yes,yes,telephone,may,fri,710,1,999,0,nonexistent,1.1,93.994,-36.4,4.855,5191.0,1,1,0.64
35,management,married,university.degree,no,yes,no,cellular,nov,fri,579,9,999,0,nonexistent,-0.1,93.2,-42.0,4.021,5195.8,1,1,0.64
49,management,married,university.degree,no,yes,no,cellular,apr,thu,387,1,999,0,nonexistent,-1.8,93.075,-47.1,1.365,5099.1,1,1,0.64
26,admin.,single,high.school,no,yes,no,cellular,apr,mon,190,1,999,0,nonexistent,-1.8,93.075,-47.1,1.405,5099.1,1,1,0.64
35,admin.,married,high.school,unknown,no,no,cellular,jul,mon,1336,4,999,0,nonexistent,1.4,93.918,-42.7,4.962,5228.1,1,1,0.64
26,admin.,single,high.school,no,no,no,telephone,may,fri,619,2,999,0,nonexistent,1.1,93.994,-36.4,4.859,5191.0,1,1,0.64
29,technician,married,professional.course,no,yes,no,telephone,jun,fri,1617,1,999,0,nonexistent,1.4,94.465,-41.8,4.959,5228.1,1,1,0.64
45,admin.,married,unknown,no,yes,no,telephone,jun,mon,1068,1,999,0,nonexistent,1.4,94.465,-41.8,4.865,5228.1,1,1,0.64
85,retired,single,professional.course,no,no,no,cellular,mar,fri,116,7,7,2,success,-1.8,93.369,-34.8,0.653,5008.7,0,0,0.64
28,management,married,university.degree,no,yes,no,telephone,jun,wed,695,1,999,0,nonexistent,1.4,94.465,-41.8,4.962,5228.1,1,1,0.64
31,admin.,married,high.school,no,yes,no,cellular,may,tue,208,2,999,1,failure,-1.8,92.893,-46.2,1.266,5099.1,1,1,0.64
54,admin.,married,high.school,no,yes,no,cellular,may,thu,594,1,999,0,nonexistent,-1.8,92.893,-46.2,1.327,5099.1,1,1,0.64
33,blue-collar,married,basic.9y,unknown,no,no,cellular,may,wed,430,2,999,0,nonexistent,-1.8,92.893,-46.2,1.334,5099.1,1,1,0.64
36,admin.,single,university.degree,no,yes,no,telephone,may,tue,521,6,999,0,nonexistent,-1.8,92.893,-46.2,1.344,5099.1,1,1,0.64
38,services,single,high.school,unknown,no,yes,telephone,may,thu,1257,3,999,0,nonexistent,1.1,93.994,-36.4,4.86,5191.0,1,1,0.64
43,admin.,married,university.degree,unknown,yes,no,telephone,may,fri,2016,2,999,0,nonexistent,1.1,93.994,-36.4,4.855,5191.0,1,1,0.64
38,self-employed,married,professional.course,no,no,no,cellular,nov,tue,1788,2,999,0,nonexistent,-0.1,93.2,-42.0,4.153,5195.8,1,1,0.64
41,self-employed,married,professional.course,unknown,yes,no,cellular,nov,fri,1571,1,999,0,nonexistent,-0.1,93.2,-42.0,4.021,5195.8,1,1,0.64
57,management,married,university.degree,no,yes,no,cellular,nov,wed,589,2,999,0,nonexistent,-0.1,93.2,-42.0,4.12,5195.8,1,1,0.64
34,entrepreneur,married,university.degree,no,yes,no,cellular,apr,fri,104,3,999,0,nonexistent,-1.8,93.075,-47.1,1.405,5099.1,1,1,0.64
30,student,single,unknown,no,no,no,cellular,mar,thu,101,1,14,1,success,-1.8,93.369,-34.8,0.635,5008.7,1,0,0.64
31,blue-collar,single,high.school,no,no,no,telephone,jul,tue,802,11,999,0,nonexistent,1.4,93.918,-42.7,4.961,5228.1,1,1,0.64
58,technician,married,professional.course,no,no,no,cellular,aug,tue,704,2,999,0,nonexistent,-2.9,92.201,-31.4,0.883,5076.2,1,1,0.6395001048854518
58,technician,married,professional.course,no,no,no,cellular,aug,tue,48,2,999,0,nonexistent,-2.9,92.201,-31.4,0.883,5076.2,0,1,0.6395001048854518
29,admin.,single,high.school,no,yes,no,cellular,aug,thu,788,3,999,0,nonexistent,1.4,93.444,-36.1,4.963,5228.1,1,1,0.6393370388741788
45,admin.,divorced,university.degree,no,no,no,cellular,may,mon,507,1,999,0,nonexistent,-1.8,92.893,-46.2,1.244,5099.1,1,1,0.6375
40,blue-collar,married,basic.4y,no,no,no,cellular,apr,mon,1550,1,999,0,nonexistent,-1.8,93.075,-47.1,1.405,5099.1,1,1,0.6375
29,admin.,single,university.degree,no,no,yes,telephone,jul,mon,1130,8,999,0,nonexistent,1.4,93.918,-42.7,4.96,5228.1,1,1,0.6375
41,entrepreneur,married,university.degree,no,yes,no,telephone,may,fri,691,10,999,0,nonexistent,1.1,93.994,-36.4,4.864,5191.0,1,1,0.6375
27,student,single,basic.9y,no,yes,no,cellular,aug,wed,111,1,999,0,nonexistent,-1.7,94.027,-38.3,0.9,4991.6,0,1,0.6375
26,unknown,single,high.school,unknown,yes,yes,telephone,jun,wed,524,15,999,0,nonexistent,1.4,94.465,-41.8,4.864,5228.1,1,1,0.6375
29,self-employed,single,professional.course,no,yes,no,cellular,may,wed,774,2,999,1,failure,-1.8,92.893,-46.2,1.281,5099.1,1,1,0.6375
36,admin.,single,university.degree,no,yes,no,cellular,aug,tue,1344,7,999,0,nonexistent,1.4,93.444,-36.1,4.966,5228.1,1,1,0.6375
35,admin.,married,high.school,unknown,no,no,cellular,may,fri,585,1,999,0,nonexistent,-1.8,92.893,-46.2,1.25,5099.1,1,1,0.6375
40,self-employed,married,university.degree,unknown,yes,yes,cellular,nov,thu,1490,3,999,0,nonexistent,-0.1,93.2,-42.0,4.076,5195.8,1,1,0.6375
38,admin.,single,university.degree,no,no,yes,telephone,jun,wed,578,1,999,0,nonexistent,1.4,94.465,-41.8,4.864,5228.1,1,1,0.6375
60,retired,divorced,basic.4y,no,yes,no,cellular,jul,tue,600,1,999,0,nonexistent,1.4,93.918,-42.7,4.961,5228.1,1,1,0.6375
51,blue-collar,married,basic.9y,no,yes,no,cellular,jul,wed,561,9,999,0,nonexistent,1.4,93.918,-42.7,4.957,5228.1,1,1,0.6375
46,services,single,professional.course,unknown,no,yes,cellular,may,mon,390,5,999,0,nonexistent,-1.8,92.893,-46.2,1.244,5099.1,1,1,0.6375
29,admin.,single,high.school,no,yes,no,cellular,may,wed,443,7,999,1,failure,-1.8,92.893,-46.2,1.281,5099.1,1,1,0.6375
36,self-employed,married,university.degree,no,yes,no,cellular,may,mon,414,2,999,1,failure,-1.8,92.893,-46.2,1.264,5099.1,1,1,0.6375
46,housemaid,married,basic.4y,no,no,no,telephone,may,wed,506,2,999,0,nonexistent,1.1,93.994,-36.4,4.858,5191.0,1,1,0.6375
42,admin.,single,university.degree,no,yes,yes,telephone,may,wed,938,1,999,0,nonexistent,1.1,93.994,-36.4,4.858,5191.0,1,1,0.6375
36,technician,married,basic.4y,no,no,no,cellular,jul,mon,854,1,999,0,nonexistent,1.4,93.918,-42.7,4.96,5228.1,1,1,0.6375
55,technician,married,university.degree,no,yes,yes,cellular,may,thu,895,2,999,1,failure,-1.8,92.893,-46.2,1.327,5099.1,1,1,0.6375
55,technician,married,professional.course,no,yes,no,telephone,jun,mon,555,5,999,0,nonexistent,1.4,94.465,-41.8,4.865,5228.1,1,1,0.6375
32,technician,married,professional.course,no,yes,no,cellular,may,tue,579,1,999,0,nonexistent,-1.8,92.893,-46.2,1.266,5099.1,1,1,0.6375
41,entrepreneur,single,high.school,no,yes,no,cellular,jul,thu,1204,1,999,0,nonexistent,1.4,93.918,-42.7,4.962,5228.1,1,1,0.6375
33,services,married,high.school,unknown,no,no,telephone,may,fri,483,3,999,0,nonexistent,1.1,93.994,-36.4,4.855,5191.0,1,1,0.6375
52,blue-collar,divorced,basic.4y,no,no,no,telephone,jun,thu,910,2,999,0,nonexistent,1.4,94.465,-41.8,4.866,5228.1,1,1,0.6375
54,technician,married,professional.course,unknown,yes,no,cellular,aug,tue,687,2,999,0,nonexistent,1.4,93.444,-36.1,4.963,5228.1,1,1,0.6375
36,blue-collar,married,basic.9y,no,no,yes,telephone,jun,wed,920,1,999,0,nonexistent,1.4,94.465,-41.8,4.864,5228.1,1,1,0.6375
60,retired,married,basic.4y,unknown,yes,no,cellular,oct,fri,59,1,999,0,nonexistent,-3.4,92.431,-26.9,0.72,5017.5,0,1,0.6375
43,admin.,divorced,high.school,no,yes,no,cellular,apr,thu,448,2,999,1,failure,-1.8,93.075,-47.1,1.435,5099.1,1,1,0.6375
30,services,married,professional.course,no,yes,no,cellular,nov,wed,622,2,999,0,nonexistent,-0.1,93.2,-42.0,4.12,5195.8,1,1,0.6375
38,technician,single,professional.course,no,yes,no,cellular,may,thu,855,2,999,1,failure,-1.8,92.893,-46.2,1.327,5099.1,1,1,0.6375
43,blue-collar,married,basic.9y,unknown,yes,no,telephone,jun,mon,1395,2,999,0,nonexistent,1.4,94.465,-41.8,4.96,5228.1,1,1,0.6375
50,admin.,divorced,high.school,no,no,no,cellular,aug,tue,664,9,999,0,nonexistent,1.4,93.444,-36.1,4.965,5228.1,1,1,0.6375
78,retired,married,professional.course,no,yes,no,cellular,nov,wed,103,1,999,0,nonexistent,-3.4,92.649,-30.1,0.716,5017.5,0,1,0.6371139674132074
42,admin.,married,university.degree,no,yes,no,cellular,aug,tue,1311,2,999,0,nonexistent,1.4,93.444,-36.1,4.968,5228.1,1,1,0.6370296497433637
42,admin.,married,university.degree,no,yes,no,cellular,aug,tue,130,2,999,0,nonexistent,1.4,93.444,-36.1,4.968,5228.1,0,1,0.6370296497433637
37,admin.,married,university.degree,no,yes,no,cellular,may,fri,685,1,999,0,nonexistent,-1.8,92.893,-46.2,1.259,5099.1,1,1,0.6368122676579926
39,services,married,high.school,no,no,no,cellular,jul,wed,356,4,999,0,nonexistent,1.4,93.918,-42.7,4.963,5228.1,1,1,0.6367055610549844
36,services,divorced,high.school,no,no,no,cellular,jul,wed,532,2,999,0,nonexistent,1.4,93.918,-42.7,4.963,5228.1,1,1,0.636705045552407
32,blue-collar,married,high.school,no,yes,no,cellular,may,wed,394,3,999,0,nonexistent,-1.8,92.893,-46.2,1.281,5099.1,1,1,0.6364259620068193
57,management,divorced,professional.course,no,yes,no,cellular,nov,fri,56,1,999,0,nonexistent,-0.1,93.2,-42.0,4.021,5195.8,0,1,0.6356248883923865
57,management,divorced,professional.course,no,yes,no,cellular,nov,fri,849,1,999,0,nonexistent,-0.1,93.2,-42.0,4.021,5195.8,1,1,0.6356248883923865
50,management,divorced,university.degree,no,no,no,cellular,jul,mon,983,2,999,0,nonexistent,1.4,93.918,-42.7,4.962,5228.1,1,1,0.6354287118499685
56,admin.,married,basic.9y,no,yes,no,cellular,aug,wed,73,1,4,1,success,-2.9,92.201,-31.4,0.879,5076.2,1,0,0.635
26,admin.,single,university.degree,no,no,yes,cellular,jun,fri,91,2,6,1,success,-1.7,94.055,-39.8,0.732,4991.6,0,0,0.635
42,blue-collar,married,basic.9y,no,yes,yes,telephone,may,mon,673,2,999,0,nonexistent,1.1,93.994,-36.4,4.857,5191.0,1,1,0.635
32,blue-collar,married,basic.9y,no,no,no,telephone,may,wed,923,3,999,0,nonexistent,1.1,93.994,-36.4,4.858,5191.0,1,1,0.635
36,housemaid,single,university.degree,no,unknown,unknown,cellular,aug,fri,119,2,3,1,success,-2.9,92.201,-31.4,0.825,5076.2,0,0,0.635
26,technician,married,basic.9y,unknown,yes,no,telephone,jul,wed,367,6,999,0,nonexistent,1.4,93.918,-42.7,4.957,5228.1,1,1,0.635
48,management,married,university.degree,no,yes,yes,telephone,jun,tue,1025,7,999,0,nonexistent,1.4,94.465,-41.8,4.864,5228.1,1,1,0.635
46,admin.,married,high.school,no,no,yes,cellular,aug,wed,871,2,999,0,nonexistent,1.4,93.444,-36.1,4.965,5228.1,1,1,0.635
37,technician,married,professional.course,no,yes,no,telephone,jun,thu,683,2,999,0,nonexistent,1.4,94.465,-41.8,4.961,5228.1,1,1,0.635
35,self-employed,married,university.degree,no,yes,no,cellular,aug,thu,884,2,999,0,nonexistent,1.4,93.444,-36.1,4.964,5228.1,1,1,0.635
36,admin.,unknown,university.degree,no,yes,no,cellular,aug,wed,529,1,999,0,nonexistent,1.4,93.444,-36.1,4.965,5228.1,1,1,0.635
40,blue-collar,married,basic.9y,no,yes,no,cellular,may,wed,954,1,999,0,nonexistent,-1.8,92.893,-46.2,1.334,5099.1,1,1,0.635
24,admin.,single,high.school,no,yes,no,cellular,jul,thu,725,3,999,0,nonexistent,1.4,93.918,-42.7,4.968,5228.1,1,1,0.635
55,admin.,divorced,university.degree,unknown,yes,no,cellular,jul,mon,849,1,999,0,nonexistent,1.4,93.918,-42.7,4.96,5228.1,1,1,0.635
41,admin.,married,university.degree,no,no,no,cellular,apr,fri,476,1,999,0,nonexistent,-1.8,93.075,-47.1,1.405,5099.1,1,1,0.635
55,unknown,married,basic.4y,no,yes,no,cellular,jul,thu,1298,1,999,0,nonexistent,1.4,93.918,-42.7,4.962,5228.1,1,1,0.635
40,blue-collar,married,professional.course,unknown,no,no,telephone,jun,fri,554,2,999,0,nonexistent,1.4,94.465,-41.8,4.967,5228.1,1,1,0.635
33,services,single,university.degree,unknown,no,no,telephone,jun,mon,747,2,999,0,nonexistent,1.4,94.465,-41.8,4.865,5228.1,1,1,0.635
30,admin.,married,university.degree,no,no,no,telephone,may,fri,864,1,999,0,nonexistent,1.1,93.994,-36.4,4.864,5191.0,1,1,0.635
58,management,married,university.degree,no,yes,no,cellular,may,tue,640,1,999,0,nonexistent,-1.8,92.893,-46.2,1.266,5099.1,1,1,0.635
38,admin.,single,university.degree,unknown,no,no,telephone,jun,tue,556,1,999,0,nonexistent,1.4,94.465,-41.8,4.961,5228.1,1,1,0.635
51,self-employed,divorced,university.degree,no,yes,no,cellular,nov,wed,670,1,999,0,nonexistent,-0.1,93.2,-42.0,4.12,5195.8,1,1,0.635
51,blue-collar,married,basic.4y,unknown,no,yes,telephone,jun,tue,781,1,999,0,nonexistent,1.4,94.465,-41.8,4.961,5228.1,1,1,0.635
41,management,married,unknown,unknown,no,yes,telephone,jun,thu,636,1,999,0,nonexistent,1.4,94.465,-41.8,4.866,5228.1,1,1,0.635
27,admin.,single,university.degree,no,yes,no,cellular,may,thu,1543,4,999,0,nonexistent,-1.8,92.893,-46.2,1.266,5099.1,1,1,0.635
25,blue-collar,single,high.school,no,no,no,cellular,may,fri,1068,3,999,0,nonexistent,-1.8,92.893,-46.2,1.25,5099.1,1,1,0.635
39,services,married,high.school,no,yes,no,telephone,may,fri,430,6,999,0,nonexistent,1.1,93.994,-36.4,4.857,5191.0,1,1,0.635
37,admin.,married,university.degree,unknown,no,no,cellular,aug,thu,535,1,999,0,nonexistent,1.4,93.444,-36.1,4.962,5228.1,1,1,0.635
30,technician,married,university.degree,no,yes,no,telephone,may,tue,683,2,999,0,nonexistent,1.1,93.994,-36.4,4.856,5191.0,1,1,0.635
39,admin.,married,university.degree,no,no,no,telephone,jul,mon,733,3,999,0,nonexistent,1.4,93.918,-42.7,4.96,5228.1,1,1,0.635
50,retired,divorced,high.school,no,yes,no,cellular,nov,thu,691,1,999,0,nonexistent,-0.1,93.2,-42.0,4.076,5195.8,1,1,0.635
50,blue-collar,divorced,high.school,no,yes,yes,cellular,jul,mon,629,2,999,0,nonexistent,1.4,93.918,-42.7,4.96,5228.1,1,1,0.635
55,admin.,married,high.school,no,yes,no,cellular,jul,mon,700,1,999,0,nonexistent,1.4,93.918,-42.7,4.962,5228.1,1,1,0.635
83,retired,married,high.school,no,no,no,cellular,dec,thu,155,1,4,3,success,-3.0,92.713,-33.0,0.72,5023.5,1,0,0.635
44,admin.,single,professional.course,no,yes,no,cellular,nov,thu,931,4,999,0,nonexistent,-0.1,93.2,-42.0,4.076,5195.8,1,1,0.635
47,admin.,divorced,university.degree,no,yes,no,telephone,jun,fri,2653,3,999,0,nonexistent,1.4,94.465,-41.8,4.967,5228.1,1,1,0.635
31,admin.,single,university.degree,no,yes,yes,cellular,apr,mon,885,5,999,1,failure,-1.8,93.075,-47.1,1.405,5099.1,1,1,0.635
48,blue-collar,married,unknown,no,no,no,cellular,aug,mon,528,3,999,0,nonexistent,1.4,93.444,-36.1,4.963,5228.1,1,1,0.635
25,admin.,single,university.degree,no,yes,no,cellular,aug,mon,163,1,6,1,success,-2.9,92.201,-31.4,0.861,5076.2,1,0,0.635
31,services,married,basic.9y,no,no,no,cellular,jul,wed,679,1,999,0,nonexistent,1.4,93.918,-42.7,4.962,5228.1,1,1,0.635
31,technician,married,university.degree,no,no,no,cellular,may,mon,733,2,999,0,nonexistent,-1.8,92.893,-46.2,1.299,5099.1,1,1,0.635
54,retired,married,basic.4y,unknown,no,no,telephone,may,wed,1730,1,999,0,nonexistent,1.1,93.994,-36.4,4.857,5191.0,1,1,0.635
26,student,single,basic.4y,no,no,yes,cellular,may,mon,802,2,999,0,nonexistent,-1.8,92.893,-46.2,1.299,5099.1,1,1,0.635
35,housemaid,married,basic.4y,no,no,no,telephone,may,thu,646,3,999,0,nonexistent,1.1,93.994,-36.4,4.86,5191.0,1,1,0.635
45,admin.,married,university.degree,no,yes,yes,cellular,may,tue,826,1,999,0,nonexistent,-1.8,92.893,-46.2,1.291,5099.1,1,1,0.635
32,technician,married,university.degree,unknown,no,no,cellular,aug,mon,418,5,999,0,nonexistent,1.4,93.444,-36.1,4.965,5228.1,1,1,0.635
38,management,married,unknown,unknown,no,no,telephone,jun,wed,1066,9,999,0,nonexistent,1.4,94.465,-41.8,4.962,5228.1,1,1,0.635
50,blue-collar,married,basic.6y,unknown,no,no,telephone,jun,wed,586,1,999,0,nonexistent,1.4,94.465,-41.8,4.959,5228.1,1,1,0.635
49,blue-collar,single,basic.6y,unknown,yes,no,cellular,jul,thu,626,3,999,0,nonexistent,1.4,93.918,-42.7,4.958,5228.1,1,1,0.635
32,unemployed,single,university.degree,no,yes,no,telephone,apr,wed,165,2,999,1,failure,-1.8,93.075,-47.1,1.415,5099.1,1,1,0.6347283009831718
51,admin.,married,basic.9y,unknown,yes,no,cellular,jul,wed,228,2,999,0,nonexistent,1.4,93.918,-42.7,4.963,5228.1,1,1,0.6347198786039453
47,housemaid,single,professional.course,no,yes,no,cellular,apr,tue,242,2,999,0,nonexistent,-1.8,93.075,-47.1,1.405,5099.1,1,1,0.6347181335356601
30,technician,single,professional.course,no,yes,no,cellular,aug,thu,452,5,999,0,nonexistent,1.4,93.444,-36.1,4.968,5228.1,1,1,0.6347179059180577
55,admin.,married,basic.4y,unknown,no,no,telephone,jun,fri,1469,9,999,0,nonexistent,1.4,94.465,-41.8,4.967,5228.1,1,1,0.6347176783004552
34,entrepreneur,married,university.degree,unknown,yes,no,cellular,nov,mon,2462,2,999,0,nonexistent,-0.1,93.2,-42.0,4.191,5195.8,1,1,0.6345030886131308
41,admin.,married,basic.6y,no,no,no,cellular,apr,fri,1203,2,999,1,failure,-1.8,93.075,-47.1,1.479,5099.1,1,1,0.6333343421884468
53,unknown,married,professional.course,no,no,no,cellular,jun,thu,217,2,3,1,success,-2.9,92.963,-40.8,1.26,5076.2,0,0,0.6332959791504572
26,self-employed,single,university.degree,no,no,no,cellular,may,wed,161,1,3,1,success,-1.8,92.893,-46.2,1.27,5099.1,0,0,0.6332250120926567
26,self-employed,single,university.degree,no,no,no,cellular,may,wed,119,1,3,1,success,-1.8,92.893,-46.2,1.27,5099.1,1,0,0.6332250120926567
54,blue-collar,married,basic.9y,no,yes,no,cellular,aug,mon,956,1,999,0,nonexistent,1.4,93.444,-36.1,4.963,5228.1,1,1,0.6332188584426043
54,management,married,university.degree,no,yes,no,cellular,apr,tue,336,1,999,0,nonexistent,-1.8,93.075,-47.1,1.405,5099.1,0,1,0.6326606729809093
54,management,married,university.degree,no,yes,no,cellular,apr,tue,211,1,999,0,nonexistent,-1.8,93.075,-47.1,1.405,5099.1,1,1,0.6326606729809093
50,blue-collar,married,basic.4y,no,no,yes,cellular,jul,tue,849,1,999,0,nonexistent,1.4,93.918,-42.7,4.961,5228.1,1,1,0.6325
31,blue-collar,married,basic.9y,no,no,no,telephone,may,tue,301,1,999,0,nonexistent,1.1,93.994,-36.4,4.857,5191.0,0,1,0.6325
52,entrepreneur,divorced,high.school,unknown,yes,no,cellular,jul,tue,710,1,999,0,nonexistent,1.4,93.918,-42.7,4.961,5228.1,1,1,0.6325
31,blue-collar,married,basic.9y,no,no,no,telephone,may,tue,935,1,999,0,nonexistent,1.1,93.994,-36.4,4.857,5191.0,1,1,0.6325
31,blue-collar,single,basic.9y,no,no,no,cellular,may,thu,191,1,999,1,failure,-1.8,92.893,-46.2,1.266,5099.1,1,1,0.6325
49,unemployed,married,high.school,no,yes,no,cellular,sep,wed,177,1,999,0,nonexistent,-3.4,92.379,-29.8,0.768,5017.5,0,1,0.6325
32,services,married,basic.9y,no,no,no,telephone,may,thu,746,1,999,0,nonexistent,1.1,93.994,-36.4,4.86,5191.0,1,1,0.6325
36,blue-collar,married,basic.9y,unknown,no,no,cellular,may,wed,951,3,999,1,failure,-1.8,92.893,-46.2,1.281,5099.1,1,1,0.6325
50,admin.,married,professional.course,no,yes,yes,cellular,jul,tue,635,1,999,0,nonexistent,1.4,93.918,-42.7,4.962,5228.1,1,1,0.6325
38,blue-collar,married,basic.9y,no,yes,no,cellular,may,wed,1975,5,999,0,nonexistent,-1.8,92.893,-46.2,1.281,5099.1,1,1,0.6325
36,technician,married,professional.course,no,yes,no,cellular,apr,fri,1095,1,999,1,failure,-1.8,93.075,-47.1,1.405,5099.1,1,1,0.6325
31,blue-collar,single,basic.9y,no,no,no,cellular,may,thu,59,1,999,1,failure,-1.8,92.893,-46.2,1.266,5099.1,0,1,0.6325
33,admin.,single,university.degree,no,yes,yes,cellular,may,fri,1024,3,999,1,failure,-1.8,92.893,-46.2,1.313,5099.1,1,1,0.6325
31,technician,single,university.degree,unknown,yes,no,cellular,aug,fri,1123,2,999,0,nonexistent,1.4,93.444,-36.1,4.964,5228.1,1,1,0.6325
57,technician,married,professional.course,no,yes,no,telephone,may,mon,483,2,999,0,nonexistent,1.1,93.994,-36.4,4.858,5191.0,1,1,0.6325
39,services,married,high.school,no,yes,no,telephone,jun,fri,554,1,999,0,nonexistent,1.4,94.465,-41.8,4.967,5228.1,1,1,0.6325
38,technician,divorced,professional.course,no,yes,no,telephone,may,thu,1093,1,999,0,nonexistent,1.1,93.994,-36.4,4.86,5191.0,1,1,0.6325
41,services,married,high.school,no,unknown,unknown,telephone,jun,wed,707,1,999,0,nonexistent,1.4,94.465,-41.8,4.962,5228.1,1,1,0.6325
40,unemployed,single,basic.4y,no,no,no,cellular,jun,tue,355,1,999,0,nonexistent,-2.9,92.963,-40.8,1.252,5076.2,1,1,0.6325
31,services,single,high.school,no,no,no,telephone,jun,fri,422,6,999,0,nonexistent,1.4,94.465,-41.8,4.947,5228.1,1,1,0.6325
33,admin.,married,university.degree,no,yes,no,cellular,may,tue,165,1,999,1,failure,-1.8,92.893,-46.2,1.266,5099.1,1,1,0.6325
38,technician,married,professional.course,no,yes,no,telephone,jun,mon,952,2,999,0,nonexistent,1.4,94.465,-41.8,4.961,5228.1,1,1,0.6325
31,admin.,divorced,high.school,no,no,no,telephone,may,thu,1207,1,999,0,nonexistent,1.1,93.994,-36.4,4.86,5191.0,1,1,0.6325
43,admin.,divorced,university.degree,no,no,no,cellular,nov,wed,1502,1,999,0,nonexistent,-0.1,93.2,-42.0,4.12,5195.8,1,1,0.6325
44,blue-collar,married,basic.9y,unknown,yes,no,cellular,apr,fri,574,1,999,1,failure,-1.8,93.075,-47.1,1.405,5099.1,1,1,0.6325
38,admin.,married,university.degree,no,no,no,telephone,jun,fri,460,4,999,0,nonexistent,1.4,94.465,-41.8,4.967,5228.1,1,1,0.6325
56,admin.,married,university.degree,no,no,no,cellular,aug,wed,552,3,999,0,nonexistent,1.4,93.444,-36.1,4.964,5228.1,1,1,0.6325
49,admin.,married,high.school,no,yes,no,cellular,may,tue,668,1,999,1,failure,-1.8,92.893,-46.2,1.344,5099.1,1,1,0.6325
41,self-employed,married,basic.9y,no,yes,no,cellular,may,thu,1135,3,999,1,failure,-1.8,92.893,-46.2,1.327,5099.1,1,1,0.6325
30,blue-collar,single,basic.6y,no,yes,no,cellular,may,thu,542,1,999,0,nonexistent,-1.8,92.893,-46.2,1.327,5099.1,1,1,0.6325
30,self-employed,single,university.degree,no,no,no,telephone,jun,wed,587,1,999,0,nonexistent,1.4,94.465,-41.8,4.959,5228.1,1,1,0.6325
59,technician,married,basic.4y,unknown,yes,yes,cellular,jul,thu,709,1,999,0,nonexistent,1.4,93.918,-42.7,4.962,5228.1,1,1,0.6325
46,blue-collar,married,basic.9y,no,no,no,cellular,may,thu,792,3,999,0,nonexistent,-1.8,92.893,-46.2,1.327,5099.1,1,1,0.6325
51,blue-collar,married,basic.6y,no,unknown,unknown,cellular,may,tue,811,2,999,0,nonexistent,-1.8,92.893,-46.2,1.344,5099.1,1,1,0.6325
45,blue-collar,married,basic.9y,no,yes,no,cellular,may,tue,672,2,999,0,nonexistent,-1.8,92.893,-46.2,1.344,5099.1,1,1,0.6325
40,management,married,high.school,no,no,no,cellular,aug,wed,838,2,999,0,nonexistent,1.4,93.444,-36.1,4.965,5228.1,1,1,0.6325
31,admin.,single,high.school,no,no,no,cellular,nov,wed,511,1,999,0,nonexistent,-0.1,93.2,-42.0,4.12,5195.8,1,1,0.6325
58,retired,divorced,high.school,no,yes,no,cellular,jun,tue,663,1,999,0,nonexistent,-2.9,92.963,-40.8,1.262,5076.2,1,1,0.6325
56,admin.,married,basic.9y,no,yes,no,cellular,apr,thu,299,2,999,0,nonexistent,-1.8,93.075,-47.1,1.41,5099.1,1,1,0.6325
32,blue-collar,married,basic.9y,no,yes,yes,cellular,apr,fri,482,2,999,0,nonexistent,-1.8,93.075,-47.1,1.479,5099.1,1,1,0.6322177541729893
21,admin.,single,high.school,no,yes,no,cellular,apr,wed,122,1,999,0,nonexistent,-1.8,93.075,-47.1,1.415,5099.1,0,1,0.6322113050075873
35,admin.,single,university.degree,no,no,no,cellular,jul,fri,91,1,999,0,nonexistent,1.4,93.918,-42.7,4.957,5228.1,0,1,0.6319453717754172
35,admin.,single,university.degree,no,no,no,cellular,jul,fri,536,1,999,0,nonexistent,1.4,93.918,-42.7,4.957,5228.1,1,1,0.6319453717754172
35,admin.,single,university.degree,no,no,no,cellular,jul,fri,14,1,999,0,nonexistent,1.4,93.918,-42.7,4.957,5228.1,0,1,0.6319453717754172
45,services,married,basic.6y,no,yes,no,cellular,aug,mon,671,2,999,0,nonexistent,1.4,93.444,-36.1,4.963,5228.1,1,1,0.631693604049235
33,self-employed,married,basic.9y,unknown,no,no,cellular,aug,fri,1000,1,999,0,nonexistent,1.4,93.444,-36.1,4.966,5228.1,1,1,0.6313072919715553
33,self-employed,married,basic.9y,unknown,no,no,cellular,aug,fri,116,1,999,0,nonexistent,1.4,93.444,-36.1,4.966,5228.1,0,1,0.6313072919715553
30,blue-collar,divorced,high.school,unknown,no,no,cellular,may,wed,848,1,999,1,failure,-1.8,92.893,-46.2,1.334,5099.1,1,1,0.63
41,technician,married,professional.course,unknown,yes,no,telephone,jun,wed,649,3,999,0,nonexistent,1.4,94.465,-41.8,4.959,5228.1,1,1,0.63
37,management,married,high.school,no,yes,no,cellular,aug,thu,633,1,999,0,nonexistent,-1.7,94.027,-38.3,0.904,4991.6,1,1,0.63
37,admin.,single,high.school,no,yes,no,telephone,may,fri,912,1,999,0,nonexistent,1.1,93.994,-36.4,4.859,5191.0,1,1,0.63
39,admin.,married,university.degree,no,yes,no,cellular,aug,wed,581,4,999,0,nonexistent,1.4,93.444,-36.1,4.964,5228.1,1,1,0.63
35,admin.,married,basic.9y,no,no,yes,telephone,jun,fri,556,4,999,0,nonexistent,1.4,94.465,-41.8,4.959,5228.1,1,1,0.63
27,unemployed,single,university.degree,no,yes,yes,cellular,jul,thu,538,2,999,0,nonexistent,1.4,93.918,-42.7,4.958,5228.1,1,1,0.63
47,blue-collar,married,high.school,no,yes,no,cellular,may,fri,934,2,999,1,failure,-1.8,92.893,-46.2,1.25,5099.1,1,1,0.63
50,technician,married,high.school,no,yes,no,telephone,may,fri,893,3,999,0,nonexistent,1.1,93.994,-36.4,4.857,5191.0,1,1,0.63
32,admin.,single,high.school,no,yes,no,telephone,may,fri,891,4,999,0,nonexistent,1.1,93.994,-36.4,4.864,5191.0,1,1,0.63
33,unemployed,divorced,basic.9y,no,no,no,telephone,may,wed,1321,2,999,0,nonexistent,1.1,93.994,-36.4,4.859,5191.0,1,1,0.63
32,services,married,high.school,no,yes,no,cellular,may,thu,1129,1,999,0,nonexistent,-1.8,92.893,-46.2,1.327,5099.1,1,1,0.63
25,technician,single,university.degree,no,no,no,cellular,jul,tue,460,3,999,0,nonexistent,1.4,93.918,-42.7,4.962,5228.1,1,1,0.63
51,blue-collar,married,basic.9y,no,no,yes,telephone,may,fri,653,1,999,0,nonexistent,1.1,93.994,-36.4,4.855,5191.0,1,1,0.63
42,services,divorced,basic.6y,no,yes,no,telephone,may,thu,1074,1,999,0,nonexistent,1.1,93.994,-36.4,4.86,5191.0,1,1,0.63
45,self-employed,married,basic.4y,no,yes,yes,cellular,aug,thu,797,1,999,0,nonexistent,1.4,93.444,-36.1,4.968,5228.1,1,1,0.63
46,services,married,high.school,unknown,no,no,cellular,may,wed,765,1,999,1,failure,-1.8,92.893,-46.2,1.334,5099.1,1,1,0.63
50,technician,married,professional.course,no,yes,no,telephone,may,fri,855,2,999,0,nonexistent,1.1,93.994,-36.4,4.864,5191.0,1,1,0.63
35,admin.,married,university.degree,no,no,yes,cellular,aug,tue,349,1,999,3,failure,-2.9,92.201,-31.4,0.883,5076.2,1,1,0.63
46,technician,divorced,university.degree,unknown,yes,no,telephone,jul,fri,1946,4,999,0,nonexistent,1.4,93.918,-42.7,4.962,5228.1,1,1,0.63
49,technician,married,professional.course,no,no,no,telephone,may,fri,736,2,999,0,nonexistent,1.1,93.994,-36.4,4.857,5191.0,1,1,0.63
56,entrepreneur,married,university.degree,no,no,yes,telephone,may,wed,1697,2,999,0,nonexistent,1.1,93.994,-36.4,4.858,5191.0,1,1,0.63
31,admin.,single,university.degree,no,yes,no,cellular,apr,thu,370,3,999,0,nonexistent,-1.8,93.075,-47.1,1.365,5099.1,1,1,0.63
48,management,married,high.school,no,no,no,cellular,jul,tue,116,1,999,0,nonexistent,1.4,93.918,-42.7,4.962,5228.1,0,1,0.6298449687358989
48,management,married,high.school,no,no,no,cellular,jul,tue,705,1,999,0,nonexistent,1.4,93.918,-42.7,4.962,5228.1,1,1,0.6298449687358989
48,management,married,high.school,no,no,no,cellular,jul,tue,154,1,999,0,nonexistent,1.4,93.918,-42.7,4.962,5228.1,0,1,0.6298449687358989
46,management,married,basic.6y,no,no,no,cellular,may,mon,966,1,999,0,nonexistent,-1.8,92.893,-46.2,1.299,5099.1,1,1,0.6297231411229135
43,admin.,married,high.school,no,no,no,cellular,may,fri,880,4,999,0,nonexistent,-1.8,92.893,-46.2,1.25,5099.1,1,1,0.6297194992412747
33,technician,married,professional.course,no,no,no,cellular,aug,fri,922,7,999,0,nonexistent,1.4,93.444,-36.1,4.966,5228.1,1,1,0.6297155538694992
34,blue-collar,single,unknown,no,no,yes,cellular,jul,fri,1000,1,999,0,nonexistent,1.4,93.918,-42.7,4.962,5228.1,1,1,0.6294943666966746
36,admin.,single,university.degree,no,no,no,cellular,nov,wed,337,1,999,0,nonexistent,-0.1,93.2,-42.0,4.12,5195.8,1,1,0.6280283912907951
36,admin.,single,university.degree,no,no,no,cellular,nov,wed,154,1,999,0,nonexistent,-0.1,93.2,-42.0,4.12,5195.8,0,1,0.6280283912907951
36,admin.,single,university.degree,no,no,no,cellular,nov,wed,149,1,999,0,nonexistent,-0.1,93.2,-42.0,4.12,5195.8,0,1,0.6280283912907951
31,services,married,high.school,no,yes,no,cellular,may,wed,611,1,999,1,failure,-1.8,92.893,-46.2,1.334,5099.1,1,1,0.6275313828546679
31,services,married,high.school,no,yes,no,cellular,may,wed,322,1,999,1,failure,-1.8,92.893,-46.2,1.334,5099.1,0,1,0.6275313828546679
31,technician,single,university.degree,no,yes,no,cellular,may,fri,1313,7,999,1,failure,-1.8,92.893,-46.2,1.25,5099.1,1,1,0.6275
31,management,single,university.degree,no,yes,no,cellular,nov,wed,424,2,999,0,nonexistent,-0.1,93.2,-42.0,4.12,5195.8,1,1,0.6275
35,blue-collar,married,basic.6y,no,no,no,telephone,may,wed,622,3,999,0,nonexistent,-1.8,92.893,-46.2,1.281,5099.1,1,1,0.6275
32,admin.,married,university.degree,no,no,no,telephone,jun,wed,525,2,999,0,nonexistent,1.4,94.465,-41.8,4.864,5228.1,1,1,0.6275
34,admin.,married,high.school,no,no,no,telephone,jun,wed,638,1,999,0,nonexistent,1.4,94.465,-41.8,4.864,5228.1,1,1,0.6275
38,management,married,university.degree,no,yes,no,cellular,may,fri,1276,1,999,0,nonexistent,-1.8,92.893,-46.2,1.313,5099.1,1,1,0.6275
34,housemaid,divorced,high.school,no,no,no,telephone,may,fri,553,3,999,0,nonexistent,1.1,93.994,-36.4,4.864,5191.0,1,1,0.6275
28,admin.,single,university.degree,no,no,no,cellular,oct,fri,317,2,999,0,nonexistent,-3.4,92.431,-26.9,0.739,5017.5,0,1,0.6275
26,admin.,single,high.school,no,no,no,cellular,jul,fri,1310,2,999,0,nonexistent,1.4,93.918,-42.7,4.963,5228.1,1,1,0.6275
33,blue-collar,married,professional.course,no,yes,no,telephone,jun,fri,862,11,999,0,nonexistent,1.4,94.465,-41.8,4.967,5228.1,1,1,0.6275
37,blue-collar,married,basic.4y,unknown,yes,no,telephone,may,wed,1125,2,999,0,nonexistent,1.1,93.994,-36.4,4.859,5191.0,1,1,0.6275
25,blue-collar,single,basic.4y,no,yes,no,telephone,may,wed,1681,1,999,0,nonexistent,1.1,93.994,-36.4,4.858,5191.0,1,1,0.6275
27,admin.,single,high.school,no,yes,no,telephone,may,wed,1328,1,999,0,nonexistent,1.1,93.994,-36.4,4.859,5191.0,1,1,0.6275
35,admin.,single,high.school,no,no,no,cellular,may,thu,923,1,999,0,nonexistent,-1.8,92.893,-46.2,1.327,5099.1,1,1,0.6275
43,admin.,divorced,university.degree,no,yes,no,cellular,apr,fri,882,3,999,0,nonexistent,-1.8,93.075,-47.1,1.405,5099.1,1,1,0.6275
33,blue-collar,single,basic.9y,unknown,no,yes,telephone,may,mon,788,11,999,0,nonexistent,1.1,93.994,-36.4,4.857,5191.0,1,1,0.6275
39,services,married,high.school,unknown,yes,no,telephone,may,tue,918,1,999,0,nonexistent,1.1,93.994,-36.4,4.857,5191.0,1,1,0.6275
45,blue-collar,married,basic.6y,unknown,no,no,telephone,may,tue,858,6,999,0,nonexistent,1.1,93.994,-36.4,4.857,5191.0,1,1,0.6275
32,services,married,basic.4y,unknown,no,no,cellular,jul,mon,891,4,999,0,nonexistent,1.4,93.918,-42.7,4.96,5228.1,1,1,0.6275
40,technician,married,professional.course,no,yes,no,cellular,aug,wed,609,8,999,0,nonexistent,1.4,93.444,-36.1,4.964,5228.1,1,1,0.6275
35,technician,married,professional.course,no,yes,no,cellular,may,thu,590,5,999,0,nonexistent,-1.8,92.893,-46.2,1.266,5099.1,1,1,0.6275
41,blue-collar,married,basic.9y,unknown,yes,no,telephone,jun,thu,83,1,999,0,nonexistent,1.4,94.465,-41.8,4.961,5228.1,0,1,0.6275
41,blue-collar,married,basic.9y,unknown,yes,no,telephone,jun,thu,512,1,999,0,nonexistent,1.4,94.465,-41.8,4.961,5228.1,1,1,0.6275
30,management,single,university.degree,no,yes,yes,cellular,may,mon,447,1,999,0,nonexistent,-1.8,92.893,-46.2,1.354,5099.1,1,1,0.6275
31,technician,married,university.degree,no,no,no,telephone,jun,thu,983,2,999,0,nonexistent,1.4,94.465,-41.8,4.866,5228.1,1,1,0.6275
37,entrepreneur,married,basic.9y,unknown,yes,no,cellular,jul,fri,658,2,999,0,nonexistent,1.4,93.918,-42.7,4.957,5228.1,1,1,0.6275
47,technician,married,professional.course,no,yes,no,cellular,nov,thu,329,4,999,0,nonexistent,-0.1,93.2,-42.0,4.076,5195.8,1,1,0.6275
52,management,married,professional.course,no,yes,no,telephone,may,tue,709,1,999,0,nonexistent,1.1,93.994,-36.4,4.857,5191.0,1,1,0.6275
44,admin.,married,basic.9y,unknown,yes,yes,cellular,aug,thu,452,6,999,0,nonexistent,1.4,93.444,-36.1,4.962,5228.1,1,1,0.6275
39,technician,married,professional.course,no,yes,yes,cellular,aug,wed,657,6,999,0,nonexistent,1.4,93.444,-36.1,4.965,5228.1,1,1,0.6275
59,admin.,divorced,high.school,unknown,no,yes,cellular,jul,mon,630,3,999,0,nonexistent,1.4,93.918,-42.7,4.962,5228.1,1,1,0.6275
37,services,married,high.school,no,yes,yes,telephone,may,wed,521,3,999,0,nonexistent,1.1,93.994,-36.4,4.858,5191.0,1,1,0.6275
21,student,single,high.school,no,no,no,cellular,jun,wed,295,4,999,0,nonexistent,-2.9,92.963,-40.8,1.26,5076.2,0,1,0.6275
33,blue-collar,single,basic.6y,no,no,no,cellular,jul,thu,854,1,999,0,nonexistent,1.4,93.918,-42.7,4.963,5228.1,1,1,0.6273050241749002
26,unemployed,single,university.degree,no,yes,no,cellular,apr,tue,62,1,999,0,nonexistent,-1.8,93.075,-47.1,1.423,5099.1,0,1,0.627302622800027
26,unemployed,single,university.degree,no,yes,no,cellular,apr,tue,184,1,999,0,nonexistent,-1.8,93.075,-47.1,1.423,5099.1,1,1,0.627302622800027
26,unemployed,single,university.degree,no,yes,no,cellular,apr,tue,168,1,999,0,nonexistent,-1.8,93.075,-47.1,1.423,5099.1,1,1,0.627302622800027
39,blue-collar,married,basic.9y,no,yes,no,cellular,jul,fri,635,3,999,0,nonexistent,1.4,93.918,-42.7,4.957,5228.1,1,1,0.6272260242792109
44,admin.,married,university.degree,unknown,yes,no,cellular,aug,wed,641,2,999,0,nonexistent,1.4,93.444,-36.1,4.965,5228.1,1,1,0.6272099393019727
30,unemployed,married,high.school,no,yes,yes,cellular,nov,tue,924,1,999,0,nonexistent,-0.1,93.2,-42.0,4.153,5195.8,1,1,0.6270943618303956
26,services,single,high.school,no,yes,no,cellular,may,mon,244,1,999,0,nonexistent,-1.8,92.893,-46.2,1.354,5099.1,1,1,0.6269982935153583
32,management,single,professional.course,no,no,no,cellular,may,tue,365,2,999,0,nonexistent,-1.8,92.893,-46.2,1.291,5099.1,1,1,0.626243938443061
38,technician,married,professional.course,no,no,no,cellular,mar,thu,66,3,999,0,nonexistent,-1.8,92.843,-50.0,1.757,5099.1,0,1,0.6259966930767265
38,admin.,divorced,university.degree,no,no,no,cellular,apr,mon,62,1,999,0,nonexistent,-1.8,93.075,-47.1,1.392,5099.1,0,1,0.6257924289641522
38,admin.,divorced,university.degree,no,no,no,cellular,apr,mon,360,1,999,0,nonexistent,-1.8,93.075,-47.1,1.392,5099.1,1,1,0.6257924289641522
37,admin.,single,high.school,no,no,no,cellular,oct,thu,509,1,999,0,nonexistent,-1.1,94.601,-49.5,0.987,4963.6,1,1,0.6256855382907218
37,admin.,single,high.school,no,no,no,cellular,oct,thu,322,1,999,0,nonexistent,-1.1,94.601,-49.5,0.987,4963.6,0,1,0.6256855382907218
39,technician,married,high.school,no,no,no,cellular,nov,fri,749,2,999,0,nonexistent,-0.1,93.2,-42.0,4.021,5195.8,1,1,0.625
29,admin.,single,high.school,no,no,no,cellular,jul,tue,574,2,999,0,nonexistent,1.4,93.918,-42.7,4.962,5228.1,1,1,0.625
40,services,married,high.school,no,no,yes,telephone,may,fri,762,3,999,0,nonexistent,1.1,93.994,-36.4,4.864,5191.0,1,1,0.625
27,services,married,high.school,unknown,no,no,telephone,jul,fri,584,1,999,0,nonexistent,1.4,93.918,-42.7,4.959,5228.1,1,1,0.625
41,admin.,divorced,university.degree,no,yes,no,cellular,aug,wed,536,5,999,0,nonexistent,1.4,93.444,-36.1,4.964,5228.1,1,1,0.625
35,technician,single,university.degree,no,yes,no,cellular,aug,fri,974,4,999,0,nonexistent,1.4,93.444,-36.1,4.964,5228.1,1,1,0.625
25,blue-collar,married,basic.9y,unknown,yes,no,telephone,may,fri,763,1,999,0,nonexistent,1.1,93.994,-36.4,4.864,5191.0,1,1,0.625
36,unknown,single,basic.6y,unknown,no,no,telephone,jun,wed,878,3,999,0,nonexistent,1.4,94.465,-41.8,4.959,5228.1,1,1,0.625
38,blue-collar,married,basic.4y,unknown,yes,no,cellular,jul,mon,1039,7,999,0,nonexistent,1.4,93.918,-42.7,4.96,5228.1,1,1,0.625
49,self-employed,divorced,university.degree,no,yes,no,cellular,jul,wed,1124,2,999,0,nonexistent,1.4,93.918,-42.7,4.963,5228.1,1,1,0.625
44,services,married,high.school,unknown,yes,no,telephone,may,thu,1263,2,999,0,nonexistent,1.1,93.994,-36.4,4.86,5191.0,1,1,0.625
26,technician,single,professional.course,no,unknown,unknown,cellular,jul,wed,578,1,999,0,nonexistent,1.4,93.918,-42.7,4.957,5228.1,1,1,0.625
28,technician,single,university.degree,unknown,no,no,cellular,jul,tue,808,3,999,0,nonexistent,1.4,93.918,-42.7,4.961,5228.1,1,1,0.625
51,entrepreneur,single,basic.9y,no,yes,no,cellular,may,wed,396,3,999,0,nonexistent,-1.8,92.893,-46.2,1.334,5099.1,1,1,0.625
29,admin.,single,university.degree,no,no,no,telephone,jun,mon,1055,10,999,0,nonexistent,1.4,94.465,-41.8,4.961,5228.1,1,1,0.625
51,technician,married,high.school,unknown,unknown,unknown,cellular,aug,wed,637,1,999,0,nonexistent,1.4,93.444,-36.1,4.967,5228.1,1,1,0.625
53,management,married,university.degree,no,yes,no,cellular,nov,thu,888,2,999,1,failure,-0.1,93.2,-42.0,4.076,5195.8,1,1,0.625
48,technician,married,basic.9y,no,no,yes,cellular,jul,thu,1499,3,999,0,nonexistent,1.4,93.918,-42.7,4.963,5228.1,1,1,0.625
33,technician,married,high.school,no,no,no,cellular,aug,wed,703,1,999,0,nonexistent,1.4,93.444,-36.1,4.965,5228.1,1,1,0.625
45,technician,divorced,university.degree,unknown,no,no,cellular,may,fri,776,1,999,0,nonexistent,-1.8,92.893,-46.2,1.313,5099.1,1,1,0.625
23,blue-collar,single,basic.9y,no,no,no,cellular,jul,thu,250,4,999,1,failure,-1.7,94.215,-40.3,0.846,4991.6,1,1,0.625
31,admin.,married,university.degree,no,yes,no,cellular,aug,wed,547,1,999,0,nonexistent,1.4,93.444,-36.1,4.967,5228.1,1,1,0.6244803111062766
55,technician,divorced,professional.course,unknown,no,no,telephone,jun,thu,885,1,999,0,nonexistent,1.4,94.465,-41.8,4.958,5228.1,1,1,0.6243080235608572
46,blue-collar,married,basic.4y,unknown,yes,no,cellular,aug,tue,978,1,999,0,nonexistent,1.4,93.444,-36.1,4.966,5228.1,1,1,0.6225
36,management,married,university.degree,no,yes,no,cellular,may,mon,267,1,999,1,failure,-1.8,92.893,-46.2,1.354,5099.1,1,1,0.6225
32,admin.,single,university.degree,no,no,no,telephone,may,fri,588,3,999,0,nonexistent,1.1,93.994,-36.4,4.857,5191.0,1,1,0.6225
58,unknown,married,basic.4y,no,yes,no,cellular,aug,tue,645,10,999,0,nonexistent,1.4,93.444,-36.1,4.963,5228.1,1,1,0.6225
54,self-employed,married,high.school,no,yes,yes,cellular,aug,thu,904,3,999,0,nonexistent,1.4,93.444,-36.1,4.964,5228.1,1,1,0.6225
51,blue-collar,married,basic.9y,unknown,no,no,cellular,may,fri,956,1,999,0,nonexistent,-1.8,92.893,-46.2,1.25,5099.1,1,1,0.6225
57,blue-collar,divorced,basic.6y,unknown,no,no,cellular,jul,tue,632,6,999,0,nonexistent,1.4,93.918,-42.7,4.961,5228.1,1,1,0.6225
31,services,single,basic.9y,no,yes,no,cellular,jul,thu,753,2,999,0,nonexistent,1.4,93.918,-42.7,4.958,5228.1,1,1,0.6225
50,blue-collar,married,basic.9y,no,yes,no,cellular,apr,thu,1365,2,999,1,failure,-1.8,93.075,-47.1,1.41,5099.1,1,1,0.6225
45,blue-collar,married,high.school,unknown,yes,no,cellular,aug,wed,969,1,999,0,nonexistent,1.4,93.444,-36.1,4.965,5228.1,1,1,0.6225
52,management,married,university.degree,unknown,yes,no,cellular,nov,tue,419,1,999,0,nonexistent,-0.1,93.2,-42.0,4.153,5195.8,1,1,0.6225
28,services,married,high.school,no,no,no,telephone,jun,mon,659,2,999,0,nonexistent,1.4,94.465,-41.8,4.865,5228.1,1,1,0.6225
30,self-employed,single,university.degree,no,yes,no,telephone,jun,tue,2621,3,999,0,nonexistent,1.4,94.465,-41.8,4.961,5228.1,1,1,0.6225
44,blue-collar,married,basic.6y,no,no,no,cellular,may,fri,611,2,999,0,nonexistent,-1.8,92.893,-46.2,1.25,5099.1,1,1,0.6225
33,blue-collar,single,basic.6y,no,yes,no,cellular,may,tue,731,3,999,1,failure,-1.8,92.893,-46.2,1.291,5099.1,1,1,0.6225
41,entrepreneur,married,university.degree,no,yes,no,telephone,may,wed,1138,1,999,0,nonexistent,1.1,93.994,-36.4,4.856,5191.0,1,1,0.6225
33,admin.,married,university.degree,no,no,no,cellular,jul,tue,2516,1,999,0,nonexistent,1.4,93.918,-42.7,4.961,5228.1,1,1,0.6225
27,student,single,university.degree,no,no,no,cellular,apr,fri,227,1,999,1,failure,-1.8,93.075,-47.1,1.4,5099.1,1,1,0.6225
53,blue-collar,divorced,basic.4y,no,yes,no,cellular,jul,tue,648,2,999,0,nonexistent,1.4,93.918,-42.7,4.961,5228.1,1,1,0.6225
41,admin.,single,university.degree,unknown,yes,no,cellular,aug,thu,566,3,999,0,nonexistent,1.4,93.444,-36.1,4.968,5228.1,1,1,0.6225
34,admin.,single,university.degree,no,yes,no,cellular,aug,thu,98,1,999,0,nonexistent,1.4,93.444,-36.1,4.964,5228.1,0,1,0.6225
39,services,married,professional.course,no,yes,no,cellular,jul,mon,751,2,999,0,nonexistent,1.4,93.918,-42.7,4.962,5228.1,1,1,0.6225
34,admin.,single,university.degree,no,yes,no,cellular,aug,thu,518,1,999,0,nonexistent,1.4,93.444,-36.1,4.964,5228.1,1,1,0.6225
45,admin.,single,university.degree,no,no,no,cellular,aug,thu,505,1,999,0,nonexistent,1.4,93.444,-36.1,4.964,5228.1,1,1,0.6225
55,management,married,university.degree,no,yes,no,cellular,jul,thu,1341,7,999,0,nonexistent,1.4,93.918,-42.7,4.963,5228.1,1,1,0.6225
31,admin.,single,high.school,no,no,no,cellular,jul,mon,1017,6,999,0,nonexistent,1.4,93.918,-42.7,4.96,5228.1,1,1,0.6225
25,services,single,unknown,no,yes,no,cellular,jun,tue,154,2,3,3,success,-1.7,94.055,-39.8,0.702,4991.6,1,0,0.6225
28,admin.,married,university.degree,no,no,yes,cellular,jul,wed,690,1,999,0,nonexistent,1.4,93.918,-42.7,4.963,5228.1,1,1,0.6225
35,student,single,university.degree,unknown,yes,yes,telephone,jun,mon,444,2,999,0,nonexistent,1.4,94.465,-41.8,4.865,5228.1,1,1,0.6225
39,technician,single,professional.course,unknown,no,no,telephone,jun,mon,432,4,999,0,nonexistent,1.4,94.465,-41.8,4.865,5228.1,1,1,0.6225
27,blue-collar,single,basic.9y,unknown,yes,no,cellular,jul,wed,1309,4,999,0,nonexistent,1.4,93.918,-42.7,4.963,5228.1,1,1,0.6225
38,blue-collar,single,university.degree,unknown,yes,no,telephone,may,tue,395,2,999,0,nonexistent,1.1,93.994,-36.4,4.856,5191.0,1,1,0.6225
34,technician,single,professional.course,no,yes,no,cellular,may,mon,601,2,999,1,failure,-1.8,92.893,-46.2,1.264,5099.1,1,1,0.6225
41,admin.,single,high.school,no,yes,no,cellular,aug,mon,606,1,6,1,success,-2.9,92.201,-31.4,0.861,5076.2,1,0,0.6225
51,unemployed,married,professional.course,unknown,yes,yes,cellular,jul,thu,901,1,999,0,nonexistent,1.4,93.918,-42.7,4.963,5228.1,1,1,0.6225
30,admin.,single,university.degree,no,no,no,cellular,nov,fri,331,2,999,0,nonexistent,-0.1,93.2,-42.0,4.021,5195.8,1,1,0.6223993835122313
34,admin.,single,university.degree,no,yes,no,cellular,apr,tue,145,1,999,0,nonexistent,-1.8,93.075,-47.1,1.423,5099.1,0,1,0.622378023583908
34,admin.,single,university.degree,no,yes,no,cellular,apr,tue,461,1,999,0,nonexistent,-1.8,93.075,-47.1,1.423,5099.1,1,1,0.622378023583908
40,blue-collar,married,basic.4y,unknown,no,no,cellular,jul,thu,724,1,999,0,nonexistent,1.4,93.918,-42.7,4.963,5228.1,1,1,0.6222172989377845
56,blue-collar,married,basic.4y,unknown,no,no,telephone,jun,fri,84,2,999,0,nonexistent,1.4,94.465,-41.8,4.967,5228.1,0,1,0.6222168254602831
56,blue-collar,married,basic.4y,unknown,no,no,telephone,jun,fri,1276,2,999,0,nonexistent,1.4,94.465,-41.8,4.967,5228.1,1,1,0.6222168254602831
30,student,single,high.school,no,no,no,telephone,jun,wed,1242,1,999,0,nonexistent,1.4,94.465,-41.8,4.864,5228.1,1,1,0.6222153262518968
33,entrepreneur,single,university.degree,no,no,no,cellular,may,mon,637,4,999,1,failure,-1.8,92.893,-46.2,1.244,5099.1,1,1,0.6219897124948903
31,services,married,basic.9y,no,yes,no,cellular,jun,mon,208,1,999,0,nonexistent,-2.9,92.963,-40.8,1.266,5076.2,0,1,0.6218228825814782
31,services,married,basic.9y,no,yes,no,cellular,jun,mon,326,1,999,0,nonexistent,-2.9,92.963,-40.8,1.266,5076.2,1,1,0.6218228825814782
28,student,single,high.school,no,yes,no,cellular,aug,wed,188,1,999,0,nonexistent,-2.9,92.201,-31.4,0.879,5076.2,0,1,0.6217077028663399
25,services,single,high.school,unknown,yes,yes,cellular,jul,wed,843,1,999,0,nonexistent,1.4,93.918,-42.7,4.963,5228.1,1,1,0.6208952553872982
21,blue-collar,married,basic.9y,no,yes,no,cellular,jul,wed,2078,6,999,0,nonexistent,1.4,93.918,-42.7,4.963,5228.1,1,1,0.62
59,retired,divorced,university.degree,no,no,no,telephone,jun,mon,605,6,999,0,nonexistent,1.4,94.465,-41.8,4.865,5228.1,1,1,0.62
59,retired,married,basic.9y,no,yes,no,telephone,jun,wed,2093,1,999,0,nonexistent,1.4,94.465,-41.8,4.962,5228.1,1,1,0.62
35,technician,married,professional.course,no,no,no,cellular,aug,mon,594,2,999,0,nonexistent,1.4,93.444,-36.1,4.963,5228.1,1,1,0.62
30,blue-collar,single,basic.9y,no,no,yes,cellular,jul,mon,985,11,999,0,nonexistent,1.4,93.918,-42.7,4.96,5228.1,1,1,0.62
41,housemaid,married,high.school,no,yes,no,telephone,nov,fri,1074,1,999,0,nonexistent,-0.1,93.2,-42.0,4.021,5195.8,1,1,0.62
33,admin.,single,high.school,no,yes,no,cellular,jul,fri,516,1,999,0,nonexistent,1.4,93.918,-42.7,4.957,5228.1,1,1,0.62
51,technician,married,university.degree,no,yes,no,cellular,aug,wed,512,5,999,0,nonexistent,1.4,93.444,-36.1,4.964,5228.1,1,1,0.62
44,services,married,high.school,no,no,yes,cellular,may,thu,786,1,999,0,nonexistent,-1.8,92.893,-46.2,1.266,5099.1,1,1,0.62
34,blue-collar,married,basic.4y,unknown,yes,no,cellular,may,fri,285,5,999,0,nonexistent,-1.8,92.893,-46.2,1.25,5099.1,1,1,0.62
25,unemployed,single,high.school,unknown,no,no,telephone,may,wed,694,2,999,0,nonexistent,1.1,93.994,-36.4,4.857,5191.0,1,1,0.62
35,technician,single,high.school,no,yes,yes,cellular,nov,wed,819,3,999,0,nonexistent,-0.1,93.2,-42.0,4.12,5195.8,1,1,0.62
30,admin.,single,high.school,no,no,no,telephone,may,wed,860,2,999,0,nonexistent,1.1,93.994,-36.4,4.858,5191.0,1,1,0.62
39,technician,married,professional.course,no,yes,no,cellular,apr,thu,67,1,999,0,nonexistent,-1.8,93.075,-47.1,1.365,5099.1,0,1,0.62
57,technician,married,high.school,unknown,no,no,cellular,aug,fri,784,1,999,0,nonexistent,1.4,93.444,-36.1,4.966,5228.1,1,1,0.62
27,self-employed,single,university.degree,no,no,no,telephone,jun,fri,911,1,999,0,nonexistent,1.4,94.465,-41.8,4.947,5228.1,1,1,0.62
38,blue-collar,married,basic.6y,unknown,no,no,telephone,jun,tue,1045,3,999,0,nonexistent,1.4,94.465,-41.8,4.864,5228.1,1,1,0.62
58,admin.,single,university.degree,no,no,no,telephone,may,mon,543,2,999,0,nonexistent,1.1,93.994,-36.4,4.857,5191.0,1,1,0.62
29,student,single,high.school,no,no,yes,telephone,may,mon,630,1,999,0,nonexistent,1.1,93.994,-36.4,4.857,5191.0,1,1,0.62
34,blue-collar,married,basic.9y,no,yes,no,cellular,aug,tue,298,2,999,0,nonexistent,-1.7,94.027,-38.3,0.886,4991.6,0,1,0.62
37,admin.,divorced,university.degree,no,no,yes,cellular,nov,fri,132,1,999,0,nonexistent,-0.1,93.2,-42.0,4.223,5195.8,1,1,0.62
44,admin.,single,basic.9y,no,yes,yes,cellular,jul,mon,919,2,999,0,nonexistent,1.4,93.918,-42.7,4.96,5228.1,1,1,0.62
28,blue-collar,married,basic.6y,no,no,no,telephone,jun,wed,1060,5,999,0,nonexistent,1.4,94.465,-41.8,4.962,5228.1,1,1,0.62
27,blue-collar,married,basic.6y,unknown,unknown,unknown,telephone,may,tue,1063,2,999,0,nonexistent,1.1,93.994,-36.4,4.856,5191.0,1,1,0.62
34,technician,married,professional.course,no,no,no,cellular,aug,wed,1148,2,999,0,nonexistent,1.4,93.444,-36.1,4.965,5228.1,1,1,0.62
32,blue-collar,married,basic.6y,no,no,no,telephone,jun,fri,642,2,999,0,nonexistent,1.4,94.465,-41.8,4.967,5228.1,1,1,0.62
52,blue-collar,married,basic.9y,unknown,no,no,telephone,jul,fri,1492,2,999,0,nonexistent,1.4,93.918,-42.7,4.962,5228.1,1,1,0.6198473199478319
34,technician,single,university.degree,no,no,yes,cellular,jul,tue,1082,1,999,0,nonexistent,1.4,93.918,-42.7,4.962,5228.1,1,1,0.6195973161590488
34,admin.,married,university.degree,no,no,no,cellular,aug,mon,1238,1,999,0,nonexistent,1.4,93.444,-36.1,4.965,5228.1,1,1,0.6183311311661981
29,blue-collar,married,basic.9y,no,no,no,cellular,may,wed,1101,1,999,0,nonexistent,-1.8,92.893,-46.2,1.281,5099.1,1,1,0.6178249315971552
29,blue-collar,married,basic.9y,no,no,no,cellular,may,wed,1966,1,999,0,nonexistent,-1.8,92.893,-46.2,1.281,5099.1,0,1,0.6178249315971552
31,services,single,high.school,no,yes,no,cellular,may,tue,398,2,999,0,nonexistent,-1.8,92.893,-46.2,1.291,5099.1,0,1,0.6177204184881195
31,services,single,high.school,no,yes,no,cellular,may,tue,750,2,999,0,nonexistent,-1.8,92.893,-46.2,1.291,5099.1,1,1,0.6177204184881195
30,self-employed,married,basic.9y,no,no,no,telephone,may,tue,3094,2,999,0,nonexistent,1.1,93.994,-36.4,4.857,5191.0,1,1,0.6175
45,admin.,divorced,high.school,no,yes,no,cellular,nov,fri,980,2,999,0,nonexistent,-0.1,93.2,-42.0,4.021,5195.8,1,1,0.6175
51,blue-collar,married,basic.9y,unknown,yes,no,telephone,may,thu,1178,2,999,0,nonexistent,1.1,93.994,-36.4,4.855,5191.0,1,1,0.6175
36,blue-collar,married,basic.9y,no,yes,no,telephone,jun,fri,560,3,999,0,nonexistent,1.4,94.465,-41.8,4.959,5228.1,1,1,0.6175
35,blue-collar,married,high.school,no,no,no,cellular,nov,mon,540,2,999,0,nonexistent,-0.1,93.2,-42.0,4.191,5195.8,1,1,0.6175
49,blue-collar,married,basic.9y,unknown,no,no,telephone,jun,thu,1149,2,999,0,nonexistent,1.4,94.465,-41.8,4.866,5228.1,1,1,0.6175
35,management,married,university.degree,no,no,yes,cellular,aug,fri,873,5,999,0,nonexistent,1.4,93.444,-36.1,4.964,5228.1,1,1,0.6175
48,blue-collar,married,basic.9y,no,no,no,telephone,may,mon,607,1,999,0,nonexistent,1.1,93.994,-36.4,4.858,5191.0,1,1,0.6175
58,admin.,divorced,university.degree,no,yes,no,telephone,may,fri,628,2,999,0,nonexistent,1.1,93.994,-36.4,4.857,5191.0,1,1,0.6175
59,retired,married,professional.course,no,no,no,telephone,may,wed,560,9,999,0,nonexistent,1.1,93.994,-36.4,4.857,5191.0,1,1,0.6175
26,entrepreneur,single,high.school,no,yes,no,cellular,apr,fri,707,1,999,1,failure,-1.8,93.075,-47.1,1.479,5099.1,1,1,0.6175
59,admin.,divorced,university.degree,no,yes,no,cellular,may,fri,899,1,999,0,nonexistent,-1.8,92.893,-46.2,1.25,5099.1,1,1,0.6175
25,services,single,unknown,no,yes,no,cellular,jun,tue,516,1,13,2,failure,-1.7,94.055,-39.8,0.702,4991.6,1,0,0.6175
82,retired,married,university.degree,no,yes,no,cellular,oct,tue,526,1,999,0,nonexistent,-3.4,92.431,-26.9,0.744,5017.5,0,1,0.61746795032345
82,retired,married,university.degree,no,yes,no,cellular,oct,tue,215,1,999,0,nonexistent,-3.4,92.431,-26.9,0.744,5017.5,1,1,0.61746795032345
38,technician,married,professional.course,no,yes,no,cellular,aug,mon,479,1,999,0,nonexistent,1.4,93.444,-36.1,4.965,5228.1,1,1,0.6173541787113767
51,management,married,university.degree,unknown,no,no,cellular,jul,thu,901,2,999,0,nonexistent,1.4,93.918,-42.7,4.962,5228.1,1,1,0.6172161608497724
29,technician,single,professional.course,no,no,no,cellular,nov,fri,1480,3,999,0,nonexistent,-0.1,93.2,-42.0,4.021,5195.8,1,1,0.6171250341072178
29,technician,single,professional.course,no,no,no,cellular,nov,fri,161,3,999,0,nonexistent,-0.1,93.2,-42.0,4.021,5195.8,0,1,0.6171250341072178
38,blue-collar,married,basic.6y,unknown,no,no,cellular,jul,thu,456,1,999,0,nonexistent,1.4,93.918,-42.7,4.963,5228.1,0,1,0.6169979674001349
38,blue-collar,married,basic.6y,unknown,no,no,cellular,jul,thu,500,1,999,0,nonexistent,1.4,93.918,-42.7,4.963,5228.1,1,1,0.6169979674001349
38,blue-collar,married,basic.6y,unknown,no,no,cellular,jul,thu,60,1,999,0,nonexistent,1.4,93.918,-42.7,4.963,5228.1,0,1,0.6169979674001349
60,retired,married,basic.4y,no,no,no,cellular,oct,mon,98,1,999,0,nonexistent,-3.4,92.431,-26.9,0.739,5017.5,1,1,0.6168547526891804
60,retired,married,basic.4y,no,no,no,cellular,oct,mon,82,1,999,0,nonexistent,-3.4,92.431,-26.9,0.739,5017.5,0,1,0.6168547526891804
27,admin.,single,university.degree,no,yes,no,cellular,may,fri,431,1,999,0,nonexistent,-1.8,92.893,-46.2,1.259,5099.1,1,1,0.6167937438632445
27,admin.,single,university.degree,no,yes,no,cellular,may,fri,81,1,999,0,nonexistent,-1.8,92.893,-46.2,1.259,5099.1,0,1,0.6167937438632445
27,admin.,single,university.degree,no,yes,no,cellular,may,fri,120,1,999,0,nonexistent,-1.8,92.893,-46.2,1.259,5099.1,0,1,0.6167937438632445
39,technician,single,professional.course,no,no,no,cellular,may,tue,844,1,999,0,nonexistent,-1.8,92.893,-46.2,1.291,5099.1,1,1,0.6162530577968479
39,technician,single,professional.course,no,no,no,cellular,may,tue,251,1,999,0,nonexistent,-1.8,92.893,-46.2,1.291,5099.1,0,1,0.6162530577968479
48,services,married,basic.4y,unknown,yes,no,cellular,aug,tue,1000,3,999,0,nonexistent,1.4,93.444,-36.1,4.965,5228.1,1,1,0.615
35,admin.,single,university.degree,no,no,no,cellular,aug,mon,724,12,999,0,nonexistent,1.4,93.444,-36.1,4.963,5228.1,1,1,0.615
39,housemaid,married,basic.9y,no,yes,no,telephone,may,mon,935,3,999,0,nonexistent,1.1,93.994,-36.4,4.857,5191.0,1,1,0.615
48,admin.,married,high.school,no,no,no,cellular,nov,wed,1061,4,999,0,nonexistent,-0.1,93.2,-42.0,4.12,5195.8,1,1,0.615
34,admin.,married,high.school,no,no,no,cellular,nov,thu,1598,4,999,0,nonexistent,-0.1,93.2,-42.0,4.076,5195.8,1,1,0.615
45,entrepreneur,married,university.degree,no,yes,no,telephone,may,tue,1721,2,999,0,nonexistent,1.1,93.994,-36.4,4.856,5191.0,1,1,0.615
35,management,single,unknown,no,no,no,telephone,jun,fri,712,2,999,0,nonexistent,1.4,94.465,-41.8,4.967,5228.1,1,1,0.615
38,technician,married,basic.6y,unknown,no,no,telephone,may,fri,785,1,999,0,nonexistent,1.1,93.994,-36.4,4.857,5191.0,1,1,0.615
55,admin.,married,professional.course,unknown,yes,yes,telephone,nov,tue,514,2,999,0,nonexistent,-0.1,93.2,-42.0,4.153,5195.8,1,1,0.615
40,entrepreneur,married,university.degree,no,no,no,telephone,may,fri,803,1,999,0,nonexistent,1.1,93.994,-36.4,4.859,5191.0,1,1,0.615
39,technician,divorced,professional.course,unknown,yes,no,cellular,aug,mon,714,5,999,0,nonexistent,1.4,93.444,-36.1,4.965,5228.1,1,1,0.615
47,admin.,married,high.school,no,no,no,telephone,may,tue,731,3,999,0,nonexistent,1.1,93.994,-36.4,4.857,5191.0,1,1,0.615
33,admin.,single,university.degree,unknown,no,yes,cellular,apr,fri,526,1,999,0,nonexistent,-1.8,93.075,-47.1,1.405,5099.1,1,1,0.615
45,technician,married,university.degree,no,yes,yes,telephone,may,tue,845,1,999,0,nonexistent,1.1,93.994,-36.4,4.856,5191.0,1,1,0.615
39,technician,single,professional.course,no,no,no,cellular,jul,mon,617,2,999,0,nonexistent,1.4,93.918,-42.7,4.96,5228.1,1,1,0.615
29,services,married,basic.9y,no,yes,no,cellular,nov,thu,755,1,999,0,nonexistent,-0.1,93.2,-42.0,4.076,5195.8,1,1,0.615
38,self-employed,single,university.degree,no,no,no,telephone,may,mon,414,2,999,0,nonexistent,1.1,93.994,-36.4,4.857,5191.0,1,1,0.615
35,technician,single,professional.course,no,yes,no,telephone,nov,fri,160,1,999,0,nonexistent,-0.1,93.2,-42.0,4.223,5195.8,1,1,0.615
51,blue-collar,divorced,basic.4y,no,yes,no,cellular,may,tue,314,4,999,0,nonexistent,-1.8,92.893,-46.2,1.291,5099.1,0,1,0.615
32,management,single,university.degree,no,no,no,cellular,nov,thu,500,2,999,1,failure,-0.1,93.2,-42.0,4.076,5195.8,1,1,0.615
54,management,married,university.degree,unknown,no,yes,cellular,apr,mon,1817,3,999,0,nonexistent,-1.8,93.075,-47.1,1.405,5099.1,1,1,0.615
39,technician,single,professional.course,no,no,no,cellular,jul,mon,65,2,999,0,nonexistent,1.4,93.918,-42.7,4.96,5228.1,0,1,0.615
33,admin.,single,professional.course,no,yes,no,cellular,may,mon,1340,1,999,0,nonexistent,-1.8,92.893,-46.2,1.244,5099.1,1,1,0.615
29,blue-collar,married,basic.9y,no,no,no,cellular,may,wed,366,3,999,1,failure,-1.8,92.893,-46.2,1.281,5099.1,1,1,0.615
20,student,single,high.school,no,yes,no,cellular,apr,thu,615,1,999,0,nonexistent,-1.8,93.075,-47.1,1.365,5099.1,1,1,0.615
57,management,married,university.degree,no,yes,yes,cellular,nov,fri,536,1,999,0,nonexistent,-0.1,93.2,-42.0,4.021,5195.8,1,1,0.615
36,self-employed,single,university.degree,no,no,no,cellular,jul,wed,540,6,999,0,nonexistent,1.4,93.918,-42.7,4.963,5228.1,1,1,0.615
32,admin.,married,university.degree,no,no,yes,telephone,oct,mon,27,1,999,0,nonexistent,-0.1,93.798,-40.4,4.912,5195.8,0,1,0.615
34,admin.,married,university.degree,no,yes,no,cellular,may,mon,304,1,999,0,nonexistent,-1.8,92.893,-46.2,1.264,5099.1,0,1,0.615
38,blue-collar,single,high.school,no,yes,no,telephone,mar,wed,557,1,999,0,nonexistent,-1.8,93.369,-34.8,0.655,5008.7,1,1,0.6147163125948407
30,blue-collar,married,basic.9y,no,yes,no,cellular,jul,fri,1294,2,999,0,nonexistent,1.4,93.918,-42.7,4.963,5228.1,1,1,0.6144962065389443
24,services,single,high.school,no,yes,no,telephone,may,fri,64,1,999,0,nonexistent,1.1,93.994,-36.4,4.855,5191.0,0,1,0.6135876125888288
24,services,single,high.school,no,yes,no,telephone,may,fri,654,1,999,0,nonexistent,1.1,93.994,-36.4,4.855,5191.0,1,1,0.6135876125888288
45,blue-collar,married,basic.9y,no,yes,no,cellular,aug,thu,773,5,999,0,nonexistent,1.4,93.444,-36.1,4.968,5228.1,1,1,0.6129484054434025
45,blue-collar,married,basic.9y,no,yes,no,cellular,aug,thu,84,5,999,0,nonexistent,1.4,93.444,-36.1,4.968,5228.1,0,1,0.6129484054434025
47,blue-collar,married,unknown,unknown,no,no,telephone,may,tue,1334,1,999,0,nonexistent,1.1,93.994,-36.4,4.856,5191.0,1,1,0.6125
45,admin.,married,unknown,no,yes,no,cellular,may,fri,271,1,999,0,nonexistent,-1.8,92.893,-46.2,1.259,5099.1,1,1,0.6125
51,admin.,single,basic.6y,no,no,no,telephone,may,tue,470,1,999,0,nonexistent,1.1,93.994,-36.4,4.856,5191.0,1,1,0.6125
34,technician,single,professional.course,no,no,no,cellular,may,tue,1221,2,999,1,failure,-1.8,92.893,-46.2,1.344,5099.1,1,1,0.6125
38,unemployed,married,basic.6y,no,no,no,telephone,jun,mon,947,4,999,0,nonexistent,1.4,94.465,-41.8,4.865,5228.1,1,1,0.6125
43,blue-collar,single,basic.9y,no,yes,no,cellular,jul,thu,982,1,999,0,nonexistent,1.4,93.918,-42.7,4.963,5228.1,1,1,0.6125
44,services,married,high.school,no,yes,no,telephone,may,tue,1030,1,999,0,nonexistent,1.1,93.994,-36.4,4.857,5191.0,1,1,0.6125
38,admin.,married,university.degree,no,no,no,cellular,aug,thu,1126,3,999,0,nonexistent,1.4,93.444,-36.1,4.962,5228.1,1,1,0.6125
42,housemaid,married,university.degree,no,yes,yes,cellular,aug,thu,2372,3,999,0,nonexistent,1.4,93.444,-36.1,4.962,5228.1,1,1,0.6125
40,admin.,married,university.degree,unknown,no,no,cellular,nov,mon,890,1,999,0,nonexistent,-0.1,93.2,-42.0,4.191,5195.8,1,1,0.6125
22,services,single,professional.course,no,no,no,cellular,jul,tue,363,1,999,1,failure,-1.7,94.215,-40.3,0.835,4991.6,1,1,0.6125
33,technician,single,university.degree,no,no,no,cellular,apr,thu,304,1,999,0,nonexistent,-1.8,93.075,-47.1,1.435,5099.1,0,1,0.612345037720635
33,technician,single,university.degree,no,no,no,cellular,apr,thu,657,1,999,0,nonexistent,-1.8,93.075,-47.1,1.435,5099.1,1,1,0.612345037720635
71,retired,married,professional.course,no,yes,no,cellular,nov,tue,102,1,999,0,nonexistent,-3.4,92.649,-30.1,0.72,5017.5,1,1,0.6120025963377972
46,technician,divorced,professional.course,no,yes,no,cellular,may,mon,431,1,999,0,nonexistent,-1.8,92.893,-46.2,1.244,5099.1,1,1,0.6119933860630029
32,technician,single,professional.course,no,no,no,cellular,aug,wed,103,1,999,0,nonexistent,1.4,93.444,-36.1,4.967,5228.1,0,1,0.6119453088502183
32,technician,single,professional.course,no,no,no,cellular,aug,wed,720,1,999,0,nonexistent,1.4,93.444,-36.1,4.967,5228.1,1,1,0.6119453088502183
28,admin.,single,university.degree,no,no,no,cellular,aug,wed,202,1,999,0,nonexistent,-2.9,92.201,-31.4,0.879,5076.2,0,1,0.6112265857218477
28,admin.,single,university.degree,no,no,no,cellular,aug,wed,332,1,999,0,nonexistent,-2.9,92.201,-31.4,0.879,5076.2,1,1,0.6112265857218477
28,admin.,single,university.degree,no,no,no,cellular,aug,wed,153,1,999,0,nonexistent,-2.9,92.201,-31.4,0.879,5076.2,0,1,0.6112265857218477
32,unemployed,married,high.school,no,yes,no,cellular,nov,thu,640,1,999,0,nonexistent,-0.1,93.2,-42.0,4.076,5195.8,0,1,0.6111603735013451
32,unemployed,married,high.school,no,yes,no,cellular,nov,thu,728,1,999,0,nonexistent,-0.1,93.2,-42.0,4.076,5195.8,1,1,0.6111603735013451
49,blue-collar,married,basic.9y,unknown,yes,no,cellular,aug,thu,1877,3,999,0,nonexistent,1.4,93.444,-36.1,4.963,5228.1,1,1,0.61
32,technician,single,university.degree,unknown,no,no,telephone,may,wed,857,1,999,0,nonexistent,1.1,93.994,-36.4,4.858,5191.0,1,1,0.61
43,admin.,single,high.school,no,no,no,cellular,nov,wed,1011,1,999,1,failure,-0.1,93.2,-42.0,4.12,5195.8,1,1,0.61
45,blue-collar,married,basic.4y,no,no,no,cellular,aug,fri,507,2,999,0,nonexistent,1.4,93.444,-36.1,4.966,5228.1,1,1,0.61
45,blue-collar,married,basic.9y,unknown,no,no,telephone,jun,fri,924,3,999,0,nonexistent,1.4,94.465,-41.8,4.959,5228.1,1,1,0.61
39,management,divorced,university.degree,no,yes,no,cellular,jul,tue,732,1,999,0,nonexistent,1.4,93.918,-42.7,4.962,5228.1,1,1,0.61
38,services,married,high.school,no,yes,no,cellular,may,fri,324,1,999,1,failure,-1.8,92.893,-46.2,1.259,5099.1,1,1,0.61
25,admin.,single,high.school,no,yes,no,telephone,jun,thu,1243,7,999,0,nonexistent,1.4,94.465,-41.8,4.958,5228.1,1,1,0.61
40,self-employed,married,professional.course,no,yes,yes,telephone,jun,fri,716,2,999,0,nonexistent,1.4,94.465,-41.8,4.959,5228.1,1,1,0.61
44,technician,divorced,professional.course,no,yes,no,cellular,aug,wed,1552,3,999,0,nonexistent,1.4,93.444,-36.1,4.967,5228.1,1,1,0.61
49,technician,married,university.degree,no,no,no,cellular,may,thu,188,1,999,1,failure,-1.8,93.876,-40.0,0.699,5008.7,0,1,0.61
33,blue-collar,single,basic.9y,no,yes,no,cellular,jul,tue,531,1,999,0,nonexistent,1.4,93.918,-42.7,4.962,5228.1,1,1,0.61
28,admin.,married,university.degree,no,yes,no,cellular,jul,wed,529,1,999,0,nonexistent,1.4,93.918,-42.7,4.963,5228.1,1,1,0.61
47,technician,married,university.degree,no,no,no,cellular,aug,wed,1642,2,999,0,nonexistent,1.4,93.444,-36.1,4.964,5228.1,1,1,0.61
30,admin.,single,high.school,no,no,no,cellular,may,wed,698,2,999,1,failure,-1.8,92.893,-46.2,1.281,5099.1,1,1,0.61
31,entrepreneur,married,basic.6y,no,yes,yes,cellular,jul,mon,782,1,999,0,nonexistent,1.4,93.918,-42.7,4.96,5228.1,1,1,0.6093209439308083
52,blue-collar,married,basic.4y,no,no,no,cellular,may,wed,667,2,999,0,nonexistent,-1.8,92.893,-46.2,1.334,5099.1,1,1,0.6075
53,technician,married,professional.course,unknown,no,no,telephone,may,wed,864,2,999,0,nonexistent,1.1,93.994,-36.4,4.857,5191.0,1,1,0.6075
31,blue-collar,married,basic.9y,no,yes,no,telephone,jun,wed,704,4,999,0,nonexistent,1.4,94.465,-41.8,4.962,5228.1,1,1,0.6075
50,housemaid,single,unknown,no,no,no,telephone,jun,mon,741,4,999,0,nonexistent,1.4,94.465,-41.8,4.96,5228.1,1,1,0.6075
22,blue-collar,single,basic.9y,no,yes,yes,cellular,jul,mon,848,1,999,0,nonexistent,1.4,93.918,-42.7,4.96,5228.1,1,1,0.6075
60,retired,married,basic.9y,unknown,no,no,cellular,aug,wed,707,3,999,0,nonexistent,1.4,93.444,-36.1,4.965,5228.1,1,1,0.6075
40,admin.,single,university.degree,no,no,no,telephone,jun,mon,498,2,999,0,nonexistent,1.4,94.465,-41.8,4.958,5228.1,1,1,0.6075
66,retired,married,basic.4y,unknown,unknown,unknown,cellular,oct,wed,216,1,6,3,success,-1.1,94.601,-49.5,0.985,4963.6,1,0,0.6075
43,blue-collar,divorced,basic.4y,unknown,yes,no,telephone,may,fri,618,2,999,0,nonexistent,1.1,93.994,-36.4,4.864,5191.0,1,1,0.6075
45,admin.,married,high.school,no,yes,no,cellular,aug,tue,1293,4,999,0,nonexistent,1.4,93.444,-36.1,4.963,5228.1,1,1,0.6075
31,services,married,basic.9y,no,yes,no,cellular,apr,mon,1030,3,999,0,nonexistent,-1.8,93.075,-47.1,1.405,5099.1,1,1,0.6075
57,housemaid,married,basic.4y,no,no,no,cellular,aug,wed,1044,1,999,0,nonexistent,1.4,93.444,-36.1,4.964,5228.1,1,1,0.6075
31,admin.,single,university.degree,no,no,no,telephone,may,wed,992,1,999,0,nonexistent,1.1,93.994,-36.4,4.856,5191.0,1,1,0.6075
42,admin.,married,university.degree,no,no,no,cellular,jul,thu,1142,5,999,0,nonexistent,1.4,93.918,-42.7,4.968,5228.1,1,1,0.6075
38,admin.,divorced,university.degree,no,yes,no,cellular,nov,thu,1532,3,999,0,nonexistent,-0.1,93.2,-42.0,4.076,5195.8,1,1,0.6075
33,blue-collar,married,basic.6y,unknown,yes,no,cellular,may,tue,670,2,999,1,failure,-1.8,92.893,-46.2,1.344,5099.1,1,1,0.6075
31,blue-collar,married,basic.4y,no,no,no,cellular,may,wed,116,1,999,0,nonexistent,-1.8,92.893,-46.2,1.27,5099.1,1,1,0.6071239749342986
31,blue-collar,married,basic.4y,no,no,no,cellular,may,wed,81,1,999,0,nonexistent,-1.8,92.893,-46.2,1.27,5099.1,0,1,0.6071239749342986
29,admin.,married,university.degree,no,unknown,unknown,cellular,jul,tue,311,1,3,1,success,-1.7,94.215,-40.3,0.835,4991.6,1,0,0.6066963251457564
23,management,single,university.degree,no,no,no,cellular,jul,thu,1584,2,999,0,nonexistent,1.4,93.918,-42.7,4.958,5228.1,1,1,0.6066722509364728
23,management,single,university.degree,no,no,no,cellular,jul,thu,271,2,999,0,nonexistent,1.4,93.918,-42.7,4.958,5228.1,0,1,0.6066722509364728
33,blue-collar,single,high.school,no,yes,no,cellular,mar,wed,163,1,999,0,nonexistent,-1.8,92.843,-50.0,1.602,5099.1,0,1,0.6062561915895169
34,technician,married,university.degree,no,yes,no,cellular,nov,wed,686,1,999,0,nonexistent,-0.1,93.2,-42.0,4.12,5195.8,1,1,0.6061550885459626
34,technician,married,university.degree,no,yes,no,cellular,nov,wed,36,1,999,0,nonexistent,-0.1,93.2,-42.0,4.12,5195.8,0,1,0.6061550885459626
40,blue-collar,divorced,basic.9y,no,yes,no,cellular,nov,fri,893,1,999,0,nonexistent,-0.1,93.2,-42.0,4.021,5195.8,1,1,0.6058252334700267
40,blue-collar,divorced,basic.9y,no,yes,no,cellular,nov,fri,1182,1,999,0,nonexistent,-0.1,93.2,-42.0,4.021,5195.8,0,1,0.6058252334700267
31,technician,single,professional.course,no,yes,no,cellular,aug,tue,176,1,999,0,nonexistent,1.4,93.444,-36.1,4.968,5228.1,0,1,0.6053912520738158
31,technician,single,professional.course,no,yes,no,cellular,aug,tue,935,1,999,0,nonexistent,1.4,93.444,-36.1,4.968,5228.1,1,1,0.6053912520738158
31,technician,single,high.school,no,yes,yes,cellular,aug,tue,428,1,999,0,nonexistent,1.4,93.444,-36.1,4.966,5228.1,0,1,0.6052775737560422
31,technician,single,high.school,no,yes,yes,cellular,aug,tue,768,1,999,0,nonexistent,1.4,93.444,-36.1,4.966,5228.1,1,1,0.6052775737560422
52,admin.,married,university.degree,no,no,yes,telephone,apr,thu,395,3,999,0,nonexistent,-1.8,93.749,-34.6,0.659,5008.7,1,1,0.605
34,technician,married,professional.course,no,yes,no,cellular,may,mon,934,1,999,1,failure,-1.8,92.893,-46.2,1.299,5099.1,1,1,0.605
43,admin.,married,high.school,no,no,yes,cellular,jul,mon,551,3,999,0,nonexistent,1.4,93.918,-42.7,4.962,5228.1,1,1,0.605
46,technician,divorced,university.degree,no,yes,no,cellular,nov,fri,796,5,999,1,failure,-0.1,93.2,-42.0,4.021,5195.8,1,1,0.605
46,admin.,divorced,university.degree,no,no,no,telephone,oct,mon,376,1,999,0,nonexistent,-0.1,93.798,-40.4,4.912,5195.8,1,1,0.605
39,admin.,single,unknown,no,no,no,cellular,nov,fri,504,2,999,1,failure,-0.1,93.2,-42.0,4.021,5195.8,1,1,0.605
47,admin.,married,university.degree,no,yes,no,cellular,aug,wed,1129,10,999,0,nonexistent,1.4,93.444,-36.1,4.964,5228.1,1,1,0.605
30,technician,single,university.degree,unknown,yes,no,telephone,may,thu,1109,3,999,0,nonexistent,1.1,93.994,-36.4,4.86,5191.0,1,1,0.605
31,services,married,high.school,no,no,no,telephone,may,fri,1269,1,999,0,nonexistent,1.1,93.994,-36.4,4.864,5191.0,1,1,0.605
45,self-employed,married,basic.6y,unknown,no,no,telephone,may,thu,734,1,999,0,nonexistent,1.1,93.994,-36.4,4.86,5191.0,1,1,0.605
44,technician,single,university.degree,no,yes,no,cellular,aug,wed,763,3,999,0,nonexistent,1.4,93.444,-36.1,4.964,5228.1,1,1,0.605
52,services,married,high.school,unknown,unknown,unknown,telephone,may,fri,854,2,999,0,nonexistent,1.1,93.994,-36.4,4.864,5191.0,1,1,0.605
33,blue-collar,married,basic.4y,no,no,yes,cellular,may,wed,496,2,999,1,failure,-1.8,92.893,-46.2,1.281,5099.1,1,1,0.605
44,technician,single,high.school,unknown,no,no,cellular,may,wed,394,1,999,0,nonexistent,-1.8,92.893,-46.2,1.281,5099.1,1,1,0.605
42,admin.,married,high.school,no,no,no,cellular,nov,mon,651,2,999,1,failure,-0.1,93.2,-42.0,4.191,5195.8,1,1,0.605
29,blue-collar,married,basic.4y,unknown,no,no,cellular,may,tue,658,1,999,1,failure,-1.8,92.893,-46.2,1.291,5099.1,1,1,0.6044380121396055
31,admin.,single,university.degree,no,no,no,cellular,aug,tue,507,1,999,0,nonexistent,1.4,93.444,-36.1,4.966,5228.1,1,1,0.6041045449417793
31,admin.,single,university.degree,no,no,no,cellular,aug,tue,138,1,999,0,nonexistent,1.4,93.444,-36.1,4.966,5228.1,0,1,0.6041045449417793
27,services,single,high.school,no,no,no,cellular,jul,mon,1071,3,999,0,nonexistent,1.4,93.918,-42.7,4.962,5228.1,1,1,0.6038972052758129
27,services,single,high.school,no,no,no,cellular,jul,mon,68,3,999,0,nonexistent,1.4,93.918,-42.7,4.962,5228.1,0,1,0.6038972052758129
41,blue-collar,married,basic.4y,no,yes,no,cellular,may,tue,1101,1,999,0,nonexistent,-1.8,92.893,-46.2,1.344,5099.1,0,1,0.6032669877985675
41,blue-collar,married,basic.4y,no,yes,no,cellular,may,tue,894,1,999,0,nonexistent,-1.8,92.893,-46.2,1.344,5099.1,1,1,0.6032669877985675
38,technician,married,professional.course,no,yes,no,cellular,mar,thu,182,1,999,0,nonexistent,-1.8,92.843,-50.0,1.757,5099.1,1,1,0.6030611917877741
30,technician,unknown,university.degree,no,no,no,cellular,oct,fri,131,2,16,1,success,-1.1,94.601,-49.5,0.942,4963.6,0,0,0.6025
33,blue-collar,divorced,basic.9y,unknown,no,no,telephone,may,thu,1867,6,999,0,nonexistent,1.1,93.994,-36.4,4.86,5191.0,1,1,0.6025
36,admin.,married,high.school,no,no,no,telephone,may,tue,753,6,999,0,nonexistent,1.1,93.994,-36.4,4.856,5191.0,1,1,0.6025
21,student,single,high.school,unknown,no,no,cellular,may,fri,885,3,999,0,nonexistent,-1.8,92.893,-46.2,1.25,5099.1,1,1,0.6025
43,blue-collar,married,basic.9y,no,no,no,cellular,jul,mon,458,6,999,0,nonexistent,1.4,93.918,-42.7,4.962,5228.1,1,1,0.6025
28,services,divorced,high.school,unknown,no,yes,cellular,jul,fri,278,2,999,0,nonexistent,1.4,93.918,-42.7,4.957,5228.1,1,1,0.6025
31,entrepreneur,divorced,high.school,no,yes,no,telephone,may,thu,1120,2,999,0,nonexistent,1.1,93.994,-36.4,4.855,5191.0,1,1,0.6025
48,blue-collar,married,unknown,no,yes,yes,cellular,aug,wed,742,1,999,0,nonexistent,1.4,93.444,-36.1,4.967,5228.1,1,1,0.6025
37,technician,divorced,professional.course,no,no,no,cellular,aug,fri,780,2,999,0,nonexistent,1.4,93.444,-36.1,4.966,5228.1,1,1,0.6025
56,services,married,high.school,no,no,no,telephone,nov,thu,871,3,999,0,nonexistent,-0.1,93.2,-42.0,4.076,5195.8,1,1,0.6025
29,blue-collar,single,high.school,no,yes,no,cellular,jul,tue,966,2,999,0,nonexistent,1.4,93.918,-42.7,4.961,5228.1,1,1,0.6025
30,admin.,single,university.degree,no,no,yes,cellular,aug,mon,309,1,999,0,nonexistent,1.4,93.444,-36.1,4.965,5228.1,0,1,0.6023629469905579
30,admin.,single,university.degree,no,no,yes,cellular,aug,mon,545,1,999,0,nonexistent,1.4,93.444,-36.1,4.965,5228.1,1,1,0.6023629469905579
23,student,single,basic.9y,no,yes,no,cellular,dec,tue,256,2,999,0,nonexistent,-3.0,92.713,-33.0,0.708,5023.5,1,1,0.6014189285357083
23,student,single,basic.9y,no,yes,no,cellular,dec,tue,321,2,999,0,nonexistent,-3.0,92.713,-33.0,0.708,5023.5,1,1,0.6014189285357083
23,student,single,basic.9y,no,yes,no,cellular,dec,tue,158,2,999,0,nonexistent,-3.0,92.713,-33.0,0.708,5023.5,0,1,0.6014189285357083
28,admin.,single,university.degree,no,no,no,cellular,jul,thu,395,2,999,0,nonexistent,1.4,93.918,-42.7,4.968,5228.1,0,1,0.600673710925572
28,admin.,single,university.degree,no,no,no,cellular,jul,thu,727,2,999,0,nonexistent,1.4,93.918,-42.7,4.968,5228.1,1,1,0.600673710925572
28,admin.,single,university.degree,no,no,no,cellular,jul,thu,829,2,999,0,nonexistent,1.4,93.918,-42.7,4.968,5228.1,1,1,0.600673710925572
35,admin.,single,university.degree,unknown,no,no,cellular,jul,thu,863,1,999,0,nonexistent,1.4,93.918,-42.7,4.963,5228.1,1,1,0.6005006630267272
35,admin.,single,university.degree,unknown,no,no,cellular,jul,thu,250,1,999,0,nonexistent,1.4,93.918,-42.7,4.963,5228.1,0,1,0.6005006630267272
38,services,married,high.school,no,no,no,cellular,jul,thu,145,2,999,0,nonexistent,1.4,93.918,-42.7,4.968,5228.1,0,1,0.6003167754913313
38,services,married,high.school,no,no,no,cellular,jul,thu,857,2,999,0,nonexistent,1.4,93.918,-42.7,4.968,5228.1,1,1,0.6003167754913313
37,admin.,married,high.school,no,yes,yes,telephone,jul,wed,1089,2,999,0,nonexistent,1.4,93.918,-42.7,4.963,5228.1,1,1,0.6
38,services,married,high.school,no,yes,no,telephone,may,mon,552,3,999,0,nonexistent,1.1,93.994,-36.4,4.858,5191.0,1,1,0.6
42,technician,married,basic.9y,no,no,no,cellular,jul,tue,723,3,999,0,nonexistent,1.4,93.918,-42.7,4.961,5228.1,1,1,0.6
36,technician,single,professional.course,no,no,no,cellular,dec,mon,371,1,999,0,nonexistent,-3.0,92.713,-33.0,0.717,5023.5,0,1,0.6
37,blue-collar,divorced,basic.9y,no,yes,no,telephone,may,thu,604,4,999,0,nonexistent,-1.8,92.893,-46.2,1.266,5099.1,1,1,0.6
71,retired,married,basic.4y,no,no,no,cellular,nov,tue,71,2,999,1,failure,-3.4,92.649,-30.1,0.715,5017.5,0,1,0.6
45,technician,married,university.degree,no,yes,no,telephone,may,fri,1143,3,999,0,nonexistent,1.1,93.994,-36.4,4.859,5191.0,1,1,0.6
33,services,single,high.school,no,no,no,telephone,may,fri,777,2,999,0,nonexistent,1.1,93.994,-36.4,4.857,5191.0,1,1,0.6
32,admin.,single,professional.course,no,yes,no,cellular,jul,wed,72,1,999,0,nonexistent,-2.9,92.469,-33.6,1.029,5076.2,0,1,0.5995666735824655
33,services,married,high.school,no,yes,no,cellular,may,fri,88,1,999,0,nonexistent,-1.8,92.893,-46.2,1.313,5099.1,0,1,0.5995213314607213
33,services,married,high.school,no,yes,no,cellular,may,fri,729,1,999,0,nonexistent,-1.8,92.893,-46.2,1.313,5099.1,1,1,0.5995213314607213
46,blue-collar,divorced,basic.9y,no,no,yes,cellular,apr,wed,903,1,999,0,nonexistent,-1.8,93.075,-47.1,1.445,5099.1,1,1,0.5994957157670687
26,blue-collar,single,basic.9y,no,no,no,cellular,jul,wed,1139,1,999,0,nonexistent,1.4,93.918,-42.7,4.962,5228.1,1,1,0.5994756859549035
46,housemaid,single,university.degree,no,yes,yes,cellular,jun,fri,324,1,3,1,success,-2.9,92.963,-40.8,1.268,5076.2,1,0,0.5992074070730886
32,management,single,university.degree,no,yes,no,cellular,mar,tue,164,1,999,0,nonexistent,-1.8,92.843,-50.0,1.687,5099.1,0,1,0.5980818473855237
32,management,single,university.degree,no,yes,no,cellular,mar,tue,106,1,999,0,nonexistent,-1.8,92.843,-50.0,1.687,5099.1,1,1,0.5980818473855237
32,management,single,university.degree,no,yes,no,cellular,mar,tue,59,1,999,0,nonexistent,-1.8,92.843,-50.0,1.687,5099.1,0,1,0.5980818473855237
36,technician,single,professional.course,no,no,no,cellular,aug,mon,444,3,999,0,nonexistent,1.4,93.444,-36.1,4.965,5228.1,1,1,0.5979651792468779
36,technician,single,professional.course,no,no,no,cellular,aug,mon,345,3,999,0,nonexistent,1.4,93.444,-36.1,4.965,5228.1,0,1,0.5979651792468779
33,technician,divorced,professional.course,no,no,no,telephone,may,mon,1218,3,999,0,nonexistent,1.1,93.994,-36.4,4.858,5191.0,1,1,0.5975
45,self-employed,divorced,university.degree,no,no,yes,cellular,jul,mon,890,4,999,0,nonexistent,1.4,93.918,-42.7,4.962,5228.1,1,1,0.5975
54,admin.,divorced,university.degree,unknown,no,no,cellular,nov,fri,558,1,999,0,nonexistent,-0.1,93.2,-42.0,4.021,5195.8,1,1,0.5975
29,technician,single,university.degree,no,yes,yes,cellular,may,fri,437,3,999,0,nonexistent,-1.8,92.893,-46.2,1.25,5099.1,1,1,0.5975
37,admin.,married,university.degree,no,no,no,cellular,aug,wed,996,1,999,0,nonexistent,1.4,93.444,-36.1,4.967,5228.1,1,1,0.5975
24,technician,single,basic.6y,no,yes,no,telephone,jul,thu,1448,7,999,0,nonexistent,1.4,93.918,-42.7,4.958,5228.1,1,1,0.5975
38,self-employed,married,basic.9y,no,no,no,cellular,may,wed,1130,2,999,0,nonexistent,-1.8,92.893,-46.2,1.281,5099.1,1,1,0.5975
70,retired,married,basic.4y,no,yes,no,telephone,apr,tue,268,2,999,1,failure,-1.8,93.749,-34.6,0.642,5008.7,0,1,0.5975
26,admin.,married,high.school,no,no,no,cellular,jun,wed,598,4,12,3,failure,-1.7,94.055,-39.8,0.767,4991.6,1,0,0.5975
49,self-employed,married,high.school,no,no,no,cellular,may,fri,532,3,999,0,nonexistent,-1.8,92.893,-46.2,1.25,5099.1,1,1,0.597240391281479
49,self-employed,married,high.school,no,no,no,cellular,may,fri,309,3,999,0,nonexistent,-1.8,92.893,-46.2,1.25,5099.1,0,1,0.597240391281479
44,admin.,married,university.degree,no,no,no,cellular,oct,wed,1206,1,999,0,nonexistent,-3.4,92.431,-26.9,0.735,5017.5,0,1,0.5972176783004552
42,technician,married,professional.course,no,no,no,cellular,may,mon,377,1,999,0,nonexistent,-1.8,92.893,-46.2,1.264,5099.1,1,1,0.5972053920454499
42,technician,married,professional.course,no,no,no,cellular,may,mon,85,1,999,0,nonexistent,-1.8,92.893,-46.2,1.264,5099.1,0,1,0.5972053920454499
26,student,single,basic.9y,no,no,no,telephone,aug,wed,127,1,999,0,nonexistent,-2.9,92.201,-31.4,0.879,5076.2,0,1,0.5970388154624928
26,student,single,basic.9y,no,no,no,telephone,aug,wed,449,1,999,0,nonexistent,-2.9,92.201,-31.4,0.879,5076.2,1,1,0.5970388154624928
46,management,married,university.degree,no,no,no,cellular,jul,mon,662,2,999,0,nonexistent,1.4,93.918,-42.7,4.962,5228.1,1,1,0.5969619856335597
46,management,married,university.degree,no,no,no,cellular,jul,mon,89,2,999,0,nonexistent,1.4,93.918,-42.7,4.962,5228.1,0,1,0.5969619856335597
35,admin.,married,university.degree,no,no,no,cellular,aug,mon,347,1,999,0,nonexistent,1.4,93.444,-36.1,4.965,5228.1,0,1,0.5965897681555872
53,technician,married,professional.course,no,yes,no,cellular,apr,thu,301,1,999,0,nonexistent,-1.8,93.075,-47.1,1.365,5099.1,1,1,0.5965051161495042
46,housemaid,married,basic.4y,unknown,no,no,cellular,jul,fri,550,2,999,0,nonexistent,1.4,93.918,-42.7,4.963,5228.1,0,1,0.5960133099830884
46,housemaid,married,basic.4y,unknown,no,no,cellular,jul,fri,1649,2,999,0,nonexistent,1.4,93.918,-42.7,4.963,5228.1,1,1,0.5960133099830884
30,blue-collar,married,basic.9y,no,yes,no,cellular,may,mon,55,1,999,1,failure,-1.8,92.893,-46.2,1.299,5099.1,0,1,0.5951462614706595
30,blue-collar,married,basic.9y,no,yes,no,cellular,may,mon,1038,1,999,1,failure,-1.8,92.893,-46.2,1.299,5099.1,1,1,0.5951462614706595
30,admin.,divorced,university.degree,no,no,no,cellular,nov,tue,464,1,999,0,nonexistent,-0.1,93.2,-42.0,4.153,5195.8,0,1,0.5951046227800159
30,admin.,divorced,university.degree,no,no,no,cellular,nov,tue,453,1,999,0,nonexistent,-0.1,93.2,-42.0,4.153,5195.8,1,1,0.5951046227800159
30,admin.,single,university.degree,no,yes,no,cellular,aug,thu,1109,11,999,0,nonexistent,1.4,93.444,-36.1,4.962,5228.1,1,1,0.595
33,entrepreneur,married,university.degree,no,yes,no,cellular,jul,mon,766,3,999,0,nonexistent,1.4,93.918,-42.7,4.962,5228.1,1,1,0.595
29,technician,single,high.school,unknown,no,no,cellular,aug,wed,921,3,999,0,nonexistent,1.4,93.444,-36.1,4.964,5228.1,1,1,0.595
26,technician,single,high.school,no,yes,yes,cellular,jul,mon,894,7,999,0,nonexistent,1.4,93.918,-42.7,4.962,5228.1,1,1,0.595
40,blue-collar,married,basic.4y,unknown,yes,no,cellular,nov,thu,628,1,999,0,nonexistent,-0.1,93.2,-42.0,4.076,5195.8,1,1,0.595
48,entrepreneur,married,university.degree,no,yes,no,cellular,may,fri,316,2,999,0,nonexistent,-1.8,92.893,-46.2,1.259,5099.1,1,1,0.595
41,technician,married,professional.course,unknown,yes,no,telephone,may,mon,579,1,999,0,nonexistent,1.1,93.994,-36.4,4.857,5191.0,1,1,0.595
28,blue-collar,married,basic.9y,no,no,yes,telephone,may,fri,1064,4,999,0,nonexistent,1.1,93.994,-36.4,4.859,5191.0,1,1,0.595
48,technician,married,professional.course,no,yes,no,cellular,aug,fri,336,8,999,0,nonexistent,1.4,93.444,-36.1,4.964,5228.1,1,1,0.595
29,admin.,married,university.degree,no,no,no,cellular,aug,fri,604,3,999,0,nonexistent,1.4,93.444,-36.1,4.964,5228.1,1,1,0.595
26,admin.,single,high.school,no,no,no,telephone,oct,fri,257,2,4,1,success,-3.4,92.431,-26.9,0.73,5017.5,1,0,0.595
51,admin.,divorced,unknown,no,yes,no,telephone,jun,tue,528,2,999,0,nonexistent,1.4,94.465,-41.8,4.958,5228.1,1,1,0.595
24,student,single,high.school,no,no,no,cellular,may,wed,669,1,999,1,failure,-1.8,92.893,-46.2,1.281,5099.1,1,1,0.595
39,technician,divorced,professional.course,no,yes,no,cellular,may,wed,597,1,999,0,nonexistent,-1.8,92.893,-46.2,1.334,5099.1,1,1,0.595
31,student,single,unknown,unknown,yes,no,cellular,apr,thu,427,1,999,1,failure,-1.8,93.075,-47.1,1.41,5099.1,0,1,0.5933106841647301
31,student,single,unknown,unknown,yes,no,cellular,apr,thu,1156,1,999,1,failure,-1.8,93.075,-47.1,1.41,5099.1,1,1,0.5933106841647301
31,admin.,single,basic.9y,no,no,no,cellular,may,fri,406,4,999,0,nonexistent,-1.8,92.893,-46.2,1.25,5099.1,1,1,0.5925
45,unemployed,married,high.school,no,no,no,cellular,sep,wed,1081,2,999,0,nonexistent,-1.1,94.199,-37.5,0.88,4963.6,1,1,0.5925
41,admin.,married,university.degree,unknown,yes,no,cellular,aug,thu,583,11,999,0,nonexistent,1.4,93.444,-36.1,4.962,5228.1,1,1,0.5925
41,blue-collar,married,basic.9y,no,no,no,cellular,may,tue,1240,1,999,0,nonexistent,-1.8,92.893,-46.2,1.344,5099.1,1,1,0.5925
34,blue-collar,single,basic.9y,unknown,no,no,telephone,may,wed,576,3,999,0,nonexistent,1.1,93.994,-36.4,4.857,5191.0,1,1,0.5925
48,technician,married,high.school,no,yes,no,cellular,oct,thu,215,2,999,0,nonexistent,-3.4,92.431,-26.9,0.722,5017.5,1,1,0.5925
54,retired,married,basic.4y,no,yes,yes,telephone,jul,tue,533,3,999,0,nonexistent,1.4,93.918,-42.7,4.961,5228.1,1,1,0.5925
39,admin.,married,high.school,no,yes,no,telephone,jun,wed,1141,4,999,0,nonexistent,1.4,94.465,-41.8,4.864,5228.1,1,1,0.5925
43,management,married,basic.6y,no,no,no,cellular,apr,wed,121,1,999,1,failure,-1.8,93.075,-47.1,1.415,5099.1,0,1,0.591906384057154
43,management,married,basic.6y,no,no,no,cellular,apr,wed,945,1,999,1,failure,-1.8,93.075,-47.1,1.415,5099.1,1,1,0.591906384057154
24,blue-collar,single,basic.9y,no,unknown,unknown,cellular,jun,mon,128,1,3,1,success,-2.9,92.963,-40.8,1.266,5076.2,0,0,0.5912630972677096
40,blue-collar,divorced,professional.course,no,no,no,cellular,jun,wed,115,2,3,1,success,-2.9,92.963,-40.8,1.26,5076.2,1,0,0.5910148394964705
51,management,married,university.degree,no,yes,no,cellular,aug,tue,249,1,999,0,nonexistent,-2.9,92.201,-31.4,0.884,5076.2,1,1,0.5909674171060807
51,management,married,university.degree,no,yes,no,cellular,aug,tue,138,1,999,0,nonexistent,-2.9,92.201,-31.4,0.884,5076.2,0,1,0.5909674171060807
43,admin.,single,university.degree,no,no,yes,cellular,aug,wed,1471,7,999,0,nonexistent,1.4,93.444,-36.1,4.967,5228.1,1,1,0.59
50,management,married,university.degree,no,no,no,telephone,jun,mon,278,5,6,1,success,-1.7,94.055,-39.8,0.72,4991.6,1,0,0.59
33,blue-collar,married,basic.6y,unknown,yes,yes,telephone,may,fri,1132,2,999,0,nonexistent,1.1,93.994,-36.4,4.855,5191.0,1,1,0.59
59,admin.,divorced,university.degree,no,yes,no,cellular,mar,tue,236,1,999,0,nonexistent,-1.8,93.369,-34.8,0.635,5008.7,1,1,0.59
37,admin.,married,university.degree,no,unknown,unknown,cellular,jun,fri,602,1,10,1,success,-1.7,94.055,-39.8,0.719,4991.6,1,0,0.59
69,retired,married,unknown,no,no,no,cellular,apr,thu,117,1,999,0,nonexistent,-1.8,93.075,-47.1,1.41,5099.1,0,1,0.59
53,admin.,married,high.school,no,yes,no,cellular,jul,thu,99,6,999,0,nonexistent,-1.7,94.215,-40.3,0.899,4991.6,0,1,0.59
63,retired,married,basic.4y,no,no,no,cellular,jul,fri,273,1,999,0,nonexistent,-1.7,94.215,-40.3,0.896,4991.6,0,1,0.59
29,technician,single,high.school,no,yes,no,cellular,aug,fri,580,3,999,0,nonexistent,1.4,93.444,-36.1,4.966,5228.1,1,1,0.5898967505585491
33,management,divorced,university.degree,no,yes,no,cellular,jun,wed,187,1,999,0,nonexistent,-2.9,92.963,-40.8,1.26,5076.2,1,1,0.5877991897593533
33,management,divorced,university.degree,no,yes,no,cellular,jun,wed,63,1,999,0,nonexistent,-2.9,92.963,-40.8,1.26,5076.2,0,1,0.5877991897593533
52,blue-collar,married,basic.4y,unknown,yes,no,cellular,jul,fri,36,1,999,0,nonexistent,1.4,93.918,-42.7,4.962,5228.1,0,1,0.5876079390147725
52,blue-collar,married,basic.4y,unknown,yes,no,cellular,jul,fri,2015,1,999,0,nonexistent,1.4,93.918,-42.7,4.962,5228.1,1,1,0.5876079390147725
34,admin.,married,high.school,no,yes,no,cellular,aug,thu,103,1,999,0,nonexistent,1.4,93.444,-36.1,4.963,5228.1,0,1,0.5875239315256804
34,admin.,married,high.school,no,yes,no,cellular,aug,thu,1503,1,999,0,nonexistent,1.4,93.444,-36.1,4.963,5228.1,1,1,0.5875239315256804
34,admin.,married,university.degree,unknown,no,no,cellular,aug,tue,1227,2,999,0,nonexistent,1.4,93.444,-36.1,4.968,5228.1,1,1,0.5875
29,technician,single,university.degree,no,yes,no,telephone,may,tue,1051,1,999,0,nonexistent,1.1,93.994,-36.4,4.857,5191.0,1,1,0.5875
55,services,married,high.school,no,yes,yes,cellular,apr,mon,691,1,999,0,nonexistent,-1.8,93.075,-47.1,1.405,5099.1,1,1,0.5875
48,services,married,high.school,no,no,no,cellular,apr,mon,1112,3,999,0,nonexistent,-1.8,93.075,-47.1,1.405,5099.1,1,1,0.5875
63,housemaid,married,basic.9y,no,yes,no,cellular,apr,fri,164,1,999,0,nonexistent,-1.8,93.749,-34.6,0.645,5008.7,0,1,0.5875
33,technician,married,professional.course,no,yes,no,cellular,sep,wed,269,1,999,0,nonexistent,-1.1,94.199,-37.5,0.886,4963.6,1,1,0.5875
38,admin.,married,unknown,no,yes,no,cellular,jul,wed,87,3,999,0,nonexistent,1.4,93.918,-42.7,4.963,5228.1,0,1,0.5875
30,admin.,single,university.degree,no,no,no,cellular,may,tue,113,1,6,1,success,-1.8,93.876,-40.0,0.668,5008.7,0,0,0.5875
38,admin.,married,unknown,no,yes,no,cellular,jul,wed,481,3,999,0,nonexistent,1.4,93.918,-42.7,4.963,5228.1,1,1,0.5875
28,technician,single,high.school,no,yes,no,cellular,may,wed,576,2,999,0,nonexistent,-1.8,92.893,-46.2,1.334,5099.1,1,1,0.5872080424886191
33,services,married,high.school,no,no,no,cellular,jul,fri,1060,2,999,0,nonexistent,1.4,93.918,-42.7,4.963,5228.1,1,1,0.5870134820469662
33,services,married,high.school,no,no,no,cellular,jul,fri,90,2,999,0,nonexistent,1.4,93.918,-42.7,4.963,5228.1,0,1,0.5870134820469662
47,admin.,divorced,high.school,no,no,no,cellular,jul,mon,532,1,999,0,nonexistent,1.4,93.918,-42.7,4.96,5228.1,1,1,0.5868982142168597
47,admin.,divorced,high.school,no,no,no,cellular,jul,mon,480,1,999,0,nonexistent,1.4,93.918,-42.7,4.96,5228.1,0,1,0.5868982142168597
29,technician,single,university.degree,no,yes,no,cellular,jun,wed,165,1,999,0,nonexistent,-2.9,92.963,-40.8,1.26,5076.2,1,1,0.585506154945709
29,technician,single,university.degree,no,yes,no,cellular,jun,wed,138,1,999,0,nonexistent,-2.9,92.963,-40.8,1.26,5076.2,0,1,0.585506154945709
29,technician,single,university.degree,no,yes,no,cellular,jun,wed,101,1,999,0,nonexistent,-2.9,92.963,-40.8,1.26,5076.2,0,1,0.585506154945709
31,blue-collar,single,basic.9y,no,no,no,telephone,jun,wed,767,2,999,0,nonexistent,1.4,94.465,-41.8,4.864,5228.1,1,1,0.5853913953029496
31,blue-collar,single,basic.9y,no,no,no,telephone,jun,wed,87,2,999,0,nonexistent,1.4,94.465,-41.8,4.864,5228.1,0,1,0.5853913953029496
32,admin.,single,university.degree,no,no,no,cellular,aug,wed,168,1,999,0,nonexistent,1.4,93.444,-36.1,4.965,5228.1,0,1,0.5853478408806453
32,admin.,single,university.degree,no,no,no,cellular,aug,wed,823,1,999,0,nonexistent,1.4,93.444,-36.1,4.965,5228.1,1,1,0.5853478408806453
40,services,married,professional.course,no,yes,no,cellular,oct,thu,244,1,3,1,success,-3.4,92.431,-26.9,0.74,5017.5,1,0,0.585
32,technician,married,professional.course,no,yes,no,cellular,oct,wed,275,2,999,0,nonexistent,-1.1,94.601,-49.5,0.959,4963.6,1,1,0.585
56,retired,married,basic.4y,no,no,no,cellular,mar,wed,181,2,9,2,failure,-1.8,93.369,-34.8,0.644,5008.7,0,0,0.585
33,technician,single,professional.course,no,yes,no,cellular,sep,fri,395,1,999,0,nonexistent,-1.1,94.199,-37.5,0.879,4963.6,1,1,0.585
27,student,single,high.school,no,no,no,cellular,mar,fri,219,1,999,0,nonexistent,-1.8,93.369,-34.8,0.653,5008.7,1,1,0.585
30,student,single,professional.course,no,yes,no,cellular,sep,mon,1616,4,19,1,success,-1.1,94.199,-37.5,0.879,4963.6,0,0,0.585
23,blue-collar,single,high.school,no,yes,no,cellular,jul,wed,60,1,999,0,nonexistent,1.4,93.918,-42.7,4.957,5228.1,0,1,0.5847247380483802
23,blue-collar,single,high.school,no,yes,no,cellular,jul,wed,830,1,999,0,nonexistent,1.4,93.918,-42.7,4.957,5228.1,1,1,0.5847247380483802
38,technician,married,professional.course,no,no,no,cellular,mar,thu,92,1,999,0,nonexistent,-1.8,92.843,-50.0,1.757,5099.1,0,1,0.584512610237836
38,technician,married,professional.course,no,no,no,cellular,mar,thu,106,1,999,0,nonexistent,-1.8,92.843,-50.0,1.757,5099.1,1,1,0.584512610237836
38,technician,married,professional.course,no,no,no,cellular,mar,thu,84,1,999,0,nonexistent,-1.8,92.843,-50.0,1.757,5099.1,0,1,0.584512610237836
38,technician,married,professional.course,no,no,no,cellular,mar,thu,119,1,999,0,nonexistent,-1.8,92.843,-50.0,1.757,5099.1,0,1,0.584512610237836
31,admin.,single,university.degree,no,yes,no,cellular,aug,tue,191,2,999,0,nonexistent,1.4,93.444,-36.1,4.963,5228.1,0,1,0.5841017846524431
31,admin.,single,university.degree,no,yes,no,cellular,aug,tue,1032,2,999,0,nonexistent,1.4,93.444,-36.1,4.963,5228.1,1,1,0.5841017846524431
45,admin.,married,university.degree,no,no,no,cellular,sep,mon,394,1,999,0,nonexistent,-3.4,92.379,-29.8,0.797,5017.5,0,1,0.5840111807212671
45,admin.,married,university.degree,no,no,no,cellular,sep,mon,587,1,999,0,nonexistent,-3.4,92.379,-29.8,0.797,5017.5,1,1,0.5840111807212671
36,admin.,married,university.degree,no,no,no,cellular,aug,mon,123,2,999,0,nonexistent,1.4,93.444,-36.1,4.965,5228.1,0,1,0.5839706461427776
36,admin.,married,university.degree,no,no,no,cellular,aug,mon,610,2,999,0,nonexistent,1.4,93.444,-36.1,4.965,5228.1,1,1,0.5839706461427776
32,technician,single,high.school,no,yes,no,cellular,aug,mon,433,3,999,0,nonexistent,1.4,93.444,-36.1,4.965,5228.1,0,1,0.5831978842273577
32,technician,single,high.school,no,yes,no,cellular,aug,mon,606,3,999,0,nonexistent,1.4,93.444,-36.1,4.965,5228.1,1,1,0.5831978842273577
38,blue-collar,divorced,basic.9y,no,no,no,cellular,jul,fri,764,2,999,0,nonexistent,1.4,93.918,-42.7,4.963,5228.1,1,1,0.5830988870486111
38,blue-collar,divorced,basic.9y,no,no,no,cellular,jul,fri,128,2,999,0,nonexistent,1.4,93.918,-42.7,4.963,5228.1,0,1,0.5830988870486111
31,admin.,single,university.degree,no,yes,no,cellular,nov,wed,228,1,999,0,nonexistent,-1.1,94.767,-50.8,1.048,4963.6,0,1,0.5825
35,services,married,high.school,no,no,no,telephone,may,fri,1349,5,999,0,nonexistent,1.1,93.994,-36.4,4.857,5191.0,1,1,0.5825
35,admin.,married,high.school,no,yes,no,cellular,jul,tue,992,2,999,0,nonexistent,1.4,93.918,-42.7,4.962,5228.1,1,1,0.5825
29,admin.,single,university.degree,no,yes,yes,cellular,nov,thu,736,1,999,0,nonexistent,-0.1,93.2,-42.0,4.076,5195.8,1,1,0.5821441577018583
29,admin.,single,university.degree,no,yes,yes,cellular,nov,thu,60,1,999,0,nonexistent,-0.1,93.2,-42.0,4.076,5195.8,0,1,0.5821441577018583
30,admin.,married,university.degree,no,yes,no,cellular,aug,mon,618,3,999,0,nonexistent,1.4,93.444,-36.1,4.963,5228.1,1,1,0.5811197161763346
30,admin.,married,university.degree,no,yes,no,cellular,aug,mon,286,3,999,0,nonexistent,1.4,93.444,-36.1,4.963,5228.1,0,1,0.5811197161763346
56,services,married,basic.4y,unknown,no,no,cellular,jul,tue,534,1,999,0,nonexistent,1.4,93.918,-42.7,4.962,5228.1,1,1,0.5807805538343219
56,services,married,basic.4y,unknown,no,no,cellular,jul,tue,160,1,999,0,nonexistent,1.4,93.918,-42.7,4.962,5228.1,0,1,0.5807805538343219
44,blue-collar,married,basic.9y,unknown,yes,no,cellular,jul,mon,369,1,999,0,nonexistent,1.4,93.918,-42.7,4.96,5228.1,0,1,0.5804844157809871
44,blue-collar,married,basic.9y,unknown,yes,no,cellular,jul,mon,574,1,999,0,nonexistent,1.4,93.918,-42.7,4.96,5228.1,1,1,0.5804844157809871
30,blue-collar,married,high.school,no,no,no,cellular,mar,tue,658,1,999,0,nonexistent,-1.8,93.369,-34.8,0.655,5008.7,1,1,0.58
39,blue-collar,married,basic.9y,no,yes,no,cellular,nov,tue,741,4,999,1,failure,-0.1,93.2,-42.0,4.153,5195.8,1,1,0.58
85,housemaid,married,basic.4y,unknown,no,no,cellular,apr,tue,166,1,999,0,nonexistent,-1.8,93.749,-34.6,0.642,5008.7,0,1,0.58
33,services,single,high.school,unknown,yes,no,cellular,jul,tue,560,2,999,0,nonexistent,1.4,93.918,-42.7,4.961,5228.1,1,1,0.5793345056068752
33,services,single,high.school,unknown,yes,no,cellular,jul,tue,282,2,999,0,nonexistent,1.4,93.918,-42.7,4.961,5228.1,0,1,0.5793345056068752
33,blue-collar,single,high.school,no,no,no,cellular,may,mon,2301,1,999,0,nonexistent,-1.8,92.893,-46.2,1.244,5099.1,1,1,0.5778544633860729
33,blue-collar,single,high.school,no,no,no,cellular,may,mon,222,1,999,0,nonexistent,-1.8,92.893,-46.2,1.244,5099.1,0,1,0.5778544633860729
34,housemaid,single,basic.4y,no,yes,no,cellular,nov,tue,393,4,999,0,nonexistent,-3.4,92.649,-30.1,0.715,5017.5,1,1,0.5775
28,technician,single,professional.course,no,yes,no,cellular,nov,wed,296,1,999,1,failure,-3.4,92.649,-30.1,0.716,5017.5,1,1,0.5775
40,technician,single,university.degree,no,yes,no,cellular,nov,mon,139,2,3,1,success,-3.4,92.649,-30.1,0.714,5017.5,0,0,0.5775
35,blue-collar,married,basic.9y,no,yes,no,cellular,jul,mon,330,2,999,0,nonexistent,1.4,93.918,-42.7,4.962,5228.1,0,1,0.5771658137539452
35,blue-collar,married,basic.9y,no,yes,no,cellular,jul,mon,788,2,999,0,nonexistent,1.4,93.918,-42.7,4.962,5228.1,1,1,0.5771658137539452
33,blue-collar,divorced,basic.9y,no,yes,no,cellular,jul,wed,729,2,999,0,nonexistent,1.4,93.918,-42.7,4.963,5228.1,1,1,0.5769661548491517
26,technician,single,university.degree,no,no,no,cellular,oct,wed,649,1,999,0,nonexistent,-1.1,94.601,-49.5,0.959,4963.6,1,1,0.5756286623633892
35,admin.,married,high.school,no,no,no,cellular,jul,wed,788,1,999,0,nonexistent,1.4,93.918,-42.7,4.963,5228.1,1,1,0.5750576198035007
35,admin.,married,high.school,no,no,no,cellular,jul,wed,223,1,999,0,nonexistent,1.4,93.918,-42.7,4.963,5228.1,0,1,0.5750576198035007
52,admin.,divorced,university.degree,no,yes,no,cellular,jul,mon,867,2,999,0,nonexistent,1.4,93.918,-42.7,4.962,5228.1,1,1,0.575
19,student,single,unknown,no,yes,no,telephone,apr,fri,1161,5,999,0,nonexistent,-1.8,93.075,-47.1,1.405,5099.1,0,1,0.575
22,student,single,high.school,no,no,no,cellular,oct,fri,270,3,6,1,success,-3.4,92.431,-26.9,0.73,5017.5,1,0,0.575
40,blue-collar,married,basic.6y,no,yes,no,cellular,nov,wed,1057,1,999,0,nonexistent,-0.1,93.2,-42.0,4.12,5195.8,1,1,0.575
24,services,single,high.school,no,no,no,cellular,may,fri,576,4,999,1,failure,-1.8,92.893,-46.2,1.25,5099.1,1,1,0.5749029201109289
24,services,single,high.school,no,no,no,cellular,may,fri,145,4,999,1,failure,-1.8,92.893,-46.2,1.25,5099.1,0,1,0.5749029201109289
64,retired,married,university.degree,no,yes,no,cellular,apr,wed,102,1,999,0,nonexistent,-1.8,93.075,-47.1,1.405,5099.1,0,1,0.5743597861194466
53,retired,married,basic.9y,unknown,yes,no,cellular,jul,fri,817,2,999,0,nonexistent,1.4,93.918,-42.7,4.963,5228.1,1,1,0.5743509718898455
53,retired,married,basic.9y,unknown,yes,no,cellular,jul,fri,181,2,999,0,nonexistent,1.4,93.918,-42.7,4.963,5228.1,0,1,0.5743509718898455
40,management,married,university.degree,no,no,no,cellular,nov,tue,131,2,999,1,failure,-0.1,93.2,-42.0,4.153,5195.8,0,1,0.5743469414249041
40,management,married,university.degree,no,no,no,cellular,nov,tue,1122,2,999,1,failure,-0.1,93.2,-42.0,4.153,5195.8,1,1,0.5743469414249041
34,self-employed,married,illiterate,no,yes,no,cellular,nov,thu,51,1,999,0,nonexistent,-0.1,93.2,-42.0,4.076,5195.8,0,1,0.5743210465011797
34,self-employed,married,illiterate,no,yes,no,cellular,nov,thu,488,1,999,0,nonexistent,-0.1,93.2,-42.0,4.076,5195.8,1,1,0.5743210465011797
38,technician,single,university.degree,no,no,no,telephone,may,tue,137,1,999,0,nonexistent,1.1,93.994,-36.4,4.856,5191.0,0,1,0.5742419776919647
38,technician,single,university.degree,no,no,no,telephone,may,tue,1015,1,999,0,nonexistent,1.1,93.994,-36.4,4.856,5191.0,1,1,0.5742419776919647
56,admin.,divorced,unknown,no,no,no,cellular,dec,wed,205,1,999,0,nonexistent,-3.0,92.713,-33.0,0.715,5023.5,0,1,0.5741554722261292
54,technician,divorced,professional.course,unknown,yes,no,cellular,aug,thu,121,1,999,0,nonexistent,1.4,93.444,-36.1,4.963,5228.1,0,1,0.5734925233639522
54,technician,divorced,professional.course,unknown,yes,no,cellular,aug,thu,1117,1,999,0,nonexistent,1.4,93.444,-36.1,4.963,5228.1,1,1,0.5734925233639522
33,management,single,university.degree,no,yes,yes,cellular,apr,wed,427,1,999,0,nonexistent,-1.8,93.075,-47.1,1.498,5099.1,0,1,0.5734438280211325
33,management,single,university.degree,no,yes,yes,cellular,apr,wed,1176,1,999,0,nonexistent,-1.8,93.075,-47.1,1.498,5099.1,1,1,0.5734438280211325
41,blue-collar,married,basic.9y,no,no,no,telephone,may,thu,500,1,999,0,nonexistent,1.1,93.994,-36.4,4.86,5191.0,1,1,0.572254650118147
41,blue-collar,married,basic.9y,no,no,no,telephone,may,thu,441,1,999,0,nonexistent,1.1,93.994,-36.4,4.86,5191.0,0,1,0.572254650118147
31,blue-collar,single,high.school,no,yes,yes,cellular,jul,wed,376,1,999,0,nonexistent,1.4,93.918,-42.7,4.963,5228.1,0,1,0.5721158468206038
31,blue-collar,single,high.school,no,yes,yes,cellular,jul,wed,870,1,999,0,nonexistent,1.4,93.918,-42.7,4.963,5228.1,1,1,0.5721158468206038
35,admin.,married,high.school,unknown,yes,no,cellular,jul,fri,393,1,999,0,nonexistent,1.4,93.918,-42.7,4.963,5228.1,0,1,0.5717045988626223
35,admin.,married,high.school,unknown,yes,no,cellular,jul,fri,794,1,999,0,nonexistent,1.4,93.918,-42.7,4.963,5228.1,1,1,0.5717045988626223
39,admin.,married,university.degree,no,no,no,telephone,may,mon,744,6,999,0,nonexistent,1.1,93.994,-36.4,4.857,5191.0,1,1,0.5708317815642749
39,admin.,married,university.degree,no,no,no,telephone,may,mon,583,6,999,0,nonexistent,1.1,93.994,-36.4,4.857,5191.0,0,1,0.5708317815642749
46,admin.,married,university.degree,unknown,no,no,cellular,aug,mon,1141,2,999,0,nonexistent,1.4,93.444,-36.1,4.965,5228.1,1,1,0.5702918049176006
46,admin.,married,university.degree,unknown,no,no,cellular,aug,mon,143,2,999,0,nonexistent,1.4,93.444,-36.1,4.965,5228.1,0,1,0.5702918049176006
37,admin.,single,university.degree,no,yes,yes,cellular,jun,tue,209,3,999,0,nonexistent,-1.7,94.055,-39.8,0.702,4991.6,0,1,0.57
29,services,married,high.school,no,yes,no,cellular,jul,mon,556,1,999,0,nonexistent,1.4,93.918,-42.7,4.96,5228.1,1,1,0.5692438626655141
29,services,married,high.school,no,yes,no,cellular,jul,mon,94,1,999,0,nonexistent,1.4,93.918,-42.7,4.96,5228.1,0,1,0.5692438626655141
46,services,married,unknown,no,no,no,cellular,aug,fri,109,1,999,0,nonexistent,1.4,93.444,-36.1,4.964,5228.1,0,1,0.5690995086034178
46,services,married,unknown,no,no,no,cellular,aug,fri,229,1,999,0,nonexistent,1.4,93.444,-36.1,4.964,5228.1,0,1,0.5690995086034178
46,services,married,unknown,no,no,no,cellular,aug,fri,739,1,999,0,nonexistent,1.4,93.444,-36.1,4.964,5228.1,1,1,0.5690995086034178
53,blue-collar,married,basic.9y,no,yes,no,cellular,aug,fri,160,1,999,0,nonexistent,1.4,93.444,-36.1,4.964,5228.1,0,1,0.5679161279887276
53,blue-collar,married,basic.9y,no,yes,no,cellular,aug,fri,58,1,999,0,nonexistent,1.4,93.444,-36.1,4.964,5228.1,0,1,0.5679161279887276
53,blue-collar,married,basic.9y,no,yes,no,cellular,aug,fri,565,1,999,0,nonexistent,1.4,93.444,-36.1,4.964,5228.1,1,1,0.5679161279887276
26,self-employed,single,university.degree,no,yes,no,cellular,sep,thu,333,1,999,0,nonexistent,-1.1,94.199,-37.5,0.878,4963.6,0,1,0.5675
34,admin.,divorced,high.school,no,no,no,cellular,mar,fri,156,1,999,0,nonexistent,-1.8,93.369,-34.8,0.636,5008.7,0,1,0.5675
37,technician,married,professional.course,no,yes,no,telephone,apr,mon,481,1,999,0,nonexistent,-1.8,93.749,-34.6,0.642,5008.7,1,1,0.5675
50,management,married,university.degree,unknown,yes,no,cellular,aug,mon,734,2,999,0,nonexistent,1.4,93.444,-36.1,4.965,5228.1,1,1,0.5675
27,services,single,university.degree,no,no,no,cellular,mar,fri,212,1,999,0,nonexistent,-1.8,93.369,-34.8,0.649,5008.7,1,1,0.5675
64,retired,married,unknown,no,no,no,cellular,aug,fri,252,4,999,0,nonexistent,-2.9,92.201,-31.4,0.849,5076.2,1,1,0.5675
63,housemaid,married,basic.4y,no,yes,no,cellular,sep,wed,299,1,3,1,success,-3.4,92.379,-29.8,0.749,5017.5,1,0,0.5675
42,technician,married,professional.course,no,no,no,cellular,apr,thu,94,1,999,1,failure,-1.8,93.075,-47.1,1.365,5099.1,0,1,0.5675
38,blue-collar,married,basic.9y,no,no,no,cellular,jul,fri,610,1,999,0,nonexistent,1.4,93.918,-42.7,4.957,5228.1,1,1,0.5672073879570568
38,blue-collar,married,basic.9y,no,no,no,cellular,jul,fri,286,1,999,0,nonexistent,1.4,93.918,-42.7,4.957,5228.1,0,1,0.5672073879570568
36,admin.,married,high.school,no,no,no,cellular,mar,tue,168,1,999,0,nonexistent,-1.8,92.843,-50.0,1.799,5099.1,1,1,0.5670241691976399
39,blue-collar,divorced,basic.6y,unknown,yes,no,cellular,may,wed,333,1,999,0,nonexistent,-1.8,92.893,-46.2,1.281,5099.1,1,1,0.566657032225354
39,blue-collar,divorced,basic.6y,unknown,yes,no,cellular,may,wed,408,1,999,0,nonexistent,-1.8,92.893,-46.2,1.281,5099.1,0,1,0.566657032225354
22,student,single,high.school,no,no,no,cellular,aug,thu,53,2,3,1,success,-2.9,92.201,-31.4,0.873,5076.2,0,0,0.565
49,admin.,single,high.school,no,no,no,cellular,oct,fri,165,1,999,1,failure,-3.4,92.431,-26.9,0.739,5017.5,0,1,0.565
29,admin.,single,university.degree,no,yes,no,cellular,jul,wed,276,1,999,0,nonexistent,-1.7,94.215,-40.3,0.84,4991.6,1,1,0.565
29,admin.,married,university.degree,no,yes,no,cellular,aug,wed,718,1,999,0,nonexistent,1.4,93.444,-36.1,4.964,5228.1,1,1,0.5648598674464647
29,admin.,married,university.degree,no,yes,no,cellular,aug,wed,216,1,999,0,nonexistent,1.4,93.444,-36.1,4.964,5228.1,0,1,0.5648598674464647
38,technician,single,university.degree,no,yes,no,cellular,dec,mon,329,2,999,0,nonexistent,-3.0,92.713,-33.0,0.717,5023.5,1,1,0.5644966974179814
31,admin.,married,high.school,no,no,no,cellular,jul,thu,293,1,999,0,nonexistent,1.4,93.918,-42.7,4.963,5228.1,0,1,0.5641673219099708
31,admin.,married,high.school,no,no,no,cellular,jul,thu,363,1,999,0,nonexistent,1.4,93.918,-42.7,4.963,5228.1,0,1,0.5641673219099708
31,admin.,married,high.school,no,no,no,cellular,jul,thu,634,1,999,0,nonexistent,1.4,93.918,-42.7,4.963,5228.1,1,1,0.5641673219099708
42,technician,married,professional.course,no,yes,no,cellular,aug,wed,543,1,999,0,nonexistent,1.4,93.444,-36.1,4.964,5228.1,1,1,0.5634558415926432
42,technician,married,professional.course,no,yes,no,cellular,aug,wed,192,1,999,0,nonexistent,1.4,93.444,-36.1,4.964,5228.1,0,1,0.5634558415926432
29,blue-collar,single,professional.course,no,yes,yes,cellular,mar,tue,176,1,999,0,nonexistent,-1.8,93.369,-34.8,0.652,5008.7,1,1,0.5625
25,unemployed,married,high.school,no,no,no,cellular,jun,thu,125,2,999,0,nonexistent,-2.9,92.963,-40.8,1.26,5076.2,0,1,0.5625
33,technician,married,university.degree,no,no,no,cellular,sep,wed,216,1,999,0,nonexistent,-1.1,94.199,-37.5,0.876,4963.6,1,1,0.5625
27,student,single,unknown,unknown,yes,no,cellular,apr,thu,458,1,999,0,nonexistent,-1.8,93.075,-47.1,1.365,5099.1,1,1,0.562020688569456
27,student,single,unknown,unknown,yes,no,cellular,apr,thu,35,1,999,0,nonexistent,-1.8,93.075,-47.1,1.365,5099.1,0,1,0.562020688569456
30,admin.,married,university.degree,no,yes,no,cellular,apr,thu,475,2,999,0,nonexistent,-1.8,93.075,-47.1,1.365,5099.1,1,1,0.5617991190405686
29,admin.,single,university.degree,no,yes,no,cellular,aug,wed,88,2,999,0,nonexistent,1.4,93.444,-36.1,4.964,5228.1,0,1,0.5614657029777635
29,admin.,single,university.degree,no,yes,no,cellular,aug,wed,875,2,999,0,nonexistent,1.4,93.444,-36.1,4.964,5228.1,1,1,0.5614657029777635
32,management,single,university.degree,no,yes,yes,cellular,mar,tue,97,1,999,0,nonexistent,-1.8,92.843,-50.0,1.687,5099.1,0,1,0.5606654106928655
43,blue-collar,married,basic.9y,no,no,no,telephone,oct,tue,10,1,999,0,nonexistent,-0.1,93.798,-40.4,4.86,5195.8,0,1,0.56
51,services,married,high.school,no,yes,no,cellular,nov,mon,354,3,6,3,success,-1.1,94.767,-50.8,1.05,4963.6,0,0,0.56
70,retired,married,unknown,no,yes,yes,cellular,apr,thu,96,1,999,0,nonexistent,-1.8,93.075,-47.1,1.41,5099.1,0,1,0.56
37,admin.,married,university.degree,no,no,no,cellular,nov,mon,282,2,6,1,success,-1.1,94.767,-50.8,1.05,4963.6,1,0,0.56
31,admin.,married,university.degree,no,yes,no,cellular,mar,tue,170,3,999,0,nonexistent,-1.8,92.843,-50.0,1.556,5099.1,1,1,0.56
45,retired,married,basic.4y,no,no,no,cellular,jul,wed,390,1,999,0,nonexistent,1.4,93.918,-42.7,4.963,5228.1,0,1,0.56
39,entrepreneur,married,basic.6y,no,no,no,cellular,sep,tue,106,4,16,2,failure,-3.4,92.379,-29.8,0.819,5017.5,0,0,0.5593145461309524
75,retired,married,basic.4y,no,no,no,cellular,apr,tue,109,1,999,1,failure,-1.8,93.075,-47.1,1.405,5099.1,1,1,0.5575
24,services,single,high.school,no,no,no,cellular,jul,thu,20,3,999,0,nonexistent,1.4,93.918,-42.7,4.958,5228.1,0,1,0.5572766733733757
24,services,single,high.school,no,no,no,cellular,jul,thu,1150,3,999,0,nonexistent,1.4,93.918,-42.7,4.958,5228.1,1,1,0.5572766733733757
51,unemployed,divorced,high.school,no,no,no,cellular,dec,thu,112,2,999,0,nonexistent,-3.0,92.713,-33.0,0.714,5023.5,0,1,0.555
41,admin.,single,high.school,no,no,no,cellular,may,mon,722,4,999,0,nonexistent,-1.8,92.893,-46.2,1.244,5099.1,1,1,0.5545741862425357
41,admin.,single,high.school,no,no,no,cellular,may,mon,207,4,999,0,nonexistent,-1.8,92.893,-46.2,1.244,5099.1,0,1,0.5545741862425357
64,retired,married,basic.4y,no,yes,no,cellular,mar,wed,262,2,999,0,nonexistent,-1.8,93.369,-34.8,0.634,5008.7,1,1,0.5545061347148783
24,blue-collar,single,basic.4y,no,no,no,telephone,jun,wed,476,1,999,0,nonexistent,1.4,94.465,-41.8,4.962,5228.1,0,1,0.5538956147338009
24,blue-collar,single,basic.4y,no,no,no,telephone,jun,wed,537,1,999,0,nonexistent,1.4,94.465,-41.8,4.962,5228.1,1,1,0.5538956147338009
23,blue-collar,single,basic.9y,no,yes,no,cellular,may,mon,58,1,999,0,nonexistent,-1.8,92.893,-46.2,1.299,5099.1,0,1,0.5533882734169572
23,blue-collar,single,basic.9y,no,yes,no,cellular,may,mon,657,1,999,0,nonexistent,-1.8,92.893,-46.2,1.299,5099.1,1,1,0.5533882734169572
23,blue-collar,single,basic.9y,no,yes,no,cellular,may,mon,672,1,999,0,nonexistent,-1.8,92.893,-46.2,1.299,5099.1,1,1,0.5533882734169572
45,management,married,university.degree,unknown,yes,no,cellular,apr,thu,220,1,999,0,nonexistent,-1.8,93.075,-47.1,1.365,5099.1,0,1,0.5525687344672006
45,management,married,university.degree,unknown,yes,no,cellular,apr,thu,175,1,999,0,nonexistent,-1.8,93.075,-47.1,1.365,5099.1,1,1,0.5525687344672006
45,admin.,married,university.degree,no,no,no,cellular,jul,wed,194,1,13,1,success,-2.9,92.469,-33.6,1.029,5076.2,0,0,0.5525
54,unemployed,married,high.school,no,yes,no,cellular,dec,wed,346,1,999,0,nonexistent,-3.0,92.713,-33.0,0.721,5023.5,1,1,0.5525
30,admin.,single,university.degree,no,no,no,cellular,aug,thu,122,5,999,0,nonexistent,1.4,93.444,-36.1,4.968,5228.1,0,1,0.5525
56,retired,married,high.school,no,yes,yes,cellular,aug,tue,97,1,3,2,success,-2.9,92.201,-31.4,0.883,5076.2,0,0,0.5525
33,admin.,single,university.degree,no,no,no,cellular,jun,tue,541,3,999,0,nonexistent,-2.9,92.963,-40.8,1.262,5076.2,1,1,0.5525
30,admin.,single,university.degree,no,no,no,cellular,aug,fri,255,1,999,0,nonexistent,1.4,93.444,-36.1,4.966,5228.1,0,1,0.5517306490839453
30,admin.,single,university.degree,no,no,no,cellular,aug,fri,459,1,999,0,nonexistent,1.4,93.444,-36.1,4.966,5228.1,1,1,0.5517306490839453
30,admin.,single,university.degree,no,no,no,cellular,aug,fri,235,1,999,0,nonexistent,1.4,93.444,-36.1,4.966,5228.1,0,1,0.5517306490839453
44,blue-collar,married,basic.4y,no,yes,no,telephone,may,wed,786,1,999,0,nonexistent,1.1,93.994,-36.4,4.856,5191.0,1,1,0.5505694744124134
44,blue-collar,married,basic.4y,no,yes,no,telephone,may,wed,607,1,999,0,nonexistent,1.1,93.994,-36.4,4.856,5191.0,0,1,0.5505694744124134
40,services,married,high.school,no,yes,no,cellular,nov,thu,90,3,3,2,success,-3.4,92.649,-30.1,0.714,5017.5,1,0,0.55
34,services,married,basic.9y,no,no,no,cellular,jul,wed,604,1,999,0,nonexistent,-1.7,94.215,-40.3,0.84,4991.6,1,1,0.55
38,entrepreneur,married,basic.6y,no,no,no,cellular,jun,tue,271,1,2,3,success,-1.7,94.055,-39.8,0.761,4991.6,1,0,0.55
66,management,divorced,university.degree,no,no,no,cellular,sep,tue,679,1,1,1,success,-3.4,92.379,-29.8,0.788,5017.5,1,0,0.55
61,retired,married,basic.9y,no,no,no,cellular,apr,thu,165,2,999,0,nonexistent,-1.8,93.749,-34.6,0.659,5008.7,0,1,0.55
54,blue-collar,married,basic.9y,no,yes,no,cellular,jun,fri,239,2,3,1,success,-2.9,92.963,-40.8,1.268,5076.2,1,0,0.5475
31,self-employed,single,university.degree,no,no,no,cellular,apr,thu,210,1,999,0,nonexistent,-1.8,93.749,-34.6,0.659,5008.7,1,1,0.5475
28,student,single,high.school,no,yes,no,cellular,jun,fri,577,3,999,0,nonexistent,-2.9,92.963,-40.8,1.268,5076.2,1,1,0.5473124940961617
95,retired,divorced,basic.6y,no,no,no,cellular,mar,thu,85,1,999,0,nonexistent,-1.8,92.843,-50.0,1.65,5099.1,0,1,0.5472758247892267
29,admin.,single,university.degree,no,yes,no,cellular,aug,fri,296,1,999,0,nonexistent,1.4,93.444,-36.1,4.964,5228.1,0,1,0.5472089731371321
29,admin.,single,university.degree,no,yes,no,cellular,aug,fri,520,1,999,0,nonexistent,1.4,93.444,-36.1,4.964,5228.1,1,1,0.5472089731371321
29,admin.,single,university.degree,no,yes,no,cellular,aug,fri,268,1,999,0,nonexistent,1.4,93.444,-36.1,4.964,5228.1,0,1,0.5472089731371321
29,admin.,single,university.degree,no,yes,no,cellular,aug,fri,65,1,999,0,nonexistent,1.4,93.444,-36.1,4.964,5228.1,0,1,0.5472089731371321
35,management,married,university.degree,no,no,no,cellular,apr,thu,375,1,999,0,nonexistent,-1.8,93.075,-47.1,1.365,5099.1,1,1,0.5468632476505524
35,management,married,university.degree,no,no,no,cellular,apr,thu,127,1,999,0,nonexistent,-1.8,93.075,-47.1,1.365,5099.1,0,1,0.5468632476505524
56,entrepreneur,married,university.degree,no,yes,no,cellular,apr,thu,472,1,999,0,nonexistent,-1.8,93.075,-47.1,1.365,5099.1,0,1,0.5453469734438915
56,entrepreneur,married,university.degree,no,yes,no,cellular,apr,thu,266,1,999,0,nonexistent,-1.8,93.075,-47.1,1.365,5099.1,1,1,0.5453469734438915
56,entrepreneur,married,university.degree,no,yes,no,cellular,apr,thu,207,1,999,0,nonexistent,-1.8,93.075,-47.1,1.365,5099.1,0,1,0.5453469734438915
31,technician,married,university.degree,no,no,no,cellular,mar,wed,625,4,999,0,nonexistent,-1.8,93.369,-34.8,0.651,5008.7,0,1,0.545
28,blue-collar,married,basic.4y,no,no,no,cellular,may,tue,442,1,999,0,nonexistent,-1.8,92.893,-46.2,1.291,5099.1,0,1,0.5448848365371612
28,blue-collar,married,basic.4y,no,no,no,cellular,may,tue,590,1,999,0,nonexistent,-1.8,92.893,-46.2,1.291,5099.1,1,1,0.5448848365371612
28,blue-collar,married,basic.4y,no,no,no,cellular,may,tue,189,1,999,0,nonexistent,-1.8,92.893,-46.2,1.291,5099.1,0,1,0.5448848365371612
24,student,single,high.school,no,yes,no,cellular,oct,thu,423,3,999,0,nonexistent,-3.4,92.431,-26.9,0.722,5017.5,1,1,0.5447166919575114
31,admin.,married,high.school,no,yes,no,cellular,jul,thu,197,1,999,0,nonexistent,1.4,93.918,-42.7,4.963,5228.1,0,1,0.5446211996191539
31,admin.,married,high.school,no,yes,no,cellular,jul,thu,627,1,999,0,nonexistent,1.4,93.918,-42.7,4.963,5228.1,1,1,0.5446211996191539
31,admin.,married,high.school,no,yes,no,cellular,jul,thu,244,1,999,0,nonexistent,1.4,93.918,-42.7,4.963,5228.1,0,1,0.5446211996191539
29,management,single,university.degree,no,no,no,cellular,nov,wed,62,1,999,0,nonexistent,-0.1,93.2,-42.0,4.12,5195.8,0,1,0.5444237236713403
29,management,single,university.degree,no,no,no,cellular,nov,wed,802,1,999,0,nonexistent,-0.1,93.2,-42.0,4.12,5195.8,1,1,0.5444237236713403
29,management,single,university.degree,no,no,no,cellular,nov,wed,89,1,999,0,nonexistent,-0.1,93.2,-42.0,4.12,5195.8,0,1,0.5444237236713403
98,retired,married,basic.4y,unknown,yes,no,cellular,oct,fri,476,1,2,2,success,-3.4,92.431,-26.9,0.73,5017.5,1,0,0.5425
49,admin.,married,high.school,no,yes,no,cellular,apr,thu,216,2,999,0,nonexistent,-1.8,93.075,-47.1,1.365,5099.1,0,1,0.5419995220538031
48,admin.,married,basic.9y,no,yes,no,cellular,aug,tue,1181,2,999,0,nonexistent,1.4,93.444,-36.1,4.966,5228.1,1,1,0.5411100262253288
48,admin.,married,basic.9y,no,yes,no,cellular,aug,tue,92,2,999,0,nonexistent,1.4,93.444,-36.1,4.966,5228.1,0,1,0.5411100262253288
22,student,single,basic.9y,no,no,no,cellular,oct,fri,221,2,6,1,success,-3.4,92.431,-26.9,0.73,5017.5,1,0,0.54
60,retired,married,professional.course,no,yes,no,cellular,sep,thu,365,1,3,1,success,-3.4,92.379,-29.8,0.809,5017.5,1,0,0.54
53,housemaid,married,basic.4y,no,no,yes,telephone,nov,wed,513,1,3,1,success,-3.4,92.649,-30.1,0.715,5017.5,1,0,0.54
30,admin.,married,university.degree,no,unknown,unknown,cellular,mar,mon,291,3,8,1,success,-1.8,92.843,-50.0,1.629,5099.1,0,0,0.5395724118006171
24,services,single,high.school,no,no,no,cellular,jun,wed,150,1,999,0,nonexistent,-2.9,92.963,-40.8,1.26,5076.2,0,1,0.5390736443206137
31,services,married,high.school,no,yes,no,cellular,jun,wed,591,2,999,0,nonexistent,-2.9,92.963,-40.8,1.26,5076.2,1,1,0.5388140934870744
41,admin.,married,university.degree,no,yes,no,cellular,nov,fri,252,4,999,0,nonexistent,-1.1,94.767,-50.8,1.04,4963.6,1,1,0.5375
64,retired,married,basic.4y,no,yes,no,cellular,apr,wed,104,1,999,2,failure,-1.8,93.075,-47.1,1.405,5099.1,1,1,0.5375
33,blue-collar,single,basic.4y,no,yes,no,cellular,apr,thu,352,1,999,0,nonexistent,-1.8,93.075,-47.1,1.365,5099.1,1,1,0.5370641018210337
34,technician,single,university.degree,no,yes,no,cellular,jul,thu,560,1,999,0,nonexistent,1.4,93.918,-42.7,4.963,5228.1,1,1,0.535339996145407
34,technician,single,university.degree,no,yes,no,cellular,jul,thu,124,1,999,0,nonexistent,1.4,93.918,-42.7,4.963,5228.1,0,1,0.535339996145407
34,technician,single,university.degree,no,yes,no,cellular,jul,thu,192,1,999,0,nonexistent,1.4,93.918,-42.7,4.963,5228.1,0,1,0.535339996145407
51,unemployed,married,high.school,no,yes,no,cellular,sep,wed,657,2,999,0,nonexistent,-3.4,92.379,-29.8,0.768,5017.5,0,1,0.535
27,technician,single,university.degree,no,yes,no,cellular,aug,thu,250,3,999,5,failure,-1.7,94.027,-38.3,0.904,4991.6,0,1,0.535
74,retired,divorced,basic.4y,no,yes,no,cellular,apr,mon,142,2,999,0,nonexistent,-1.8,93.749,-34.6,0.643,5008.7,1,1,0.535
80,retired,divorced,basic.4y,no,yes,yes,cellular,apr,wed,654,2,999,0,nonexistent,-1.8,93.749,-34.6,0.642,5008.7,1,1,0.535
24,admin.,single,university.degree,no,no,no,cellular,sep,thu,303,1,999,1,failure,-1.1,94.199,-37.5,0.879,4963.6,1,1,0.535
39,technician,single,university.degree,unknown,yes,no,cellular,oct,fri,217,1,999,0,nonexistent,-3.4,92.431,-26.9,0.72,5017.5,1,1,0.535
30,admin.,single,university.degree,no,no,no,telephone,may,wed,25,1,999,0,nonexistent,1.1,93.994,-36.4,4.856,5191.0,0,1,0.535
28,technician,single,high.school,no,unknown,unknown,cellular,oct,wed,84,1,6,1,success,-3.4,92.431,-26.9,0.742,5017.5,1,0,0.535
26,unemployed,single,university.degree,no,yes,no,cellular,apr,tue,136,3,999,0,nonexistent,-1.8,93.075,-47.1,1.423,5099.1,0,1,0.5336020861002475
27,blue-collar,married,basic.9y,no,no,no,cellular,jul,wed,128,1,999,0,nonexistent,1.4,93.918,-42.7,4.957,5228.1,0,1,0.5325190687392654
27,blue-collar,married,basic.9y,no,no,no,cellular,jul,wed,68,1,999,0,nonexistent,1.4,93.918,-42.7,4.957,5228.1,0,1,0.5325190687392654
27,blue-collar,married,basic.9y,no,no,no,cellular,jul,wed,689,1,999,0,nonexistent,1.4,93.918,-42.7,4.957,5228.1,1,1,0.5325190687392654
58,retired,married,university.degree,no,yes,no,telephone,oct,fri,12,1,999,0,nonexistent,-0.1,93.798,-40.4,4.918,5195.8,0,1,0.5325
53,blue-collar,married,basic.6y,no,no,no,cellular,jun,thu,592,3,999,1,failure,-2.9,92.963,-40.8,1.26,5076.2,1,1,0.5325
29,blue-collar,single,basic.9y,no,no,no,cellular,jul,fri,822,2,999,0,nonexistent,1.4,93.918,-42.7,4.963,5228.1,1,1,0.5323438572592508
29,blue-collar,single,basic.9y,no,no,no,cellular,jul,fri,187,2,999,0,nonexistent,1.4,93.918,-42.7,4.963,5228.1,0,1,0.5323438572592508
29,blue-collar,single,basic.9y,no,no,no,cellular,jul,fri,256,2,999,0,nonexistent,1.4,93.918,-42.7,4.963,5228.1,0,1,0.5323438572592508
45,admin.,married,university.degree,no,no,no,cellular,aug,mon,237,1,999,0,nonexistent,1.4,93.444,-36.1,4.965,5228.1,0,1,0.5317496481093129
45,admin.,married,university.degree,no,no,no,cellular,aug,mon,216,1,999,0,nonexistent,1.4,93.444,-36.1,4.965,5228.1,0,1,0.5317496481093129
45,admin.,married,university.degree,no,no,no,cellular,aug,mon,608,1,999,0,nonexistent,1.4,93.444,-36.1,4.965,5228.1,1,1,0.5317496481093129
52,housemaid,married,basic.6y,no,yes,no,cellular,aug,tue,106,1,999,0,nonexistent,1.4,93.444,-36.1,4.966,5228.1,0,1,0.5302309363730106
52,housemaid,married,basic.6y,no,yes,no,cellular,aug,tue,1134,1,999,0,nonexistent,1.4,93.444,-36.1,4.966,5228.1,1,1,0.5302309363730106
52,housemaid,married,basic.6y,no,yes,no,cellular,aug,tue,112,1,999,0,nonexistent,1.4,93.444,-36.1,4.966,5228.1,0,1,0.5302309363730106
52,housemaid,married,basic.6y,no,yes,no,cellular,aug,tue,56,1,999,0,nonexistent,1.4,93.444,-36.1,4.966,5228.1,0,1,0.5302309363730106
29,admin.,single,university.degree,no,no,no,cellular,aug,mon,162,2,999,0,nonexistent,1.4,93.444,-36.1,4.965,5228.1,0,1,0.5294321768749218
29,admin.,single,university.degree,no,no,no,cellular,aug,mon,716,2,999,0,nonexistent,1.4,93.444,-36.1,4.965,5228.1,1,1,0.5294321768749218
29,admin.,single,university.degree,no,no,no,cellular,aug,mon,122,2,999,0,nonexistent,1.4,93.444,-36.1,4.965,5228.1,0,1,0.5294321768749218
38,technician,married,professional.course,no,yes,no,cellular,jun,tue,993,4,3,1,success,-2.9,92.963,-40.8,1.286,5076.2,1,0,0.5293022824959241
25,services,single,basic.9y,no,yes,no,cellular,jul,wed,197,1,999,0,nonexistent,1.4,93.918,-42.7,4.963,5228.1,0,1,0.526053354248577
25,services,single,basic.9y,no,yes,no,cellular,jul,wed,509,1,999,0,nonexistent,1.4,93.918,-42.7,4.963,5228.1,1,1,0.526053354248577
25,services,single,basic.9y,no,yes,no,cellular,jul,wed,535,1,999,0,nonexistent,1.4,93.918,-42.7,4.963,5228.1,0,1,0.526053354248577
29,admin.,divorced,university.degree,no,yes,no,cellular,jun,wed,238,3,999,0,nonexistent,-2.9,92.963,-40.8,1.26,5076.2,1,1,0.5259734865987142
35,technician,married,professional.course,no,yes,no,cellular,sep,thu,390,2,999,0,nonexistent,-1.1,94.199,-37.5,0.878,4963.6,0,1,0.525
27,admin.,single,university.degree,no,no,no,cellular,sep,wed,397,1,999,0,nonexistent,-3.4,92.379,-29.8,0.781,5017.5,1,1,0.5241302913272228
33,technician,married,unknown,no,yes,yes,cellular,sep,thu,414,1,9,3,failure,-1.1,94.199,-37.5,0.879,4963.6,1,0,0.5225
57,admin.,married,high.school,no,yes,no,cellular,nov,mon,169,1,3,3,success,-3.4,92.649,-30.1,0.715,5017.5,1,0,0.5225
27,technician,single,professional.course,no,no,no,cellular,jun,tue,136,2,999,0,nonexistent,-1.7,94.055,-39.8,0.737,4991.6,0,1,0.5225
74,retired,divorced,basic.4y,no,yes,no,cellular,oct,mon,102,3,3,2,success,-1.1,94.601,-49.5,1.0,4963.6,0,0,0.5225
29,admin.,married,university.degree,no,yes,no,cellular,may,mon,93,2,999,0,nonexistent,-1.8,92.893,-46.2,1.264,5099.1,0,1,0.5222131259484066
28,unemployed,married,professional.course,no,no,no,telephone,aug,fri,140,11,999,0,nonexistent,-2.9,92.201,-31.4,0.869,5076.2,0,1,0.5220736802731167
35,blue-collar,married,basic.6y,unknown,no,no,cellular,may,fri,813,1,999,0,nonexistent,-1.8,92.893,-46.2,1.313,5099.1,1,1,0.520323916094354
35,blue-collar,married,basic.6y,unknown,no,no,cellular,may,fri,43,1,999,0,nonexistent,-1.8,92.893,-46.2,1.313,5099.1,0,1,0.520323916094354
86,retired,married,basic.4y,no,yes,no,cellular,sep,tue,288,3,999,0,nonexistent,-1.1,94.199,-37.5,0.881,4963.6,1,1,0.52
51,admin.,divorced,high.school,no,no,no,cellular,aug,tue,83,1,6,2,failure,-2.9,92.201,-31.4,0.838,5076.2,0,0,0.52
38,entrepreneur,married,university.degree,no,no,no,cellular,nov,wed,144,2,999,0,nonexistent,-1.1,94.767,-50.8,1.03,4963.6,0,1,0.52
28,admin.,single,high.school,no,no,no,telephone,mar,fri,234,2,999,0,nonexistent,-1.8,92.843,-50.0,1.531,5099.1,1,1,0.5175
17,student,single,unknown,no,no,yes,cellular,oct,tue,896,1,2,2,success,-3.4,92.431,-26.9,0.742,5017.5,1,0,0.5175
30,technician,single,professional.course,no,yes,no,cellular,sep,fri,789,2,999,0,nonexistent,-1.1,94.199,-37.5,0.883,4963.6,0,1,0.5175
31,services,single,high.school,no,yes,no,cellular,nov,thu,1059,2,999,0,nonexistent,-0.1,93.2,-42.0,4.076,5195.8,1,1,0.516066488673332
31,services,single,high.school,no,yes,no,cellular,nov,thu,231,2,999,0,nonexistent,-0.1,93.2,-42.0,4.076,5195.8,0,1,0.516066488673332
31,services,single,high.school,no,yes,no,cellular,nov,thu,452,2,999,0,nonexistent,-0.1,93.2,-42.0,4.076,5195.8,0,1,0.516066488673332
31,services,single,high.school,no,yes,no,cellular,nov,thu,67,2,999,0,nonexistent,-0.1,93.2,-42.0,4.076,5195.8,0,1,0.516066488673332
32,admin.,married,university.degree,no,yes,no,cellular,aug,fri,1366,1,999,0,nonexistent,1.4,93.444,-36.1,4.964,5228.1,0,1,0.5157161518500438
76,housemaid,married,basic.4y,no,no,no,cellular,jun,tue,296,5,999,0,nonexistent,-1.7,94.055,-39.8,0.702,4991.6,1,1,0.515
34,technician,married,university.degree,no,no,no,cellular,jun,tue,116,2,999,0,nonexistent,-2.9,92.963,-40.8,1.262,5076.2,0,1,0.515
48,management,married,university.degree,no,yes,yes,cellular,nov,tue,747,2,999,0,nonexistent,-3.4,92.649,-30.1,0.715,5017.5,1,1,0.515
41,technician,married,professional.course,no,yes,no,cellular,aug,tue,1344,1,999,0,nonexistent,1.4,93.444,-36.1,4.966,5228.1,1,1,0.5149702728663589
41,technician,married,professional.course,no,yes,no,cellular,aug,tue,127,1,999,0,nonexistent,1.4,93.444,-36.1,4.966,5228.1,0,1,0.5149702728663589
41,technician,married,professional.course,no,yes,no,cellular,aug,tue,127,1,999,0,nonexistent,1.4,93.444,-36.1,4.966,5228.1,0,1,0.5149702728663589
38,admin.,married,university.degree,no,yes,no,cellular,aug,mon,226,1,999,0,nonexistent,1.4,93.444,-36.1,4.965,5228.1,0,1,0.512567306118171
38,admin.,married,university.degree,no,yes,no,cellular,aug,mon,1070,1,999,0,nonexistent,1.4,93.444,-36.1,4.965,5228.1,1,1,0.512567306118171
38,admin.,married,university.degree,no,yes,no,cellular,aug,mon,317,1,999,0,nonexistent,1.4,93.444,-36.1,4.965,5228.1,0,1,0.512567306118171
78,retired,divorced,professional.course,no,yes,no,cellular,mar,tue,591,1,999,1,failure,-1.8,93.369,-34.8,0.655,5008.7,1,1,0.5125
41,technician,single,professional.course,no,yes,no,cellular,mar,mon,101,1,999,0,nonexistent,-1.8,92.843,-50.0,1.703,5099.1,0,1,0.511993322609646
21,student,single,high.school,no,no,no,cellular,mar,tue,220,1,999,0,nonexistent,-1.8,92.843,-50.0,1.614,5099.1,1,1,0.5117203186687883
55,admin.,married,university.degree,no,yes,yes,cellular,jul,fri,129,2,999,1,failure,-1.7,94.215,-40.3,0.79,4991.6,0,1,0.51
33,admin.,married,university.degree,no,no,no,cellular,may,mon,157,2,15,3,failure,-1.8,93.876,-40.0,0.685,5008.7,0,0,0.51
33,technician,married,professional.course,no,yes,yes,cellular,may,fri,62,2,999,0,nonexistent,-1.8,93.876,-40.0,0.684,5008.7,0,1,0.51
21,admin.,single,university.degree,no,yes,no,cellular,aug,mon,89,2,4,1,success,-2.9,92.201,-31.4,0.884,5076.2,0,0,0.51
53,technician,married,university.degree,no,no,yes,cellular,apr,thu,126,1,999,0,nonexistent,-1.8,93.075,-47.1,1.365,5099.1,0,1,0.5071979687489736
30,admin.,single,university.degree,no,yes,yes,telephone,oct,mon,718,1,999,0,nonexistent,-0.1,93.798,-40.4,5.0,5195.8,1,1,0.5069917934456623
62,retired,divorced,high.school,no,yes,no,cellular,jun,fri,201,4,999,0,nonexistent,-1.7,94.055,-39.8,0.732,4991.6,0,1,0.505
31,blue-collar,single,basic.9y,no,no,no,cellular,may,thu,304,2,999,1,failure,-1.8,92.893,-46.2,1.266,5099.1,0,1,0.505
30,admin.,single,university.degree,no,yes,yes,cellular,aug,tue,155,1,4,1,success,-2.9,92.201,-31.4,0.883,5076.2,0,0,0.505
35,technician,married,professional.course,no,yes,yes,cellular,oct,wed,608,1,9,2,failure,-1.1,94.601,-49.5,0.959,4963.6,1,0,0.505
31,technician,single,university.degree,no,yes,no,cellular,aug,tue,128,5,999,0,nonexistent,1.4,93.444,-36.1,4.966,5228.1,0,1,0.504341338073435
77,retired,divorced,unknown,no,yes,no,cellular,mar,tue,178,1,999,0,nonexistent,-1.8,92.843,-50.0,1.614,5099.1,1,1,0.5034737790395389
33,technician,married,university.degree,no,yes,no,cellular,sep,wed,110,1,999,1,failure,-1.1,94.199,-37.5,0.876,4963.6,0,1,0.5025
62,retired,married,basic.4y,no,no,no,cellular,aug,mon,317,1,9,2,failure,-1.7,94.027,-38.3,0.898,4991.6,1,0,0.5025
61,retired,married,high.school,no,yes,no,cellular,sep,wed,117,1,3,1,success,-3.4,92.379,-29.8,0.753,5017.5,1,0,0.5025
30,student,single,university.degree,no,no,no,cellular,jul,tue,332,2,13,2,failure,-2.9,92.469,-33.6,0.908,5076.2,1,0,0.5025
38,admin.,married,university.degree,no,no,no,cellular,jul,fri,188,5,999,0,nonexistent,1.4,93.918,-42.7,4.962,5228.1,0,1,0.5025
26,technician,single,university.degree,no,yes,yes,cellular,may,fri,173,3,999,0,nonexistent,-1.8,92.893,-46.2,1.25,5099.1,0,1,0.5023537537344598
48,entrepreneur,married,university.degree,no,no,yes,cellular,aug,fri,295,2,4,2,success,-2.9,92.201,-31.4,0.881,5076.2,1,0,0.5016671942862423
22,student,single,unknown,no,no,no,cellular,jun,mon,77,1,999,0,nonexistent,-2.9,92.963,-40.8,1.26,5076.2,0,1,0.5
30,technician,single,professional.course,no,yes,no,cellular,jun,tue,76,3,999,0,nonexistent,-2.9,92.963,-40.8,1.262,5076.2,0,1,0.4975
25,services,single,high.school,no,yes,no,cellular,oct,thu,287,1,999,0,nonexistent,-3.4,92.431,-26.9,0.733,5017.5,0,1,0.4975
58,admin.,single,university.degree,no,no,no,telephone,may,mon,1234,3,999,0,nonexistent,1.1,93.994,-36.4,4.857,5191.0,1,1,0.4972194992412746
53,self-employed,married,university.degree,no,no,yes,cellular,may,wed,141,3,6,1,success,-1.8,92.893,-46.2,1.27,5099.1,0,0,0.49569769719644413
24,student,single,high.school,no,no,no,cellular,jun,wed,288,6,6,1,success,-1.7,94.055,-39.8,0.727,4991.6,1,0,0.495
74,retired,divorced,basic.4y,no,yes,no,cellular,aug,wed,536,1,13,1,success,-2.9,92.201,-31.4,0.854,5076.2,1,0,0.495
58,technician,married,basic.9y,no,yes,no,cellular,aug,mon,324,1,999,0,nonexistent,-1.7,94.027,-38.3,0.904,4991.6,1,1,0.495
28,management,single,university.degree,no,yes,no,cellular,jun,thu,1161,1,4,1,success,-2.9,92.963,-40.8,1.26,5076.2,1,0,0.4935567069576185
28,technician,single,university.degree,no,yes,no,cellular,mar,mon,76,2,999,0,nonexistent,-1.8,92.843,-50.0,1.811,5099.1,0,1,0.4925
32,management,single,university.degree,no,no,no,cellular,jul,fri,237,2,999,1,failure,-1.7,94.215,-40.3,0.861,4991.6,0,1,0.4925
40,services,married,high.school,unknown,no,no,cellular,jun,wed,157,1,999,0,nonexistent,-2.9,92.963,-40.8,1.26,5076.2,0,1,0.4925
55,unemployed,married,basic.9y,no,yes,no,cellular,oct,tue,156,1,999,0,nonexistent,-3.4,92.431,-26.9,0.728,5017.5,0,1,0.4917355462020979
27,admin.,single,university.degree,no,no,no,cellular,may,fri,86,1,3,1,success,-1.8,92.893,-46.2,1.259,5099.1,0,0,0.4910974633245931
78,retired,married,basic.4y,no,yes,yes,cellular,apr,tue,75,1,999,0,nonexistent,-1.8,93.075,-47.1,1.405,5099.1,0,1,0.49
36,admin.,married,university.degree,no,yes,yes,cellular,aug,fri,96,1,999,1,failure,-2.9,92.201,-31.4,0.849,5076.2,0,1,0.49
21,student,single,high.school,no,yes,no,cellular,jun,mon,270,1,999,0,nonexistent,-1.7,94.055,-39.8,0.72,4991.6,1,1,0.49
25,services,single,high.school,no,yes,no,cellular,oct,thu,260,2,999,0,nonexistent,-3.4,92.431,-26.9,0.733,5017.5,1,1,0.4875
56,retired,divorced,university.degree,no,yes,no,cellular,apr,mon,529,3,999,0,nonexistent,-1.8,93.075,-47.1,1.405,5099.1,0,1,0.4874682256587903
45,admin.,single,high.school,no,yes,no,cellular,may,mon,276,3,999,0,nonexistent,-1.8,92.893,-46.2,1.299,5099.1,0,1,0.48721911987860395
35,management,married,university.degree,no,yes,no,cellular,jun,tue,66,1,999,0,nonexistent,-2.9,92.963,-40.8,1.252,5076.2,0,1,0.48636459860192205
33,technician,single,university.degree,no,yes,no,cellular,may,mon,340,1,999,1,failure,-1.8,92.893,-46.2,1.299,5099.1,0,1,0.485
34,admin.,single,university.degree,no,no,no,cellular,jun,mon,151,1,999,1,failure,-2.9,92.963,-40.8,1.266,5076.2,0,1,0.485
61,retired,married,university.degree,no,no,no,telephone,aug,tue,249,2,3,1,success,-2.9,92.201,-31.4,0.859,5076.2,1,0,0.485
64,retired,married,basic.6y,no,yes,no,cellular,apr,thu,67,4,999,0,nonexistent,-1.8,93.075,-47.1,1.41,5099.1,0,1,0.485
39,entrepreneur,married,university.degree,no,yes,no,cellular,sep,tue,120,3,999,0,nonexistent,-1.1,94.199,-37.5,0.881,4963.6,0,1,0.485
34,admin.,married,university.degree,no,no,no,cellular,oct,thu,401,1,999,0,nonexistent,-3.4,92.431,-26.9,0.722,5017.5,1,1,0.4839341938111754
28,blue-collar,married,basic.4y,no,no,yes,cellular,may,wed,135,2,999,1,failure,-1.8,92.893,-46.2,1.281,5099.1,0,1,0.4838042470269487
22,student,single,high.school,no,yes,no,cellular,aug,thu,425,2,999,0,nonexistent,-2.9,92.201,-31.4,0.873,5076.2,1,1,0.4825
60,retired,married,high.school,no,no,no,cellular,sep,wed,1640,1,999,0,nonexistent,-1.1,94.199,-37.5,0.876,4963.6,1,1,0.4825
20,student,single,high.school,no,no,no,cellular,aug,thu,347,2,999,0,nonexistent,-2.9,92.201,-31.4,0.873,5076.2,0,1,0.4822166919575114
45,unemployed,married,basic.9y,no,no,no,cellular,jun,mon,232,2,999,0,nonexistent,-2.9,92.963,-40.8,1.266,5076.2,1,1,0.48171625368445875
29,admin.,single,university.degree,no,yes,no,cellular,apr,wed,216,1,999,0,nonexistent,-1.8,93.075,-47.1,1.445,5099.1,0,1,0.4815999747081409
41,services,married,high.school,no,yes,no,cellular,may,wed,58,2,999,0,nonexistent,-1.8,92.893,-46.2,1.281,5099.1,0,1,0.4808101556883317
41,services,married,high.school,no,yes,no,cellular,may,wed,314,2,999,0,nonexistent,-1.8,92.893,-46.2,1.281,5099.1,1,1,0.4808101556883317
41,services,married,high.school,no,yes,no,cellular,may,wed,67,2,999,0,nonexistent,-1.8,92.893,-46.2,1.281,5099.1,0,1,0.4808101556883317
41,services,married,high.school,no,yes,no,cellular,may,wed,342,2,999,0,nonexistent,-1.8,92.893,-46.2,1.281,5099.1,0,1,0.4808101556883317
49,admin.,married,high.school,unknown,no,no,cellular,apr,mon,119,1,6,1,success,-1.8,93.749,-34.6,0.642,5008.7,0,0,0.48
33,services,married,high.school,no,yes,no,cellular,apr,thu,239,1,999,0,nonexistent,-1.8,93.075,-47.1,1.365,5099.1,0,1,0.48
52,technician,married,professional.course,no,yes,yes,cellular,sep,tue,77,1,999,0,nonexistent,-3.4,92.379,-29.8,0.819,5017.5,0,1,0.48
48,admin.,married,high.school,no,no,no,telephone,oct,mon,312,1,999,0,nonexistent,-0.1,93.798,-40.4,5.0,5195.8,1,1,0.48
32,services,single,high.school,no,yes,yes,cellular,aug,wed,253,1,4,2,success,-2.9,92.201,-31.4,0.884,5076.2,1,0,0.48
48,admin.,married,high.school,no,yes,no,cellular,aug,mon,40,4,999,0,nonexistent,1.4,93.444,-36.1,4.965,5228.1,0,1,0.4797179817905918
81,retired,divorced,basic.4y,no,yes,no,cellular,dec,fri,166,3,999,0,nonexistent,-3.0,92.713,-33.0,0.714,5023.5,1,1,0.4793218600835322
30,student,single,university.degree,no,yes,no,cellular,dec,mon,256,1,999,0,nonexistent,-3.0,92.713,-33.0,0.706,5023.5,0,1,0.4786618031424848
84,retired,married,high.school,no,no,no,cellular,dec,tue,351,1,999,0,nonexistent,-3.0,92.713,-33.0,0.715,5023.5,1,1,0.4775
43,blue-collar,married,professional.course,no,yes,yes,cellular,jun,thu,1720,1,999,0,nonexistent,-1.7,94.055,-39.8,0.729,4991.6,1,1,0.4775
25,admin.,married,unknown,no,no,no,cellular,nov,thu,110,1,999,1,failure,-3.4,92.649,-30.1,0.714,5017.5,1,1,0.4775
46,admin.,married,university.degree,no,no,no,cellular,mar,tue,269,3,999,0,nonexistent,-1.8,92.843,-50.0,1.556,5099.1,1,1,0.4775
49,admin.,married,high.school,no,no,no,cellular,sep,tue,495,1,3,1,success,-3.4,92.379,-29.8,0.788,5017.5,1,0,0.4775
34,blue-collar,married,basic.9y,no,no,yes,cellular,aug,tue,447,1,999,1,failure,-1.7,94.027,-38.3,0.904,4991.6,1,1,0.4775
58,housemaid,single,professional.course,no,no,yes,cellular,apr,thu,335,1,999,0,nonexistent,-1.8,93.749,-34.6,0.64,5008.7,1,1,0.4773511584160008
43,management,married,university.degree,no,no,no,cellular,jun,thu,185,1,999,0,nonexistent,-1.7,94.055,-39.8,0.742,4991.6,0,1,0.4772248861911988
34,self-employed,single,university.degree,no,no,yes,telephone,nov,tue,85,1,999,0,nonexistent,-3.4,92.649,-30.1,0.715,5017.5,1,1,0.4769866557734205
58,retired,married,high.school,no,no,no,cellular,aug,tue,585,4,999,0,nonexistent,-2.9,92.201,-31.4,0.838,5076.2,0,1,0.47669303832995147
75,retired,married,university.degree,no,yes,no,cellular,jul,thu,229,1,999,2,failure,-1.7,94.215,-40.3,0.81,4991.6,1,1,0.475
63,retired,married,professional.course,no,no,no,cellular,dec,mon,83,4,999,0,nonexistent,-3.0,92.713,-33.0,0.706,5023.5,0,1,0.475
27,blue-collar,single,university.degree,no,yes,no,cellular,apr,thu,246,2,999,0,nonexistent,-1.8,93.075,-47.1,1.365,5099.1,1,1,0.475
70,retired,married,basic.4y,no,yes,no,cellular,dec,wed,325,1,999,2,failure,-3.0,92.713,-33.0,0.715,5023.5,0,1,0.475
41,admin.,divorced,high.school,no,unknown,unknown,cellular,aug,thu,272,1,999,0,nonexistent,-1.7,94.027,-38.3,0.904,4991.6,1,1,0.475
65,technician,married,professional.course,no,no,no,cellular,sep,thu,263,1,999,0,nonexistent,-1.1,94.199,-37.5,0.879,4963.6,0,1,0.47490241787724125
41,admin.,divorced,high.school,no,yes,no,cellular,nov,fri,199,2,999,0,nonexistent,-0.1,93.2,-42.0,4.021,5195.8,0,1,0.474849112616454
21,student,single,high.school,no,no,no,cellular,aug,thu,236,3,999,0,nonexistent,-2.9,92.201,-31.4,0.873,5076.2,0,1,0.4747166919575114
42,management,married,university.degree,no,yes,no,cellular,oct,mon,355,1,999,1,failure,-3.4,92.431,-26.9,0.731,5017.5,1,1,0.474596093379851
69,entrepreneur,married,high.school,no,yes,no,cellular,jun,wed,178,2,999,0,nonexistent,-2.9,92.963,-40.8,1.26,5076.2,0,1,0.4725
31,unknown,single,high.school,no,no,no,cellular,may,mon,140,5,6,2,success,-1.8,93.876,-40.0,0.701,5008.7,0,0,0.4725
33,blue-collar,married,professional.course,no,yes,no,cellular,jun,wed,88,1,999,0,nonexistent,-2.9,92.963,-40.8,1.26,5076.2,0,1,0.4715731433817634
33,blue-collar,married,professional.course,no,yes,no,cellular,jun,wed,90,1,999,0,nonexistent,-2.9,92.963,-40.8,1.26,5076.2,0,1,0.4715731433817634
31,admin.,married,high.school,no,yes,no,cellular,oct,thu,269,2,999,1,failure,-3.4,92.431,-26.9,0.722,5017.5,0,1,0.47
47,technician,married,professional.course,no,yes,no,cellular,jun,fri,63,5,999,1,failure,-2.9,92.963,-40.8,1.224,5076.2,0,1,0.47
55,unemployed,married,basic.9y,no,no,no,cellular,oct,tue,131,1,999,0,nonexistent,-3.4,92.431,-26.9,0.728,5017.5,1,1,0.47
85,retired,divorced,basic.4y,unknown,yes,no,cellular,dec,mon,321,3,6,1,success,-3.0,92.713,-33.0,0.715,5023.5,1,0,0.47
50,blue-collar,married,unknown,unknown,no,no,cellular,jul,thu,134,1,999,0,nonexistent,1.4,93.918,-42.7,4.958,5228.1,0,1,0.4696121132174074
50,blue-collar,married,unknown,unknown,no,no,cellular,jul,thu,59,1,999,0,nonexistent,1.4,93.918,-42.7,4.958,5228.1,0,1,0.4696121132174074
50,blue-collar,married,unknown,unknown,no,no,cellular,jul,thu,200,1,999,0,nonexistent,1.4,93.918,-42.7,4.958,5228.1,0,1,0.4696121132174074
50,blue-collar,married,unknown,unknown,no,no,cellular,jul,thu,1183,1,999,0,nonexistent,1.4,93.918,-42.7,4.958,5228.1,0,1,0.4696121132174074
50,blue-collar,married,unknown,unknown,no,no,cellular,jul,thu,114,1,999,0,nonexistent,1.4,93.918,-42.7,4.958,5228.1,0,1,0.4696121132174074
50,blue-collar,married,unknown,unknown,no,no,cellular,jul,thu,1275,1,999,0,nonexistent,1.4,93.918,-42.7,4.958,5228.1,1,1,0.4696121132174074
31,blue-collar,married,basic.9y,no,yes,no,cellular,may,mon,475,1,999,1,failure,-1.8,92.893,-46.2,1.299,5099.1,1,1,0.4693905512013214
31,self-employed,single,university.degree,no,yes,no,cellular,oct,fri,91,1,999,1,failure,-3.4,92.431,-26.9,0.73,5017.5,0,1,0.4675
22,student,single,professional.course,no,yes,no,cellular,aug,mon,162,2,999,1,failure,-2.9,92.201,-31.4,0.861,5076.2,1,1,0.4675
51,blue-collar,married,professional.course,no,yes,no,cellular,dec,wed,241,3,999,0,nonexistent,-3.0,92.713,-33.0,0.7,5023.5,1,1,0.4670043197725285
49,management,married,university.degree,no,no,no,cellular,apr,wed,1214,1,999,0,nonexistent,-1.8,93.075,-47.1,1.415,5099.1,1,1,0.46501284822310684
27,admin.,single,high.school,no,no,no,cellular,jul,thu,113,2,999,2,failure,-1.7,94.215,-40.3,0.782,4991.6,0,1,0.46484855800180247
71,retired,married,basic.4y,no,yes,no,cellular,sep,tue,206,1,999,0,nonexistent,-3.4,92.379,-29.8,0.788,5017.5,1,1,0.4647170713201821
39,technician,single,professional.course,no,no,no,cellular,jul,mon,690,3,999,0,nonexistent,1.4,93.918,-42.7,4.96,5228.1,0,1,0.4643148501835499
42,entrepreneur,married,basic.9y,no,unknown,unknown,cellular,mar,tue,133,1,999,0,nonexistent,-1.8,92.843,-50.0,1.799,5099.1,0,1,0.46339147445676915
50,retired,married,basic.4y,no,yes,no,cellular,jul,wed,128,1,999,0,nonexistent,1.4,93.918,-42.7,4.957,5228.1,0,1,0.4625
35,management,married,university.degree,no,no,yes,cellular,aug,fri,10,9,999,0,nonexistent,1.4,93.444,-36.1,4.964,5228.1,0,1,0.4625
21,student,single,high.school,no,no,no,cellular,aug,thu,185,2,4,2,success,-2.9,92.201,-31.4,0.873,5076.2,0,0,0.4625
46,technician,married,professional.course,no,no,no,telephone,jun,fri,215,1,999,1,failure,-2.9,92.963,-40.8,1.268,5076.2,0,1,0.4625
22,blue-collar,single,basic.9y,no,yes,no,cellular,jun,mon,84,2,999,0,nonexistent,-2.9,92.963,-40.8,1.281,5076.2,0,1,0.46090171441224015
43,technician,married,high.school,no,yes,no,cellular,sep,tue,260,1,3,1,success,-3.4,92.379,-29.8,0.788,5017.5,1,0,0.46
26,student,single,basic.9y,no,yes,no,cellular,oct,tue,75,2,999,1,failure,-3.4,92.431,-26.9,0.742,5017.5,0,1,0.45992259407287023
61,retired,married,professional.course,no,no,no,cellular,aug,tue,219,1,999,0,nonexistent,-2.9,92.201,-31.4,0.884,5076.2,1,1,0.45839358898021665
41,admin.,single,university.degree,no,unknown,unknown,cellular,apr,thu,1277,1,999,0,nonexistent,-1.8,93.075,-47.1,1.365,5099.1,1,1,0.45821147628958786
39,technician,married,professional.course,no,yes,no,telephone,jun,thu,233,2,999,0,nonexistent,1.4,94.465,-41.8,4.961,5228.1,0,1,0.4575
66,retired,married,high.school,no,no,no,cellular,mar,tue,618,1,999,0,nonexistent,-1.8,93.369,-34.8,0.646,5008.7,0,1,0.4575
26,admin.,single,university.degree,no,no,no,cellular,mar,fri,81,1,7,4,failure,-1.8,93.369,-34.8,0.636,5008.7,0,0,0.4575
30,admin.,single,high.school,no,yes,no,cellular,may,fri,195,3,999,1,failure,-1.8,92.893,-46.2,1.25,5099.1,0,1,0.4575
43,blue-collar,married,basic.9y,no,no,yes,cellular,may,mon,487,1,3,1,success,-1.8,92.893,-46.2,1.264,5099.1,1,0,0.4575
75,retired,married,unknown,no,no,no,cellular,sep,tue,191,1,999,1,failure,-3.4,92.379,-29.8,0.788,5017.5,1,1,0.4575
70,retired,married,basic.4y,unknown,yes,no,cellular,aug,thu,320,1,999,0,nonexistent,-2.9,92.201,-31.4,0.883,5076.2,0,1,0.4575
32,technician,divorced,professional.course,no,yes,yes,cellular,mar,tue,460,1,999,0,nonexistent,-1.8,92.843,-50.0,1.556,5099.1,1,1,0.4573489419905061
58,retired,divorced,professional.course,no,yes,no,cellular,jun,mon,470,1,999,0,nonexistent,-2.9,92.963,-40.8,1.266,5076.2,0,1,0.4573487286771805
45,blue-collar,married,high.school,no,yes,yes,cellular,nov,mon,449,2,5,3,success,-1.1,94.767,-50.8,1.05,4963.6,1,0,0.45700013657470634
57,management,married,university.degree,no,yes,no,cellular,aug,tue,71,1,5,2,failure,-2.9,92.201,-31.4,0.883,5076.2,0,0,0.45667586809454164
50,management,divorced,university.degree,no,no,no,cellular,jul,mon,85,3,999,0,nonexistent,1.4,93.918,-42.7,4.962,5228.1,0,1,0.455
41,admin.,single,university.degree,no,yes,yes,telephone,dec,thu,273,1,999,1,failure,-3.0,92.713,-33.0,0.707,5023.5,0,1,0.455
30,admin.,married,university.degree,no,yes,no,cellular,apr,thu,243,3,999,0,nonexistent,-1.8,93.075,-47.1,1.483,5099.1,1,1,0.455
30,admin.,married,university.degree,no,yes,no,cellular,apr,thu,80,3,999,0,nonexistent,-1.8,93.075,-47.1,1.483,5099.1,0,1,0.455
30,management,single,university.degree,no,no,no,cellular,nov,wed,493,1,999,0,nonexistent,-0.1,93.2,-42.0,4.12,5195.8,0,1,0.45390723090072627
32,technician,single,university.degree,no,yes,no,cellular,oct,tue,149,1,999,0,nonexistent,-3.4,92.431,-26.9,0.728,5017.5,1,1,0.4530672904608851
30,housemaid,single,university.degree,no,no,no,cellular,sep,thu,103,2,999,0,nonexistent,-1.1,94.199,-37.5,0.878,4963.6,0,1,0.4525
43,technician,married,professional.course,no,yes,no,cellular,jul,thu,1193,1,999,0,nonexistent,-1.7,94.215,-40.3,0.884,4991.6,1,1,0.4525
46,admin.,married,university.degree,no,yes,no,cellular,aug,thu,164,1,999,0,nonexistent,-2.9,92.201,-31.4,0.873,5076.2,0,1,0.4525
21,student,single,university.degree,no,no,no,cellular,jun,fri,493,2,999,0,nonexistent,-2.9,92.963,-40.8,1.268,5076.2,1,1,0.4525
30,admin.,single,high.school,no,yes,no,cellular,may,thu,464,2,999,0,nonexistent,-1.8,92.893,-46.2,1.266,5099.1,0,1,0.4525
38,technician,married,professional.course,no,yes,yes,cellular,apr,thu,117,1,999,0,nonexistent,-1.8,93.075,-47.1,1.406,5099.1,0,1,0.4525
37,unemployed,single,university.degree,no,yes,no,cellular,mar,fri,432,1,999,0,nonexistent,-1.8,92.843,-50.0,1.64,5099.1,0,1,0.45196924345529055
33,admin.,married,university.degree,no,no,no,cellular,oct,fri,18,1,999,0,nonexistent,-0.1,93.798,-40.4,4.76,5195.8,0,1,0.45184183934035616
37,technician,single,university.degree,no,yes,no,cellular,jun,tue,96,1,999,0,nonexistent,-2.9,92.963,-40.8,1.262,5076.2,0,1,0.4518270217024029
38,self-employed,married,professional.course,no,yes,no,cellular,apr,thu,779,2,999,0,nonexistent,-1.8,93.075,-47.1,1.365,5099.1,1,1,0.45
18,student,single,basic.4y,no,yes,no,telephone,nov,tue,394,1,13,2,success,-1.1,94.767,-50.8,1.049,4963.6,1,0,0.45
39,technician,married,university.degree,no,yes,no,cellular,jun,mon,713,2,999,0,nonexistent,-1.7,94.055,-39.8,0.72,4991.6,1,1,0.45
46,services,married,university.degree,no,yes,no,cellular,sep,wed,630,1,999,0,nonexistent,-1.1,94.199,-37.5,0.88,4963.6,1,1,0.45
30,admin.,married,university.degree,no,yes,no,cellular,aug,tue,120,3,999,1,failure,-2.9,92.201,-31.4,0.883,5076.2,0,1,0.45
76,retired,married,university.degree,no,yes,no,cellular,aug,thu,344,1,999,1,failure,-2.9,92.201,-31.4,0.873,5076.2,0,1,0.4498438129786376
73,retired,divorced,basic.4y,no,no,yes,cellular,apr,tue,342,1,999,0,nonexistent,-1.8,93.075,-47.1,1.423,5099.1,1,1,0.4475
74,retired,married,professional.course,no,yes,no,cellular,aug,thu,204,3,999,1,failure,-2.9,92.201,-31.4,0.873,5076.2,1,1,0.4475
88,retired,divorced,basic.4y,no,yes,yes,cellular,mar,wed,103,3,999,0,nonexistent,-1.8,92.843,-50.0,1.663,5099.1,0,1,0.44687029119288973
32,student,married,high.school,no,no,no,cellular,apr,thu,567,2,999,0,nonexistent,-1.8,93.075,-47.1,1.365,5099.1,1,1,0.446834124499637
30,services,single,high.school,no,no,no,cellular,may,mon,111,2,999,0,nonexistent,-1.8,92.893,-46.2,1.244,5099.1,0,1,0.4445610290697342
32,admin.,married,high.school,no,yes,no,cellular,sep,mon,1298,1,999,0,nonexistent,-1.1,94.199,-37.5,0.879,4963.6,1,1,0.4425
49,entrepreneur,single,university.degree,no,yes,no,cellular,aug,wed,78,6,5,1,success,-2.9,92.201,-31.4,0.834,5076.2,0,0,0.4425
41,technician,divorced,university.degree,no,yes,no,cellular,aug,fri,252,1,999,1,failure,-1.7,94.027,-38.3,0.905,4991.6,0,1,0.44
40,admin.,married,university.degree,unknown,yes,yes,cellular,nov,mon,205,2,999,0,nonexistent,-0.1,93.2,-42.0,4.191,5195.8,0,1,0.44
30,technician,divorced,university.degree,no,no,no,cellular,aug,mon,66,5,999,0,nonexistent,1.4,93.444,-36.1,4.965,5228.1,0,1,0.44
49,management,married,university.degree,no,no,yes,cellular,nov,tue,185,1,999,0,nonexistent,-3.4,92.649,-30.1,0.715,5017.5,0,1,0.44
27,self-employed,single,university.degree,no,no,no,cellular,jun,tue,271,1,999,0,nonexistent,-2.9,92.963,-40.8,1.262,5076.2,0,1,0.44
33,admin.,married,university.degree,no,yes,no,cellular,jun,tue,690,1,999,0,nonexistent,-2.9,92.963,-40.8,1.262,5076.2,1,1,0.4375
33,admin.,married,university.degree,no,yes,no,cellular,jun,tue,64,1,999,0,nonexistent,-2.9,92.963,-40.8,1.262,5076.2,0,1,0.4375
31,admin.,married,university.degree,no,unknown,unknown,cellular,mar,tue,207,1,999,0,nonexistent,-1.8,93.369,-34.8,0.655,5008.7,1,1,0.4375
50,services,married,high.school,no,yes,no,cellular,aug,wed,737,2,999,0,nonexistent,1.4,93.444,-36.1,4.965,5228.1,1,1,0.4375
53,technician,divorced,high.school,no,no,no,cellular,nov,thu,290,2,999,0,nonexistent,-0.1,93.2,-42.0,4.076,5195.8,0,1,0.4375
64,housemaid,married,basic.4y,no,yes,yes,cellular,dec,thu,336,5,999,0,nonexistent,-3.0,92.713,-33.0,0.714,5023.5,1,1,0.4372181335356601
45,management,married,university.degree,no,no,no,telephone,nov,tue,208,2,999,0,nonexistent,-3.4,92.649,-30.1,0.715,5017.5,0,1,0.4369866557734205
47,admin.,married,high.school,no,yes,no,cellular,apr,fri,296,1,999,1,failure,-1.8,93.749,-34.6,0.645,5008.7,1,1,0.435
57,blue-collar,married,basic.4y,unknown,yes,no,telephone,may,mon,300,3,999,0,nonexistent,1.1,93.994,-36.4,4.857,5191.0,0,1,0.435
29,admin.,married,high.school,no,yes,no,cellular,jun,wed,605,3,999,0,nonexistent,-1.7,94.055,-39.8,0.727,4991.6,1,1,0.435
60,admin.,married,university.degree,no,yes,no,cellular,may,mon,1602,2,999,0,nonexistent,-1.8,92.893,-46.2,1.354,5099.1,1,1,0.4325
33,admin.,single,university.degree,no,no,no,cellular,jun,fri,471,2,999,0,nonexistent,-2.9,92.963,-40.8,1.268,5076.2,0,1,0.4325
32,admin.,single,university.degree,no,yes,no,telephone,jul,fri,123,4,999,0,nonexistent,-2.9,92.469,-33.6,1.007,5076.2,0,1,0.4325
22,student,single,high.school,no,yes,yes,cellular,may,mon,1370,3,999,0,nonexistent,-1.8,92.893,-46.2,1.354,5099.1,1,1,0.432381966019733
57,retired,divorced,basic.9y,no,yes,no,cellular,jul,fri,247,2,999,0,nonexistent,-2.9,92.469,-33.6,1.059,5076.2,1,1,0.4323508176687196
38,admin.,married,high.school,no,yes,no,cellular,oct,thu,82,1,999,1,failure,-3.4,92.431,-26.9,0.754,5017.5,0,1,0.43234983753176975
50,admin.,married,university.degree,no,unknown,unknown,cellular,may,wed,801,1,999,1,failure,-1.8,93.876,-40.0,0.682,5008.7,0,1,0.43
49,management,married,university.degree,no,no,no,cellular,jun,mon,164,1,999,0,nonexistent,-2.9,92.963,-40.8,1.266,5076.2,0,1,0.43
36,technician,married,professional.course,no,yes,no,cellular,aug,thu,92,2,999,1,failure,-2.9,92.201,-31.4,0.873,5076.2,0,1,0.43
69,retired,married,basic.6y,no,yes,no,cellular,nov,thu,355,3,999,0,nonexistent,-3.4,92.649,-30.1,0.716,5017.5,1,1,0.43
53,housemaid,married,high.school,no,yes,no,cellular,jun,fri,195,6,999,0,nonexistent,-1.7,94.055,-39.8,0.748,4991.6,0,1,0.43
24,student,single,high.school,no,no,no,telephone,jun,wed,132,1,999,0,nonexistent,1.4,94.465,-41.8,4.864,5228.1,0,1,0.4299000327761389
30,blue-collar,single,university.degree,no,no,no,cellular,mar,fri,166,1,999,0,nonexistent,-1.8,92.843,-50.0,1.531,5099.1,0,1,0.42959650092609875
25,admin.,single,university.degree,no,no,yes,cellular,apr,fri,207,1,999,0,nonexistent,-1.8,93.749,-34.6,0.645,5008.7,0,1,0.4275
29,student,single,high.school,no,yes,yes,cellular,nov,thu,289,1,3,3,success,-1.1,94.767,-50.8,1.05,4963.6,1,0,0.4275
28,blue-collar,single,high.school,no,yes,yes,cellular,apr,thu,268,1,999,0,nonexistent,-1.8,93.075,-47.1,1.483,5099.1,1,1,0.42581230967304334
33,technician,single,university.degree,no,yes,yes,cellular,jun,wed,203,2,999,0,nonexistent,-2.9,92.963,-40.8,1.26,5076.2,0,1,0.4257843530869874
23,admin.,single,high.school,no,yes,no,cellular,apr,thu,132,1,999,0,nonexistent,-1.8,93.075,-47.1,1.365,5099.1,0,1,0.425
29,blue-collar,single,professional.course,no,no,yes,cellular,mar,tue,207,2,999,1,failure,-1.8,93.369,-34.8,0.652,5008.7,1,1,0.425
39,blue-collar,married,basic.9y,no,yes,no,cellular,sep,mon,791,3,999,0,nonexistent,-1.1,94.199,-37.5,0.882,4963.6,0,1,0.425
22,technician,single,professional.course,no,yes,no,cellular,aug,tue,122,1,999,0,nonexistent,-1.7,94.027,-38.3,0.904,4991.6,0,1,0.425
30,blue-collar,single,basic.9y,no,no,no,cellular,may,thu,151,2,999,1,failure,-1.8,92.893,-46.2,1.266,5099.1,0,1,0.425
43,technician,married,high.school,no,no,no,cellular,may,fri,223,1,3,1,success,-1.8,92.893,-46.2,1.259,5099.1,1,0,0.425
30,services,single,high.school,no,yes,no,cellular,apr,wed,247,2,999,0,nonexistent,-1.8,93.075,-47.1,1.498,5099.1,0,1,0.4245711887650144
34,technician,married,university.degree,no,yes,yes,cellular,apr,thu,168,1,999,0,nonexistent,-1.8,93.075,-47.1,1.41,5099.1,0,1,0.4225
53,management,divorced,university.degree,no,no,no,cellular,jun,mon,345,1,999,0,nonexistent,-1.7,94.055,-39.8,0.754,4991.6,1,1,0.42221305007587256
43,services,married,basic.6y,no,no,no,cellular,sep,tue,115,1,999,0,nonexistent,-3.4,92.379,-29.8,0.75,5017.5,0,1,0.42
27,admin.,single,university.degree,no,no,yes,cellular,jun,tue,154,1,999,0,nonexistent,-2.9,92.963,-40.8,1.262,5076.2,0,1,0.42
43,entrepreneur,married,professional.course,no,no,no,cellular,nov,tue,63,1,999,0,nonexistent,-0.1,93.2,-42.0,4.153,5195.8,0,1,0.42
68,retired,married,basic.4y,unknown,yes,no,cellular,jun,mon,383,3,999,0,nonexistent,-1.7,94.055,-39.8,0.754,4991.6,0,1,0.42
31,technician,single,high.school,no,yes,yes,cellular,aug,tue,559,2,999,0,nonexistent,1.4,93.444,-36.1,4.966,5228.1,1,1,0.4193213596617549
32,admin.,married,high.school,no,no,no,cellular,mar,thu,115,2,999,0,nonexistent,-1.8,92.843,-50.0,1.757,5099.1,0,1,0.41818514231126747
51,admin.,divorced,high.school,no,yes,no,cellular,aug,tue,192,1,6,1,success,-2.9,92.201,-31.4,0.838,5076.2,1,0,0.4175
29,technician,single,professional.course,no,unknown,unknown,cellular,nov,wed,257,2,999,1,failure,-3.4,92.649,-30.1,0.719,5017.5,0,1,0.4175
74,retired,married,professional.course,no,no,no,cellular,aug,wed,298,1,999,0,nonexistent,-2.9,92.201,-31.4,0.879,5076.2,0,1,0.4175
35,management,divorced,university.degree,no,no,no,cellular,aug,mon,288,7,999,0,nonexistent,1.4,93.444,-36.1,4.965,5228.1,0,1,0.4175
29,admin.,single,high.school,no,yes,yes,cellular,jun,mon,89,2,999,0,nonexistent,-2.9,92.963,-40.8,1.26,5076.2,1,1,0.4175
35,management,divorced,university.degree,no,no,no,cellular,aug,mon,83,7,999,0,nonexistent,1.4,93.444,-36.1,4.965,5228.1,0,1,0.4175
53,technician,married,professional.course,no,no,no,cellular,sep,tue,103,1,999,1,failure,-3.4,92.379,-29.8,0.77,5017.5,0,1,0.417068848003649
53,admin.,married,university.degree,no,yes,no,cellular,apr,tue,142,1,999,0,nonexistent,-1.8,93.075,-47.1,1.405,5099.1,0,1,0.4152596187955915
34,management,divorced,university.degree,no,yes,no,cellular,jul,tue,580,5,999,0,nonexistent,1.4,93.918,-42.7,4.961,5228.1,0,1,0.415
58,services,married,high.school,no,yes,no,telephone,mar,mon,113,4,999,0,nonexistent,-1.8,93.369,-34.8,0.635,5008.7,0,1,0.415
39,management,married,university.degree,no,yes,no,cellular,sep,thu,291,3,999,0,nonexistent,-1.1,94.199,-37.5,0.884,4963.6,1,1,0.415
37,blue-collar,married,basic.4y,unknown,yes,no,telephone,may,wed,147,3,999,0,nonexistent,1.1,93.994,-36.4,4.859,5191.0,0,1,0.415
33,services,married,high.school,no,no,no,cellular,may,thu,192,1,999,1,failure,-1.8,93.876,-40.0,0.677,5008.7,1,1,0.415
36,admin.,single,university.degree,no,yes,yes,cellular,jun,wed,1407,1,999,0,nonexistent,-1.7,94.055,-39.8,0.739,4991.6,1,1,0.41472397572078906
26,student,single,high.school,no,no,no,telephone,jun,wed,219,1,999,0,nonexistent,1.4,94.465,-41.8,4.864,5228.1,0,1,0.41471532625189683
32,admin.,married,university.degree,no,yes,no,cellular,aug,wed,80,2,999,0,nonexistent,-2.9,92.201,-31.4,0.854,5076.2,0,1,0.4147119119878604
29,admin.,single,university.degree,no,yes,no,cellular,aug,fri,107,1,999,0,nonexistent,-2.9,92.201,-31.4,0.881,5076.2,0,1,0.4146059109757171
58,retired,married,high.school,no,no,no,cellular,aug,tue,360,5,999,0,nonexistent,-2.9,92.201,-31.4,0.838,5076.2,0,1,0.41434418166065645
37,services,married,high.school,no,yes,no,cellular,jun,wed,200,1,999,0,nonexistent,-2.9,92.963,-40.8,1.26,5076.2,0,1,0.41408362394367004
31,admin.,single,university.degree,no,no,no,cellular,nov,fri,85,2,999,0,nonexistent,-0.1,93.2,-42.0,4.021,5195.8,0,1,0.4125
44,technician,married,university.degree,no,no,no,cellular,jun,wed,874,2,999,1,failure,-1.7,94.055,-39.8,0.715,4991.6,1,1,0.4125
71,retired,married,professional.course,no,yes,yes,telephone,nov,tue,383,1,999,0,nonexistent,-3.4,92.649,-30.1,0.72,5017.5,1,1,0.4125
52,management,married,high.school,no,yes,yes,cellular,aug,tue,167,1,10,4,failure,-2.9,92.201,-31.4,0.883,5076.2,1,0,0.4125
48,admin.,married,professional.course,no,yes,no,cellular,apr,mon,333,1,7,1,success,-1.8,93.749,-34.6,0.642,5008.7,1,0,0.4125
57,technician,married,professional.course,no,yes,no,cellular,nov,thu,302,4,999,0,nonexistent,-0.1,93.2,-42.0,4.076,5195.8,0,1,0.4122192716236722
67,retired,married,basic.6y,no,no,no,cellular,aug,tue,460,2,999,0,nonexistent,-2.9,92.201,-31.4,0.859,5076.2,1,1,0.41080220499799575
43,services,married,high.school,no,no,yes,cellular,aug,tue,79,2,3,2,success,-2.9,92.201,-31.4,0.838,5076.2,0,0,0.41
29,blue-collar,single,high.school,no,yes,no,cellular,aug,wed,71,1,999,0,nonexistent,-2.9,92.201,-31.4,0.879,5076.2,0,1,0.40985362621476185
31,student,married,high.school,no,yes,no,cellular,dec,wed,158,3,999,0,nonexistent,-3.0,92.713,-33.0,0.7,5023.5,0,1,0.408652869338042
30,student,single,basic.4y,no,yes,yes,cellular,mar,tue,70,2,999,0,nonexistent,-1.8,92.843,-50.0,1.687,5099.1,0,1,0.4079778388969191
68,retired,married,high.school,no,no,no,cellular,nov,mon,1248,2,999,1,failure,-3.4,92.649,-30.1,0.714,5017.5,1,1,0.4075
51,blue-collar,married,basic.4y,no,yes,yes,telephone,dec,mon,170,1,999,0,nonexistent,-0.2,92.756,-45.9,3.488,5176.3,0,1,0.4075
33,technician,single,high.school,no,no,no,cellular,apr,fri,124,2,999,0,nonexistent,-1.8,93.075,-47.1,1.405,5099.1,0,1,0.4075
51,services,married,high.school,no,no,no,cellular,may,tue,1267,1,999,1,failure,-1.8,93.876,-40.0,0.668,5008.7,1,1,0.4075
47,management,married,basic.9y,no,no,no,cellular,jun,tue,132,4,999,0,nonexistent,-2.9,92.963,-40.8,1.262,5076.2,0,1,0.4075
33,admin.,single,unknown,no,no,no,cellular,mar,thu,196,3,999,1,failure,-1.8,93.369,-34.8,0.635,5008.7,0,1,0.4075
44,admin.,single,university.degree,no,no,no,cellular,aug,thu,492,1,999,2,failure,-1.7,94.027,-38.3,0.904,4991.6,0,1,0.4075
28,admin.,single,university.degree,no,no,no,cellular,jul,thu,69,3,999,0,nonexistent,1.4,93.918,-42.7,4.968,5228.1,0,1,0.4071246074886921
29,admin.,single,university.degree,no,no,no,cellular,apr,wed,548,2,999,0,nonexistent,-1.8,93.075,-47.1,1.445,5099.1,1,1,0.40617002701103483
33,admin.,single,university.degree,no,yes,no,cellular,jul,mon,175,4,999,0,nonexistent,-1.7,94.215,-40.3,0.793,4991.6,0,1,0.405
23,technician,single,university.degree,no,yes,no,cellular,oct,fri,374,1,999,0,nonexistent,-3.4,92.431,-26.9,0.73,5017.5,1,1,0.405
30,services,divorced,high.school,no,no,no,cellular,may,mon,159,2,11,1,success,-1.8,92.893,-46.2,1.299,5099.1,0,0,0.405
27,admin.,single,university.degree,no,no,no,cellular,jul,tue,207,1,999,0,nonexistent,-2.9,92.469,-33.6,1.044,5076.2,0,1,0.40484702093397745
30,admin.,married,university.degree,no,yes,no,cellular,apr,tue,496,1,999,0,nonexistent,-1.8,93.075,-47.1,1.423,5099.1,1,1,0.4048425643455767
27,student,single,unknown,no,yes,no,cellular,jun,tue,103,4,999,0,nonexistent,-2.9,92.963,-40.8,1.286,5076.2,0,1,0.4048124940961617
41,technician,married,university.degree,no,no,no,cellular,apr,tue,219,1,999,0,nonexistent,-1.8,93.075,-47.1,1.405,5099.1,0,1,0.4033171965982278
32,admin.,single,university.degree,no,no,no,cellular,oct,wed,371,1,999,0,nonexistent,-3.4,92.431,-26.9,0.724,5017.5,1,1,0.4025
43,technician,single,university.degree,no,no,yes,cellular,nov,fri,122,5,999,0,nonexistent,-3.4,92.649,-30.1,0.714,5017.5,0,1,0.4025
31,admin.,divorced,university.degree,no,yes,no,cellular,may,mon,226,1,999,0,nonexistent,-1.8,92.893,-46.2,1.354,5099.1,1,1,0.4025
30,blue-collar,single,professional.course,no,no,no,cellular,may,tue,165,1,999,1,failure,-1.8,93.876,-40.0,0.668,5008.7,0,1,0.4025
27,admin.,single,university.degree,no,yes,no,cellular,aug,fri,177,2,999,0,nonexistent,-1.7,94.027,-38.3,0.905,4991.6,1,1,0.4025
58,retired,married,university.degree,no,yes,no,cellular,aug,fri,92,1,999,0,nonexistent,-2.9,92.201,-31.4,0.849,5076.2,0,1,0.40235171194341746
24,student,single,high.school,no,yes,no,cellular,dec,thu,726,3,999,0,nonexistent,-3.0,92.713,-33.0,0.712,5023.5,1,1,0.40210817476045013
26,admin.,single,university.degree,no,yes,no,cellular,sep,tue,201,1,999,0,nonexistent,-1.1,94.199,-37.5,0.881,4963.6,1,1,0.40198763347134453
28,admin.,single,high.school,no,no,no,cellular,apr,thu,571,1,999,0,nonexistent,-1.8,93.075,-47.1,1.365,5099.1,1,1,0.400036398794953
53,technician,married,university.degree,no,no,no,cellular,sep,thu,156,2,999,0,nonexistent,-1.1,94.199,-37.5,0.878,4963.6,1,1,0.4
40,admin.,married,basic.9y,no,yes,yes,cellular,may,thu,639,2,10,1,success,-1.8,92.893,-46.2,1.327,5099.1,0,0,0.4
37,blue-collar,single,high.school,no,yes,no,cellular,nov,mon,128,1,999,0,nonexistent,-3.4,92.649,-30.1,0.722,5017.5,0,1,0.4
34,management,married,university.degree,no,no,yes,telephone,may,wed,318,5,6,1,success,-1.8,92.893,-46.2,1.281,5099.1,0,0,0.39949265086853375
47,admin.,married,university.degree,no,no,no,cellular,aug,mon,97,1,999,0,nonexistent,1.4,93.444,-36.1,4.965,5228.1,0,1,0.3983939363965531
63,retired,married,basic.6y,no,yes,no,cellular,oct,fri,91,2,999,0,nonexistent,-3.4,92.431,-26.9,0.752,5017.5,0,1,0.3980540030899233
31,admin.,married,high.school,no,no,yes,cellular,aug,mon,155,2,4,1,success,-2.9,92.201,-31.4,0.884,5076.2,1,0,0.3975
27,admin.,single,basic.9y,no,yes,yes,cellular,jul,tue,81,2,999,0,nonexistent,1.4,93.918,-42.7,4.961,5228.1,0,1,0.3975
57,retired,divorced,basic.9y,no,no,no,cellular,jul,fri,897,3,999,0,nonexistent,-2.9,92.469,-33.6,1.059,5076.2,0,1,0.3975
47,services,single,unknown,no,unknown,unknown,cellular,mar,thu,394,2,999,0,nonexistent,-1.8,93.369,-34.8,0.643,5008.7,0,1,0.3975
74,retired,married,basic.4y,no,yes,no,cellular,jun,mon,257,1,999,0,nonexistent,-2.9,92.963,-40.8,1.26,5076.2,1,1,0.39720599393019723
36,housemaid,divorced,basic.4y,unknown,no,no,cellular,jul,fri,300,1,999,0,nonexistent,1.4,93.918,-42.7,4.957,5228.1,0,1,0.3967904896760915
29,technician,single,professional.course,no,no,no,cellular,nov,fri,394,5,999,0,nonexistent,-0.1,93.2,-42.0,4.021,5195.8,0,1,0.3960786247650234
30,admin.,married,university.degree,no,no,no,telephone,oct,wed,313,1,999,0,nonexistent,-0.1,93.798,-40.4,4.827,5195.8,1,1,0.395
32,admin.,married,university.degree,no,no,no,cellular,jun,tue,596,1,999,0,nonexistent,-2.9,92.963,-40.8,1.262,5076.2,1,1,0.395
35,technician,single,university.degree,no,no,no,cellular,aug,tue,218,4,999,0,nonexistent,1.4,93.444,-36.1,4.966,5228.1,0,1,0.395
38,technician,married,university.degree,no,yes,yes,cellular,dec,wed,310,1,999,0,nonexistent,-3.0,92.713,-33.0,0.721,5023.5,1,1,0.395
32,admin.,single,university.degree,no,yes,no,cellular,sep,tue,157,2,999,0,nonexistent,-3.4,92.379,-29.8,0.819,5017.5,0,1,0.3944367981790592
60,admin.,married,high.school,no,no,no,cellular,oct,tue,604,1,999,1,failure,-1.1,94.601,-49.5,1.037,4963.6,1,1,0.3935061420116057
19,student,single,basic.4y,no,yes,no,cellular,may,thu,220,1,999,1,failure,-1.8,93.876,-40.0,0.677,5008.7,0,1,0.3925
32,management,married,university.degree,no,no,no,cellular,nov,tue,107,1,999,0,nonexistent,-3.4,92.649,-30.1,0.716,5017.5,0,1,0.3925
31,technician,single,basic.9y,no,yes,no,cellular,may,thu,479,1,11,1,success,-1.8,92.893,-46.2,1.266,5099.1,1,0,0.3925
59,technician,married,professional.course,no,yes,no,cellular,aug,wed,210,4,999,0,nonexistent,-2.9,92.201,-31.4,0.834,5076.2,1,1,0.39221828528072833
30,admin.,single,university.degree,no,no,no,cellular,nov,fri,171,1,999,0,nonexistent,-0.1,93.2,-42.0,4.021,5195.8,0,1,0.3914629482192666
44,management,married,university.degree,no,yes,no,cellular,jun,tue,71,3,999,0,nonexistent,-2.9,92.963,-40.8,1.262,5076.2,0,1,0.39
79,retired,married,basic.9y,no,yes,no,cellular,apr,thu,510,1,999,0,nonexistent,-1.8,93.075,-47.1,1.365,5099.1,1,1,0.39
17,student,single,basic.9y,no,yes,no,cellular,aug,fri,92,3,4,2,success,-2.9,92.201,-31.4,0.869,5076.2,0,0,0.39
64,housemaid,married,unknown,no,yes,no,telephone,may,wed,671,3,999,0,nonexistent,-1.8,93.876,-40.0,0.697,5008.7,1,1,0.39
31,admin.,single,university.degree,no,yes,no,cellular,nov,wed,404,1,2,5,success,-1.1,94.767,-50.8,1.048,4963.6,1,0,0.39
32,technician,single,university.degree,no,no,no,cellular,jun,mon,1048,1,999,0,nonexistent,-2.9,92.963,-40.8,1.266,5076.2,1,1,0.3897229893778452
81,retired,married,professional.course,no,no,no,cellular,apr,thu,135,1,999,0,nonexistent,-1.8,93.075,-47.1,1.365,5099.1,0,1,0.3875
38,technician,divorced,high.school,no,yes,no,cellular,aug,mon,171,2,999,0,nonexistent,1.4,93.444,-36.1,4.965,5228.1,0,1,0.3875
31,admin.,single,university.degree,no,yes,no,cellular,may,wed,44,1,999,0,nonexistent,-1.8,92.893,-46.2,1.281,5099.1,0,1,0.3875
42,unemployed,married,unknown,no,no,no,cellular,aug,thu,175,4,999,0,nonexistent,-2.9,92.201,-31.4,0.883,5076.2,1,1,0.38721638846737483
30,unemployed,single,university.degree,no,yes,no,cellular,apr,wed,400,1,999,0,nonexistent,-1.8,93.075,-47.1,1.405,5099.1,1,1,0.38685927668301373
40,management,divorced,university.degree,no,yes,no,cellular,jun,wed,117,1,999,0,nonexistent,-2.9,92.963,-40.8,1.26,5076.2,1,1,0.3853348264859556
45,admin.,divorced,high.school,no,no,no,cellular,jul,mon,300,1,999,0,nonexistent,1.4,93.918,-42.7,4.962,5228.1,0,1,0.3852513783890668
44,services,married,high.school,no,no,no,cellular,oct,mon,95,3,999,0,nonexistent,-1.1,94.601,-49.5,1.0,4963.6,0,1,0.385
35,technician,single,professional.course,no,no,no,cellular,jul,mon,562,4,999,0,nonexistent,-1.7,94.215,-40.3,0.827,4991.6,1,1,0.385
30,technician,single,professional.course,no,no,no,cellular,sep,tue,221,2,999,1,failure,-1.1,94.199,-37.5,0.877,4963.6,1,1,0.385
38,services,single,high.school,no,no,no,cellular,sep,fri,256,2,999,0,nonexistent,-1.1,94.199,-37.5,0.878,4963.6,1,1,0.385
56,entrepreneur,married,university.degree,no,no,yes,cellular,apr,thu,488,1,999,0,nonexistent,-1.8,93.075,-47.1,1.365,5099.1,0,1,0.38471502276176023
25,technician,single,basic.9y,no,yes,no,cellular,jun,fri,103,2,999,0,nonexistent,-2.9,92.963,-40.8,1.268,5076.2,1,1,0.3836560451235362
59,retired,married,basic.6y,no,no,no,cellular,may,mon,233,2,999,0,nonexistent,-1.8,92.893,-46.2,1.354,5099.1,0,1,0.3825
71,retired,married,basic.4y,no,no,no,cellular,oct,thu,250,2,999,2,failure,-3.4,92.431,-26.9,0.754,5017.5,0,1,0.3823982310082269
37,self-employed,married,university.degree,no,no,no,cellular,may,fri,395,1,999,1,failure,-1.8,92.893,-46.2,1.313,5099.1,0,1,0.38222139605462824
32,student,married,high.school,no,yes,no,telephone,dec,wed,135,3,999,1,failure,-3.0,92.713,-33.0,0.715,5023.5,0,1,0.3822194233687405
46,unemployed,married,basic.9y,no,yes,yes,cellular,jun,tue,1210,4,999,1,failure,-2.9,92.963,-40.8,1.262,5076.2,1,1,0.38
28,technician,single,professional.course,no,no,no,cellular,may,fri,198,1,3,1,success,-1.8,92.893,-46.2,1.259,5099.1,1,0,0.37804224101342326
38,technician,married,university.degree,no,yes,no,cellular,mar,tue,122,1,999,0,nonexistent,-1.8,92.843,-50.0,1.687,5099.1,1,1,0.37782351093780087
37,entrepreneur,married,basic.6y,no,yes,no,cellular,jun,mon,377,1,999,0,nonexistent,-2.9,92.963,-40.8,1.266,5076.2,1,1,0.37780644985981193
46,admin.,single,university.degree,no,yes,no,cellular,jul,thu,309,1,999,0,nonexistent,-2.9,92.469,-33.6,1.072,5076.2,1,1,0.3775
62,self-employed,married,university.degree,no,yes,yes,telephone,apr,thu,164,4,999,0,nonexistent,-1.8,93.075,-47.1,1.406,5099.1,0,1,0.3775
85,retired,married,basic.4y,unknown,yes,no,cellular,apr,tue,129,3,999,0,nonexistent,-1.8,93.075,-47.1,1.405,5099.1,1,1,0.3775
51,unemployed,married,basic.6y,no,yes,no,cellular,jun,thu,262,2,999,0,nonexistent,-2.9,92.963,-40.8,1.26,5076.2,1,1,0.3775
75,retired,divorced,basic.4y,no,no,no,cellular,oct,thu,247,2,999,0,nonexistent,-3.4,92.431,-26.9,0.722,5017.5,0,1,0.3773550707187465
31,technician,single,university.degree,no,no,no,cellular,may,tue,911,1,2,1,success,-1.8,92.893,-46.2,1.266,5099.1,0,0,0.3772717678162671
31,services,single,university.degree,no,yes,no,telephone,aug,wed,701,1,999,0,nonexistent,-2.9,92.201,-31.4,0.879,5076.2,0,1,0.37599653992390636
43,blue-collar,married,basic.9y,no,yes,no,cellular,dec,tue,689,2,999,0,nonexistent,-3.0,92.713,-33.0,0.707,5023.5,1,1,0.3752503214807956
29,admin.,single,university.degree,no,yes,no,cellular,jul,mon,110,2,999,1,failure,-1.7,94.215,-40.3,0.889,4991.6,0,1,0.375
36,technician,single,professional.course,no,no,no,cellular,jun,fri,146,2,999,0,nonexistent,-2.9,92.963,-40.8,1.268,5076.2,1,1,0.375
29,admin.,married,university.degree,no,yes,no,cellular,may,mon,87,2,999,0,nonexistent,-1.8,92.893,-46.2,1.244,5099.1,0,1,0.375
24,admin.,single,high.school,no,yes,yes,cellular,mar,wed,224,1,999,0,nonexistent,-1.8,92.843,-50.0,1.602,5099.1,1,1,0.375
79,retired,married,basic.4y,no,no,yes,cellular,nov,tue,149,1,999,0,nonexistent,-3.4,92.649,-30.1,0.72,5017.5,1,1,0.375
33,technician,married,university.degree,no,yes,no,cellular,mar,tue,56,2,999,0,nonexistent,-1.8,92.843,-50.0,1.687,5099.1,0,1,0.37443525439590397
33,blue-collar,married,basic.9y,no,yes,no,cellular,may,tue,482,1,999,0,nonexistent,-1.8,92.893,-46.2,1.266,5099.1,1,1,0.3725
28,admin.,single,high.school,no,yes,no,cellular,may,thu,457,2,999,1,failure,-1.8,93.876,-40.0,0.683,5008.7,0,1,0.3725
18,student,single,high.school,no,no,no,cellular,nov,fri,256,2,7,2,failure,-3.4,92.649,-30.1,0.714,5017.5,1,0,0.3725
37,technician,married,professional.course,no,no,no,cellular,aug,wed,157,3,4,2,success,-2.9,92.201,-31.4,0.884,5076.2,1,0,0.3725
27,admin.,married,university.degree,no,unknown,unknown,cellular,jun,mon,459,1,999,1,failure,-2.9,92.963,-40.8,1.266,5076.2,0,1,0.3725
37,management,married,unknown,no,yes,no,cellular,nov,thu,632,2,999,0,nonexistent,-0.1,93.2,-42.0,4.076,5195.8,0,1,0.3725
34,technician,married,professional.course,no,yes,no,cellular,apr,fri,211,2,6,2,success,-1.8,93.749,-34.6,0.663,5008.7,0,0,0.3725
58,retired,divorced,high.school,no,yes,no,cellular,apr,mon,75,2,999,0,nonexistent,-1.8,93.075,-47.1,1.466,5099.1,0,1,0.37085484192756435
61,admin.,married,high.school,no,yes,no,cellular,oct,mon,146,4,999,0,nonexistent,-1.1,94.601,-49.5,0.977,4963.6,0,1,0.37
83,retired,divorced,basic.4y,no,yes,yes,cellular,nov,tue,112,1,999,0,nonexistent,-3.4,92.649,-30.1,0.716,5017.5,0,1,0.37
36,blue-collar,divorced,high.school,no,no,no,cellular,mar,mon,96,2,999,1,failure,-1.8,93.369,-34.8,0.639,5008.7,0,1,0.37
36,unemployed,married,unknown,unknown,no,no,cellular,sep,wed,344,1,999,1,failure,-3.4,92.379,-29.8,0.781,5017.5,1,1,0.37
21,student,single,basic.9y,no,yes,no,cellular,mar,wed,136,2,999,1,failure,-1.8,93.369,-34.8,0.655,5008.7,1,1,0.37
37,admin.,married,university.degree,no,no,no,cellular,aug,wed,225,2,999,0,nonexistent,-2.9,92.201,-31.4,0.854,5076.2,1,1,0.37
57,admin.,divorced,university.degree,no,no,no,telephone,nov,wed,5,1,999,0,nonexistent,-0.1,93.2,-42.0,4.663,5195.8,0,1,0.37
20,student,single,basic.4y,no,yes,no,cellular,apr,thu,209,1,999,0,nonexistent,-1.8,93.075,-47.1,1.365,5099.1,0,1,0.3698478323862264
39,blue-collar,married,basic.9y,no,no,no,cellular,aug,wed,394,1,999,0,nonexistent,-2.9,92.201,-31.4,0.884,5076.2,1,1,0.36971585735963586
37,unemployed,unknown,university.degree,no,no,no,cellular,jun,tue,100,1,999,0,nonexistent,-2.9,92.963,-40.8,1.262,5076.2,0,1,0.3692937915766853
46,blue-collar,married,basic.9y,no,no,no,cellular,aug,thu,67,1,999,0,nonexistent,1.4,93.444,-36.1,4.968,5228.1,0,1,0.3687108440928364
26,unemployed,single,university.degree,no,yes,no,telephone,apr,tue,300,3,999,0,nonexistent,-1.8,93.075,-47.1,1.423,5099.1,1,1,0.36814531113101073
33,admin.,single,high.school,no,yes,no,cellular,aug,fri,1088,3,999,0,nonexistent,-2.9,92.201,-31.4,0.881,5076.2,1,1,0.3675
40,management,married,university.degree,no,yes,no,telephone,oct,wed,172,1,999,0,nonexistent,-3.4,92.431,-26.9,0.724,5017.5,0,1,0.3675
32,student,single,university.degree,no,no,no,cellular,mar,fri,61,11,999,0,nonexistent,-1.8,92.843,-50.0,1.64,5099.1,0,1,0.3675
66,retired,married,unknown,no,no,no,cellular,aug,wed,68,3,999,0,nonexistent,-2.9,92.201,-31.4,0.879,5076.2,0,1,0.3675
42,admin.,divorced,university.degree,no,yes,no,cellular,sep,wed,211,1,999,1,failure,-1.1,94.199,-37.5,0.886,4963.6,0,1,0.3675
92,retired,divorced,unknown,unknown,no,no,cellular,may,wed,405,3,999,1,failure,-1.8,93.876,-40.0,0.697,5008.7,1,1,0.3675
34,admin.,divorced,university.degree,no,yes,no,cellular,may,tue,118,1,999,0,nonexistent,-1.8,92.893,-46.2,1.291,5099.1,0,1,0.3675
57,technician,married,professional.course,no,yes,no,cellular,apr,tue,324,1,999,0,nonexistent,-1.8,93.075,-47.1,1.423,5099.1,1,1,0.36665834597875574
57,technician,married,professional.course,no,yes,no,cellular,apr,tue,232,1,999,0,nonexistent,-1.8,93.075,-47.1,1.423,5099.1,0,1,0.36665834597875574
63,housemaid,married,basic.4y,no,no,no,cellular,aug,tue,479,1,999,0,nonexistent,-2.9,92.201,-31.4,0.838,5076.2,1,1,0.3665256355445827
57,blue-collar,divorced,basic.4y,no,no,no,cellular,jun,mon,233,1,12,1,success,-2.9,92.963,-40.8,1.266,5076.2,0,0,0.36621777767558794
49,unemployed,married,professional.course,no,yes,no,cellular,jun,tue,298,3,999,0,nonexistent,-2.9,92.963,-40.8,1.252,5076.2,0,1,0.365
57,retired,married,basic.4y,no,yes,no,cellular,nov,wed,295,1,3,2,success,-3.4,92.649,-30.1,0.716,5017.5,0,0,0.365
45,admin.,divorced,university.degree,no,yes,no,cellular,aug,thu,150,3,999,1,failure,-2.9,92.201,-31.4,0.873,5076.2,0,1,0.365
64,retired,married,unknown,no,yes,no,cellular,aug,fri,171,3,999,1,failure,-2.9,92.201,-31.4,0.849,5076.2,0,1,0.365
49,blue-collar,married,basic.9y,unknown,no,no,cellular,mar,mon,157,3,7,2,success,-1.8,93.369,-34.8,0.652,5008.7,0,0,0.365
55,technician,married,professional.course,no,yes,no,cellular,oct,tue,182,1,999,0,nonexistent,-3.4,92.431,-26.9,0.742,5017.5,0,1,0.3641608324998751
27,management,married,university.degree,no,no,no,cellular,apr,mon,444,1,999,0,nonexistent,-1.8,93.075,-47.1,1.392,5099.1,1,1,0.3637987960369338
27,management,married,university.degree,no,no,no,cellular,apr,mon,54,1,999,0,nonexistent,-1.8,93.075,-47.1,1.392,5099.1,0,1,0.3637987960369338
33,blue-collar,single,basic.4y,no,yes,yes,cellular,apr,thu,460,1,999,0,nonexistent,-1.8,93.075,-47.1,1.365,5099.1,1,1,0.36295223176035
44,blue-collar,single,professional.course,no,no,no,cellular,mar,mon,239,1,999,0,nonexistent,-1.8,92.843,-50.0,1.811,5099.1,1,1,0.36283046936576613
41,admin.,divorced,university.degree,no,no,no,cellular,jul,mon,101,3,999,0,nonexistent,-1.7,94.215,-40.3,0.793,4991.6,0,1,0.3625
56,housemaid,married,basic.4y,no,yes,no,cellular,aug,wed,359,3,999,0,nonexistent,-2.9,92.201,-31.4,0.834,5076.2,0,1,0.3625
49,blue-collar,married,basic.4y,unknown,yes,no,telephone,jun,fri,553,2,999,0,nonexistent,1.4,94.465,-41.8,4.959,5228.1,0,1,0.3625
49,housemaid,single,university.degree,no,no,yes,cellular,dec,mon,334,3,999,0,nonexistent,-3.0,92.713,-33.0,0.717,5023.5,0,1,0.3625
40,technician,married,high.school,no,yes,no,cellular,aug,mon,83,1,999,0,nonexistent,-2.9,92.201,-31.4,0.821,5076.2,0,1,0.3625
61,retired,married,university.degree,no,no,no,cellular,nov,mon,507,1,999,0,nonexistent,-1.1,94.767,-50.8,1.05,4963.6,0,1,0.36199706564760475
36,management,married,university.degree,no,no,no,cellular,jun,thu,194,1,999,0,nonexistent,-2.9,92.963,-40.8,1.26,5076.2,1,1,0.3616625948406677
39,blue-collar,single,basic.4y,no,yes,no,telephone,mar,tue,137,3,999,0,nonexistent,-1.8,92.843,-50.0,1.687,5099.1,0,1,0.3610191324335794
60,retired,married,basic.4y,no,no,no,cellular,oct,mon,599,1,999,1,failure,-3.4,92.431,-26.9,0.739,5017.5,0,1,0.36095412329986437
28,technician,married,basic.9y,no,no,no,cellular,may,tue,261,1,12,1,success,-1.8,92.893,-46.2,1.291,5099.1,0,0,0.36
54,blue-collar,divorced,basic.4y,no,yes,no,cellular,may,tue,138,3,999,0,nonexistent,-1.8,92.893,-46.2,1.291,5099.1,0,1,0.36
50,management,married,university.degree,no,yes,no,telephone,oct,thu,258,1,999,1,failure,-3.4,92.431,-26.9,0.754,5017.5,0,1,0.36
56,housemaid,married,high.school,no,no,no,cellular,may,mon,9,8,999,0,nonexistent,-1.8,92.893,-46.2,1.354,5099.1,0,1,0.36
45,admin.,divorced,university.degree,no,no,no,telephone,may,fri,114,2,999,0,nonexistent,1.1,93.994,-36.4,4.859,5191.0,0,1,0.36
29,blue-collar,single,basic.9y,no,no,yes,cellular,oct,wed,107,2,999,0,nonexistent,-3.4,92.431,-26.9,0.735,5017.5,1,1,0.36
28,admin.,single,university.degree,no,no,no,telephone,may,wed,126,1,999,0,nonexistent,1.1,93.994,-36.4,4.856,5191.0,0,1,0.36
70,admin.,married,basic.4y,no,yes,yes,cellular,sep,tue,91,1,3,1,success,-3.4,92.379,-29.8,0.77,5017.5,1,0,0.35972124430955993
36,admin.,single,university.degree,no,no,no,cellular,oct,wed,146,1,999,1,failure,-3.4,92.431,-26.9,0.742,5017.5,0,1,0.3575
32,admin.,single,university.degree,no,yes,no,telephone,nov,fri,135,1,999,0,nonexistent,-3.4,92.649,-30.1,0.714,5017.5,1,1,0.3575
61,blue-collar,married,high.school,no,no,no,cellular,oct,wed,108,1,999,0,nonexistent,-3.4,92.431,-26.9,0.724,5017.5,0,1,0.3575
48,admin.,married,high.school,no,yes,no,telephone,jun,mon,54,1,999,0,nonexistent,-1.7,94.055,-39.8,0.711,4991.6,0,1,0.3575
75,retired,divorced,basic.4y,unknown,yes,no,cellular,oct,thu,502,1,999,0,nonexistent,-3.4,92.431,-26.9,0.754,5017.5,1,1,0.35721775417298934
31,technician,married,university.degree,no,no,no,cellular,oct,tue,146,2,12,3,failure,-1.1,94.601,-49.5,0.982,4963.6,0,0,0.355
37,blue-collar,single,professional.course,no,no,no,cellular,oct,wed,727,3,999,0,nonexistent,-3.4,92.431,-26.9,0.742,5017.5,0,1,0.355
30,admin.,married,university.degree,no,yes,yes,cellular,apr,thu,739,2,999,0,nonexistent,-1.8,93.075,-47.1,1.483,5099.1,1,1,0.355
26,student,single,high.school,no,no,no,cellular,aug,wed,95,3,999,3,failure,-1.7,94.027,-38.3,0.894,4991.6,0,1,0.355
70,retired,married,professional.course,no,no,no,cellular,aug,fri,185,3,999,1,failure,-2.9,92.201,-31.4,0.869,5076.2,0,1,0.355
28,admin.,single,high.school,no,no,no,cellular,mar,fri,144,2,999,0,nonexistent,-1.8,92.843,-50.0,1.531,5099.1,0,1,0.355
28,admin.,single,high.school,no,no,no,cellular,mar,fri,347,2,999,0,nonexistent,-1.8,92.843,-50.0,1.531,5099.1,1,1,0.355
60,admin.,married,university.degree,no,yes,no,cellular,may,mon,226,2,11,1,success,-1.8,92.893,-46.2,1.354,5099.1,1,0,0.355
18,student,single,basic.6y,no,no,yes,cellular,oct,fri,368,2,999,0,nonexistent,-3.4,92.431,-26.9,0.72,5017.5,1,1,0.355
28,unemployed,single,university.degree,no,unknown,unknown,telephone,jul,wed,167,1,999,0,nonexistent,-2.9,92.469,-33.6,1.029,5076.2,0,1,0.3544485584218513
31,admin.,married,professional.course,no,no,no,cellular,mar,mon,161,2,999,0,nonexistent,-1.8,93.369,-34.8,0.646,5008.7,1,1,0.3525
34,admin.,married,university.degree,no,no,no,cellular,may,fri,145,1,999,2,failure,-1.8,93.876,-40.0,0.695,5008.7,0,1,0.3525
23,student,single,high.school,no,no,no,cellular,oct,wed,409,1,3,1,success,-1.1,94.601,-49.5,1.043,4963.6,0,0,0.3525
37,student,single,unknown,no,no,no,cellular,jun,fri,99,1,999,0,nonexistent,-2.9,92.963,-40.8,1.268,5076.2,0,1,0.3525
53,admin.,divorced,high.school,no,no,no,cellular,oct,thu,209,1,999,0,nonexistent,-3.4,92.431,-26.9,0.722,5017.5,1,1,0.3525
30,technician,single,professional.course,no,yes,no,telephone,oct,fri,169,2,999,0,nonexistent,-3.4,92.431,-26.9,0.739,5017.5,0,1,0.3525
26,admin.,single,university.degree,no,yes,no,cellular,apr,fri,376,1,999,0,nonexistent,-1.8,93.075,-47.1,1.479,5099.1,0,1,0.35221798179059177
24,student,single,high.school,no,yes,no,cellular,may,wed,329,1,1,2,success,-1.8,93.876,-40.0,0.672,5008.7,0,0,0.35
31,technician,married,professional.course,no,yes,no,cellular,jun,tue,250,4,3,2,success,-1.7,94.055,-39.8,0.723,4991.6,0,0,0.35
29,technician,single,university.degree,no,no,yes,cellular,jul,tue,293,1,999,0,nonexistent,1.4,93.918,-42.7,4.962,5228.1,0,1,0.35
51,entrepreneur,married,basic.4y,no,no,no,cellular,oct,tue,626,1,999,1,failure,-3.4,92.431,-26.9,0.737,5017.5,0,1,0.35
46,unknown,married,unknown,no,no,yes,cellular,aug,wed,299,2,999,0,nonexistent,-2.9,92.201,-31.4,0.884,5076.2,0,1,0.35
26,admin.,married,unknown,no,no,no,cellular,mar,thu,359,1,999,1,failure,-1.8,93.369,-34.8,0.643,5008.7,0,1,0.35
29,admin.,married,university.degree,no,no,no,cellular,aug,thu,111,5,999,0,nonexistent,-2.9,92.201,-31.4,0.873,5076.2,0,1,0.35
36,admin.,married,high.school,unknown,no,no,cellular,may,mon,11,14,999,0,nonexistent,-1.8,92.893,-46.2,1.244,5099.1,0,1,0.35
75,retired,married,basic.9y,no,no,no,cellular,oct,mon,120,1,999,0,nonexistent,-3.4,92.431,-26.9,0.743,5017.5,0,1,0.3476417297925616
31,technician,married,unknown,no,no,no,cellular,nov,fri,498,1,999,1,failure,-3.4,92.649,-30.1,0.714,5017.5,1,1,0.3475
55,blue-collar,divorced,basic.4y,no,yes,no,cellular,jul,tue,82,3,999,0,nonexistent,1.4,93.918,-42.7,4.961,5228.1,0,1,0.3475
44,admin.,married,high.school,no,yes,no,cellular,apr,thu,292,4,999,0,nonexistent,-1.8,93.749,-34.6,0.644,5008.7,0,1,0.3475
32,technician,married,high.school,no,no,no,cellular,sep,thu,245,1,999,0,nonexistent,-1.1,94.199,-37.5,0.878,4963.6,0,1,0.3475
37,student,single,unknown,no,no,yes,cellular,jun,fri,604,1,999,0,nonexistent,-2.9,92.963,-40.8,1.268,5076.2,0,1,0.34728349284164184
35,housemaid,married,basic.9y,no,no,no,cellular,jul,tue,280,2,999,0,nonexistent,1.4,93.918,-42.7,4.961,5228.1,0,1,0.3472129742033384
22,services,single,high.school,no,yes,no,cellular,apr,mon,224,1,999,0,nonexistent,-1.8,93.075,-47.1,1.405,5099.1,0,1,0.345
45,unemployed,married,high.school,no,no,no,cellular,sep,wed,213,4,6,2,success,-1.1,94.199,-37.5,0.88,4963.6,0,0,0.345
59,blue-collar,married,basic.4y,no,yes,no,cellular,mar,mon,124,2,999,0,nonexistent,-1.8,93.369,-34.8,0.652,5008.7,1,1,0.345
31,admin.,divorced,university.degree,no,yes,yes,cellular,may,mon,79,3,999,0,nonexistent,-1.8,92.893,-46.2,1.354,5099.1,0,1,0.345
35,technician,married,professional.course,no,yes,no,telephone,jun,fri,366,1,999,0,nonexistent,-2.9,92.963,-40.8,1.268,5076.2,1,1,0.345
36,admin.,married,university.degree,no,yes,yes,cellular,sep,tue,28,2,999,0,nonexistent,-3.4,92.379,-29.8,0.819,5017.5,0,1,0.34456505554196754
29,technician,single,basic.9y,no,unknown,unknown,telephone,apr,mon,116,1,999,0,nonexistent,-1.8,93.075,-47.1,1.405,5099.1,0,1,0.344362495510821
69,services,married,unknown,no,no,no,telephone,jul,wed,396,2,999,0,nonexistent,-2.9,92.469,-33.6,1.029,5076.2,0,1,0.3425
20,student,single,high.school,no,yes,no,cellular,jul,wed,349,1,999,0,nonexistent,-2.9,92.469,-33.6,1.029,5076.2,1,1,0.3425
94,retired,married,basic.9y,no,no,no,cellular,nov,wed,134,1,999,1,failure,-3.4,92.649,-30.1,0.716,5017.5,0,1,0.3425
33,admin.,married,university.degree,no,yes,no,cellular,sep,thu,234,1,999,0,nonexistent,-1.1,94.199,-37.5,0.879,4963.6,0,1,0.3425
62,entrepreneur,married,university.degree,no,no,no,cellular,sep,tue,170,1,999,1,failure,-3.4,92.379,-29.8,0.77,5017.5,1,1,0.3425
54,unemployed,married,basic.9y,no,yes,no,cellular,oct,wed,200,1,999,0,nonexistent,-3.4,92.431,-26.9,0.735,5017.5,1,1,0.3422051593323217
88,retired,divorced,basic.4y,no,yes,no,cellular,oct,wed,180,1,999,0,nonexistent,-3.4,92.431,-26.9,0.735,5017.5,0,1,0.34156473998103026
36,management,married,university.degree,no,no,no,cellular,mar,thu,709,2,999,0,nonexistent,-1.8,92.843,-50.0,1.538,5099.1,1,1,0.3412776194960921
64,unknown,married,unknown,no,yes,no,telephone,aug,fri,239,4,999,0,nonexistent,-1.7,94.027,-38.3,0.905,4991.6,1,1,0.34
62,housemaid,married,university.degree,no,yes,no,cellular,nov,thu,237,1,3,3,success,-3.4,92.649,-30.1,0.714,5017.5,0,0,0.34
66,retired,married,basic.6y,no,yes,no,cellular,aug,thu,267,1,999,0,nonexistent,-2.9,92.201,-31.4,0.851,5076.2,1,1,0.34
34,admin.,single,high.school,no,yes,no,cellular,may,wed,653,1,11,1,success,-1.8,92.893,-46.2,1.334,5099.1,1,0,0.34
35,management,married,university.degree,no,no,no,cellular,nov,tue,56,1,3,2,success,-3.4,92.649,-30.1,0.716,5017.5,0,0,0.34
52,admin.,married,university.degree,no,no,no,cellular,may,tue,131,1,3,2,success,-1.8,93.876,-40.0,0.668,5008.7,0,0,0.34
72,retired,married,basic.6y,no,no,no,cellular,jul,wed,338,1,999,0,nonexistent,-1.7,94.215,-40.3,0.881,4991.6,0,1,0.34
50,retired,married,basic.4y,no,unknown,unknown,cellular,jul,wed,236,1,999,0,nonexistent,1.4,93.918,-42.7,4.957,5228.1,0,1,0.34
38,services,single,high.school,no,yes,no,cellular,apr,wed,1665,3,999,0,nonexistent,-1.8,93.075,-47.1,1.445,5099.1,1,1,0.3397200303490136
88,retired,divorced,basic.4y,no,yes,no,cellular,mar,wed,96,6,999,0,nonexistent,-1.8,92.843,-50.0,1.663,5099.1,0,1,0.3390089952884351
31,admin.,single,university.degree,no,no,no,cellular,apr,thu,115,16,999,0,nonexistent,-1.8,93.075,-47.1,1.406,5099.1,0,1,0.3389905137332515
43,management,married,high.school,no,yes,no,cellular,nov,thu,177,1,999,1,failure,-3.4,92.649,-30.1,0.714,5017.5,0,1,0.3375
52,admin.,married,unknown,no,no,no,telephone,sep,tue,513,13,14,2,failure,-3.4,92.379,-29.8,0.819,5017.5,0,0,0.3375
63,technician,married,unknown,no,no,no,cellular,aug,tue,47,1,999,1,failure,-2.9,92.201,-31.4,0.838,5076.2,0,1,0.337352307791206
31,blue-collar,married,professional.course,unknown,no,no,cellular,nov,thu,230,1,999,0,nonexistent,-0.1,93.2,-42.0,4.076,5195.8,0,1,0.3372200303490136
49,admin.,single,university.degree,no,no,no,cellular,oct,thu,73,1,999,0,nonexistent,-3.4,92.431,-26.9,0.74,5017.5,0,1,0.33721767830045524
35,admin.,married,university.degree,no,no,no,cellular,apr,tue,72,1,999,0,nonexistent,-1.8,93.075,-47.1,1.423,5099.1,0,1,0.3368311055897054
45,blue-collar,married,basic.9y,no,no,no,cellular,jun,mon,177,2,999,0,nonexistent,-2.9,92.963,-40.8,1.266,5076.2,1,1,0.33669507033131874
36,services,married,high.school,no,no,no,cellular,jul,wed,65,4,999,0,nonexistent,1.4,93.918,-42.7,4.963,5228.1,0,1,0.3334735916538091
28,admin.,single,university.degree,no,no,no,cellular,mar,fri,157,2,999,1,failure,-1.8,93.369,-34.8,0.636,5008.7,0,1,0.3325
39,services,married,high.school,unknown,yes,no,telephone,may,tue,399,2,999,0,nonexistent,1.1,93.994,-36.4,4.857,5191.0,0,1,0.3325
30,admin.,single,university.degree,no,no,no,cellular,nov,tue,266,2,999,2,failure,-3.4,92.649,-30.1,0.715,5017.5,1,1,0.3325
32,services,single,university.degree,no,no,no,cellular,sep,thu,128,3,999,2,failure,-1.1,94.199,-37.5,0.884,4963.6,0,1,0.3325
60,admin.,married,university.degree,no,yes,no,cellular,mar,fri,558,1,999,0,nonexistent,-1.8,92.843,-50.0,1.531,5099.1,0,1,0.3325
31,technician,single,high.school,no,yes,yes,cellular,aug,wed,113,2,999,0,nonexistent,1.4,93.444,-36.1,4.967,5228.1,0,1,0.3323643522619237
28,services,single,basic.9y,no,yes,no,cellular,jul,thu,277,3,999,0,nonexistent,1.4,93.918,-42.7,4.958,5228.1,0,1,0.3323503916113157
44,technician,married,unknown,no,no,yes,cellular,oct,tue,139,2,999,0,nonexistent,-3.4,92.431,-26.9,0.728,5017.5,0,1,0.33222124430955996
32,self-employed,single,university.degree,no,no,no,cellular,jul,thu,276,2,999,0,nonexistent,-2.9,92.469,-33.6,1.072,5076.2,1,1,0.33
26,admin.,single,high.school,no,yes,yes,cellular,jun,fri,200,2,999,0,nonexistent,-2.9,92.963,-40.8,1.268,5076.2,0,1,0.33
31,blue-collar,single,basic.9y,no,yes,no,cellular,nov,tue,65,1,4,1,success,-0.1,93.2,-42.0,4.153,5195.8,0,0,0.33
28,self-employed,single,university.degree,no,yes,yes,cellular,mar,wed,217,1,999,1,failure,-1.8,93.369,-34.8,0.651,5008.7,0,1,0.33
46,services,single,basic.4y,no,no,no,cellular,apr,thu,191,3,6,1,success,-1.8,93.749,-34.6,0.644,5008.7,0,0,0.33
28,admin.,single,university.degree,no,yes,no,cellular,oct,mon,324,1,6,2,success,-1.1,94.601,-49.5,1.032,4963.6,0,0,0.33
37,admin.,single,university.degree,no,yes,yes,cellular,nov,fri,661,1,999,0,nonexistent,-0.1,93.2,-42.0,4.021,5195.8,0,1,0.329848856669295
25,services,single,high.school,unknown,yes,yes,cellular,jul,wed,984,7,999,0,nonexistent,1.4,93.918,-42.7,4.963,5228.1,0,1,0.32950321169878366
36,admin.,single,university.degree,no,no,no,cellular,apr,thu,208,12,999,1,failure,-1.8,93.075,-47.1,1.435,5099.1,0,1,0.32949265086853374
50,admin.,married,high.school,no,no,no,cellular,may,wed,208,2,3,5,success,-1.8,93.876,-40.0,0.682,5008.7,0,0,0.3275
56,blue-collar,divorced,basic.4y,no,no,no,cellular,nov,thu,134,1,999,0,nonexistent,-3.4,92.649,-30.1,0.714,5017.5,1,1,0.3275
31,blue-collar,married,basic.6y,no,yes,no,cellular,may,wed,1279,3,999,0,nonexistent,-1.8,92.893,-46.2,1.281,5099.1,1,1,0.3275
46,admin.,married,high.school,no,yes,no,cellular,jul,tue,335,3,999,2,failure,-1.7,94.215,-40.3,0.797,4991.6,1,1,0.3275
37,technician,single,professional.course,no,no,no,cellular,may,tue,89,1,999,0,nonexistent,-1.8,92.893,-46.2,1.266,5099.1,0,1,0.32742827204627245
41,technician,married,professional.course,no,yes,no,cellular,aug,tue,161,2,999,0,nonexistent,1.4,93.444,-36.1,4.966,5228.1,0,1,0.3271842155598296
56,retired,divorced,university.degree,no,yes,no,cellular,apr,mon,199,5,9,1,success,-1.8,93.075,-47.1,1.405,5099.1,0,0,0.3268316665003991
28,blue-collar,single,basic.9y,no,yes,yes,cellular,apr,thu,333,2,999,0,nonexistent,-1.8,93.075,-47.1,1.406,5099.1,0,1,0.32623036836487534
32,technician,married,basic.9y,no,no,no,cellular,may,tue,64,1,999,0,nonexistent,-1.8,92.893,-46.2,1.344,5099.1,0,1,0.3258754937666225
36,admin.,married,university.degree,no,no,no,cellular,aug,mon,83,3,999,0,nonexistent,1.4,93.444,-36.1,4.965,5228.1,0,1,0.32579127944693703
45,unknown,married,unknown,unknown,no,yes,telephone,jun,thu,91,1,999,0,nonexistent,1.4,94.465,-41.8,4.866,5228.1,0,1,0.325
54,blue-collar,married,basic.9y,no,no,no,cellular,may,thu,532,2,6,2,success,-1.8,92.893,-46.2,1.266,5099.1,1,0,0.325
30,blue-collar,married,basic.9y,unknown,no,no,cellular,nov,thu,677,1,999,0,nonexistent,-0.1,93.2,-42.0,4.076,5195.8,1,1,0.325
74,retired,married,basic.4y,unknown,yes,no,cellular,aug,mon,467,2,6,1,success,-2.9,92.201,-31.4,0.843,5076.2,1,0,0.325
47,admin.,single,university.degree,no,yes,no,cellular,aug,tue,161,1,999,1,failure,-2.9,92.201,-31.4,0.859,5076.2,1,1,0.325
18,student,single,unknown,no,yes,no,cellular,may,thu,183,1,7,2,success,-1.8,93.876,-40.0,0.677,5008.7,0,0,0.325
74,retired,married,professional.course,no,yes,no,cellular,oct,thu,96,2,3,1,success,-3.4,92.431,-26.9,0.74,5017.5,0,0,0.325
30,self-employed,single,university.degree,no,yes,yes,cellular,dec,fri,127,2,6,1,success,-3.0,92.713,-33.0,0.71,5023.5,0,0,0.325
51,admin.,divorced,university.degree,no,yes,yes,cellular,nov,thu,249,2,999,0,nonexistent,-0.1,93.2,-42.0,4.076,5195.8,0,1,0.325
34,admin.,married,university.degree,no,no,no,cellular,aug,wed,224,1,999,0,nonexistent,1.4,93.444,-36.1,4.967,5228.1,0,1,0.325
27,admin.,single,university.degree,no,yes,no,cellular,may,thu,172,1,999,0,nonexistent,-1.8,92.893,-46.2,1.266,5099.1,0,1,0.32497763889245335
88,retired,divorced,basic.4y,no,yes,yes,cellular,mar,wed,82,2,999,0,nonexistent,-1.8,92.843,-50.0,1.663,5099.1,0,1,0.32494217175104706
32,admin.,married,university.degree,no,no,no,cellular,jul,wed,226,2,999,0,nonexistent,1.4,93.918,-42.7,4.962,5228.1,0,1,0.3248270595735879
28,technician,single,professional.course,no,yes,no,cellular,jul,tue,167,2,6,1,success,-1.7,94.215,-40.3,0.893,4991.6,0,0,0.3244315629742033
32,technician,married,professional.course,no,yes,no,cellular,jun,mon,108,1,999,0,nonexistent,-2.9,92.963,-40.8,1.266,5076.2,0,1,0.3242129705453103
29,admin.,single,high.school,no,no,no,cellular,jul,fri,144,2,999,0,nonexistent,1.4,93.918,-42.7,4.963,5228.1,0,1,0.32419203885872006
24,blue-collar,single,basic.9y,no,unknown,unknown,cellular,jun,wed,192,1,999,0,nonexistent,-2.9,92.963,-40.8,1.26,5076.2,0,1,0.3240617466475274
32,admin.,single,university.degree,no,no,no,cellular,apr,tue,49,2,999,0,nonexistent,-1.8,93.075,-47.1,1.453,5099.1,0,1,0.3235351341163998
60,management,married,professional.course,no,yes,no,cellular,oct,wed,219,2,999,0,nonexistent,-3.4,92.431,-26.9,0.724,5017.5,0,1,0.3232314748868596
33,admin.,single,university.degree,no,yes,no,cellular,aug,wed,67,1,3,1,success,-2.9,92.201,-31.4,0.854,5076.2,0,0,0.3225
75,retired,married,basic.4y,no,yes,yes,cellular,jul,fri,67,2,999,0,nonexistent,-2.9,92.469,-33.6,1.059,5076.2,0,1,0.3225
24,student,single,high.school,no,no,no,cellular,jun,wed,112,2,14,2,success,-1.7,94.055,-39.8,0.739,4991.6,0,0,0.3225
29,admin.,single,university.degree,no,yes,yes,cellular,aug,mon,121,12,999,0,nonexistent,-2.9,92.201,-31.4,0.821,5076.2,0,1,0.3225
29,admin.,married,university.degree,no,yes,no,cellular,apr,wed,73,1,999,0,nonexistent,-1.8,93.075,-47.1,1.498,5099.1,0,1,0.3223507750691452
27,admin.,single,university.degree,no,no,no,cellular,may,mon,409,1,1,1,success,-1.8,92.893,-46.2,1.299,5099.1,0,0,0.3210301131372401
33,technician,married,professional.course,no,yes,no,cellular,oct,fri,154,2,999,0,nonexistent,-3.4,92.431,-26.9,0.739,5017.5,1,1,0.320534680101961
58,unemployed,married,basic.9y,no,no,yes,cellular,oct,tue,49,1,999,2,failure,-3.4,92.431,-26.9,0.742,5017.5,0,1,0.32
30,admin.,married,university.degree,no,yes,yes,cellular,may,mon,742,4,999,0,nonexistent,-1.8,92.893,-46.2,1.354,5099.1,1,1,0.32
70,retired,married,university.degree,no,yes,no,cellular,aug,mon,73,3,999,1,failure,-2.9,92.201,-31.4,0.843,5076.2,0,1,0.32
46,entrepreneur,married,university.degree,no,yes,no,cellular,jul,thu,396,1,999,0,nonexistent,-2.9,92.469,-33.6,1.072,5076.2,1,1,0.32
31,unemployed,single,high.school,no,no,no,cellular,may,thu,339,2,999,0,nonexistent,-1.8,93.876,-40.0,0.692,5008.7,0,1,0.32
31,admin.,single,high.school,no,yes,no,cellular,may,thu,1094,2,999,0,nonexistent,-1.8,92.893,-46.2,1.266,5099.1,1,1,0.32
34,technician,married,university.degree,no,yes,no,cellular,apr,thu,193,2,8,1,success,-1.8,93.075,-47.1,1.365,5099.1,0,0,0.319848899330587
29,blue-collar,single,basic.6y,no,no,no,cellular,aug,fri,260,3,999,0,nonexistent,-2.9,92.201,-31.4,0.869,5076.2,1,1,0.31950296553420615
33,services,single,high.school,no,yes,no,cellular,jul,tue,286,1,999,0,nonexistent,1.4,93.918,-42.7,4.962,5228.1,0,1,0.3184896669855403
46,admin.,single,high.school,no,no,no,cellular,aug,thu,510,2,17,1,success,-1.7,94.027,-38.3,0.904,4991.6,0,0,0.3175
60,admin.,divorced,professional.course,no,yes,no,cellular,sep,wed,481,1,999,1,failure,-1.1,94.199,-37.5,0.886,4963.6,1,1,0.3175
53,housemaid,married,high.school,no,yes,no,cellular,jun,thu,94,2,999,0,nonexistent,-2.9,92.963,-40.8,1.26,5076.2,0,1,0.3175
27,unemployed,married,high.school,no,no,yes,cellular,nov,tue,222,3,999,1,failure,-3.4,92.649,-30.1,0.72,5017.5,0,1,0.3175
74,retired,married,university.degree,no,yes,no,cellular,oct,fri,212,2,3,2,success,-1.1,94.601,-49.5,0.993,4963.6,0,0,0.3175
30,admin.,single,university.degree,no,yes,no,cellular,jun,wed,107,1,999,0,nonexistent,-2.9,92.963,-40.8,1.26,5076.2,0,1,0.31735269069464755
82,retired,married,unknown,no,no,no,cellular,apr,wed,321,1,999,0,nonexistent,-1.8,93.075,-47.1,1.445,5099.1,1,1,0.3172218512898331
66,unemployed,single,basic.4y,no,no,no,telephone,apr,thu,56,1,999,0,nonexistent,-1.8,93.075,-47.1,1.365,5099.1,0,1,0.31721889226100153
37,technician,married,university.degree,no,yes,no,cellular,may,mon,288,1,3,1,success,-1.8,92.893,-46.2,1.264,5099.1,1,0,0.3171015992068624
29,admin.,married,high.school,no,yes,no,cellular,jun,mon,263,1,999,0,nonexistent,-2.9,92.963,-40.8,1.266,5076.2,1,1,0.31615941434426864
35,management,married,university.degree,no,yes,no,cellular,nov,tue,209,1,999,2,failure,-3.4,92.649,-30.1,0.715,5017.5,1,1,0.315
56,admin.,divorced,university.degree,no,yes,no,cellular,may,mon,867,1,999,0,nonexistent,-1.8,92.893,-46.2,1.264,5099.1,1,1,0.315
32,management,single,university.degree,no,no,no,cellular,jul,fri,221,4,16,1,success,-1.7,94.215,-40.3,0.896,4991.6,0,0,0.315
25,entrepreneur,single,university.degree,no,no,no,cellular,jul,tue,272,7,999,0,nonexistent,1.4,93.918,-42.7,4.961,5228.1,0,1,0.315
34,blue-collar,married,basic.6y,no,yes,yes,cellular,may,wed,143,2,999,0,nonexistent,-1.8,92.893,-46.2,1.281,5099.1,0,1,0.315
56,technician,married,professional.course,no,no,no,telephone,oct,wed,73,1,999,0,nonexistent,-0.1,93.798,-40.4,4.936,5195.8,0,1,0.315
47,management,married,university.degree,no,yes,no,telephone,may,wed,267,2,3,3,success,-1.8,93.876,-40.0,0.682,5008.7,0,0,0.315
50,management,married,university.degree,unknown,yes,no,cellular,aug,mon,699,4,999,0,nonexistent,1.4,93.444,-36.1,4.965,5228.1,1,1,0.3125
29,technician,single,high.school,no,no,no,cellular,aug,mon,26,9,999,0,nonexistent,1.4,93.444,-36.1,4.963,5228.1,0,1,0.3125
31,management,single,university.degree,no,no,no,cellular,nov,thu,319,1,999,1,failure,-0.1,93.2,-42.0,4.076,5195.8,0,1,0.3125
26,student,single,high.school,no,no,no,cellular,mar,wed,236,2,999,0,nonexistent,-1.8,92.843,-50.0,1.602,5099.1,0,1,0.3125
27,management,single,university.degree,no,yes,no,cellular,sep,tue,137,2,4,2,success,-3.4,92.379,-29.8,0.819,5017.5,0,0,0.3125
30,admin.,single,university.degree,no,yes,yes,cellular,nov,tue,98,2,999,0,nonexistent,-3.4,92.649,-30.1,0.715,5017.5,0,1,0.3125
31,admin.,single,university.degree,no,no,no,cellular,aug,tue,172,3,999,0,nonexistent,-1.7,94.027,-38.3,0.899,4991.6,0,1,0.3125
72,retired,married,basic.4y,no,yes,no,cellular,jul,fri,582,2,999,1,failure,-1.7,94.215,-40.3,0.822,4991.6,0,1,0.3125
46,admin.,divorced,high.school,no,no,no,cellular,jul,tue,282,1,999,0,nonexistent,-2.9,92.469,-33.6,1.044,5076.2,0,1,0.31235532546753353
28,admin.,single,high.school,no,yes,no,telephone,may,fri,265,1,999,0,nonexistent,1.1,93.994,-36.4,4.859,5191.0,0,1,0.3123019645786883
50,admin.,single,high.school,no,yes,no,telephone,dec,fri,705,2,999,0,nonexistent,-3.0,92.713,-33.0,0.718,5023.5,1,1,0.31193907435508345
36,admin.,married,university.degree,no,yes,no,cellular,apr,thu,96,4,999,0,nonexistent,-1.8,93.075,-47.1,1.435,5099.1,0,1,0.31
53,housemaid,married,basic.4y,no,no,yes,cellular,jun,tue,263,2,999,0,nonexistent,-2.9,92.963,-40.8,1.252,5076.2,1,1,0.31
59,management,married,university.degree,no,yes,no,cellular,dec,thu,646,3,6,1,success,-3.0,92.713,-33.0,0.7,5023.5,0,0,0.31
29,admin.,married,high.school,no,yes,no,cellular,nov,wed,85,1,999,1,failure,-3.4,92.649,-30.1,0.719,5017.5,0,1,0.31
59,management,married,university.degree,no,no,no,cellular,dec,thu,112,4,999,1,failure,-3.0,92.713,-33.0,0.7,5023.5,0,1,0.31
24,blue-collar,single,basic.9y,unknown,no,no,telephone,may,wed,504,3,999,0,nonexistent,1.1,93.994,-36.4,4.857,5191.0,0,1,0.31
40,technician,single,university.degree,no,yes,yes,cellular,nov,fri,44,1,999,0,nonexistent,-0.1,93.2,-42.0,4.021,5195.8,0,1,0.31
25,unemployed,single,high.school,no,no,no,cellular,aug,tue,188,1,3,3,success,-1.7,94.027,-38.3,0.904,4991.6,0,0,0.31
31,technician,married,university.degree,no,no,no,telephone,jun,thu,741,1,999,0,nonexistent,1.4,94.465,-41.8,4.866,5228.1,0,1,0.31
39,blue-collar,married,basic.9y,no,yes,yes,telephone,may,mon,162,4,999,0,nonexistent,1.1,93.994,-36.4,4.857,5191.0,0,1,0.31
30,admin.,married,high.school,no,yes,no,cellular,may,mon,169,1,999,0,nonexistent,-1.8,92.893,-46.2,1.244,5099.1,0,1,0.31
57,management,married,basic.4y,no,yes,no,cellular,sep,fri,122,2,999,1,failure,-3.4,92.379,-29.8,0.773,5017.5,0,1,0.31
45,technician,married,university.degree,no,yes,no,cellular,nov,wed,359,1,999,0,nonexistent,-3.4,92.649,-30.1,0.715,5017.5,0,1,0.31
80,retired,married,illiterate,unknown,yes,yes,cellular,aug,tue,125,1,6,1,success,-2.9,92.201,-31.4,0.883,5076.2,1,0,0.31
52,entrepreneur,married,high.school,no,yes,no,cellular,jun,fri,177,3,999,0,nonexistent,-2.9,92.963,-40.8,1.268,5076.2,0,1,0.31
35,admin.,single,university.degree,no,yes,no,cellular,oct,mon,129,1,999,0,nonexistent,-1.1,94.601,-49.5,1.032,4963.6,0,1,0.31
56,retired,married,university.degree,no,yes,yes,cellular,mar,mon,104,2,999,0,nonexistent,-1.8,92.843,-50.0,1.629,5099.1,0,1,0.3097938062885132
27,admin.,single,university.degree,no,yes,yes,cellular,oct,tue,242,1,3,2,success,-1.1,94.601,-49.5,0.982,4963.6,0,0,0.3097200303490137
42,blue-collar,married,basic.6y,unknown,no,no,cellular,jul,tue,71,1,999,0,nonexistent,1.4,93.918,-42.7,4.962,5228.1,0,1,0.3091549614861803
56,management,married,university.degree,no,yes,no,cellular,aug,tue,370,2,999,0,nonexistent,-2.9,92.201,-31.4,0.859,5076.2,1,1,0.30785736795507385
69,retired,married,basic.4y,no,no,no,cellular,sep,mon,258,3,6,1,success,-1.1,94.199,-37.5,0.879,4963.6,0,0,0.3075
48,housemaid,married,high.school,no,no,no,cellular,jun,tue,399,1,999,0,nonexistent,-2.9,92.963,-40.8,1.252,5076.2,0,1,0.3075
29,technician,single,professional.course,no,yes,no,cellular,jul,wed,133,3,999,0,nonexistent,-1.7,94.215,-40.3,0.84,4991.6,0,1,0.3075
78,retired,divorced,basic.6y,no,no,no,telephone,oct,fri,177,2,999,0,nonexistent,-3.4,92.431,-26.9,0.72,5017.5,0,1,0.3075
47,admin.,married,university.degree,no,yes,no,cellular,aug,tue,526,1,999,1,failure,-2.9,92.201,-31.4,0.883,5076.2,0,1,0.3075
63,technician,married,high.school,no,no,no,cellular,apr,mon,176,3,999,0,nonexistent,-1.8,93.749,-34.6,0.642,5008.7,1,1,0.3075
53,admin.,married,university.degree,no,no,no,cellular,dec,thu,110,1,6,1,success,-3.0,92.713,-33.0,0.72,5023.5,0,0,0.3075
73,retired,divorced,professional.course,unknown,yes,no,cellular,jul,thu,131,2,999,0,nonexistent,-1.7,94.215,-40.3,0.81,4991.6,0,1,0.3075
40,blue-collar,married,basic.6y,no,no,no,cellular,may,tue,316,1,11,1,success,-1.8,92.893,-46.2,1.344,5099.1,0,0,0.3075
29,self-employed,married,university.degree,no,yes,no,cellular,mar,wed,60,3,999,0,nonexistent,-1.8,92.843,-50.0,1.663,5099.1,0,1,0.3075
37,services,married,high.school,no,no,no,cellular,nov,wed,516,2,999,1,failure,-3.4,92.649,-30.1,0.715,5017.5,0,1,0.3075
34,admin.,married,high.school,no,yes,no,cellular,jun,wed,161,1,5,1,success,-1.7,94.055,-39.8,0.704,4991.6,0,0,0.3075
63,retired,divorced,basic.4y,no,no,no,cellular,mar,wed,78,1,999,0,nonexistent,-1.8,92.843,-50.0,1.548,5099.1,0,1,0.3070607518773745
43,admin.,married,high.school,no,yes,no,cellular,jul,thu,1259,1,999,0,nonexistent,1.4,93.918,-42.7,4.962,5228.1,0,1,0.30626373362716747
55,unknown,married,university.degree,no,yes,no,cellular,aug,wed,164,1,999,0,nonexistent,-2.9,92.201,-31.4,0.854,5076.2,1,1,0.30601842855571804
33,admin.,married,university.degree,no,no,no,telephone,oct,wed,167,1,999,0,nonexistent,-0.1,93.798,-40.4,4.827,5195.8,0,1,0.305
46,admin.,married,high.school,no,yes,yes,telephone,oct,wed,149,1,999,0,nonexistent,-3.4,92.431,-26.9,0.724,5017.5,0,1,0.305
34,technician,single,professional.course,no,yes,yes,cellular,mar,fri,136,1,999,0,nonexistent,-1.8,92.843,-50.0,1.726,5099.1,0,1,0.305
52,technician,married,professional.course,no,yes,no,telephone,nov,fri,332,2,3,1,success,-3.4,92.649,-30.1,0.714,5017.5,0,0,0.305
66,retired,married,basic.4y,no,yes,no,cellular,apr,wed,253,2,999,0,nonexistent,-1.8,93.075,-47.1,1.415,5099.1,0,1,0.305
52,technician,married,basic.6y,unknown,no,no,cellular,may,thu,498,1,12,1,success,-1.8,92.893,-46.2,1.266,5099.1,0,0,0.305
55,services,married,high.school,no,yes,no,cellular,aug,wed,63,4,999,0,nonexistent,1.4,93.444,-36.1,4.964,5228.1,0,1,0.3025
51,technician,single,university.degree,no,no,no,cellular,jun,fri,151,2,999,0,nonexistent,-2.9,92.963,-40.8,1.268,5076.2,0,1,0.3025
49,blue-collar,married,basic.6y,no,yes,no,telephone,may,fri,1980,2,999,0,nonexistent,1.1,93.994,-36.4,4.864,5191.0,1,1,0.3025
40,blue-collar,married,basic.9y,no,yes,no,cellular,jun,wed,133,3,3,2,success,-1.7,94.055,-39.8,0.739,4991.6,0,0,0.3025
29,student,single,high.school,no,no,no,cellular,may,tue,104,1,7,1,success,-1.8,93.876,-40.0,0.668,5008.7,0,0,0.3025
26,management,single,university.degree,no,yes,no,cellular,oct,tue,114,1,6,1,success,-3.4,92.431,-26.9,0.728,5017.5,0,0,0.3025
54,admin.,divorced,university.degree,no,yes,no,cellular,oct,wed,164,2,6,2,success,-3.4,92.431,-26.9,0.735,5017.5,0,0,0.3025
73,retired,married,basic.4y,no,yes,no,cellular,aug,fri,305,1,999,0,nonexistent,-2.9,92.201,-31.4,0.881,5076.2,0,1,0.3025
62,unknown,married,professional.course,no,no,no,cellular,jun,thu,277,3,999,0,nonexistent,-2.9,92.963,-40.8,1.26,5076.2,0,1,0.3025
59,admin.,married,unknown,no,no,no,cellular,jun,tue,245,1,999,0,nonexistent,-2.9,92.963,-40.8,1.262,5076.2,1,1,0.3025
28,admin.,single,high.school,no,yes,no,cellular,oct,tue,83,2,999,3,failure,-3.4,92.431,-26.9,0.728,5017.5,0,1,0.3022193474962064
29,admin.,single,university.degree,no,yes,no,cellular,aug,tue,307,1,999,0,nonexistent,-2.9,92.201,-31.4,0.859,5076.2,0,1,0.3022079748786879
31,blue-collar,single,basic.9y,no,no,no,telephone,apr,thu,285,2,999,0,nonexistent,-1.8,93.075,-47.1,1.483,5099.1,0,1,0.30208215429265506
51,self-employed,married,basic.9y,no,no,no,telephone,may,wed,246,2,12,1,success,-1.8,92.893,-46.2,1.281,5099.1,0,0,0.30140643821414487
29,admin.,single,university.degree,no,no,no,cellular,aug,fri,289,2,999,0,nonexistent,-2.9,92.201,-31.4,0.881,5076.2,1,1,0.3012568214461267
40,retired,single,basic.4y,no,yes,yes,cellular,apr,tue,145,1,999,0,nonexistent,-1.8,93.075,-47.1,1.453,5099.1,0,1,0.30110835337131925
47,services,married,high.school,no,unknown,unknown,telephone,jun,wed,347,4,999,0,nonexistent,1.4,94.465,-41.8,4.962,5228.1,0,1,0.3
43,technician,married,high.school,no,yes,no,cellular,sep,thu,531,1,999,0,nonexistent,-3.4,92.379,-29.8,0.809,5017.5,0,1,0.3
38,blue-collar,married,basic.6y,no,no,no,cellular,may,thu,35,1,999,0,nonexistent,-1.8,92.893,-46.2,1.266,5099.1,0,1,0.3
35,admin.,married,high.school,unknown,no,no,cellular,jul,mon,356,3,999,0,nonexistent,1.4,93.918,-42.7,4.962,5228.1,0,1,0.3
28,admin.,married,university.degree,no,yes,no,cellular,aug,mon,226,3,999,1,failure,-1.7,94.027,-38.3,0.898,4991.6,0,1,0.3
27,admin.,single,university.degree,no,yes,no,cellular,aug,tue,287,1,6,1,success,-2.9,92.201,-31.4,0.883,5076.2,0,0,0.3
30,blue-collar,single,high.school,no,no,no,cellular,nov,mon,94,1,999,2,failure,-3.4,92.649,-30.1,0.714,5017.5,0,1,0.3
27,admin.,single,high.school,no,yes,no,cellular,apr,fri,108,1,999,0,nonexistent,-1.8,93.075,-47.1,1.405,5099.1,1,1,0.3
60,retired,married,high.school,no,no,no,telephone,may,fri,155,1,999,0,nonexistent,1.1,93.994,-36.4,4.855,5191.0,0,1,0.3
28,admin.,married,high.school,no,no,no,telephone,jun,wed,206,4,999,0,nonexistent,-2.9,92.963,-40.8,1.26,5076.2,1,1,0.3
32,student,single,high.school,no,no,no,cellular,sep,tue,407,2,3,1,success,-1.1,94.199,-37.5,0.877,4963.6,0,0,0.3
25,services,single,high.school,no,yes,no,telephone,jul,thu,312,2,999,2,failure,-1.7,94.215,-40.3,0.81,4991.6,0,1,0.3
37,housemaid,married,university.degree,no,yes,no,cellular,may,wed,100,1,999,0,nonexistent,-1.8,93.876,-40.0,0.672,5008.7,0,1,0.3
81,housemaid,divorced,basic.4y,no,yes,no,cellular,nov,mon,151,6,999,0,nonexistent,-3.4,92.649,-30.1,0.719,5017.5,0,1,0.3
41,blue-collar,married,basic.4y,no,no,no,telephone,jun,thu,340,2,999,0,nonexistent,1.4,94.465,-41.8,4.958,5228.1,0,1,0.3
34,technician,married,professional.course,no,no,no,telephone,jun,wed,67,2,999,0,nonexistent,1.4,94.465,-41.8,4.958,5228.1,0,1,0.3
22,student,single,unknown,no,yes,no,cellular,jun,mon,139,1,999,0,nonexistent,-2.9,92.963,-40.8,1.26,5076.2,0,1,0.2997220030349014
31,technician,single,university.degree,no,no,yes,cellular,apr,tue,333,3,999,0,nonexistent,-1.8,93.075,-47.1,1.405,5099.1,1,1,0.29920916059603014
35,services,single,high.school,no,yes,no,cellular,jul,fri,116,1,999,0,nonexistent,1.4,93.918,-42.7,4.963,5228.1,0,1,0.299205258989444
43,technician,married,professional.course,no,no,no,cellular,sep,tue,293,1,999,0,nonexistent,-3.4,92.379,-29.8,0.788,5017.5,1,1,0.29900457543891223
54,unknown,married,basic.9y,no,yes,no,cellular,jul,tue,174,2,13,2,success,-1.7,94.215,-40.3,0.876,4991.6,0,0,0.2988827642249974
29,technician,single,professional.course,no,yes,no,cellular,nov,wed,107,3,999,0,nonexistent,-0.1,93.2,-42.0,4.12,5195.8,0,1,0.29801093736833556
33,services,married,high.school,no,unknown,unknown,cellular,aug,thu,240,2,999,0,nonexistent,-2.9,92.201,-31.4,0.873,5076.2,0,1,0.2975
29,admin.,single,university.degree,no,yes,no,cellular,sep,thu,180,2,8,2,success,-1.1,94.199,-37.5,0.878,4963.6,0,0,0.2975
63,retired,divorced,basic.4y,no,yes,no,cellular,aug,fri,153,2,3,1,success,-2.9,92.201,-31.4,0.869,5076.2,0,0,0.2975
32,blue-collar,single,basic.9y,no,no,no,cellular,may,fri,120,2,999,0,nonexistent,-1.8,92.893,-46.2,1.313,5099.1,0,1,0.2975
41,services,married,high.school,no,unknown,unknown,cellular,aug,wed,301,1,999,0,nonexistent,-2.9,92.201,-31.4,0.879,5076.2,0,1,0.2975
44,admin.,married,university.degree,no,yes,no,cellular,aug,thu,254,2,999,0,nonexistent,-2.9,92.201,-31.4,0.883,5076.2,1,1,0.2975
51,technician,married,professional.course,no,yes,no,cellular,may,mon,8,4,999,0,nonexistent,-1.8,92.893,-46.2,1.354,5099.1,0,1,0.2975
38,entrepreneur,married,unknown,unknown,yes,no,cellular,may,tue,145,1,999,0,nonexistent,-1.8,92.893,-46.2,1.291,5099.1,0,1,0.2975
64,housemaid,married,basic.4y,no,no,yes,cellular,dec,thu,501,1,6,1,success,-3.0,92.713,-33.0,0.714,5023.5,0,0,0.2975
33,blue-collar,married,basic.9y,no,no,no,cellular,apr,thu,225,1,5,1,success,-1.8,93.075,-47.1,1.41,5099.1,0,0,0.2975
20,student,single,unknown,no,yes,no,cellular,jun,wed,213,1,999,0,nonexistent,-2.9,92.963,-40.8,1.26,5076.2,1,1,0.29686672638532924
54,self-employed,married,university.degree,no,no,no,cellular,oct,thu,99,3,999,0,nonexistent,-1.1,94.601,-49.5,0.987,4963.6,0,1,0.296714010061873
38,technician,married,professional.course,no,yes,no,cellular,aug,tue,124,3,999,0,nonexistent,1.4,93.444,-36.1,4.966,5228.1,0,1,0.2964964395547554
27,student,single,university.degree,no,no,no,telephone,apr,thu,141,1,999,0,nonexistent,-1.8,93.075,-47.1,1.406,5099.1,0,1,0.29523643968036856
51,admin.,married,university.degree,no,no,no,telephone,jul,mon,172,4,999,0,nonexistent,1.4,93.918,-42.7,4.962,5228.1,0,1,0.295
44,admin.,married,university.degree,unknown,yes,no,telephone,may,fri,124,2,999,0,nonexistent,1.1,93.994,-36.4,4.857,5191.0,0,1,0.295
59,technician,single,basic.6y,no,no,no,cellular,oct,thu,86,1,999,2,failure,-3.4,92.431,-26.9,0.754,5017.5,0,1,0.295
31,admin.,single,university.degree,no,no,no,cellular,aug,tue,138,1,15,1,success,-2.9,92.201,-31.4,0.884,5076.2,0,0,0.295
34,technician,single,university.degree,no,no,no,cellular,sep,fri,155,4,999,1,failure,-1.1,94.199,-37.5,0.879,4963.6,0,1,0.295
36,technician,married,professional.course,no,yes,no,cellular,jul,wed,182,3,999,0,nonexistent,-2.9,92.469,-33.6,1.029,5076.2,0,1,0.295
23,student,single,high.school,no,yes,no,cellular,apr,mon,637,1,999,0,nonexistent,-1.8,93.075,-47.1,1.405,5099.1,0,1,0.295
56,management,divorced,unknown,no,yes,no,cellular,nov,thu,893,7,999,0,nonexistent,-3.4,92.649,-30.1,0.714,5017.5,1,1,0.295
33,admin.,married,university.degree,no,yes,yes,cellular,may,mon,312,2,999,0,nonexistent,-1.8,93.876,-40.0,0.685,5008.7,0,1,0.295
41,admin.,single,high.school,no,no,no,telephone,oct,tue,49,1,999,0,nonexistent,-0.1,93.798,-40.4,4.968,5195.8,0,1,0.295
58,unemployed,married,university.degree,no,yes,no,cellular,nov,thu,344,2,999,0,nonexistent,-1.1,94.767,-50.8,1.041,4963.6,1,1,0.295
27,blue-collar,single,professional.course,no,yes,no,telephone,oct,mon,3284,1,999,0,nonexistent,-0.1,93.798,-40.4,4.912,5195.8,0,1,0.295
33,services,single,high.school,no,yes,no,cellular,mar,fri,128,2,6,1,success,-1.8,93.369,-34.8,0.636,5008.7,0,0,0.295
74,retired,divorced,high.school,no,yes,yes,telephone,dec,mon,88,6,999,0,nonexistent,-3.0,92.713,-33.0,0.715,5023.5,0,1,0.295
31,entrepreneur,single,university.degree,no,yes,no,cellular,aug,fri,211,3,999,0,nonexistent,-2.9,92.201,-31.4,0.869,5076.2,1,1,0.295
56,retired,married,high.school,no,yes,yes,cellular,jul,fri,308,2,999,0,nonexistent,-2.9,92.469,-33.6,1.059,5076.2,1,1,0.295
33,admin.,single,high.school,unknown,no,no,cellular,may,thu,1723,1,12,1,success,-1.8,92.893,-46.2,1.266,5099.1,1,0,0.29484941115901925
86,retired,divorced,basic.4y,no,yes,no,cellular,nov,wed,237,1,999,1,failure,-3.4,92.649,-30.1,0.716,5017.5,0,1,0.29449915342181443
39,technician,single,professional.course,no,no,no,cellular,apr,wed,540,3,9,1,success,-1.8,93.075,-47.1,1.415,5099.1,0,0,0.2944904467279021
21,student,single,basic.9y,no,no,no,cellular,nov,mon,59,2,999,0,nonexistent,-3.4,92.649,-30.1,0.722,5017.5,0,1,0.2941960298989857
31,blue-collar,married,basic.9y,no,yes,no,cellular,jul,wed,229,1,999,0,nonexistent,1.4,93.918,-42.7,4.957,5228.1,0,1,0.2937978752342461
43,blue-collar,married,basic.9y,unknown,no,no,cellular,may,tue,68,1,6,1,success,-1.8,92.893,-46.2,1.344,5099.1,0,0,0.2925
30,admin.,married,high.school,no,yes,no,telephone,nov,thu,26,1,999,0,nonexistent,-0.1,93.2,-42.0,4.592,5195.8,0,1,0.2925
25,student,single,high.school,no,yes,no,cellular,oct,mon,189,1,6,4,success,-1.1,94.601,-49.5,1.032,4963.6,0,0,0.2925
35,admin.,single,university.degree,no,no,no,telephone,aug,tue,396,3,999,0,nonexistent,-2.9,92.201,-31.4,0.859,5076.2,0,1,0.2925
38,technician,divorced,professional.course,no,no,yes,cellular,oct,tue,135,1,999,2,failure,-3.4,92.431,-26.9,0.742,5017.5,0,1,0.2925
34,technician,married,unknown,no,yes,no,cellular,nov,tue,138,1,1,4,success,-1.1,94.767,-50.8,1.046,4963.6,0,0,0.2925
31,admin.,divorced,professional.course,no,yes,no,cellular,mar,tue,107,1,999,0,nonexistent,-1.8,93.369,-34.8,0.655,5008.7,0,1,0.2925
25,admin.,single,high.school,no,no,no,cellular,jun,mon,95,1,999,0,nonexistent,-2.9,92.963,-40.8,1.26,5076.2,0,1,0.2925
57,admin.,married,basic.9y,no,no,no,cellular,sep,thu,114,2,999,1,failure,-1.1,94.199,-37.5,0.884,4963.6,0,1,0.2925
34,admin.,single,high.school,no,yes,no,cellular,nov,mon,121,2,999,1,failure,-3.4,92.649,-30.1,0.722,5017.5,1,1,0.2925
69,retired,divorced,basic.4y,no,no,no,cellular,apr,mon,92,1,999,0,nonexistent,-1.8,93.075,-47.1,1.405,5099.1,0,1,0.2925
47,blue-collar,married,basic.9y,no,yes,no,cellular,apr,mon,238,1,999,0,nonexistent,-1.8,93.075,-47.1,1.405,5099.1,0,1,0.2925
29,admin.,single,university.degree,no,no,no,cellular,sep,fri,110,4,6,1,success,-1.1,94.199,-37.5,0.878,4963.6,0,0,0.2925
35,blue-collar,married,high.school,no,no,no,cellular,may,wed,285,1,999,0,nonexistent,-1.8,92.893,-46.2,1.334,5099.1,0,1,0.29193831562974204
31,blue-collar,married,basic.9y,unknown,yes,no,cellular,jun,mon,388,1,999,0,nonexistent,-2.9,92.963,-40.8,1.266,5076.2,0,1,0.2917515869595122
34,technician,married,university.degree,no,no,no,cellular,apr,thu,82,6,999,0,nonexistent,-1.8,93.075,-47.1,1.365,5099.1,0,1,0.2916660261385133
39,services,married,university.degree,no,no,no,cellular,apr,thu,237,1,999,0,nonexistent,-1.8,93.075,-47.1,1.365,5099.1,1,1,0.2912905312153016
32,admin.,single,high.school,no,no,no,cellular,apr,thu,1143,1,999,0,nonexistent,-1.8,93.075,-47.1,1.365,5099.1,1,1,0.2912149481148261
29,technician,single,high.school,no,no,no,cellular,may,wed,68,4,12,1,success,-1.8,92.893,-46.2,1.281,5099.1,0,0,0.29081304147400955
72,retired,married,basic.4y,no,yes,no,cellular,jul,mon,128,2,999,1,failure,-1.7,94.215,-40.3,0.87,4991.6,0,1,0.29
37,unemployed,single,professional.course,no,no,no,cellular,oct,fri,142,4,6,1,success,-1.1,94.601,-49.5,1.029,4963.6,0,0,0.29
