StockCode,Description,cum,ten_cum
10002,INFLATABLE POLITICAL GLOBE ,2,"Gia thap, tan suat mua trung binh, chiem 6.1% doanh thu"
10080,GROOVY CACTUS INFLATABLE,2,"Gia thap, tan suat mua trung binh, chiem 6.1% doanh thu"
10120,DOGGY RUBBER,2,"Gia thap, tan suat mua trung binh, chiem 6.1% doanh thu"
10124A,SPOTS ON RED BOOKCOVER TAPE,1,"Gia cao, tan suat mua thap, chiem 1.1% doanh thu"
10125,MINI FUNKY DESIGN TAPES,2,"Gia thap, tan suat mua trung binh, chiem 6.1% doanh thu"
10133,COLOURING PENCILS BROWN TUBE,4,"Gia trung binh, tan suat mua cao, chiem 71.1% doanh thu"
10135,COLOURING PENCILS BROWN TUBE,4,"Gia trung binh, tan suat mua cao, chiem 71.1% doanh thu"
11001,ASSTD DESIGN RACING CAR PEN,4,"Gia trung binh, tan suat mua cao, chiem 71.1% doanh thu"
15030,FAN BLACK FRAME ,2,"Gia thap, tan suat mua trung binh, chiem 6.1% doanh thu"
15034,PAPER POCKET TRAVELING FAN ,4,"Gia trung binh, tan suat mua cao, chiem 71.1% doanh thu"
15036,ASSORTED COLOURS SILK FAN,4,"Gia trung binh, tan suat mua cao, chiem 71.1% doanh thu"
15039,SANDALWOOD FAN,4,"Gia trung binh, tan suat mua cao, chiem 71.1% doanh thu"
15044A,PINK PAPER PARASOL ,0,"Gia cao, tan suat mua cao, chiem 21.0% doanh thu"
15044B,BLUE PAPER PARASOL ,0,"Gia cao, tan suat mua cao, chiem 21.0% doanh thu"
15044C,PURPLE PAPER PARASOL,0,"Gia cao, tan suat mua cao, chiem 21.0% doanh thu"
15044D,RED PAPER PARASOL,2,"Gia thap, tan suat mua trung binh, chiem 6.1% doanh thu"
15056BL,EDWARDIAN PARASOL BLACK,4,"Gia trung binh, tan suat mua cao, chiem 71.1% doanh thu"
15056N,EDWARDIAN PARASOL NATURAL,4,"Gia trung binh, tan suat mua cao, chiem 71.1% doanh thu"
15056P,EDWARDIAN PARASOL PINK,0,"Gia cao, tan suat mua cao, chiem 21.0% doanh thu"
15056bl,EDWARDIAN PARASOL BLACK,1,"Gia cao, tan suat mua thap, chiem 1.1% doanh thu"
15056n,EDWARDIAN PARASOL NATURAL,1,"Gia cao, tan suat mua thap, chiem 1.1% doanh thu"
15056p,EDWARDIAN PARASOL PINK,1,"Gia cao, tan suat mua thap, chiem 1.1% doanh thu"
15058A,BLUE POLKADOT GARDEN PARASOL,0,"Gia cao, tan suat mua cao, chiem 21.0% doanh thu"
15058B,PINK POLKADOT GARDEN PARASOL,0,"Gia cao, tan suat mua cao, chiem 21.0% doanh thu"
15058C,ICE CREAM DESIGN GARDEN PARASOL,0,"Gia cao, tan suat mua cao, chiem 21.0% doanh thu"
15060B,FAIRY CAKE DESIGN UMBRELLA,0,"Gia cao, tan suat mua cao, chiem 21.0% doanh thu"
16008,SMALL FOLDING SCISSOR(POINTED EDGE),2,"Gia thap, tan suat mua trung binh, chiem 6.1% doanh thu"
16011,ANIMAL STICKERS,2,"Gia thap, tan suat mua trung binh, chiem 6.1% doanh thu"
16012,FOOD/DRINK SPONGE STICKERS,2,"Gia thap, tan suat mua trung binh, chiem 6.1% doanh thu"
16014,SMALL CHINESE STYLE SCISSOR,4,"Gia trung binh, tan suat mua cao, chiem 71.1% doanh thu"
16015,MEDIUM CHINESE STYLE SCISSOR,2,"Gia thap, tan suat mua trung binh, chiem 6.1% doanh thu"
16016,LARGE CHINESE STYLE SCISSOR,2,"Gia thap, tan suat mua trung binh, chiem 6.1% doanh thu"
16020C,CLEAR STATIONERY BOX SET ,3,"Gia trung binh, tan suat mua trung binh, chiem 0.6% doanh thu"
16045,POPART WOODEN PENCILS ASST,4,"Gia trung binh, tan suat mua cao, chiem 71.1% doanh thu"
16046,TEATIME PEN CASE & PENS,1,"Gia cao, tan suat mua thap, chiem 1.1% doanh thu"
16048,TEATIME ROUND PENCIL SHARPENER ,2,"Gia thap, tan suat mua trung binh, chiem 6.1% doanh thu"
16049,TEATIME GEL PENS ASST,2,"Gia thap, tan suat mua trung binh, chiem 6.1% doanh thu"
16052,TEATIME PUSH DOWN RUBBER,2,"Gia thap, tan suat mua trung binh, chiem 6.1% doanh thu"
16054,POPART RECT PENCIL SHARPENER ASST,2,"Gia thap, tan suat mua trung binh, chiem 6.1% doanh thu"
16156L,"WRAP, CAROUSEL",2,"Gia thap, tan suat mua trung binh, chiem 6.1% doanh thu"
16156S,WRAP PINK FAIRY CAKES ,4,"Gia trung binh, tan suat mua cao, chiem 71.1% doanh thu"
16161G,WRAP BAD HAIR DAY,2,"Gia thap, tan suat mua trung binh, chiem 6.1% doanh thu"
16161P,WRAP ENGLISH ROSE ,4,"Gia trung binh, tan suat mua cao, chiem 71.1% doanh thu"
16161U,WRAP SUKI AND FRIENDS,4,"Gia trung binh, tan suat mua cao, chiem 71.1% doanh thu"
16162L,THE KING GIFT BAG,1,"Gia cao, tan suat mua thap, chiem 1.1% doanh thu"
16162M,THE KING GIFT BAG 25x24x12cm,1,"Gia cao, tan suat mua thap, chiem 1.1% doanh thu"
16168M,FUNKY MONKEY GIFT BAG MEDIUM,2,"Gia thap, tan suat mua trung binh, chiem 6.1% doanh thu"
16169E,WRAP 50'S  CHRISTMAS,4,"Gia trung binh, tan suat mua cao, chiem 71.1% doanh thu"
16169K,WRAP FOLK ART,1,"Gia cao, tan suat mua thap, chiem 1.1% doanh thu"
16169M,WRAP DAISY CARPET ,2,"Gia thap, tan suat mua trung binh, chiem 6.1% doanh thu"
16207A,PINK STRAWBERRY HANDBAG ,3,"Gia trung binh, tan suat mua trung binh, chiem 0.6% doanh thu"
16207B,PINK HEART RED HANDBAG,3,"Gia trung binh, tan suat mua trung binh, chiem 0.6% doanh thu"
16216,LETTER SHAPE PENCIL SHARPENER,2,"Gia thap, tan suat mua trung binh, chiem 6.1% doanh thu"
16218,CARTOON  PENCIL SHARPENERS,2,"Gia thap, tan suat mua trung binh, chiem 6.1% doanh thu"
16219,HOUSE SHAPE PENCIL SHARPENER,2,"Gia thap, tan suat mua trung binh, chiem 6.1% doanh thu"
16225,RATTLE SNAKE EGGS,2,"Gia thap, tan suat mua trung binh, chiem 6.1% doanh thu"
16235,RECYCLED PENCIL WITH RABBIT ERASER,4,"Gia trung binh, tan suat mua cao, chiem 71.1% doanh thu"
16236,KITTY PENCIL ERASERS,2,"Gia thap, tan suat mua trung binh, chiem 6.1% doanh thu"
16237,SLEEPING CAT ERASERS,4,"Gia trung binh, tan suat mua cao, chiem 71.1% doanh thu"
16238,PARTY TIME PENCIL ERASERS,2,"Gia thap, tan suat mua trung binh, chiem 6.1% doanh thu"
16248B,BLUE HOLE PUNCH,1,"Gia cao, tan suat mua thap, chiem 1.1% doanh thu"
16254,TRANSPARENT ACRYLIC TAPE DISPENSER,1,"Gia cao, tan suat mua thap, chiem 1.1% doanh thu"
16258A,SWIRLY CIRCULAR RUBBERS IN BAG,2,"Gia thap, tan suat mua trung binh, chiem 6.1% doanh thu"
16259,PIECE OF CAMO STATIONERY SET,2,"Gia thap, tan suat mua trung binh, chiem 6.1% doanh thu"
17003,BROCADE RING PURSE ,4,"Gia trung binh, tan suat mua cao, chiem 71.1% doanh thu"
17011F,ORIGAMI SANDLEWOOD INCENSE+FLOWER,1,"Gia cao, tan suat mua thap, chiem 1.1% doanh thu"
17012A,ORIGAMI VANILLA INCENSE/CANDLE SET ,2,"Gia thap, tan suat mua trung binh, chiem 6.1% doanh thu"
17012B,ORIGAMI JASMINE INCENSE/CANDLE SET,2,"Gia thap, tan suat mua trung binh, chiem 6.1% doanh thu"
17012C,ORIGAMI LAVENDER INCENSE/CANDL SET ,2,"Gia thap, tan suat mua trung binh, chiem 6.1% doanh thu"
17012D,ORIGAMI ROSE INCENSE/CANDLE SET ,2,"Gia thap, tan suat mua trung binh, chiem 6.1% doanh thu"
17012E,ORIGAMI OPIUM INCENSE/CANDLE SET ,3,"Gia trung binh, tan suat mua trung binh, chiem 0.6% doanh thu"
17012F,ORIGAMI SANDLEWOOD INCENSE/CAND SET,2,"Gia thap, tan suat mua trung binh, chiem 6.1% doanh thu"
17013D,ORIGAMI ROSE INCENSE IN TUBE,2,"Gia thap, tan suat mua trung binh, chiem 6.1% doanh thu"
17014A,ORIGAMI VANILLA INCENSE CONES,2,"Gia thap, tan suat mua trung binh, chiem 6.1% doanh thu"
17021,NAMASTE SWAGAT INCENSE,2,"Gia thap, tan suat mua trung binh, chiem 6.1% doanh thu"
17038,PORCELAIN BUDAH INCENSE HOLDER,2,"Gia thap, tan suat mua trung binh, chiem 6.1% doanh thu"
17084A,TRANQUILITY MASALA INCENSE,2,"Gia thap, tan suat mua trung binh, chiem 6.1% doanh thu"
17084J,LOVE POTION MASALA INCENSE,2,"Gia thap, tan suat mua trung binh, chiem 6.1% doanh thu"
17084N,FAIRY DREAMS INCENSE ,2,"Gia thap, tan suat mua trung binh, chiem 6.1% doanh thu"
17084P,DRAGONS BLOOD INCENSE,2,"Gia thap, tan suat mua trung binh, chiem 6.1% doanh thu"
17084R,ASSORTED INCENSE PACK,2,"Gia thap, tan suat mua trung binh, chiem 6.1% doanh thu"
17090A,LAVENDER INCENSE 40 CONES IN TIN,2,"Gia thap, tan suat mua trung binh, chiem 6.1% doanh thu"
17090D,VANILLA INCENSE 40 CONES IN TIN,1,"Gia cao, tan suat mua thap, chiem 1.1% doanh thu"
17091A,LAVENDER INCENSE IN TIN,2,"Gia thap, tan suat mua trung binh, chiem 6.1% doanh thu"
17091J,VANILLA INCENSE IN TIN,2,"Gia thap, tan suat mua trung binh, chiem 6.1% doanh thu"
17096,ASSORTED LAQUERED INCENSE HOLDERS,2,"Gia thap, tan suat mua trung binh, chiem 6.1% doanh thu"
17107D,"FLOWER FAIRY,5 SUMMER B'DRAW LINERS",0,"Gia cao, tan suat mua cao, chiem 21.0% doanh thu"
17109D,FLOWER FAIRY INCENSE BOUQUET,1,"Gia cao, tan suat mua thap, chiem 1.1% doanh thu"
17129F,BLUE GLASS GEMS IN BAG,2,"Gia thap, tan suat mua trung binh, chiem 6.1% doanh thu"
17136A,BLUE STONES ON WIRE FOR CANDLE,2,"Gia thap, tan suat mua trung binh, chiem 6.1% doanh thu"
17164B,ASS COL SMALL SAND GECKO P'WEIGHT,1,"Gia cao, tan suat mua thap, chiem 1.1% doanh thu"
17165D,ASS COL LARGE SAND FROG P'WEIGHT,1,"Gia cao, tan suat mua thap, chiem 1.1% doanh thu"
18007,ESSENTIAL BALM 3.5g TIN IN ENVELOPE,2,"Gia thap, tan suat mua trung binh, chiem 6.1% doanh thu"
18094C,WHITE AND BLUE CERAMIC OIL BURNER,2,"Gia thap, tan suat mua trung binh, chiem 6.1% doanh thu"
18097C,WHITE TALL PORCELAIN T-LIGHT HOLDER,2,"Gia thap, tan suat mua trung binh, chiem 6.1% doanh thu"
18098C,PORCELAIN BUTTERFLY OIL BURNER,0,"Gia cao, tan suat mua cao, chiem 21.0% doanh thu"
18098c,PORCELAIN BUTTERFLY OIL BURNER,1,"Gia cao, tan suat mua thap, chiem 1.1% doanh thu"
20615,BLUE POLKADOT PASSPORT COVER,0,"Gia cao, tan suat mua cao, chiem 21.0% doanh thu"
20616,CHERRY BLOSSOM PASSPORT COVER,3,"Gia trung binh, tan suat mua trung binh, chiem 0.6% doanh thu"
20617,FIRST CLASS PASSPORT COVER ,1,"Gia cao, tan suat mua thap, chiem 1.1% doanh thu"
20618,QUEEN OF THE SKIES PASSPORT COVER ,3,"Gia trung binh, tan suat mua trung binh, chiem 0.6% doanh thu"
20619,TROPICAL PASSPORT COVER ,3,"Gia trung binh, tan suat mua trung binh, chiem 0.6% doanh thu"
20622,VIPPASSPORT COVER ,2,"Gia thap, tan suat mua trung binh, chiem 6.1% doanh thu"
20652,BLUE POLKADOT LUGGAGE TAG ,2,"Gia thap, tan suat mua trung binh, chiem 6.1% doanh thu"
20653,CHERRY BLOSSOM LUGGAGE TAG,3,"Gia trung binh, tan suat mua trung binh, chiem 0.6% doanh thu"
20654,FIRST CLASS LUGGAGE TAG ,2,"Gia thap, tan suat mua trung binh, chiem 6.1% doanh thu"
20655,QUEEN OF SKIES LUGGAGE TAG,3,"Gia trung binh, tan suat mua trung binh, chiem 0.6% doanh thu"
20657,TROPICAL LUGGAGE TAG,1,"Gia cao, tan suat mua thap, chiem 1.1% doanh thu"
20658,RED RETROSPOT LUGGAGE TAG,2,"Gia thap, tan suat mua trung binh, chiem 6.1% doanh thu"
20659,ECONOMY LUGGAGE TAG,3,"Gia trung binh, tan suat mua trung binh, chiem 0.6% doanh thu"
20661,BLUE POLKADOT PURSE ,3,"Gia trung binh, tan suat mua trung binh, chiem 0.6% doanh thu"
20662,FIRST CLASS HOLIDAY PURSE ,3,"Gia trung binh, tan suat mua trung binh, chiem 0.6% doanh thu"
20663,QUEEN OF THE SKIES HOLIDAY PURSE ,3,"Gia trung binh, tan suat mua trung binh, chiem 0.6% doanh thu"
20664,TROPICAL HOLIDAY PURSE ,3,"Gia trung binh, tan suat mua trung binh, chiem 0.6% doanh thu"
20665,RED RETROSPOT PURSE ,0,"Gia cao, tan suat mua cao, chiem 21.0% doanh thu"
20666,ECONOMY HOLIDAY PURSE,3,"Gia trung binh, tan suat mua trung binh, chiem 0.6% doanh thu"
20667,CHERRY BLOSSOM PURSE,3,"Gia trung binh, tan suat mua trung binh, chiem 0.6% doanh thu"
20668,DISCO BALL CHRISTMAS DECORATION,4,"Gia trung binh, tan suat mua cao, chiem 71.1% doanh thu"
20669,RED HEART LUGGAGE TAG,0,"Gia cao, tan suat mua cao, chiem 21.0% doanh thu"
20670,VIP HOLIDAY PURSE,1,"Gia cao, tan suat mua thap, chiem 1.1% doanh thu"
20674,GREEN POLKADOT BOWL,4,"Gia trung binh, tan suat mua cao, chiem 71.1% doanh thu"
20675,BLUE POLKADOT BOWL,4,"Gia trung binh, tan suat mua cao, chiem 71.1% doanh thu"
20676,RED RETROSPOT BOWL,4,"Gia trung binh, tan suat mua cao, chiem 71.1% doanh thu"
20677,PINK POLKADOT BOWL,4,"Gia trung binh, tan suat mua cao, chiem 71.1% doanh thu"
20679,EDWARDIAN PARASOL RED,0,"Gia cao, tan suat mua cao, chiem 21.0% doanh thu"
20681,PINK POLKADOT CHILDRENS UMBRELLA,0,"Gia cao, tan suat mua cao, chiem 21.0% doanh thu"
20682,RED RETROSPOT CHILDRENS UMBRELLA,0,"Gia cao, tan suat mua cao, chiem 21.0% doanh thu"
20684,STRAWBERRY DREAM CHILDS UMBRELLA,1,"Gia cao, tan suat mua thap, chiem 1.1% doanh thu"
20685,DOORMAT RED RETROSPOT,4,"Gia trung binh, tan suat mua cao, chiem 71.1% doanh thu"
20686,DOLLY MIXTURE CHILDREN'S UMBRELLA,0,"Gia cao, tan suat mua cao, chiem 21.0% doanh thu"
20694,FLORAL PINK MONSTER,1,"Gia cao, tan suat mua thap, chiem 1.1% doanh thu"
20696,FLORAL SOFT CAR TOY,3,"Gia trung binh, tan suat mua trung binh, chiem 0.6% doanh thu"
20697,LITTLE GREEN MONSTER SOFT TOY,1,"Gia cao, tan suat mua thap, chiem 1.1% doanh thu"
20698,LITTLE PINK MONSTER SOFT TOY,1,"Gia cao, tan suat mua thap, chiem 1.1% doanh thu"
20699,MOUSEY LONG LEGS SOFT TOY,3,"Gia trung binh, tan suat mua trung binh, chiem 0.6% doanh thu"
20700,GREEN CAT FLORAL CUSHION COVER ,3,"Gia trung binh, tan suat mua trung binh, chiem 0.6% doanh thu"
20701,PINK CAT FLORAL CUSHION COVER ,3,"Gia trung binh, tan suat mua trung binh, chiem 0.6% doanh thu"
20702,PINK PADDED MOBILE,0,"Gia cao, tan suat mua cao, chiem 21.0% doanh thu"
20704,MR ROBOT SOFT TOY,0,"Gia cao, tan suat mua cao, chiem 21.0% doanh thu"
20705,MRS ROBOT SOFT TOY,0,"Gia cao, tan suat mua cao, chiem 21.0% doanh thu"
20707,CRAZY DAISY HEART DECORATION,3,"Gia trung binh, tan suat mua trung binh, chiem 0.6% doanh thu"
20711,JUMBO BAG TOYS ,4,"Gia trung binh, tan suat mua cao, chiem 71.1% doanh thu"
20712,JUMBO BAG WOODLAND ANIMALS,4,"Gia trung binh, tan suat mua cao, chiem 71.1% doanh thu"
20713,JUMBO BAG OWLS,4,"Gia trung binh, tan suat mua cao, chiem 71.1% doanh thu"
20716,PARTY FOOD SHOPPER BAG,2,"Gia thap, tan suat mua trung binh, chiem 6.1% doanh thu"
20717,STRAWBERRY SHOPPER BAG,4,"Gia trung binh, tan suat mua cao, chiem 71.1% doanh thu"
20718,RED RETROSPOT SHOPPER BAG,4,"Gia trung binh, tan suat mua cao, chiem 71.1% doanh thu"
20719,WOODLAND CHARLOTTE BAG,4,"Gia trung binh, tan suat mua cao, chiem 71.1% doanh thu"
20723,STRAWBERRY CHARLOTTE BAG,4,"Gia trung binh, tan suat mua cao, chiem 71.1% doanh thu"
20724,RED RETROSPOT CHARLOTTE BAG,4,"Gia trung binh, tan suat mua cao, chiem 71.1% doanh thu"
20725,LUNCH BAG RED RETROSPOT,4,"Gia trung binh, tan suat mua cao, chiem 71.1% doanh thu"
20726,LUNCH BAG WOODLAND,4,"Gia trung binh, tan suat mua cao, chiem 71.1% doanh thu"
20727,LUNCH BAG  BLACK SKULL.,4,"Gia trung binh, tan suat mua cao, chiem 71.1% doanh thu"
20728,LUNCH BAG CARS BLUE,4,"Gia trung binh, tan suat mua cao, chiem 71.1% doanh thu"
20731,POSY CANDY BAG,2,"Gia thap, tan suat mua trung binh, chiem 6.1% doanh thu"
20733,GOLD MINI TAPE MEASURE ,2,"Gia thap, tan suat mua trung binh, chiem 6.1% doanh thu"
20734,SILVER MINI TAPE MEASURE ,1,"Gia cao, tan suat mua thap, chiem 1.1% doanh thu"
20735,BLACK MINI TAPE MEASURE ,3,"Gia trung binh, tan suat mua trung binh, chiem 0.6% doanh thu"
20748,KENSINGTON COFFEE SET,0,"Gia cao, tan suat mua cao, chiem 21.0% doanh thu"
20749,ASSORTED COLOUR MINI CASES,0,"Gia cao, tan suat mua cao, chiem 21.0% doanh thu"
20750,RED RETROSPOT MINI CASES,0,"Gia cao, tan suat mua cao, chiem 21.0% doanh thu"
20751,FUNKY WASHING UP GLOVES ASSORTED,0,"Gia cao, tan suat mua cao, chiem 21.0% doanh thu"
20752,BLUE POLKADOT WASHING UP GLOVES,0,"Gia cao, tan suat mua cao, chiem 21.0% doanh thu"
20754,RETROSPOT RED WASHING UP GLOVES,4,"Gia trung binh, tan suat mua cao, chiem 71.1% doanh thu"
20755,BLUE PAISLEY POCKET BOOK,2,"Gia thap, tan suat mua trung binh, chiem 6.1% doanh thu"
20756,GREEN FERN POCKET BOOK,1,"Gia cao, tan suat mua thap, chiem 1.1% doanh thu"
20757,RED DAISY POCKET BOOK ,2,"Gia thap, tan suat mua trung binh, chiem 6.1% doanh thu"
20758,ABSTRACT CIRCLES POCKET BOOK,2,"Gia thap, tan suat mua trung binh, chiem 6.1% doanh thu"
20759,CHRYSANTHEMUM POCKET BOOK ,1,"Gia cao, tan suat mua thap, chiem 1.1% doanh thu"
20760,GARDEN PATH POCKET BOOK,1,"Gia cao, tan suat mua thap, chiem 1.1% doanh thu"
20761,BLUE PAISLEY SKETCHBOOK,0,"Gia cao, tan suat mua cao, chiem 21.0% doanh thu"
20762,GREEN FERN SKETCHBOOK ,0,"Gia cao, tan suat mua cao, chiem 21.0% doanh thu"
20763,DAISY SKETCHBOOK ,1,"Gia cao, tan suat mua thap, chiem 1.1% doanh thu"
20764,ABSTRACT CIRCLES SKETCHBOOK ,0,"Gia cao, tan suat mua cao, chiem 21.0% doanh thu"
20765,CHRYSANTHEMUM SKETCHBOOK ,0,"Gia cao, tan suat mua cao, chiem 21.0% doanh thu"
20766,GARDEN PATH SKETCHBOOK,0,"Gia cao, tan suat mua cao, chiem 21.0% doanh thu"
20767,BLUE PAISLEY JOURNAL ,0,"Gia cao, tan suat mua cao, chiem 21.0% doanh thu"
20768,GREEN FERN JOURNAL ,0,"Gia cao, tan suat mua cao, chiem 21.0% doanh thu"
20769,DAISY JOURNAL ,1,"Gia cao, tan suat mua thap, chiem 1.1% doanh thu"
20770,ABSTRACT CIRCLE JOURNAL ,0,"Gia cao, tan suat mua cao, chiem 21.0% doanh thu"
20771,CHRYSANTHEMUM  JOURNAL,1,"Gia cao, tan suat mua thap, chiem 1.1% doanh thu"
20772,GARDEN PATH JOURNAL,0,"Gia cao, tan suat mua cao, chiem 21.0% doanh thu"
20773,BLUE PAISLEY NOTEBOOK,1,"Gia cao, tan suat mua thap, chiem 1.1% doanh thu"
20774,GREEN FERN NOTEBOOK,1,"Gia cao, tan suat mua thap, chiem 1.1% doanh thu"
20775,DAISY NOTEBOOK ,3,"Gia trung binh, tan suat mua trung binh, chiem 0.6% doanh thu"
20777,CHRYSANTHEMUM NOTEBOOK,0,"Gia cao, tan suat mua cao, chiem 21.0% doanh thu"
20778,GARDEN PATH NOTEBOOK ,1,"Gia cao, tan suat mua thap, chiem 1.1% doanh thu"
20780,BLACK EAR MUFF HEADPHONES,1,"Gia cao, tan suat mua thap, chiem 1.1% doanh thu"
20781,GOLD EAR MUFF HEADPHONES,1,"Gia cao, tan suat mua thap, chiem 1.1% doanh thu"
20782,CAMOUFLAGE EAR MUFF HEADPHONES,1,"Gia cao, tan suat mua thap, chiem 1.1% doanh thu"
20785,FUSCHIA RETRO BAR STOOL,1,"Gia cao, tan suat mua thap, chiem 1.1% doanh thu"
20794,BLUE  TILE HOOK,1,"Gia cao, tan suat mua thap, chiem 1.1% doanh thu"
20795,LARGE BLUE PROVENCAL CERAMIC BALL,1,"Gia cao, tan suat mua thap, chiem 1.1% doanh thu"
20796,SMALL BLUE PROVENCAL CERAMIC BALL,1,"Gia cao, tan suat mua thap, chiem 1.1% doanh thu"
20798,CLEAR MILKSHAKE GLASS,1,"Gia cao, tan suat mua thap, chiem 1.1% doanh thu"
20801,LARGE PINK GLASS SUNDAE DISH,2,"Gia thap, tan suat mua trung binh, chiem 6.1% doanh thu"
20802,SMALL GLASS SUNDAE DISH CLEAR,2,"Gia thap, tan suat mua trung binh, chiem 6.1% doanh thu"
20803,SMALL PINK GLASS SUNDAE DISH,2,"Gia thap, tan suat mua trung binh, chiem 6.1% doanh thu"
20818,GOLD TEDDY BEAR,1,"Gia cao, tan suat mua thap, chiem 1.1% doanh thu"
20819,SILVER TEDDY BEAR,1,"Gia cao, tan suat mua thap, chiem 1.1% doanh thu"
20821,GOLDIE LOOKING MIRROR,1,"Gia cao, tan suat mua thap, chiem 1.1% doanh thu"
20823,GOLD WINE GOBLET,2,"Gia thap, tan suat mua trung binh, chiem 6.1% doanh thu"
20826,SILVER APERITIF GLASS,2,"Gia thap, tan suat mua trung binh, chiem 6.1% doanh thu"
20828,GLITTER BUTTERFLY CLIPS,0,"Gia cao, tan suat mua cao, chiem 21.0% doanh thu"
20829,GLITTER HANGING BUTTERFLY STRING,4,"Gia trung binh, tan suat mua cao, chiem 71.1% doanh thu"
20830,SILVER PHOTO FRAME,1,"Gia cao, tan suat mua thap, chiem 1.1% doanh thu"
20831,GOLD PHOTO FRAME,2,"Gia thap, tan suat mua trung binh, chiem 6.1% doanh thu"
20832,RED FLOCK LOVE HEART PHOTO FRAME,2,"Gia thap, tan suat mua trung binh, chiem 6.1% doanh thu"
20835,FRENCH LATTICE CUSHION COVER ,1,"Gia cao, tan suat mua thap, chiem 1.1% doanh thu"
20836,FRENCH PAISLEY CUSHION COVER,2,"Gia thap, tan suat mua trung binh, chiem 6.1% doanh thu"
20837,FRENCH FLORAL CUSHION COVER ,2,"Gia thap, tan suat mua trung binh, chiem 6.1% doanh thu"
20838,FRENCH LATTICE CUSHION COVER ,2,"Gia thap, tan suat mua trung binh, chiem 6.1% doanh thu"
20839,FRENCH PAISLEY CUSHION COVER ,0,"Gia cao, tan suat mua cao, chiem 21.0% doanh thu"
20840,FRENCH FLORAL CUSHION COVER ,2,"Gia thap, tan suat mua trung binh, chiem 6.1% doanh thu"
20845,ZINC HEART LATTICE 2 WALL PLANTER,1,"Gia cao, tan suat mua thap, chiem 1.1% doanh thu"
20846,ZINC HEART LATTICE T-LIGHT HOLDER,2,"Gia thap, tan suat mua trung binh, chiem 6.1% doanh thu"
20847,ZINC HEART LATTICE CHARGER LARGE,1,"Gia cao, tan suat mua thap, chiem 1.1% doanh thu"
20848,ZINC HEART LATTICE CHARGER SMALL,1,"Gia cao, tan suat mua thap, chiem 1.1% doanh thu"
20851,ZINC HEART LATTICE TRAY OVAL ,1,"Gia cao, tan suat mua thap, chiem 1.1% doanh thu"
20854,BLUE PATCH PURSE PINK HEART,2,"Gia thap, tan suat mua trung binh, chiem 6.1% doanh thu"
20856,DENIM PATCH PURSE PINK BUTTERFLY,2,"Gia thap, tan suat mua trung binh, chiem 6.1% doanh thu"
20857,BLUE ROSE PATCH PURSE PINK BUTTERFL,1,"Gia cao, tan suat mua thap, chiem 1.1% doanh thu"
20866,BLUE ROSE FABRIC MIRROR,2,"Gia thap, tan suat mua trung binh, chiem 6.1% doanh thu"
20867,PINK ROSE FABRIC MIRROR,2,"Gia thap, tan suat mua trung binh, chiem 6.1% doanh thu"
20868,SILVER FABRIC MIRROR,2,"Gia thap, tan suat mua trung binh, chiem 6.1% doanh thu"
20869,GOLD FABRIC MIRROR,2,"Gia thap, tan suat mua trung binh, chiem 6.1% doanh thu"
20878,SET/9 CHRISTMAS T-LIGHTS SCENTED ,1,"Gia cao, tan suat mua thap, chiem 1.1% doanh thu"
20886,BOX OF 9 PEBBLE CANDLES,0,"Gia cao, tan suat mua cao, chiem 21.0% doanh thu"
20893,HANGING BAUBLE T-LIGHT HOLDER SMALL,2,"Gia thap, tan suat mua trung binh, chiem 6.1% doanh thu"
20894,HANGING BAUBLE T-LIGHT HOLDER LARGE,1,"Gia cao, tan suat mua thap, chiem 1.1% doanh thu"
20897,VINTAGE NOTEBOOK PARIS DAYS,2,"Gia thap, tan suat mua trung binh, chiem 6.1% doanh thu"
20898,VINTAGE NOTEBOOK TRAVELOGUE,3,"Gia trung binh, tan suat mua trung binh, chiem 0.6% doanh thu"
20901,VINTAGE KEEPSAKE BOX PINK FLOWER,3,"Gia trung binh, tan suat mua trung binh, chiem 0.6% doanh thu"
20902,VINTAGE KEEPSAKE BOX PARIS DAYS,3,"Gia trung binh, tan suat mua trung binh, chiem 0.6% doanh thu"
20903,VINTAGE KEEPSAKE BOX TRAVELOGUE,3,"Gia trung binh, tan suat mua trung binh, chiem 0.6% doanh thu"
20914,SET/5 RED RETROSPOT LID GLASS BOWLS,4,"Gia trung binh, tan suat mua cao, chiem 71.1% doanh thu"
20931,BLUE POT PLANT CANDLE ,0,"Gia cao, tan suat mua cao, chiem 21.0% doanh thu"
20932,PINK POT PLANT CANDLE,0,"Gia cao, tan suat mua cao, chiem 21.0% doanh thu"
20933,YELLOW POT PLANT CANDLE,1,"Gia cao, tan suat mua thap, chiem 1.1% doanh thu"
20934,SET/3 POT PLANT CANDLES,1,"Gia cao, tan suat mua thap, chiem 1.1% doanh thu"
20936,FORKED CACTUS CANDLE,1,"Gia cao, tan suat mua thap, chiem 1.1% doanh thu"
20941,FROG CANDLE,1,"Gia cao, tan suat mua thap, chiem 1.1% doanh thu"
20956,PORCELAIN T-LIGHT HOLDERS ASSORTED,2,"Gia thap, tan suat mua trung binh, chiem 6.1% doanh thu"
20960,WATERMELON BATH SPONGE,1,"Gia cao, tan suat mua thap, chiem 1.1% doanh thu"
20961,STRAWBERRY BATH SPONGE ,4,"Gia trung binh, tan suat mua cao, chiem 71.1% doanh thu"
20963,APPLE BATH SPONGE,4,"Gia trung binh, tan suat mua cao, chiem 71.1% doanh thu"
20966,SANDWICH BATH SPONGE,2,"Gia thap, tan suat mua trung binh, chiem 6.1% doanh thu"
20967,GREY FLORAL FELTCRAFT SHOULDER BAG,0,"Gia cao, tan suat mua cao, chiem 21.0% doanh thu"
20969,RED FLORAL FELTCRAFT SHOULDER BAG,4,"Gia trung binh, tan suat mua cao, chiem 71.1% doanh thu"
20970,PINK FLORAL FELTCRAFT SHOULDER BAG,0,"Gia cao, tan suat mua cao, chiem 21.0% doanh thu"
20971,PINK BLUE FELT CRAFT TRINKET BOX,4,"Gia trung binh, tan suat mua cao, chiem 71.1% doanh thu"
20972,PINK CREAM FELT CRAFT TRINKET BOX ,4,"Gia trung binh, tan suat mua cao, chiem 71.1% doanh thu"
20973,12 PENCIL SMALL TUBE WOODLAND,4,"Gia trung binh, tan suat mua cao, chiem 71.1% doanh thu"
20974,12 PENCILS SMALL TUBE SKULL,4,"Gia trung binh, tan suat mua cao, chiem 71.1% doanh thu"
20975,12 PENCILS SMALL TUBE RED RETROSPOT,4,"Gia trung binh, tan suat mua cao, chiem 71.1% doanh thu"
20977,36 PENCILS TUBE WOODLAND,4,"Gia trung binh, tan suat mua cao, chiem 71.1% doanh thu"
20978,36 PENCILS TUBE SKULLS,4,"Gia trung binh, tan suat mua cao, chiem 71.1% doanh thu"
20979,36 PENCILS TUBE RED RETROSPOT,4,"Gia trung binh, tan suat mua cao, chiem 71.1% doanh thu"
20980,36 PENCILS TUBE POSY,1,"Gia cao, tan suat mua thap, chiem 1.1% doanh thu"
20981,12 PENCILS TALL TUBE WOODLAND,4,"Gia trung binh, tan suat mua cao, chiem 71.1% doanh thu"
20982,12 PENCILS TALL TUBE SKULLS,4,"Gia trung binh, tan suat mua cao, chiem 71.1% doanh thu"
20983,12 PENCILS TALL TUBE RED RETROSPOT,4,"Gia trung binh, tan suat mua cao, chiem 71.1% doanh thu"
20984,12 PENCILS TALL TUBE POSY,4,"Gia trung binh, tan suat mua cao, chiem 71.1% doanh thu"
20985,HEART CALCULATOR,4,"Gia trung binh, tan suat mua cao, chiem 71.1% doanh thu"
20986,BLUE CALCULATOR RULER,2,"Gia thap, tan suat mua trung binh, chiem 6.1% doanh thu"
20992,JAZZ HEARTS PURSE NOTEBOOK,4,"Gia trung binh, tan suat mua cao, chiem 71.1% doanh thu"
20996,JAZZ HEARTS ADDRESS BOOK,4,"Gia trung binh, tan suat mua cao, chiem 71.1% doanh thu"
20997,ROSE DU SUD CUSHION COVER ,3,"Gia trung binh, tan suat mua trung binh, chiem 0.6% doanh thu"
20998,ROSE DU SUD OVEN GLOVE,0,"Gia cao, tan suat mua cao, chiem 21.0% doanh thu"
21000,ROSE DU SUD COSMETICS BAG,3,"Gia trung binh, tan suat mua trung binh, chiem 0.6% doanh thu"
21001,ROSE DU SUD WASHBAG ,3,"Gia trung binh, tan suat mua trung binh, chiem 0.6% doanh thu"
21002,ROSE DU SUD DRAWSTRING BAG,3,"Gia trung binh, tan suat mua trung binh, chiem 0.6% doanh thu"
21003,ROSE DU SUD CUSHION COVER,3,"Gia trung binh, tan suat mua trung binh, chiem 0.6% doanh thu"
21012,ANTIQUE ALL GLASS CANDLESTICK,0,"Gia cao, tan suat mua cao, chiem 21.0% doanh thu"
21014,SWISS CHALET TREE DECORATION ,2,"Gia thap, tan suat mua trung binh, chiem 6.1% doanh thu"
21015,DARK BIRD HOUSE TREE DECORATION,2,"Gia thap, tan suat mua trung binh, chiem 6.1% doanh thu"
21018,BIRD BOX CHRISTMAS TREE DECORATION,1,"Gia cao, tan suat mua thap, chiem 1.1% doanh thu"
21025,SPACE FROG,3,"Gia trung binh, tan suat mua trung binh, chiem 0.6% doanh thu"
21026,SPACE OWL,2,"Gia thap, tan suat mua trung binh, chiem 6.1% doanh thu"
21027,NINJA RABBIT PINK,2,"Gia thap, tan suat mua trung binh, chiem 6.1% doanh thu"
21028,NINJA RABBIT BLACK,3,"Gia trung binh, tan suat mua trung binh, chiem 0.6% doanh thu"
21030,SPACE CADET RED,2,"Gia thap, tan suat mua trung binh, chiem 6.1% doanh thu"
21031,SPACE CADET BLACK,1,"Gia cao, tan suat mua thap, chiem 1.1% doanh thu"
21032,SPACE CADET WHITE,1,"Gia cao, tan suat mua thap, chiem 1.1% doanh thu"
21033,JUMBO BAG CHARLIE AND LOLA TOYS,4,"Gia trung binh, tan suat mua cao, chiem 71.1% doanh thu"
21034,REX CASH+CARRY JUMBO SHOPPER,4,"Gia trung binh, tan suat mua cao, chiem 71.1% doanh thu"
21035,SET/2 RED RETROSPOT TEA TOWELS ,4,"Gia trung binh, tan suat mua cao, chiem 71.1% doanh thu"
21038,SET/4 MODERN VINTAGE COTTON NAPKINS,1,"Gia cao, tan suat mua thap, chiem 1.1% doanh thu"
21039,RED RETROSPOT SHOPPING BAG,0,"Gia cao, tan suat mua cao, chiem 21.0% doanh thu"
21040,MODERN VINTAGE COTTON SHOPPING BAG,1,"Gia cao, tan suat mua thap, chiem 1.1% doanh thu"
21041,RED RETROSPOT OVEN GLOVE DOUBLE,0,"Gia cao, tan suat mua cao, chiem 21.0% doanh thu"
21042,RED RETROSPOT APRON ,0,"Gia cao, tan suat mua cao, chiem 21.0% doanh thu"
21043,APRON MODERN VINTAGE COTTON,0,"Gia cao, tan suat mua cao, chiem 21.0% doanh thu"
21051,RIBBONS PURSE ,2,"Gia thap, tan suat mua trung binh, chiem 6.1% doanh thu"
21054,NURSE'S BAG SOFT TOY,0,"Gia cao, tan suat mua cao, chiem 21.0% doanh thu"
21055,TOOL BOX SOFT TOY ,0,"Gia cao, tan suat mua cao, chiem 21.0% doanh thu"
21056,DOCTOR'S BAG SOFT TOY,0,"Gia cao, tan suat mua cao, chiem 21.0% doanh thu"
21058,PARTY INVITES WOODLAND,2,"Gia thap, tan suat mua trung binh, chiem 6.1% doanh thu"
21059,PARTY INVITES DINOSAURS,2,"Gia thap, tan suat mua trung binh, chiem 6.1% doanh thu"
21060,PARTY INVITES BALLOON GIRL,2,"Gia thap, tan suat mua trung binh, chiem 6.1% doanh thu"
21061,PARTY INVITES FOOTBALL,2,"Gia thap, tan suat mua trung binh, chiem 6.1% doanh thu"
21062,PARTY INVITES SPACEMAN,2,"Gia thap, tan suat mua trung binh, chiem 6.1% doanh thu"
21063,PARTY INVITES JAZZ HEARTS,2,"Gia thap, tan suat mua trung binh, chiem 6.1% doanh thu"
21064,BOOM BOX SPEAKER BOYS,0,"Gia cao, tan suat mua cao, chiem 21.0% doanh thu"
21065,BOOM BOX SPEAKER GIRLS,0,"Gia cao, tan suat mua cao, chiem 21.0% doanh thu"
21066,VINTAGE RED MUG,2,"Gia thap, tan suat mua trung binh, chiem 6.1% doanh thu"
21067,VINTAGE RED TEATIME MUG,2,"Gia thap, tan suat mua trung binh, chiem 6.1% doanh thu"
21068,VINTAGE BILLBOARD LOVE/HATE MUG,4,"Gia trung binh, tan suat mua cao, chiem 71.1% doanh thu"
21069,VINTAGE BILLBOARD TEA MUG,4,"Gia trung binh, tan suat mua cao, chiem 71.1% doanh thu"
21070,VINTAGE BILLBOARD MUG ,2,"Gia thap, tan suat mua trung binh, chiem 6.1% doanh thu"
21071,VINTAGE BILLBOARD DRINK ME MUG,2,"Gia thap, tan suat mua trung binh, chiem 6.1% doanh thu"
21078,SET/20 STRAWBERRY PAPER NAPKINS ,4,"Gia trung binh, tan suat mua cao, chiem 71.1% doanh thu"
21080,SET/20 RED RETROSPOT PAPER NAPKINS ,4,"Gia trung binh, tan suat mua cao, chiem 71.1% doanh thu"
21082,SET/20 FRUIT SALAD PAPER NAPKINS ,1,"Gia cao, tan suat mua thap, chiem 1.1% doanh thu"
21084,SET/6 COLLAGE PAPER CUPS,4,"Gia trung binh, tan suat mua cao, chiem 71.1% doanh thu"
21086,SET/6 RED SPOTTY PAPER CUPS,4,"Gia trung binh, tan suat mua cao, chiem 71.1% doanh thu"
21087,SET/6 POSIES PAPER CUPS,2,"Gia thap, tan suat mua trung binh, chiem 6.1% doanh thu"
21088,SET/6 FRUIT SALAD PAPER CUPS,2,"Gia thap, tan suat mua trung binh, chiem 6.1% doanh thu"
21089,SET/6 GREEN SPRING PAPER CUPS,2,"Gia thap, tan suat mua trung binh, chiem 6.1% doanh thu"
21090,SET/6 COLLAGE PAPER PLATES,4,"Gia trung binh, tan suat mua cao, chiem 71.1% doanh thu"
21094,SET/6 RED SPOTTY PAPER PLATES,4,"Gia trung binh, tan suat mua cao, chiem 71.1% doanh thu"
21095,SET/6 POSIES PAPER PLATES,2,"Gia thap, tan suat mua trung binh, chiem 6.1% doanh thu"
21096,SET/6 FRUIT SALAD  PAPER PLATES,2,"Gia thap, tan suat mua trung binh, chiem 6.1% doanh thu"
21098,CHRISTMAS TOILET ROLL,4,"Gia trung binh, tan suat mua cao, chiem 71.1% doanh thu"
21100,CHARLIE AND LOLA CHARLOTTE BAG,3,"Gia trung binh, tan suat mua trung binh, chiem 0.6% doanh thu"
21106,CREAM SLICE FLANNEL CHOCOLATE SPOT ,0,"Gia cao, tan suat mua cao, chiem 21.0% doanh thu"
21107,CREAM SLICE FLANNEL PINK SPOT ,4,"Gia trung binh, tan suat mua cao, chiem 71.1% doanh thu"
21108,FAIRY CAKE FLANNEL ASSORTED COLOUR,4,"Gia trung binh, tan suat mua cao, chiem 71.1% doanh thu"
21109,"LARGE CAKE TOWEL, CHOCOLATE SPOTS",0,"Gia cao, tan suat mua cao, chiem 21.0% doanh thu"
21110,LARGE CAKE TOWEL PINK SPOTS,0,"Gia cao, tan suat mua cao, chiem 21.0% doanh thu"
21111,"SWISS ROLL TOWEL, CHOCOLATE  SPOTS",2,"Gia thap, tan suat mua trung binh, chiem 6.1% doanh thu"
21112,"SWISS ROLL TOWEL, PINK  SPOTS",4,"Gia trung binh, tan suat mua cao, chiem 71.1% doanh thu"
21114,LAVENDER SCENTED FABRIC HEART,4,"Gia trung binh, tan suat mua cao, chiem 71.1% doanh thu"
21115,ROSE CARAVAN DOORSTOP,0,"Gia cao, tan suat mua cao, chiem 21.0% doanh thu"
21116,OWL DOORSTOP,0,"Gia cao, tan suat mua cao, chiem 21.0% doanh thu"
21117,BLOND DOLL DOORSTOP,1,"Gia cao, tan suat mua thap, chiem 1.1% doanh thu"
21121,SET/10 RED POLKADOT PARTY CANDLES,4,"Gia trung binh, tan suat mua cao, chiem 71.1% doanh thu"
21122,SET/10 PINK POLKADOT PARTY CANDLES,4,"Gia trung binh, tan suat mua cao, chiem 71.1% doanh thu"
21123,SET/10 IVORY POLKADOT PARTY CANDLES,2,"Gia thap, tan suat mua trung binh, chiem 6.1% doanh thu"
21124,SET/10 BLUE POLKADOT PARTY CANDLES,4,"Gia trung binh, tan suat mua cao, chiem 71.1% doanh thu"
21125,SET 6 FOOTBALL CELEBRATION CANDLES,2,"Gia thap, tan suat mua trung binh, chiem 6.1% doanh thu"
21126,SET OF 6 GIRLS CELEBRATION CANDLES,2,"Gia thap, tan suat mua trung binh, chiem 6.1% doanh thu"
21128,GOLD FISHING GNOME,0,"Gia cao, tan suat mua cao, chiem 21.0% doanh thu"
21129,SILVER FISHING GNOME ,1,"Gia cao, tan suat mua thap, chiem 1.1% doanh thu"
21131,GOLD STANDING GNOME,1,"Gia cao, tan suat mua thap, chiem 1.1% doanh thu"
21132,SILVER STANDING GNOME   ,1,"Gia cao, tan suat mua thap, chiem 1.1% doanh thu"
21135,VICTORIAN  METAL POSTCARD SPRING,4,"Gia trung binh, tan suat mua cao, chiem 71.1% doanh thu"
21136,PAINTED METAL PEARS ASSORTED,4,"Gia trung binh, tan suat mua cao, chiem 71.1% doanh thu"
21137,BLACK RECORD COVER FRAME,4,"Gia trung binh, tan suat mua cao, chiem 71.1% doanh thu"
21143,ANTIQUE GLASS HEART DECORATION ,2,"Gia thap, tan suat mua trung binh, chiem 6.1% doanh thu"
21145,ANTIQUE GLASS PLACE SETTING,2,"Gia thap, tan suat mua trung binh, chiem 6.1% doanh thu"
21147,JINGLE BELLS TREE DECORATION,3,"Gia trung binh, tan suat mua trung binh, chiem 0.6% doanh thu"
21154,RED RETROSPOT OVEN GLOVE ,4,"Gia trung binh, tan suat mua cao, chiem 71.1% doanh thu"
21155,RED RETROSPOT PEG BAG,4,"Gia trung binh, tan suat mua cao, chiem 71.1% doanh thu"
21156,RETROSPOT CHILDRENS APRON,4,"Gia trung binh, tan suat mua cao, chiem 71.1% doanh thu"
21157,RED RETROSPOT WASHBAG,1,"Gia cao, tan suat mua thap, chiem 1.1% doanh thu"
21158,MOODY GIRL DOOR HANGER ,4,"Gia trung binh, tan suat mua cao, chiem 71.1% doanh thu"
21159,MOODY BOY  DOOR HANGER ,2,"Gia thap, tan suat mua trung binh, chiem 6.1% doanh thu"
21161,KEEP OUT BOYS DOOR HANGER ,2,"Gia thap, tan suat mua trung binh, chiem 6.1% doanh thu"
21162,TOXIC AREA  DOOR HANGER ,4,"Gia trung binh, tan suat mua cao, chiem 71.1% doanh thu"
21163,DO NOT TOUCH MY STUFF DOOR HANGER ,2,"Gia thap, tan suat mua trung binh, chiem 6.1% doanh thu"
21164,HOME SWEET HOME METAL SIGN ,4,"Gia trung binh, tan suat mua cao, chiem 71.1% doanh thu"
21165,BEWARE OF THE CAT METAL SIGN ,4,"Gia trung binh, tan suat mua cao, chiem 71.1% doanh thu"
21166,COOK WITH WINE METAL SIGN ,4,"Gia trung binh, tan suat mua cao, chiem 71.1% doanh thu"
21167,WHITE SAGE INCENSE,2,"Gia thap, tan suat mua trung binh, chiem 6.1% doanh thu"
21169,YOU'RE CONFUSING ME METAL SIGN ,4,"Gia trung binh, tan suat mua cao, chiem 71.1% doanh thu"
21171,BATHROOM METAL SIGN ,2,"Gia thap, tan suat mua trung binh, chiem 6.1% doanh thu"
21172,PARTY METAL SIGN ,4,"Gia trung binh, tan suat mua cao, chiem 71.1% doanh thu"
21174,POTTERING IN THE SHED METAL SIGN,4,"Gia trung binh, tan suat mua cao, chiem 71.1% doanh thu"
21175,GIN + TONIC DIET METAL SIGN,4,"Gia trung binh, tan suat mua cao, chiem 71.1% doanh thu"
21179,NO JUNK MAIL METAL SIGN,4,"Gia trung binh, tan suat mua cao, chiem 71.1% doanh thu"
21181,PLEASE ONE PERSON METAL SIGN,4,"Gia trung binh, tan suat mua cao, chiem 71.1% doanh thu"
21187,WHITE BELL HONEYCOMB PAPER GARLAND ,2,"Gia thap, tan suat mua trung binh, chiem 6.1% doanh thu"
21188,3D HEARTS  HONEYCOMB PAPER GARLAND,0,"Gia cao, tan suat mua cao, chiem 21.0% doanh thu"
21189,WHITE HONEYCOMB PAPER GARLAND ,0,"Gia cao, tan suat mua cao, chiem 21.0% doanh thu"
21190,PINK HEARTS PAPER GARLAND,2,"Gia thap, tan suat mua trung binh, chiem 6.1% doanh thu"
21191,LARGE WHITE HONEYCOMB PAPER BELL  ,0,"Gia cao, tan suat mua cao, chiem 21.0% doanh thu"
21192,WHITE BELL HONEYCOMB PAPER ,2,"Gia thap, tan suat mua trung binh, chiem 6.1% doanh thu"
21194,PINK  HONEYCOMB PAPER FAN,2,"Gia thap, tan suat mua trung binh, chiem 6.1% doanh thu"
21195,PINK  HONEYCOMB PAPER BALL ,2,"Gia thap, tan suat mua trung binh, chiem 6.1% doanh thu"
21196,ROUND WHITE CONFETTI IN TUBE,1,"Gia cao, tan suat mua thap, chiem 1.1% doanh thu"
21197,MULTICOLOUR  CONFETTI IN TUBE,2,"Gia thap, tan suat mua trung binh, chiem 6.1% doanh thu"
21198,WHITE HEART CONFETTI IN TUBE,2,"Gia thap, tan suat mua trung binh, chiem 6.1% doanh thu"
21199,PINK  HEART CONFETTI IN TUBE,2,"Gia thap, tan suat mua trung binh, chiem 6.1% doanh thu"
21200,MULTICOLOUR HONEYCOMB PAPER GARLAND,2,"Gia thap, tan suat mua trung binh, chiem 6.1% doanh thu"
21201,TROPICAL  HONEYCOMB PAPER GARLAND ,4,"Gia trung binh, tan suat mua cao, chiem 71.1% doanh thu"
21202,DOLLY HONEYCOMB GARLAND,2,"Gia thap, tan suat mua trung binh, chiem 6.1% doanh thu"
21204,DAISIES  HONEYCOMB GARLAND ,2,"Gia thap, tan suat mua trung binh, chiem 6.1% doanh thu"
21205,MULTICOLOUR 3D BALLS GARLAND,0,"Gia cao, tan suat mua cao, chiem 21.0% doanh thu"
21206,STRAWBERRY HONEYCOMB  GARLAND ,2,"Gia thap, tan suat mua trung binh, chiem 6.1% doanh thu"
21207,SKULL AND CROSSBONES  GARLAND ,2,"Gia thap, tan suat mua trung binh, chiem 6.1% doanh thu"
21208,PASTEL COLOUR HONEYCOMB FAN,2,"Gia thap, tan suat mua trung binh, chiem 6.1% doanh thu"
21209,MULTICOLOUR HONEYCOMB FAN,2,"Gia thap, tan suat mua trung binh, chiem 6.1% doanh thu"
21210,SET OF 72 RETROSPOT PAPER  DOILIES,4,"Gia trung binh, tan suat mua cao, chiem 71.1% doanh thu"
21211,SET OF 72 SKULL PAPER  DOILIES,2,"Gia thap, tan suat mua trung binh, chiem 6.1% doanh thu"
21212,PACK OF 72 RETROSPOT CAKE CASES,4,"Gia trung binh, tan suat mua cao, chiem 71.1% doanh thu"
21213,PACK OF 72 SKULL CAKE CASES,4,"Gia trung binh, tan suat mua cao, chiem 71.1% doanh thu"
21215,IVORY PAPER CUP CAKE CASES ,2,"Gia thap, tan suat mua trung binh, chiem 6.1% doanh thu"
21216,"SET 3 RETROSPOT TEA,COFFEE,SUGAR",0,"Gia cao, tan suat mua cao, chiem 21.0% doanh thu"
21217,RED RETROSPOT ROUND CAKE TINS,0,"Gia cao, tan suat mua cao, chiem 21.0% doanh thu"
21218,RED SPOTTY BISCUIT TIN,4,"Gia trung binh, tan suat mua cao, chiem 71.1% doanh thu"
21219,SET/4 BADGES BALLOON GIRL,2,"Gia thap, tan suat mua trung binh, chiem 6.1% doanh thu"
21220,SET/4 BADGES DOGS,2,"Gia thap, tan suat mua trung binh, chiem 6.1% doanh thu"
21221,SET/4 BADGES CUTE CREATURES,2,"Gia thap, tan suat mua trung binh, chiem 6.1% doanh thu"
21222,SET/4 BADGES BEETLES,2,"Gia thap, tan suat mua trung binh, chiem 6.1% doanh thu"
21224,SET/4 SKULL BADGES,2,"Gia thap, tan suat mua trung binh, chiem 6.1% doanh thu"
21226,POCKET MIRROR WOODLAND,3,"Gia trung binh, tan suat mua trung binh, chiem 0.6% doanh thu"
21231,SWEETHEART CERAMIC TRINKET BOX,4,"Gia trung binh, tan suat mua cao, chiem 71.1% doanh thu"
21232,STRAWBERRY CERAMIC TRINKET BOX,4,"Gia trung binh, tan suat mua cao, chiem 71.1% doanh thu"
21238,RED RETROSPOT CUP,4,"Gia trung binh, tan suat mua cao, chiem 71.1% doanh thu"
21239,PINK  POLKADOT CUP,4,"Gia trung binh, tan suat mua cao, chiem 71.1% doanh thu"
21240,BLUE POLKADOT CUP,4,"Gia trung binh, tan suat mua cao, chiem 71.1% doanh thu"
21242,RED RETROSPOT PLATE ,4,"Gia trung binh, tan suat mua cao, chiem 71.1% doanh thu"
21243,PINK  POLKADOT PLATE ,4,"Gia trung binh, tan suat mua cao, chiem 71.1% doanh thu"
21244,BLUE POLKADOT PLATE ,4,"Gia trung binh, tan suat mua cao, chiem 71.1% doanh thu"
21245,GREEN POLKADOT PLATE ,4,"Gia trung binh, tan suat mua cao, chiem 71.1% doanh thu"
21246,RED RETROSPOT BIG BOWL,0,"Gia cao, tan suat mua cao, chiem 21.0% doanh thu"
21248,DOOR HANGER  MUM + DADS ROOM,0,"Gia cao, tan suat mua cao, chiem 21.0% doanh thu"
21249,WOODLAND  HEIGHT CHART STICKERS ,0,"Gia cao, tan suat mua cao, chiem 21.0% doanh thu"
21250,SET OF SKULL WALL STICKERS,1,"Gia cao, tan suat mua thap, chiem 1.1% doanh thu"
21251,DINOSAUR HEIGHT CHART STICKER SET,0,"Gia cao, tan suat mua cao, chiem 21.0% doanh thu"
21253,SET OF PICTURE FRAME  STICKERS,3,"Gia trung binh, tan suat mua trung binh, chiem 0.6% doanh thu"
21257,VICTORIAN SEWING BOX MEDIUM,0,"Gia cao, tan suat mua cao, chiem 21.0% doanh thu"
21258,VICTORIAN SEWING BOX LARGE,0,"Gia cao, tan suat mua cao, chiem 21.0% doanh thu"
21259,VICTORIAN SEWING BOX SMALL ,0,"Gia cao, tan suat mua cao, chiem 21.0% doanh thu"
21260,FIRST AID TIN,4,"Gia trung binh, tan suat mua cao, chiem 71.1% doanh thu"
21261,GREEN GOOSE FEATHER CHRISTMAS TREE ,0,"Gia cao, tan suat mua cao, chiem 21.0% doanh thu"
21262,WHITE GOOSE FEATHER CHRISTMAS TREE ,0,"Gia cao, tan suat mua cao, chiem 21.0% doanh thu"
21263,GREEN GOOSE FEATHER TREE 60CM,2,"Gia thap, tan suat mua trung binh, chiem 6.1% doanh thu"
21264,WHITE GOOSE FEATHER TREE 60CM ,2,"Gia thap, tan suat mua trung binh, chiem 6.1% doanh thu"
21265,PINK GOOSE FEATHER TREE 60CM,2,"Gia thap, tan suat mua trung binh, chiem 6.1% doanh thu"
21269,ANTIQUE CREAM CUTLERY SHELF ,1,"Gia cao, tan suat mua thap, chiem 1.1% doanh thu"
21270,ANTIQUE CREAM CUTLERY CUPBOARD,1,"Gia cao, tan suat mua thap, chiem 1.1% doanh thu"
21272,SALLE DE BAIN HOOK,2,"Gia thap, tan suat mua trung binh, chiem 6.1% doanh thu"
21275,ZINC TOP  2 DOOR WOODEN SHELF ,1,"Gia cao, tan suat mua thap, chiem 1.1% doanh thu"
21277,FRENCH STYLE EMBOSSED HEART CABINET,1,"Gia cao, tan suat mua thap, chiem 1.1% doanh thu"
21278,VINTAGE KITCHEN PRINT PUDDINGS,1,"Gia cao, tan suat mua thap, chiem 1.1% doanh thu"
21279,VINTAGE KITCHEN PRINT FRUITS,1,"Gia cao, tan suat mua thap, chiem 1.1% doanh thu"
21280,VINTAGE KITCHEN PRINT VEGETABLES,1,"Gia cao, tan suat mua thap, chiem 1.1% doanh thu"
21281,VINTAGE KITCHEN PRINT SEAFOOD,1,"Gia cao, tan suat mua thap, chiem 1.1% doanh thu"
21284,RETROSPOT CANDLE  SMALL,2,"Gia thap, tan suat mua trung binh, chiem 6.1% doanh thu"
21285,RETROSPOT CANDLE  MEDIUM,2,"Gia thap, tan suat mua trung binh, chiem 6.1% doanh thu"
21286,RETROSPOT CANDLE  LARGE,2,"Gia thap, tan suat mua trung binh, chiem 6.1% doanh thu"
21287,SCENTED VELVET LOUNGE CANDLE ,2,"Gia thap, tan suat mua trung binh, chiem 6.1% doanh thu"
21288,STRIPEY CHOCOLATE NESTING BOXES,0,"Gia cao, tan suat mua cao, chiem 21.0% doanh thu"
21289,LARGE STRIPES CHOCOLATE GIFT BAG,2,"Gia thap, tan suat mua trung binh, chiem 6.1% doanh thu"
21291,SMALL POLKADOT CHOCOLATE GIFT BAG ,2,"Gia thap, tan suat mua trung binh, chiem 6.1% doanh thu"
21292,SMALL STRIPES CHOCOLATE GIFT BAG ,2,"Gia thap, tan suat mua trung binh, chiem 6.1% doanh thu"
21293,MIRRORED DOVE WALL DECORATION,1,"Gia cao, tan suat mua thap, chiem 1.1% doanh thu"
21294,ETCHED GLASS COASTER,2,"Gia thap, tan suat mua trung binh, chiem 6.1% doanh thu"
21306,SET/4 DAISY MIRROR MAGNETS,2,"Gia thap, tan suat mua trung binh, chiem 6.1% doanh thu"
21307,SET/4 BUTTERFLY MIRROR MAGNETS,1,"Gia cao, tan suat mua thap, chiem 1.1% doanh thu"
21311,SET/4 BIRD MIRROR MAGNETS ,2,"Gia thap, tan suat mua trung binh, chiem 6.1% doanh thu"
21313,GLASS HEART T-LIGHT HOLDER ,4,"Gia trung binh, tan suat mua cao, chiem 71.1% doanh thu"
21314,SMALL GLASS HEART TRINKET POT,4,"Gia trung binh, tan suat mua cao, chiem 71.1% doanh thu"
21316,SMALL CHUNKY GLASS ROMAN  BOWL,2,"Gia thap, tan suat mua trung binh, chiem 6.1% doanh thu"
21317,GLASS SPHERE CANDLE STAND MEDIUM,0,"Gia cao, tan suat mua cao, chiem 21.0% doanh thu"
21318,GLASS CHALICE BLUE SMALL ,2,"Gia thap, tan suat mua trung binh, chiem 6.1% doanh thu"
21319,GLASS CHALICE GREEN  SMALL ,2,"Gia thap, tan suat mua trung binh, chiem 6.1% doanh thu"
21320,GLASS CHALICE GREEN  LARGE ,2,"Gia thap, tan suat mua trung binh, chiem 6.1% doanh thu"
21324,HANGING MEDINA LANTERN SMALL,1,"Gia cao, tan suat mua thap, chiem 1.1% doanh thu"
21326,AGED GLASS SILVER T-LIGHT HOLDER,4,"Gia trung binh, tan suat mua cao, chiem 71.1% doanh thu"
21327,SKULLS WRITING SET ,0,"Gia cao, tan suat mua cao, chiem 21.0% doanh thu"
21328,BALLOONS  WRITING SET ,0,"Gia cao, tan suat mua cao, chiem 21.0% doanh thu"
21329,DINOSAURS  WRITING SET ,0,"Gia cao, tan suat mua cao, chiem 21.0% doanh thu"
21331,MOROCCAN BEATEN METAL DISH LARGE,1,"Gia cao, tan suat mua thap, chiem 1.1% doanh thu"
21332,MOROCCAN BEATEN METAL MIRROR,1,"Gia cao, tan suat mua thap, chiem 1.1% doanh thu"
21333,CLASSIC WHITE FRAME,1,"Gia cao, tan suat mua thap, chiem 1.1% doanh thu"
21336,GOLD WASHBAG,3,"Gia trung binh, tan suat mua trung binh, chiem 0.6% doanh thu"
21340,CLASSIC METAL BIRDCAGE PLANT HOLDER,0,"Gia cao, tan suat mua cao, chiem 21.0% doanh thu"
21344,MOROCCAN BEATEN METAL DISH,1,"Gia cao, tan suat mua thap, chiem 1.1% doanh thu"
21348,PINK SPOTS CHOCOLATE NESTING BOXES ,2,"Gia thap, tan suat mua trung binh, chiem 6.1% doanh thu"
21349,IVY HEART WREATH,1,"Gia cao, tan suat mua thap, chiem 1.1% doanh thu"
21351,CINAMMON & ORANGE WREATH,0,"Gia cao, tan suat mua cao, chiem 21.0% doanh thu"
21352,EUCALYPTUS & PINECONE  WREATH,0,"Gia cao, tan suat mua cao, chiem 21.0% doanh thu"
21354,TOAST ITS - BEST MUM,2,"Gia thap, tan suat mua trung binh, chiem 6.1% doanh thu"
21355,TOAST ITS - I LOVE YOU ,2,"Gia thap, tan suat mua trung binh, chiem 6.1% doanh thu"
21356,TOAST ITS - FAIRY FLOWER,2,"Gia thap, tan suat mua trung binh, chiem 6.1% doanh thu"
21357,TOAST ITS - DINOSAUR,1,"Gia cao, tan suat mua thap, chiem 1.1% doanh thu"
21358,TOAST ITS - HAPPY BIRTHDAY,2,"Gia thap, tan suat mua trung binh, chiem 6.1% doanh thu"
21359,RELAX LARGE WOOD LETTERS,0,"Gia cao, tan suat mua cao, chiem 21.0% doanh thu"
21360,JOY LARGE WOOD LETTERS,1,"Gia cao, tan suat mua thap, chiem 1.1% doanh thu"
21361,LOVE LARGE WOOD LETTERS ,0,"Gia cao, tan suat mua cao, chiem 21.0% doanh thu"
21363,HOME SMALL WOOD LETTERS,0,"Gia cao, tan suat mua cao, chiem 21.0% doanh thu"
21364,PEACE SMALL WOOD LETTERS,1,"Gia cao, tan suat mua thap, chiem 1.1% doanh thu"
21365,MIRRORED WALL ART STARS,2,"Gia thap, tan suat mua trung binh, chiem 6.1% doanh thu"
21366,MIRRORED WALL ART PHOTO FRAMES,3,"Gia trung binh, tan suat mua trung binh, chiem 0.6% doanh thu"
21367,MIRRORED WALL ART GENTS,2,"Gia thap, tan suat mua trung binh, chiem 6.1% doanh thu"
21368,MIRRORED WALL ART LADIES,2,"Gia thap, tan suat mua trung binh, chiem 6.1% doanh thu"
21369,MIRRORED WALL ART SPLODGES,1,"Gia cao, tan suat mua thap, chiem 1.1% doanh thu"
21370,MIRRORED WALL ART FOXY,1,"Gia cao, tan suat mua thap, chiem 1.1% doanh thu"
21371,MIRRORED WALL ART POPPIES,2,"Gia thap, tan suat mua trung binh, chiem 6.1% doanh thu"
21372,MIRRORED WALL ART TABLE LAMP,1,"Gia cao, tan suat mua thap, chiem 1.1% doanh thu"
21373,MIRRORED WALL ART SNOWFLAKES,2,"Gia thap, tan suat mua trung binh, chiem 6.1% doanh thu"
21374,MIRRORED WALL ART SKULLS,2,"Gia thap, tan suat mua trung binh, chiem 6.1% doanh thu"
21375,LARGE CAMPHOR WOOD FIELD MUSHROOM ,1,"Gia cao, tan suat mua thap, chiem 1.1% doanh thu"
21376,LARGE  TALL CAMPHOR WOOD TOADSTOOL ,1,"Gia cao, tan suat mua thap, chiem 1.1% doanh thu"
21377,SMALL CAMPHOR WOOD FIELD  MUSHROOM,1,"Gia cao, tan suat mua thap, chiem 1.1% doanh thu"
21378,SMALL TALL CAMPHOR WOOD TOADSTOOL,1,"Gia cao, tan suat mua thap, chiem 1.1% doanh thu"
21379,CAMPHOR WOOD PORTOBELLO MUSHROOM,2,"Gia thap, tan suat mua trung binh, chiem 6.1% doanh thu"
21380,WOODEN HAPPY BIRTHDAY GARLAND,4,"Gia trung binh, tan suat mua cao, chiem 71.1% doanh thu"
21381,MINI WOODEN HAPPY BIRTHDAY GARLAND,4,"Gia trung binh, tan suat mua cao, chiem 71.1% doanh thu"
21382,SET/4 SPRING FLOWER DECORATION,2,"Gia thap, tan suat mua trung binh, chiem 6.1% doanh thu"
21383,PACK OF 12 STICKY BUNNIES,2,"Gia thap, tan suat mua trung binh, chiem 6.1% doanh thu"
21385,IVORY HANGING DECORATION  HEART,4,"Gia trung binh, tan suat mua cao, chiem 71.1% doanh thu"
21386,IVORY HANGING DECORATION  EGG,2,"Gia thap, tan suat mua trung binh, chiem 6.1% doanh thu"
21389,IVORY HANGING DECORATION  BIRD,2,"Gia thap, tan suat mua trung binh, chiem 6.1% doanh thu"
21390,FILIGRIS HEART WITH BUTTERFLY,4,"Gia trung binh, tan suat mua cao, chiem 71.1% doanh thu"
21391,FRENCH LAVENDER SCENT HEART,2,"Gia thap, tan suat mua trung binh, chiem 6.1% doanh thu"
21392,RED POLKADOT PUDDING BOWL,1,"Gia cao, tan suat mua thap, chiem 1.1% doanh thu"
21393,BLUE POLKADOT PUDDING BOWL,1,"Gia cao, tan suat mua thap, chiem 1.1% doanh thu"
21394,RED POLKADOT BEAKER ,4,"Gia trung binh, tan suat mua cao, chiem 71.1% doanh thu"
21395,BLUE POLKADOT BEAKER ,2,"Gia thap, tan suat mua trung binh, chiem 6.1% doanh thu"
21397,BLUE POLKADOT EGG CUP ,2,"Gia thap, tan suat mua trung binh, chiem 6.1% doanh thu"
21398,RED POLKADOT COFFEE  MUG,2,"Gia thap, tan suat mua trung binh, chiem 6.1% doanh thu"
21399,BLUE POLKADOT COFFEE MUG,2,"Gia thap, tan suat mua trung binh, chiem 6.1% doanh thu"
21400,RED PUDDING SPOON,2,"Gia thap, tan suat mua trung binh, chiem 6.1% doanh thu"
21401,BLUE PUDDING SPOON,2,"Gia thap, tan suat mua trung binh, chiem 6.1% doanh thu"
21402,RED  EGG  SPOON,2,"Gia thap, tan suat mua trung binh, chiem 6.1% doanh thu"
21403,BLUE EGG  SPOON,2,"Gia thap, tan suat mua trung binh, chiem 6.1% doanh thu"
21407,BROWN CHECK CAT DOORSTOP ,0,"Gia cao, tan suat mua cao, chiem 21.0% doanh thu"
21408,SPOTTY PINK DUCK DOORSTOP,0,"Gia cao, tan suat mua cao, chiem 21.0% doanh thu"
21411,GINGHAM HEART  DOORSTOP RED,0,"Gia cao, tan suat mua cao, chiem 21.0% doanh thu"
21413,PERIWINKLE T-LIGHT HOLDER,1,"Gia cao, tan suat mua thap, chiem 1.1% doanh thu"
21415,CLAM SHELL SMALL ,2,"Gia thap, tan suat mua trung binh, chiem 6.1% doanh thu"
21417,COCKLE SHELL DISH,2,"Gia thap, tan suat mua trung binh, chiem 6.1% doanh thu"
21418,STARFISH SOAP DISH,1,"Gia cao, tan suat mua thap, chiem 1.1% doanh thu"
21420,OYSTER TRINKET BOX,1,"Gia cao, tan suat mua thap, chiem 1.1% doanh thu"
21421,PORCELAIN ROSE LARGE ,2,"Gia thap, tan suat mua trung binh, chiem 6.1% doanh thu"
21422,PORCELAIN ROSE SMALL,2,"Gia thap, tan suat mua trung binh, chiem 6.1% doanh thu"
21424,WOODLAND STORAGE BOX LARGE ,0,"Gia cao, tan suat mua cao, chiem 21.0% doanh thu"
21425,SKULLS STORAGE BOX LARGE,1,"Gia cao, tan suat mua thap, chiem 1.1% doanh thu"
21426,WOODLAND STORAGE BOX SMALL,2,"Gia thap, tan suat mua trung binh, chiem 6.1% doanh thu"
21427,SKULLS STORAGE BOX SMALL,1,"Gia cao, tan suat mua thap, chiem 1.1% doanh thu"
21428,SET3 BOOK BOX GREEN GINGHAM FLOWER ,0,"Gia cao, tan suat mua cao, chiem 21.0% doanh thu"
21429,RED GINGHAM ROSE JEWELLERY BOX,4,"Gia trung binh, tan suat mua cao, chiem 71.1% doanh thu"
21430,SET/3 RED GINGHAM ROSE STORAGE BOX,4,"Gia trung binh, tan suat mua cao, chiem 71.1% doanh thu"
21439,BASKET OF TOADSTOOLS,4,"Gia trung binh, tan suat mua cao, chiem 71.1% doanh thu"
21441,BLUE BIRDHOUSE DECORATION,2,"Gia thap, tan suat mua trung binh, chiem 6.1% doanh thu"
21442,GREEN BIRDHOUSE DECORATION,2,"Gia thap, tan suat mua trung binh, chiem 6.1% doanh thu"
21445,12 PINK ROSE PEG PLACE SETTINGS,2,"Gia thap, tan suat mua trung binh, chiem 6.1% doanh thu"
21446,12 RED ROSE PEG PLACE SETTINGS,2,"Gia thap, tan suat mua trung binh, chiem 6.1% doanh thu"
21447,12 IVORY ROSE PEG PLACE SETTINGS,2,"Gia thap, tan suat mua trung binh, chiem 6.1% doanh thu"
21448,12 DAISY PEGS IN WOOD BOX,2,"Gia thap, tan suat mua trung binh, chiem 6.1% doanh thu"
21452,TOADSTOOL MONEY BOX,0,"Gia cao, tan suat mua cao, chiem 21.0% doanh thu"
21454,PAINTED PINK RABBIT ,2,"Gia thap, tan suat mua trung binh, chiem 6.1% doanh thu"
21455,PAINTED YELLOW WOODEN DAISY,2,"Gia thap, tan suat mua trung binh, chiem 6.1% doanh thu"
21456,2 PICTURE BOOK EGGS EASTER CHICKS,2,"Gia thap, tan suat mua trung binh, chiem 6.1% doanh thu"
21457,2 PICTURE BOOK EGGS EASTER DUCKS,1,"Gia cao, tan suat mua thap, chiem 1.1% doanh thu"
21458,2 PICTURE BOOK EGGS EASTER BUNNY,2,"Gia thap, tan suat mua trung binh, chiem 6.1% doanh thu"
21459,YELLOW EASTER EGG HUNT START POST,1,"Gia cao, tan suat mua thap, chiem 1.1% doanh thu"
21460,GREEN EASTER EGG HUNT START POST,1,"Gia cao, tan suat mua thap, chiem 1.1% doanh thu"
21461,BLUE EASTER EGG HUNT START POST,1,"Gia cao, tan suat mua thap, chiem 1.1% doanh thu"
21462,"NURSERY A,B,C PAINTED LETTERS",0,"Gia cao, tan suat mua cao, chiem 21.0% doanh thu"
21463,MIRRORED DISCO BALL ,0,"Gia cao, tan suat mua cao, chiem 21.0% doanh thu"
21464,DISCO BALL ROTATOR BATTERY OPERATED,0,"Gia cao, tan suat mua cao, chiem 21.0% doanh thu"
21465,PINK FLOWER CROCHET FOOD COVER,0,"Gia cao, tan suat mua cao, chiem 21.0% doanh thu"
21466,RED FLOWER CROCHET FOOD COVER,0,"Gia cao, tan suat mua cao, chiem 21.0% doanh thu"
21467,CHERRY CROCHET FOOD COVER,0,"Gia cao, tan suat mua cao, chiem 21.0% doanh thu"
21468,BUTTERFLY CROCHET FOOD COVER,0,"Gia cao, tan suat mua cao, chiem 21.0% doanh thu"
21469,POLKA DOT RAFFIA FOOD COVER,0,"Gia cao, tan suat mua cao, chiem 21.0% doanh thu"
21470,FLOWER VINE RAFFIA FOOD COVER,0,"Gia cao, tan suat mua cao, chiem 21.0% doanh thu"
21471,STRAWBERRY RAFFIA FOOD COVER,0,"Gia cao, tan suat mua cao, chiem 21.0% doanh thu"
21472,LADYBIRD + BEE RAFFIA FOOD COVER,0,"Gia cao, tan suat mua cao, chiem 21.0% doanh thu"
21473,SWEETHEART CREAM STEEL TABLE RECT,1,"Gia cao, tan suat mua thap, chiem 1.1% doanh thu"
21476,STEEL SWEETHEART ROUND TABLE CREAM,1,"Gia cao, tan suat mua thap, chiem 1.1% doanh thu"
21479,WHITE SKULL HOT WATER BOTTLE ,4,"Gia trung binh, tan suat mua cao, chiem 71.1% doanh thu"
21481,FAWN BLUE HOT WATER BOTTLE,4,"Gia trung binh, tan suat mua cao, chiem 71.1% doanh thu"
21484,CHICK GREY HOT WATER BOTTLE,0,"Gia cao, tan suat mua cao, chiem 21.0% doanh thu"
21485,RETROSPOT HEART HOT WATER BOTTLE,4,"Gia trung binh, tan suat mua cao, chiem 71.1% doanh thu"
21486,PINK HEART DOTS HOT WATER BOTTLE,1,"Gia cao, tan suat mua thap, chiem 1.1% doanh thu"
21488,RED WHITE SCARF  HOT WATER BOTTLE,3,"Gia trung binh, tan suat mua trung binh, chiem 0.6% doanh thu"
21494,ROTATING LEAVES T-LIGHT HOLDER,4,"Gia trung binh, tan suat mua cao, chiem 71.1% doanh thu"
21495,SKULLS AND CROSSBONES WRAP,4,"Gia trung binh, tan suat mua cao, chiem 71.1% doanh thu"
21497,FANCY FONTS BIRTHDAY WRAP,4,"Gia trung binh, tan suat mua cao, chiem 71.1% doanh thu"
21498,RED RETROSPOT WRAP ,4,"Gia trung binh, tan suat mua cao, chiem 71.1% doanh thu"
21499,BLUE POLKADOT WRAP,4,"Gia trung binh, tan suat mua cao, chiem 71.1% doanh thu"
21500,PINK POLKADOT WRAP ,4,"Gia trung binh, tan suat mua cao, chiem 71.1% doanh thu"
21503,TOYBOX  WRAP ,2,"Gia thap, tan suat mua trung binh, chiem 6.1% doanh thu"
21504,SKULLS GREETING CARD,2,"Gia thap, tan suat mua trung binh, chiem 6.1% doanh thu"
21506,"FANCY FONT BIRTHDAY CARD, ",4,"Gia trung binh, tan suat mua cao, chiem 71.1% doanh thu"
21507,"ELEPHANT, BIRTHDAY CARD, ",4,"Gia trung binh, tan suat mua cao, chiem 71.1% doanh thu"
21508,VINTAGE KID DOLLY CARD ,4,"Gia trung binh, tan suat mua cao, chiem 71.1% doanh thu"
21509,COWBOYS AND INDIANS BIRTHDAY CARD ,4,"Gia trung binh, tan suat mua cao, chiem 71.1% doanh thu"
21518,BANK ACCOUNT  GREETING  CARD ,2,"Gia thap, tan suat mua trung binh, chiem 6.1% doanh thu"
21519,GIN & TONIC DIET GREETING CARD ,4,"Gia trung binh, tan suat mua cao, chiem 71.1% doanh thu"
21520,BOOZE & WOMEN GREETING CARD ,2,"Gia thap, tan suat mua trung binh, chiem 6.1% doanh thu"
21523,DOORMAT FANCY FONT HOME SWEET HOME,4,"Gia trung binh, tan suat mua cao, chiem 71.1% doanh thu"
21524,DOORMAT SPOTTY HOME SWEET HOME,0,"Gia cao, tan suat mua cao, chiem 21.0% doanh thu"
21527,RED RETROSPOT TRADITIONAL TEAPOT ,0,"Gia cao, tan suat mua cao, chiem 21.0% doanh thu"
21528,DAIRY MAID TRADITIONAL TEAPOT ,0,"Gia cao, tan suat mua cao, chiem 21.0% doanh thu"
21530,DAIRY MAID TOASTRACK,2,"Gia thap, tan suat mua trung binh, chiem 6.1% doanh thu"
21531,RED RETROSPOT SUGAR JAM BOWL,4,"Gia trung binh, tan suat mua cao, chiem 71.1% doanh thu"
21533,RETROSPOT LARGE MILK JUG,0,"Gia cao, tan suat mua cao, chiem 21.0% doanh thu"
21534,DAIRY MAID LARGE MILK JUG,0,"Gia cao, tan suat mua cao, chiem 21.0% doanh thu"
21535,RED RETROSPOT SMALL MILK JUG,4,"Gia trung binh, tan suat mua cao, chiem 71.1% doanh thu"
21537,RED RETROSPOT PUDDING BOWL,0,"Gia cao, tan suat mua cao, chiem 21.0% doanh thu"
21539,RED RETROSPOT BUTTER DISH,0,"Gia cao, tan suat mua cao, chiem 21.0% doanh thu"
21544,SKULLS  WATER TRANSFER TATTOOS ,4,"Gia trung binh, tan suat mua cao, chiem 71.1% doanh thu"
21547,CERAMIC BIRDHOUSE CRESTED TIT SMALL,1,"Gia cao, tan suat mua thap, chiem 1.1% doanh thu"
21555,CERAMIC STRAWBERRY TRINKET TRAY,3,"Gia trung binh, tan suat mua trung binh, chiem 0.6% doanh thu"
21556,CERAMIC STRAWBERRY MONEY BOX,4,"Gia trung binh, tan suat mua cao, chiem 71.1% doanh thu"
21557,SET OF 6 FUNKY BEAKERS,0,"Gia cao, tan suat mua cao, chiem 21.0% doanh thu"
21558,SKULL LUNCH BOX WITH CUTLERY ,4,"Gia trung binh, tan suat mua cao, chiem 71.1% doanh thu"
21559,STRAWBERRY LUNCH BOX WITH CUTLERY,4,"Gia trung binh, tan suat mua cao, chiem 71.1% doanh thu"
21561,DINOSAUR LUNCH BOX WITH CUTLERY,4,"Gia trung binh, tan suat mua cao, chiem 71.1% doanh thu"
21562,HAWAIIAN GRASS SKIRT ,2,"Gia thap, tan suat mua trung binh, chiem 6.1% doanh thu"
21563,RED HEART SHAPE LOVE BUCKET ,4,"Gia trung binh, tan suat mua cao, chiem 71.1% doanh thu"
21564,PINK  HEART SHAPE LOVE BUCKET ,4,"Gia trung binh, tan suat mua cao, chiem 71.1% doanh thu"
21576,LETS GO SHOPPING COTTON TOTE BAG,0,"Gia cao, tan suat mua cao, chiem 21.0% doanh thu"
21577,SAVE THE PLANET COTTON TOTE BAG,0,"Gia cao, tan suat mua cao, chiem 21.0% doanh thu"
21578,WOODLAND DESIGN  COTTON TOTE BAG,0,"Gia cao, tan suat mua cao, chiem 21.0% doanh thu"
21579,LOLITA  DESIGN  COTTON TOTE BAG,0,"Gia cao, tan suat mua cao, chiem 21.0% doanh thu"
21580,RABBIT  DESIGN  COTTON TOTE BAG,0,"Gia cao, tan suat mua cao, chiem 21.0% doanh thu"
21581,SKULLS  DESIGN  COTTON TOTE BAG,0,"Gia cao, tan suat mua cao, chiem 21.0% doanh thu"
21584,RETROSPOT SMALL TUBE MATCHES,4,"Gia trung binh, tan suat mua cao, chiem 71.1% doanh thu"
21586,KINGS CHOICE GIANT TUBE MATCHES,2,"Gia thap, tan suat mua trung binh, chiem 6.1% doanh thu"
21587,COSY HOUR GIANT TUBE MATCHES,2,"Gia thap, tan suat mua trung binh, chiem 6.1% doanh thu"
21588,RETROSPOT GIANT TUBE MATCHES,4,"Gia trung binh, tan suat mua cao, chiem 71.1% doanh thu"
21591,COSY HOUR CIGAR BOX MATCHES ,4,"Gia trung binh, tan suat mua cao, chiem 71.1% doanh thu"
21592,RETROSPOT CIGAR BOX MATCHES ,4,"Gia trung binh, tan suat mua cao, chiem 71.1% doanh thu"
21609,SET 12 LAVENDER  BOTANICAL T-LIGHTS,2,"Gia thap, tan suat mua trung binh, chiem 6.1% doanh thu"
21613,S/12 VANILLA  BOTANICAL T-LIGHTS,2,"Gia thap, tan suat mua trung binh, chiem 6.1% doanh thu"
21614,SET OF 12 ROSE BOTANICAL T-LIGHTS,1,"Gia cao, tan suat mua thap, chiem 1.1% doanh thu"
21615,4 LAVENDER BOTANICAL DINNER CANDLES,2,"Gia thap, tan suat mua trung binh, chiem 6.1% doanh thu"
21616,4 PEAR BOTANICAL DINNER CANDLES,2,"Gia thap, tan suat mua trung binh, chiem 6.1% doanh thu"
21617,4 LILY  BOTANICAL DINNER CANDLES,0,"Gia cao, tan suat mua cao, chiem 21.0% doanh thu"
21618,4 WILDFLOWER BOTANICAL CANDLES,0,"Gia cao, tan suat mua cao, chiem 21.0% doanh thu"
21619,4 VANILLA BOTANICAL CANDLES,4,"Gia trung binh, tan suat mua cao, chiem 71.1% doanh thu"
21620,SET OF 4 ROSE BOTANICAL CANDLES,0,"Gia cao, tan suat mua cao, chiem 21.0% doanh thu"
21621,VINTAGE UNION JACK BUNTING,4,"Gia trung binh, tan suat mua cao, chiem 71.1% doanh thu"
21622,VINTAGE UNION JACK CUSHION COVER,0,"Gia cao, tan suat mua cao, chiem 21.0% doanh thu"
21623,VINTAGE UNION JACK MEMOBOARD,4,"Gia trung binh, tan suat mua cao, chiem 71.1% doanh thu"
21624,VINTAGE UNION JACK DOORSTOP,0,"Gia cao, tan suat mua cao, chiem 21.0% doanh thu"
21625,VINTAGE UNION JACK APRON,0,"Gia cao, tan suat mua cao, chiem 21.0% doanh thu"
21626,VINTAGE UNION JACK PENNANT,2,"Gia thap, tan suat mua trung binh, chiem 6.1% doanh thu"
21627,ELEPHANT CARNIVAL POUFFE,0,"Gia cao, tan suat mua cao, chiem 21.0% doanh thu"
21628,TRIANGULAR POUFFE VINTAGE ,0,"Gia cao, tan suat mua cao, chiem 21.0% doanh thu"
21629,SQUARE FLOOR CUSHION VINTAGE RED,0,"Gia cao, tan suat mua cao, chiem 21.0% doanh thu"
21630,FLOOR CUSHION ELEPHANT CARNIVAL,0,"Gia cao, tan suat mua cao, chiem 21.0% doanh thu"
21631,HIPPY CHIC DECORATIVE PARASOL,0,"Gia cao, tan suat mua cao, chiem 21.0% doanh thu"
21632,VINTAGE PINK DECORATIVE PARASOL,3,"Gia trung binh, tan suat mua trung binh, chiem 0.6% doanh thu"
21633,SUNFLOWER DECORATIVE PARASOL,0,"Gia cao, tan suat mua cao, chiem 21.0% doanh thu"
21634,ASSORTED MINI MADRAS NOTEBOOK,2,"Gia thap, tan suat mua trung binh, chiem 6.1% doanh thu"
21635,MADRAS NOTEBOOK LARGE ,2,"Gia thap, tan suat mua trung binh, chiem 6.1% doanh thu"
21636,MADRAS NOTEBOOK MEDIUM,2,"Gia thap, tan suat mua trung binh, chiem 6.1% doanh thu"
21637,ASSORTED SANSKRIT MINI NOTEBOOK,2,"Gia thap, tan suat mua trung binh, chiem 6.1% doanh thu"
21638,ASSORTED TUTTI FRUTTI NOTEBOOK,2,"Gia thap, tan suat mua trung binh, chiem 6.1% doanh thu"
21640,ASSORTED TUTTI FRUTTI  FOB NOTEBOOK,2,"Gia thap, tan suat mua trung binh, chiem 6.1% doanh thu"
21641,ASSORTED TUTTI FRUTTI KEYRING BALL,2,"Gia thap, tan suat mua trung binh, chiem 6.1% doanh thu"
21642,ASSORTED TUTTI FRUTTI PEN,2,"Gia thap, tan suat mua trung binh, chiem 6.1% doanh thu"
21643,ASSORTED TUTTI FRUTTI MIRROR,2,"Gia thap, tan suat mua trung binh, chiem 6.1% doanh thu"
21644,ASSORTED TUTTI FRUTTI HEART BOX,2,"Gia thap, tan suat mua trung binh, chiem 6.1% doanh thu"
21647,ASSORTED TUTTI FRUTTI LARGE PURSE,1,"Gia cao, tan suat mua thap, chiem 1.1% doanh thu"
21648,ASSORTED TUTTI FRUTTI SMALL PURSE,2,"Gia thap, tan suat mua trung binh, chiem 6.1% doanh thu"
21650,ASSORTED TUTTI FRUTTI BRACELET,2,"Gia thap, tan suat mua trung binh, chiem 6.1% doanh thu"
21651,HANGING GLASS ETCHED TEALIGHT,2,"Gia thap, tan suat mua trung binh, chiem 6.1% doanh thu"
21654,RIDGED GLASS FINGER BOWL,2,"Gia thap, tan suat mua trung binh, chiem 6.1% doanh thu"
21656,RIDGED GLASS POSY VASE ,2,"Gia thap, tan suat mua trung binh, chiem 6.1% doanh thu"
21657,MILK BOTTLE WITH GLASS STOPPER ,1,"Gia cao, tan suat mua thap, chiem 1.1% doanh thu"
21658,GLASS  BEURRE DISH,0,"Gia cao, tan suat mua cao, chiem 21.0% doanh thu"
21662,VINTAGE GLASS COFFEE CADDY,0,"Gia cao, tan suat mua cao, chiem 21.0% doanh thu"
21664,RIDGED GLASS STORAGE JAR CREAM LID,1,"Gia cao, tan suat mua thap, chiem 1.1% doanh thu"
21666,RIDGED GLASS T-LIGHT HOLDER,2,"Gia thap, tan suat mua trung binh, chiem 6.1% doanh thu"
21668,RED STRIPE CERAMIC DRAWER KNOB,4,"Gia trung binh, tan suat mua cao, chiem 71.1% doanh thu"
21669,BLUE STRIPE CERAMIC DRAWER KNOB,4,"Gia trung binh, tan suat mua cao, chiem 71.1% doanh thu"
21670,BLUE SPOT CERAMIC DRAWER KNOB,4,"Gia trung binh, tan suat mua cao, chiem 71.1% doanh thu"
21671,RED SPOT CERAMIC DRAWER KNOB,4,"Gia trung binh, tan suat mua cao, chiem 71.1% doanh thu"
21672,WHITE SPOT RED CERAMIC DRAWER KNOB,4,"Gia trung binh, tan suat mua cao, chiem 71.1% doanh thu"
21673,WHITE SPOT BLUE CERAMIC DRAWER KNOB,4,"Gia trung binh, tan suat mua cao, chiem 71.1% doanh thu"
21675,BUTTERFLIES STICKERS,2,"Gia thap, tan suat mua trung binh, chiem 6.1% doanh thu"
21676,FLOWERS  STICKERS,2,"Gia thap, tan suat mua trung binh, chiem 6.1% doanh thu"
21677,HEARTS  STICKERS,2,"Gia thap, tan suat mua trung binh, chiem 6.1% doanh thu"
21678,PAISLEY PATTERN  STICKERS,1,"Gia cao, tan suat mua thap, chiem 1.1% doanh thu"
21679,SKULLS  STICKERS,2,"Gia thap, tan suat mua trung binh, chiem 6.1% doanh thu"
21680,WOODLAND  STICKERS,2,"Gia thap, tan suat mua trung binh, chiem 6.1% doanh thu"
21682,LARGE MEDINA STAMPED METAL BOWL ,0,"Gia cao, tan suat mua cao, chiem 21.0% doanh thu"
21683,MEDIUM MEDINA STAMPED METAL BOWL ,0,"Gia cao, tan suat mua cao, chiem 21.0% doanh thu"
21684,SMALL MEDINA STAMPED METAL BOWL ,2,"Gia thap, tan suat mua trung binh, chiem 6.1% doanh thu"
21686,MEDINA STAMPED METAL STOOL,0,"Gia cao, tan suat mua cao, chiem 21.0% doanh thu"
21688,SILVER PLATE CANDLE BOWL SMALL,0,"Gia cao, tan suat mua cao, chiem 21.0% doanh thu"
21689,SILVER VANILLA  FLOWER CANDLE POT,1,"Gia cao, tan suat mua thap, chiem 1.1% doanh thu"
21690,SILVER  CANDLEPOT JARDIN ,1,"Gia cao, tan suat mua thap, chiem 1.1% doanh thu"
21692,SILVER LATTICE VANILLA CANDLE POT,1,"Gia cao, tan suat mua thap, chiem 1.1% doanh thu"
21693,SMALL HAMMERED SILVER CANDLEPOT ,0,"Gia cao, tan suat mua cao, chiem 21.0% doanh thu"
21694,SMALL REGAL  SILVER CANDLEPOT ,2,"Gia thap, tan suat mua trung binh, chiem 6.1% doanh thu"
21695,SMALL SILVER FLOWER CANDLE POT,2,"Gia thap, tan suat mua trung binh, chiem 6.1% doanh thu"
21696,SMALL SILVER TRELLIS CANDLEPOT,2,"Gia thap, tan suat mua trung binh, chiem 6.1% doanh thu"
21698,MOCK LOBSTER FRIDGE MAGNET,2,"Gia thap, tan suat mua trung binh, chiem 6.1% doanh thu"
21700,BIG DOUGHNUT FRIDGE MAGNETS,4,"Gia trung binh, tan suat mua cao, chiem 71.1% doanh thu"
21703,BAG 125g SWIRLY MARBLES,4,"Gia trung binh, tan suat mua cao, chiem 71.1% doanh thu"
21704,BAG 250g SWIRLY MARBLES,4,"Gia trung binh, tan suat mua cao, chiem 71.1% doanh thu"
21705,BAG 500g SWIRLY MARBLES,4,"Gia trung binh, tan suat mua cao, chiem 71.1% doanh thu"
21706,FOLDING UMBRELLA RED/WHITE POLKADOT,0,"Gia cao, tan suat mua cao, chiem 21.0% doanh thu"
21707,FOLDING UMBRELLA BLACKBLUE POLKADOT,0,"Gia cao, tan suat mua cao, chiem 21.0% doanh thu"
21708,FOLDING UMBRELLA CREAM POLKADOT,0,"Gia cao, tan suat mua cao, chiem 21.0% doanh thu"
21709,FOLDING UMBRELLA CHOCOLATE POLKADOT,0,"Gia cao, tan suat mua cao, chiem 21.0% doanh thu"
21710,FOLDING UMBRELLA PINKWHITE POLKADOT,0,"Gia cao, tan suat mua cao, chiem 21.0% doanh thu"
21711,FOLDING UMBRELLA WHITE/RED POLKADOT,0,"Gia cao, tan suat mua cao, chiem 21.0% doanh thu"
21713,CITRONELLA CANDLE FLOWERPOT,0,"Gia cao, tan suat mua cao, chiem 21.0% doanh thu"
21714,CITRONELLA CANDLE GARDEN POT,4,"Gia trung binh, tan suat mua cao, chiem 71.1% doanh thu"
21715,GIRLS VINTAGE TIN SEASIDE BUCKET,4,"Gia trung binh, tan suat mua cao, chiem 71.1% doanh thu"
21716,BOYS VINTAGE TIN SEASIDE BUCKET,4,"Gia trung binh, tan suat mua cao, chiem 71.1% doanh thu"
21717,EASTER TIN BUCKET,2,"Gia thap, tan suat mua trung binh, chiem 6.1% doanh thu"
21718,RED METAL BEACH SPADE ,4,"Gia trung binh, tan suat mua cao, chiem 71.1% doanh thu"
21719,LOVELY BONBON STICKER SHEET,2,"Gia thap, tan suat mua trung binh, chiem 6.1% doanh thu"
21720,CAKE SHOP  STICKER SHEET,1,"Gia cao, tan suat mua thap, chiem 1.1% doanh thu"
21721,CANDY SHOP  STICKER SHEET,2,"Gia thap, tan suat mua trung binh, chiem 6.1% doanh thu"
21722,SWEET PUDDING STICKER SHEET,3,"Gia trung binh, tan suat mua trung binh, chiem 0.6% doanh thu"
21723,ALPHABET HEARTS STICKER SHEET,2,"Gia thap, tan suat mua trung binh, chiem 6.1% doanh thu"
21724,PANDA AND BUNNIES STICKER SHEET,2,"Gia thap, tan suat mua trung binh, chiem 6.1% doanh thu"
21725,SWEETIES  STICKERS,2,"Gia thap, tan suat mua trung binh, chiem 6.1% doanh thu"
21726,MULTI HEARTS  STICKERS,2,"Gia thap, tan suat mua trung binh, chiem 6.1% doanh thu"
21730,GLASS STAR FROSTED T-LIGHT HOLDER,0,"Gia cao, tan suat mua cao, chiem 21.0% doanh thu"
21731,RED TOADSTOOL LED NIGHT LIGHT,4,"Gia trung binh, tan suat mua cao, chiem 71.1% doanh thu"
21733,RED HANGING HEART T-LIGHT HOLDER,4,"Gia trung binh, tan suat mua cao, chiem 71.1% doanh thu"
21735,TWO DOOR CURIO CABINET,0,"Gia cao, tan suat mua cao, chiem 21.0% doanh thu"
21736,GOLD SCROLL GLASS T-LIGHT HOLDER,2,"Gia thap, tan suat mua trung binh, chiem 6.1% doanh thu"
21738,COSY SLIPPER SHOES SMALL  RED ,1,"Gia cao, tan suat mua thap, chiem 1.1% doanh thu"
21739,COSY SLIPPER SHOES SMALL GREEN,0,"Gia cao, tan suat mua cao, chiem 21.0% doanh thu"
21741,COSY SLIPPER SHOES LARGE GREEN,0,"Gia cao, tan suat mua cao, chiem 21.0% doanh thu"
21742,LARGE ROUND WICKER PLATTER ,0,"Gia cao, tan suat mua cao, chiem 21.0% doanh thu"
21743,STAR PORTABLE TABLE LIGHT ,2,"Gia thap, tan suat mua trung binh, chiem 6.1% doanh thu"
21744,SNOWFLAKE PORTABLE TABLE LIGHT ,0,"Gia cao, tan suat mua cao, chiem 21.0% doanh thu"
21745,GAOLERS KEYS DECORATIVE GARDEN ,0,"Gia cao, tan suat mua cao, chiem 21.0% doanh thu"
21746,SMALL RED RETROSPOT WINDMILL,4,"Gia trung binh, tan suat mua cao, chiem 71.1% doanh thu"
21747,SMALL SKULL WINDMILL,2,"Gia thap, tan suat mua trung binh, chiem 6.1% doanh thu"
21749,LARGE RED RETROSPOT WINDMILL,4,"Gia trung binh, tan suat mua cao, chiem 71.1% doanh thu"
21750,LARGE SKULL WINDMILL,1,"Gia cao, tan suat mua thap, chiem 1.1% doanh thu"
21754,HOME BUILDING BLOCK WORD,0,"Gia cao, tan suat mua cao, chiem 21.0% doanh thu"
21755,LOVE BUILDING BLOCK WORD,0,"Gia cao, tan suat mua cao, chiem 21.0% doanh thu"
21756,BATH BUILDING BLOCK WORD,0,"Gia cao, tan suat mua cao, chiem 21.0% doanh thu"
21758,VINTAGE SHELLS PRINT,1,"Gia cao, tan suat mua thap, chiem 1.1% doanh thu"
21761,WOOD AND GLASS MEDICINE CABINET,1,"Gia cao, tan suat mua thap, chiem 1.1% doanh thu"
21770,OPEN CLOSED METAL SIGN,4,"Gia trung binh, tan suat mua cao, chiem 71.1% doanh thu"
21773,DECORATIVE ROSE BATHROOM BOTTLE,2,"Gia thap, tan suat mua trung binh, chiem 6.1% doanh thu"
21774,DECORATIVE CATS BATHROOM BOTTLE,2,"Gia thap, tan suat mua trung binh, chiem 6.1% doanh thu"
21775,DECORATIVE FLORE BATHROOM BOTTLE,0,"Gia cao, tan suat mua cao, chiem 21.0% doanh thu"
21777,RECIPE BOX WITH METAL HEART,1,"Gia cao, tan suat mua thap, chiem 1.1% doanh thu"
21781,MA CAMPAGNE CUTLERY BOX,0,"Gia cao, tan suat mua cao, chiem 21.0% doanh thu"
21784,SHOE SHINE BOX ,0,"Gia cao, tan suat mua cao, chiem 21.0% doanh thu"
21785,RAIN PONCHO ,2,"Gia thap, tan suat mua trung binh, chiem 6.1% doanh thu"
21786,POLKADOT RAIN HAT ,4,"Gia trung binh, tan suat mua cao, chiem 71.1% doanh thu"
21787,RAIN PONCHO RETROSPOT,4,"Gia trung binh, tan suat mua cao, chiem 71.1% doanh thu"
21788,KIDS RAIN MAC BLUE,2,"Gia thap, tan suat mua trung binh, chiem 6.1% doanh thu"
21789,KIDS RAIN MAC PINK,2,"Gia thap, tan suat mua trung binh, chiem 6.1% doanh thu"
21790,VINTAGE SNAP CARDS,4,"Gia trung binh, tan suat mua cao, chiem 71.1% doanh thu"
21791,VINTAGE HEADS AND TAILS CARD GAME ,4,"Gia trung binh, tan suat mua cao, chiem 71.1% doanh thu"
21792,CLASSIC FRENCH STYLE BASKET GREEN ,0,"Gia cao, tan suat mua cao, chiem 21.0% doanh thu"
21793,CLASSIC FRENCH STYLE BASKET BROWN,0,"Gia cao, tan suat mua cao, chiem 21.0% doanh thu"
21794,CLASSIC FRENCH STYLE BASKET NATURAL,0,"Gia cao, tan suat mua cao, chiem 21.0% doanh thu"
21801,CHRISTMAS TREE DECORATION WITH BELL,2,"Gia thap, tan suat mua trung binh, chiem 6.1% doanh thu"
21802,CHRISTMAS TREE HEART DECORATION,2,"Gia thap, tan suat mua trung binh, chiem 6.1% doanh thu"
21803,CHRISTMAS TREE STAR DECORATION,4,"Gia trung binh, tan suat mua cao, chiem 71.1% doanh thu"
21804,WHITE CHRISTMAS GARLAND STARS TREES,0,"Gia cao, tan suat mua cao, chiem 21.0% doanh thu"
21807,WHITE CHRISTMAS STAR DECORATION,2,"Gia thap, tan suat mua trung binh, chiem 6.1% doanh thu"
21808,"CHRISTMAS GARLAND STARS,TREES",0,"Gia cao, tan suat mua cao, chiem 21.0% doanh thu"
21809,CHRISTMAS HANGING TREE WITH BELL,4,"Gia trung binh, tan suat mua cao, chiem 71.1% doanh thu"
21810,CHRISTMAS HANGING STAR WITH BELL,4,"Gia trung binh, tan suat mua cao, chiem 71.1% doanh thu"
21811,CHRISTMAS HANGING HEART WITH BELL,4,"Gia trung binh, tan suat mua cao, chiem 71.1% doanh thu"
21812,GARLAND WITH HEARTS AND BELLS,0,"Gia cao, tan suat mua cao, chiem 21.0% doanh thu"
21813,GARLAND WITH STARS AND BELLS,0,"Gia cao, tan suat mua cao, chiem 21.0% doanh thu"
21814,HEART T-LIGHT HOLDER ,1,"Gia cao, tan suat mua thap, chiem 1.1% doanh thu"
21815,STAR  T-LIGHT HOLDER ,2,"Gia thap, tan suat mua trung binh, chiem 6.1% doanh thu"
21816,CHRISTMAS TREE T-LIGHT HOLDER,1,"Gia cao, tan suat mua thap, chiem 1.1% doanh thu"
21817,GLITTER CHRISTMAS TREE,2,"Gia thap, tan suat mua trung binh, chiem 6.1% doanh thu"
21818,GLITTER CHRISTMAS HEART ,4,"Gia trung binh, tan suat mua cao, chiem 71.1% doanh thu"
21819,GLITTER CHRISTMAS STAR ,4,"Gia trung binh, tan suat mua cao, chiem 71.1% doanh thu"
21820,GLITTER HEART GARLAND WITH BELLS ,0,"Gia cao, tan suat mua cao, chiem 21.0% doanh thu"
21821,GLITTER STAR GARLAND WITH BELLS ,0,"Gia cao, tan suat mua cao, chiem 21.0% doanh thu"
21822,GLITTER CHRISTMAS TREE WITH BELLS,2,"Gia thap, tan suat mua trung binh, chiem 6.1% doanh thu"
21823,PAINTED METAL HEART WITH HOLLY BELL,2,"Gia thap, tan suat mua trung binh, chiem 6.1% doanh thu"
21824,PAINTED METAL STAR WITH HOLLY BELLS,2,"Gia thap, tan suat mua trung binh, chiem 6.1% doanh thu"
21826,EIGHT PIECE DINOSAUR SET,1,"Gia cao, tan suat mua thap, chiem 1.1% doanh thu"
21828,EIGHT PIECE SNAKE  SET,2,"Gia thap, tan suat mua trung binh, chiem 6.1% doanh thu"
21829,DINOSAUR KEYRINGS ASSORTED,4,"Gia trung binh, tan suat mua cao, chiem 71.1% doanh thu"
21830,ASSORTED CREEPY CRAWLIES,2,"Gia thap, tan suat mua trung binh, chiem 6.1% doanh thu"
21832,CHOCOLATE CALCULATOR,0,"Gia cao, tan suat mua cao, chiem 21.0% doanh thu"
21833,CAMOUFLAGE LED TORCH,4,"Gia trung binh, tan suat mua cao, chiem 71.1% doanh thu"
21841,BABY MOUSE RED GINGHAM DRESS,1,"Gia cao, tan suat mua thap, chiem 1.1% doanh thu"
21843,RED RETROSPOT CAKE STAND,0,"Gia cao, tan suat mua cao, chiem 21.0% doanh thu"
21844,RED RETROSPOT MUG,4,"Gia trung binh, tan suat mua cao, chiem 71.1% doanh thu"
21845,DAIRY MAID STRIPE MUG,2,"Gia thap, tan suat mua trung binh, chiem 6.1% doanh thu"
21846,PINK DIAMANTE PEN IN GIFT BOX,3,"Gia trung binh, tan suat mua trung binh, chiem 0.6% doanh thu"
21847,GREEN  DIAMANTE PEN IN GIFT BOX,3,"Gia trung binh, tan suat mua trung binh, chiem 0.6% doanh thu"
21849,SILVER DIAMANTE PEN IN GIFT BOX,3,"Gia trung binh, tan suat mua trung binh, chiem 0.6% doanh thu"
21850,BLUE  DIAMANTE PEN IN GIFT BOX,3,"Gia trung binh, tan suat mua trung binh, chiem 0.6% doanh thu"
21851,LILAC DIAMANTE PEN IN GIFT BOX,3,"Gia trung binh, tan suat mua trung binh, chiem 0.6% doanh thu"
21864,UNION JACK FLAG PASSPORT COVER ,0,"Gia cao, tan suat mua cao, chiem 21.0% doanh thu"
21865,PINK UNION JACK  PASSPORT COVER ,0,"Gia cao, tan suat mua cao, chiem 21.0% doanh thu"
21866,UNION JACK FLAG LUGGAGE TAG,0,"Gia cao, tan suat mua cao, chiem 21.0% doanh thu"
21867,PINK UNION JACK  LUGGAGE TAG,0,"Gia cao, tan suat mua cao, chiem 21.0% doanh thu"
21868,POTTING SHED TEA MUG,4,"Gia trung binh, tan suat mua cao, chiem 71.1% doanh thu"
21870,I CAN ONLY PLEASE ONE PERSON MUG,4,"Gia trung binh, tan suat mua cao, chiem 71.1% doanh thu"
21871,SAVE THE PLANET MUG,4,"Gia trung binh, tan suat mua cao, chiem 71.1% doanh thu"
21872,GLAMOROUS  MUG,4,"Gia trung binh, tan suat mua cao, chiem 71.1% doanh thu"
21873,IF YOU CAN'T STAND THE HEAT MUG,4,"Gia trung binh, tan suat mua cao, chiem 71.1% doanh thu"
21874,GIN AND TONIC MUG,4,"Gia trung binh, tan suat mua cao, chiem 71.1% doanh thu"
21875,KINGS CHOICE MUG,4,"Gia trung binh, tan suat mua cao, chiem 71.1% doanh thu"
21876,POTTERING MUG,4,"Gia trung binh, tan suat mua cao, chiem 71.1% doanh thu"
21877,HOME SWEET HOME MUG,4,"Gia trung binh, tan suat mua cao, chiem 71.1% doanh thu"
21878,PACK OF 6 SANDCASTLE FLAGS ASSORTED,4,"Gia trung binh, tan suat mua cao, chiem 71.1% doanh thu"
21879,HEARTS GIFT TAPE,2,"Gia thap, tan suat mua trung binh, chiem 6.1% doanh thu"
21880,RED RETROSPOT TAPE,4,"Gia trung binh, tan suat mua cao, chiem 71.1% doanh thu"
21881,CUTE CATS TAPE,2,"Gia thap, tan suat mua trung binh, chiem 6.1% doanh thu"
21882,SKULLS TAPE,2,"Gia thap, tan suat mua trung binh, chiem 6.1% doanh thu"
21883,STARS GIFT TAPE ,2,"Gia thap, tan suat mua trung binh, chiem 6.1% doanh thu"
21884,CAKES AND BOWS GIFT  TAPE,2,"Gia thap, tan suat mua trung binh, chiem 6.1% doanh thu"
21888,BINGO SET,4,"Gia trung binh, tan suat mua cao, chiem 71.1% doanh thu"
21889,WOODEN BOX OF DOMINOES,4,"Gia trung binh, tan suat mua cao, chiem 71.1% doanh thu"
21890,S/6 WOODEN SKITTLES IN COTTON BAG,0,"Gia cao, tan suat mua cao, chiem 21.0% doanh thu"
21891,TRADITIONAL WOODEN SKIPPING ROPE,4,"Gia trung binh, tan suat mua cao, chiem 71.1% doanh thu"
21892,TRADITIONAL WOODEN CATCH CUP GAME ,4,"Gia trung binh, tan suat mua cao, chiem 71.1% doanh thu"
21894,POTTING SHED SEED ENVELOPES,0,"Gia cao, tan suat mua cao, chiem 21.0% doanh thu"
21896,POTTING SHED TWINE,4,"Gia trung binh, tan suat mua cao, chiem 71.1% doanh thu"
21898,POTTING SHED ROSE CANDLE,2,"Gia thap, tan suat mua trung binh, chiem 6.1% doanh thu"
21899,"KEY FOB , GARAGE DESIGN",4,"Gia trung binh, tan suat mua cao, chiem 71.1% doanh thu"
21900,"KEY FOB , SHED",4,"Gia trung binh, tan suat mua cao, chiem 71.1% doanh thu"
21901,"KEY FOB , BACK DOOR ",4,"Gia trung binh, tan suat mua cao, chiem 71.1% doanh thu"
21902,"KEY FOB , FRONT  DOOR ",4,"Gia trung binh, tan suat mua cao, chiem 71.1% doanh thu"
21903,MAN FLU METAL SIGN,4,"Gia trung binh, tan suat mua cao, chiem 71.1% doanh thu"
21904,HOUSE WRECKING METAL SIGN ,1,"Gia cao, tan suat mua thap, chiem 1.1% doanh thu"
21905,MORE BUTTER METAL SIGN ,2,"Gia thap, tan suat mua trung binh, chiem 6.1% doanh thu"
21906,PHARMACIE FIRST AID TIN,0,"Gia cao, tan suat mua cao, chiem 21.0% doanh thu"
21907,I'M ON HOLIDAY METAL SIGN,4,"Gia trung binh, tan suat mua cao, chiem 71.1% doanh thu"
21908,CHOCOLATE THIS WAY METAL SIGN,4,"Gia trung binh, tan suat mua cao, chiem 71.1% doanh thu"
21910,WAY OUT METAL SIGN ,1,"Gia cao, tan suat mua thap, chiem 1.1% doanh thu"
21911,GARDEN METAL SIGN ,1,"Gia cao, tan suat mua thap, chiem 1.1% doanh thu"
21912,VINTAGE SNAKES & LADDERS,4,"Gia trung binh, tan suat mua cao, chiem 71.1% doanh thu"
21913,VINTAGE SEASIDE JIGSAW PUZZLES,0,"Gia cao, tan suat mua cao, chiem 21.0% doanh thu"
21914,BLUE HARMONICA IN BOX ,4,"Gia trung binh, tan suat mua cao, chiem 71.1% doanh thu"
21915,RED  HARMONICA IN BOX ,4,"Gia trung binh, tan suat mua cao, chiem 71.1% doanh thu"
21916,SET 12 RETRO WHITE CHALK STICKS,4,"Gia trung binh, tan suat mua cao, chiem 71.1% doanh thu"
21917,SET 12 KIDS  WHITE CHALK STICKS,4,"Gia trung binh, tan suat mua cao, chiem 71.1% doanh thu"
21918,SET 12 KIDS COLOUR  CHALK STICKS,4,"Gia trung binh, tan suat mua cao, chiem 71.1% doanh thu"
21922,UNION STRIPE WITH FRINGE  HAMMOCK,0,"Gia cao, tan suat mua cao, chiem 21.0% doanh thu"
21925,UNION STRIPE CUSHION COVER ,2,"Gia thap, tan suat mua trung binh, chiem 6.1% doanh thu"
21926,RED/CREAM STRIPE CUSHION COVER ,2,"Gia thap, tan suat mua trung binh, chiem 6.1% doanh thu"
21927,BLUE/CREAM STRIPE CUSHION COVER ,2,"Gia thap, tan suat mua trung binh, chiem 6.1% doanh thu"
21928,JUMBO BAG SCANDINAVIAN PAISLEY,4,"Gia trung binh, tan suat mua cao, chiem 71.1% doanh thu"
21929,JUMBO BAG PINK VINTAGE PAISLEY,4,"Gia trung binh, tan suat mua cao, chiem 71.1% doanh thu"
21930,JUMBO STORAGE BAG SKULLS,4,"Gia trung binh, tan suat mua cao, chiem 71.1% doanh thu"
21931,JUMBO STORAGE BAG SUKI,4,"Gia trung binh, tan suat mua cao, chiem 71.1% doanh thu"
21932,SCANDINAVIAN PAISLEY PICNIC BAG,4,"Gia trung binh, tan suat mua cao, chiem 71.1% doanh thu"
21933,PINK VINTAGE PAISLEY PICNIC BAG,4,"Gia trung binh, tan suat mua cao, chiem 71.1% doanh thu"
21934,SKULL SHOULDER BAG,4,"Gia trung binh, tan suat mua cao, chiem 71.1% doanh thu"
21935,SUKI  SHOULDER BAG,4,"Gia trung binh, tan suat mua cao, chiem 71.1% doanh thu"
21936,RED RETROSPOT PICNIC BAG,4,"Gia trung binh, tan suat mua cao, chiem 71.1% doanh thu"
21937,STRAWBERRY   PICNIC BAG,4,"Gia trung binh, tan suat mua cao, chiem 71.1% doanh thu"
21942,SKULLS DESIGN FLANNEL,3,"Gia trung binh, tan suat mua trung binh, chiem 0.6% doanh thu"
21943,CAKES AND RABBITS DESIGN FLANNEL ,3,"Gia trung binh, tan suat mua trung binh, chiem 0.6% doanh thu"
21944,KITTENS DESIGN FLANNEL,2,"Gia thap, tan suat mua trung binh, chiem 6.1% doanh thu"
21945,STRAWBERRIES  DESIGN FLANNEL ,2,"Gia thap, tan suat mua trung binh, chiem 6.1% doanh thu"
21946,PARTY TIME DESIGN FLANNEL,3,"Gia trung binh, tan suat mua trung binh, chiem 0.6% doanh thu"
21947,SET OF 6 HEART CHOPSTICKS,2,"Gia thap, tan suat mua trung binh, chiem 6.1% doanh thu"
21948,SET OF 6 CAKE CHOPSTICKS,2,"Gia thap, tan suat mua trung binh, chiem 6.1% doanh thu"
21949,SET OF 6 STRAWBERRY CHOPSTICKS,2,"Gia thap, tan suat mua trung binh, chiem 6.1% doanh thu"
21955,DOORMAT UNION JACK GUNS AND ROSES,0,"Gia cao, tan suat mua cao, chiem 21.0% doanh thu"
21967,PACK OF 12 SKULL TISSUES,4,"Gia trung binh, tan suat mua cao, chiem 71.1% doanh thu"
21972,SET OF 36 DINOSAUR PAPER DOILIES,2,"Gia thap, tan suat mua trung binh, chiem 6.1% doanh thu"
21973,SET OF 36 MUSHROOM PAPER DOILIES,2,"Gia thap, tan suat mua trung binh, chiem 6.1% doanh thu"
21974,SET OF 36 PAISLEY FLOWER DOILIES,4,"Gia trung binh, tan suat mua cao, chiem 71.1% doanh thu"
21975,PACK OF 60 DINOSAUR CAKE CASES,4,"Gia trung binh, tan suat mua cao, chiem 71.1% doanh thu"
21976,PACK OF 60 MUSHROOM CAKE CASES,4,"Gia trung binh, tan suat mua cao, chiem 71.1% doanh thu"
21977,PACK OF 60 PINK PAISLEY CAKE CASES,4,"Gia trung binh, tan suat mua cao, chiem 71.1% doanh thu"
21980,PACK OF 12 RED RETROSPOT TISSUES ,4,"Gia trung binh, tan suat mua cao, chiem 71.1% doanh thu"
21981,PACK OF 12 WOODLAND TISSUES ,4,"Gia trung binh, tan suat mua cao, chiem 71.1% doanh thu"
21982,PACK OF 12 SUKI TISSUES ,4,"Gia trung binh, tan suat mua cao, chiem 71.1% doanh thu"
21983,PACK OF 12 BLUE PAISLEY TISSUES ,4,"Gia trung binh, tan suat mua cao, chiem 71.1% doanh thu"
21984,PACK OF 12 PINK PAISLEY TISSUES ,4,"Gia trung binh, tan suat mua cao, chiem 71.1% doanh thu"
21985,PACK OF 12 HEARTS DESIGN TISSUES ,4,"Gia trung binh, tan suat mua cao, chiem 71.1% doanh thu"
21986,PACK OF 12 PINK POLKADOT TISSUES,4,"Gia trung binh, tan suat mua cao, chiem 71.1% doanh thu"
21987,PACK OF 6 SKULL PAPER CUPS,4,"Gia trung binh, tan suat mua cao, chiem 71.1% doanh thu"
21988,PACK OF 6 SKULL PAPER PLATES,4,"Gia trung binh, tan suat mua cao, chiem 71.1% doanh thu"
21989,PACK OF 20 SKULL PAPER NAPKINS,4,"Gia trung binh, tan suat mua cao, chiem 71.1% doanh thu"
21990,MODERN FLORAL STATIONERY SET,4,"Gia trung binh, tan suat mua cao, chiem 71.1% doanh thu"
21991,BOHEMIAN COLLAGE STATIONERY SET,0,"Gia cao, tan suat mua cao, chiem 21.0% doanh thu"
21992,VINTAGE PAISLEY STATIONERY SET,4,"Gia trung binh, tan suat mua cao, chiem 71.1% doanh thu"
21993,FLORAL FOLK STATIONERY SET,4,"Gia trung binh, tan suat mua cao, chiem 71.1% doanh thu"
22021,BLUE FELT EASTER EGG BASKET,2,"Gia thap, tan suat mua trung binh, chiem 6.1% doanh thu"
22023,EMPIRE BIRTHDAY CARD,2,"Gia thap, tan suat mua trung binh, chiem 6.1% doanh thu"
22024,RAINY LADIES BIRTHDAY CARD,4,"Gia trung binh, tan suat mua cao, chiem 71.1% doanh thu"
22025,RING OF ROSES BIRTHDAY CARD,2,"Gia thap, tan suat mua trung binh, chiem 6.1% doanh thu"
22026,BANQUET BIRTHDAY  CARD  ,2,"Gia thap, tan suat mua trung binh, chiem 6.1% doanh thu"
22027,TEA PARTY BIRTHDAY CARD,4,"Gia trung binh, tan suat mua cao, chiem 71.1% doanh thu"
22028,PENNY FARTHING BIRTHDAY CARD,4,"Gia trung binh, tan suat mua cao, chiem 71.1% doanh thu"
22029,SPACEBOY BIRTHDAY CARD,4,"Gia trung binh, tan suat mua cao, chiem 71.1% doanh thu"
22030,SWALLOWS GREETING CARD,4,"Gia trung binh, tan suat mua cao, chiem 71.1% doanh thu"
22031,BOTANICAL LAVENDER BIRTHDAY CARD,2,"Gia thap, tan suat mua trung binh, chiem 6.1% doanh thu"
22032,BOTANICAL LILY GREETING CARD,2,"Gia thap, tan suat mua trung binh, chiem 6.1% doanh thu"
22033,BOTANICAL ROSE GREETING CARD,2,"Gia thap, tan suat mua trung binh, chiem 6.1% doanh thu"
22035,VINTAGE CARAVAN GREETING CARD ,2,"Gia thap, tan suat mua trung binh, chiem 6.1% doanh thu"
22037,ROBOT BIRTHDAY CARD,4,"Gia trung binh, tan suat mua cao, chiem 71.1% doanh thu"
22038,BOTANICAL LAVENDER GIFT WRAP ,2,"Gia thap, tan suat mua trung binh, chiem 6.1% doanh thu"
22039,BOTANICAL LILY GIFT WRAP,2,"Gia thap, tan suat mua trung binh, chiem 6.1% doanh thu"
22040,BOTANICAL ROSE GIFT WRAP,2,"Gia thap, tan suat mua trung binh, chiem 6.1% doanh thu"
22041,"RECORD FRAME 7"" SINGLE SIZE ",4,"Gia trung binh, tan suat mua cao, chiem 71.1% doanh thu"
22042,CHRISTMAS CARD SINGING ANGEL,2,"Gia thap, tan suat mua trung binh, chiem 6.1% doanh thu"
22043,CHRISTMAS CARD SCREEN PRINT ,2,"Gia thap, tan suat mua trung binh, chiem 6.1% doanh thu"
22044,CHRISTMAS CARD STACK OF PRESENTS,2,"Gia thap, tan suat mua trung binh, chiem 6.1% doanh thu"
22045,SPACEBOY GIFT WRAP,4,"Gia trung binh, tan suat mua cao, chiem 71.1% doanh thu"
22046,TEA PARTY  WRAPPING PAPER ,2,"Gia thap, tan suat mua trung binh, chiem 6.1% doanh thu"
22047,EMPIRE GIFT WRAP,4,"Gia trung binh, tan suat mua cao, chiem 71.1% doanh thu"
22048,BIRTHDAY BANQUET GIFT WRAP,2,"Gia thap, tan suat mua trung binh, chiem 6.1% doanh thu"
22049,WRAP CHRISTMAS SCREEN PRINT,2,"Gia thap, tan suat mua trung binh, chiem 6.1% doanh thu"
22050,PINK PAISLEY ROSE GIFT WRAP,2,"Gia thap, tan suat mua trung binh, chiem 6.1% doanh thu"
22051,BLUE SCANDINAVIAN PAISLEY WRAP,2,"Gia thap, tan suat mua trung binh, chiem 6.1% doanh thu"
22052,VINTAGE CARAVAN GIFT WRAP,2,"Gia thap, tan suat mua trung binh, chiem 6.1% doanh thu"
22053,EMPIRE DESIGN ROSETTE,4,"Gia trung binh, tan suat mua cao, chiem 71.1% doanh thu"
22055,MINI CAKE STAND  HANGING STRAWBERY,4,"Gia trung binh, tan suat mua cao, chiem 71.1% doanh thu"
22057,CERAMIC PLATE STRAWBERRY DESIGN,2,"Gia thap, tan suat mua trung binh, chiem 6.1% doanh thu"
22059,CERAMIC STRAWBERRY DESIGN MUG,4,"Gia trung binh, tan suat mua cao, chiem 71.1% doanh thu"
22060,LARGE CAKE STAND HANGING HEARTS,0,"Gia cao, tan suat mua cao, chiem 21.0% doanh thu"
22061,LARGE CAKE STAND  HANGING STRAWBERY,0,"Gia cao, tan suat mua cao, chiem 21.0% doanh thu"
22062,CERAMIC BOWL WITH LOVE HEART DESIGN,2,"Gia thap, tan suat mua trung binh, chiem 6.1% doanh thu"
22063,CERAMIC BOWL WITH STRAWBERRY DESIGN,0,"Gia cao, tan suat mua cao, chiem 21.0% doanh thu"
22064,PINK DOUGHNUT TRINKET POT ,4,"Gia trung binh, tan suat mua cao, chiem 71.1% doanh thu"
22065,CHRISTMAS PUDDING TRINKET POT ,4,"Gia trung binh, tan suat mua cao, chiem 71.1% doanh thu"
22066,LOVE HEART TRINKET POT,4,"Gia trung binh, tan suat mua cao, chiem 71.1% doanh thu"
22067,CHOC TRUFFLE GOLD TRINKET POT ,2,"Gia thap, tan suat mua trung binh, chiem 6.1% doanh thu"
22068,BLACK PIRATE TREASURE CHEST,0,"Gia cao, tan suat mua cao, chiem 21.0% doanh thu"
22069,BROWN  PIRATE TREASURE CHEST ,0,"Gia cao, tan suat mua cao, chiem 21.0% doanh thu"
22070,SMALL RED RETROSPOT MUG IN BOX ,4,"Gia trung binh, tan suat mua cao, chiem 71.1% doanh thu"
22071,SMALL WHITE RETROSPOT MUG IN BOX ,2,"Gia thap, tan suat mua trung binh, chiem 6.1% doanh thu"
22072,RED RETROSPOT TEA CUP AND SAUCER ,0,"Gia cao, tan suat mua cao, chiem 21.0% doanh thu"
22073,RED RETROSPOT STORAGE JAR,0,"Gia cao, tan suat mua cao, chiem 21.0% doanh thu"
22074,6 RIBBONS SHIMMERING PINKS ,4,"Gia trung binh, tan suat mua cao, chiem 71.1% doanh thu"
22075,6 RIBBONS ELEGANT CHRISTMAS ,4,"Gia trung binh, tan suat mua cao, chiem 71.1% doanh thu"
22076,6 RIBBONS EMPIRE  ,4,"Gia trung binh, tan suat mua cao, chiem 71.1% doanh thu"
22077,6 RIBBONS RUSTIC CHARM,4,"Gia trung binh, tan suat mua cao, chiem 71.1% doanh thu"
22078,RIBBON REEL LACE DESIGN ,4,"Gia trung binh, tan suat mua cao, chiem 71.1% doanh thu"
22079,RIBBON REEL HEARTS DESIGN ,4,"Gia trung binh, tan suat mua cao, chiem 71.1% doanh thu"
22080,RIBBON REEL POLKADOTS ,4,"Gia trung binh, tan suat mua cao, chiem 71.1% doanh thu"
22081,RIBBON REEL FLORA + FAUNA ,0,"Gia cao, tan suat mua cao, chiem 21.0% doanh thu"
22082,RIBBON REEL STRIPES DESIGN ,4,"Gia trung binh, tan suat mua cao, chiem 71.1% doanh thu"
22083,PAPER CHAIN KIT RETROSPOT,4,"Gia trung binh, tan suat mua cao, chiem 71.1% doanh thu"
22084,PAPER CHAIN KIT EMPIRE,4,"Gia trung binh, tan suat mua cao, chiem 71.1% doanh thu"
22085,PAPER CHAIN KIT SKULLS ,0,"Gia cao, tan suat mua cao, chiem 21.0% doanh thu"
22086,PAPER CHAIN KIT 50'S CHRISTMAS ,4,"Gia trung binh, tan suat mua cao, chiem 71.1% doanh thu"
22087,PAPER BUNTING WHITE LACE,4,"Gia trung binh, tan suat mua cao, chiem 71.1% doanh thu"
22088,PAPER BUNTING COLOURED LACE,4,"Gia trung binh, tan suat mua cao, chiem 71.1% doanh thu"
22089,PAPER BUNTING VINTAGE PAISLEY,0,"Gia cao, tan suat mua cao, chiem 21.0% doanh thu"
22090,PAPER BUNTING RETROSPOT,4,"Gia trung binh, tan suat mua cao, chiem 71.1% doanh thu"
22091,EMPIRE TISSUE BOX,4,"Gia trung binh, tan suat mua cao, chiem 71.1% doanh thu"
22092,BLUE PAISLEY TISSUE BOX,2,"Gia thap, tan suat mua trung binh, chiem 6.1% doanh thu"
22093,MOTORING TISSUE BOX,4,"Gia trung binh, tan suat mua cao, chiem 71.1% doanh thu"
22094,RED RETROSPOT TISSUE BOX,4,"Gia trung binh, tan suat mua cao, chiem 71.1% doanh thu"
22095,LADS ONLY TISSUE BOX,4,"Gia trung binh, tan suat mua cao, chiem 71.1% doanh thu"
22096,PINK PAISLEY SQUARE TISSUE BOX ,2,"Gia thap, tan suat mua trung binh, chiem 6.1% doanh thu"
22097,SWALLOW SQUARE TISSUE BOX,4,"Gia trung binh, tan suat mua cao, chiem 71.1% doanh thu"
22098,BOUDOIR SQUARE TISSUE BOX,4,"Gia trung binh, tan suat mua cao, chiem 71.1% doanh thu"
22099,CARAVAN SQUARE TISSUE BOX,4,"Gia trung binh, tan suat mua cao, chiem 71.1% doanh thu"
22100,SKULLS SQUARE TISSUE BOX,2,"Gia thap, tan suat mua trung binh, chiem 6.1% doanh thu"
22101,MIRROR MOSAIC VOTIVE HOLDER,2,"Gia thap, tan suat mua trung binh, chiem 6.1% doanh thu"
22102,MIRROR MOSAIC T-LIGHT HOLDER ,2,"Gia thap, tan suat mua trung binh, chiem 6.1% doanh thu"
22103,MIRROR MOSAIC T-LIGHT HOLDER ROUND,2,"Gia thap, tan suat mua trung binh, chiem 6.1% doanh thu"
22104,MIRROR MOSAIC CANDLE PLATE,3,"Gia trung binh, tan suat mua trung binh, chiem 0.6% doanh thu"
22105,MIRROR MOSAIC GOBLET CANDLE HOLDER,2,"Gia thap, tan suat mua trung binh, chiem 6.1% doanh thu"
22106,MIRROR MOSAIC HURRICANE LAMP ,2,"Gia thap, tan suat mua trung binh, chiem 6.1% doanh thu"
22107,PIZZA PLATE IN BOX,0,"Gia cao, tan suat mua cao, chiem 21.0% doanh thu"
22108,PING! MICROWAVE PLATE,3,"Gia trung binh, tan suat mua trung binh, chiem 0.6% doanh thu"
22109,FULL ENGLISH BREAKFAST PLATE,0,"Gia cao, tan suat mua cao, chiem 21.0% doanh thu"
22110,BIRD HOUSE HOT WATER BOTTLE,0,"Gia cao, tan suat mua cao, chiem 21.0% doanh thu"
22111,SCOTTIE DOG HOT WATER BOTTLE,4,"Gia trung binh, tan suat mua cao, chiem 71.1% doanh thu"
22112,CHOCOLATE HOT WATER BOTTLE,4,"Gia trung binh, tan suat mua cao, chiem 71.1% doanh thu"
22113,GREY HEART HOT WATER BOTTLE,4,"Gia trung binh, tan suat mua cao, chiem 71.1% doanh thu"
22114,HOT WATER BOTTLE TEA AND SYMPATHY,4,"Gia trung binh, tan suat mua cao, chiem 71.1% doanh thu"
22115,METAL SIGN EMPIRE TEA,4,"Gia trung binh, tan suat mua cao, chiem 71.1% doanh thu"
22116,METAL SIGN HIS DINNER IS SERVED,2,"Gia thap, tan suat mua trung binh, chiem 6.1% doanh thu"
22117,METAL SIGN HER DINNER IS SERVED ,4,"Gia trung binh, tan suat mua cao, chiem 71.1% doanh thu"
22118,JOY WOODEN BLOCK LETTERS,0,"Gia cao, tan suat mua cao, chiem 21.0% doanh thu"
22119,PEACE WOODEN BLOCK LETTERS,0,"Gia cao, tan suat mua cao, chiem 21.0% doanh thu"
22120,WELCOME  WOODEN BLOCK LETTERS,0,"Gia cao, tan suat mua cao, chiem 21.0% doanh thu"
22121,NOEL WOODEN BLOCK LETTERS ,0,"Gia cao, tan suat mua cao, chiem 21.0% doanh thu"
22123,PING MICROWAVE APRON,0,"Gia cao, tan suat mua cao, chiem 21.0% doanh thu"
22124,SET OF 2 TEA TOWELS PING MICROWAVE,3,"Gia trung binh, tan suat mua trung binh, chiem 0.6% doanh thu"
22127,PARTY CONES CARNIVAL ASSORTED,2,"Gia thap, tan suat mua trung binh, chiem 6.1% doanh thu"
22128,PARTY CONES CANDY ASSORTED,4,"Gia trung binh, tan suat mua cao, chiem 71.1% doanh thu"
22129,PARTY CONES CANDY TREE DECORATION,2,"Gia thap, tan suat mua trung binh, chiem 6.1% doanh thu"
22130,PARTY CONE CHRISTMAS DECORATION ,4,"Gia trung binh, tan suat mua cao, chiem 71.1% doanh thu"
22131,FOOD CONTAINER SET 3 LOVE HEART ,4,"Gia trung binh, tan suat mua cao, chiem 71.1% doanh thu"
22132,RED LOVE HEART SHAPE CUP,2,"Gia thap, tan suat mua trung binh, chiem 6.1% doanh thu"
22133,PINK LOVE HEART SHAPE CUP,2,"Gia thap, tan suat mua trung binh, chiem 6.1% doanh thu"
22134,LADLE LOVE HEART RED ,2,"Gia thap, tan suat mua trung binh, chiem 6.1% doanh thu"
22135,LADLE LOVE HEART PINK,3,"Gia trung binh, tan suat mua trung binh, chiem 0.6% doanh thu"
22136,LOVE HEART SOCK HANGER,2,"Gia thap, tan suat mua trung binh, chiem 6.1% doanh thu"
22137,BATHROOM SET LOVE HEART DESIGN,1,"Gia cao, tan suat mua thap, chiem 1.1% doanh thu"
22138,BAKING SET 9 PIECE RETROSPOT ,4,"Gia trung binh, tan suat mua cao, chiem 71.1% doanh thu"
22139,RETROSPOT TEA SET CERAMIC 11 PC ,4,"Gia trung binh, tan suat mua cao, chiem 71.1% doanh thu"
22141,CHRISTMAS CRAFT TREE TOP ANGEL,4,"Gia trung binh, tan suat mua cao, chiem 71.1% doanh thu"
22142,CHRISTMAS CRAFT WHITE FAIRY ,4,"Gia trung binh, tan suat mua cao, chiem 71.1% doanh thu"
22144,CHRISTMAS CRAFT LITTLE FRIENDS,4,"Gia trung binh, tan suat mua cao, chiem 71.1% doanh thu"
22147,FELTCRAFT BUTTERFLY HEARTS,4,"Gia trung binh, tan suat mua cao, chiem 71.1% doanh thu"
22148,EASTER CRAFT 4 CHICKS ,4,"Gia trung binh, tan suat mua cao, chiem 71.1% doanh thu"
22149,FELTCRAFT 6 FLOWER FRIENDS,4,"Gia trung binh, tan suat mua cao, chiem 71.1% doanh thu"
22150,3 STRIPEY MICE FELTCRAFT,4,"Gia trung binh, tan suat mua cao, chiem 71.1% doanh thu"
22151,PLACE SETTING WHITE HEART,4,"Gia trung binh, tan suat mua cao, chiem 71.1% doanh thu"
22152,PLACE SETTING WHITE STAR,4,"Gia trung binh, tan suat mua cao, chiem 71.1% doanh thu"
22153,ANGEL DECORATION STARS ON DRESS,4,"Gia trung binh, tan suat mua cao, chiem 71.1% doanh thu"
22154,ANGEL DECORATION 3 BUTTONS ,4,"Gia trung binh, tan suat mua cao, chiem 71.1% doanh thu"
22155,STAR DECORATION RUSTIC,4,"Gia trung binh, tan suat mua cao, chiem 71.1% doanh thu"
22156,HEART DECORATION WITH PEARLS ,4,"Gia trung binh, tan suat mua cao, chiem 71.1% doanh thu"
22157,ANGEL DECORATION WITH LACE PADDED,2,"Gia thap, tan suat mua trung binh, chiem 6.1% doanh thu"
22158,3 HEARTS HANGING DECORATION RUSTIC,4,"Gia trung binh, tan suat mua cao, chiem 71.1% doanh thu"
22161,HEART DECORATION RUSTIC HANGING ,4,"Gia trung binh, tan suat mua cao, chiem 71.1% doanh thu"
22162,HEART GARLAND RUSTIC PADDED,0,"Gia cao, tan suat mua cao, chiem 21.0% doanh thu"
22163,HEART STRING MEMO HOLDER HANGING,2,"Gia thap, tan suat mua trung binh, chiem 6.1% doanh thu"
22164,STRING OF STARS CARD HOLDER,1,"Gia cao, tan suat mua thap, chiem 1.1% doanh thu"
22165,"DIAMANTE HEART SHAPED WALL MIRROR, ",0,"Gia cao, tan suat mua cao, chiem 21.0% doanh thu"
22166,WALL MIRROR RECTANGLE DIAMANTE PINK,0,"Gia cao, tan suat mua cao, chiem 21.0% doanh thu"
22167, OVAL WALL MIRROR DIAMANTE ,0,"Gia cao, tan suat mua cao, chiem 21.0% doanh thu"
22168,ORGANISER WOOD ANTIQUE WHITE ,0,"Gia cao, tan suat mua cao, chiem 21.0% doanh thu"
22169,FAMILY ALBUM WHITE PICTURE FRAME,0,"Gia cao, tan suat mua cao, chiem 21.0% doanh thu"
22170,PICTURE FRAME WOOD TRIPLE PORTRAIT,0,"Gia cao, tan suat mua cao, chiem 21.0% doanh thu"
22171,3 HOOK PHOTO SHELF ANTIQUE WHITE,0,"Gia cao, tan suat mua cao, chiem 21.0% doanh thu"
22173,METAL 4 HOOK HANGER FRENCH CHATEAU,4,"Gia trung binh, tan suat mua cao, chiem 71.1% doanh thu"
22174,PHOTO CUBE,4,"Gia trung binh, tan suat mua cao, chiem 71.1% doanh thu"
22175,PINK OWL SOFT TOY,0,"Gia cao, tan suat mua cao, chiem 21.0% doanh thu"
22176,BLUE OWL SOFT TOY,0,"Gia cao, tan suat mua cao, chiem 21.0% doanh thu"
22178,VICTORIAN GLASS HANGING T-LIGHT,4,"Gia trung binh, tan suat mua cao, chiem 71.1% doanh thu"
22179,SET 10 LIGHTS NIGHT OWL,0,"Gia cao, tan suat mua cao, chiem 21.0% doanh thu"
22180,RETROSPOT LAMP,0,"Gia cao, tan suat mua cao, chiem 21.0% doanh thu"
22181,SNOWSTORM PHOTO FRAME FRIDGE MAGNET,2,"Gia thap, tan suat mua trung binh, chiem 6.1% doanh thu"
22182,CAKE STAND VICTORIAN FILIGREE SMALL,0,"Gia cao, tan suat mua cao, chiem 21.0% doanh thu"
22183,CAKE STAND VICTORIAN FILIGREE MED,3,"Gia trung binh, tan suat mua trung binh, chiem 0.6% doanh thu"
22184,CAKE STAND VICTORIAN FILIGREE LARGE,3,"Gia trung binh, tan suat mua trung binh, chiem 0.6% doanh thu"
22185,SLATE TILE NATURAL HANGING,4,"Gia trung binh, tan suat mua cao, chiem 71.1% doanh thu"
22186,RED STAR CARD HOLDER,0,"Gia cao, tan suat mua cao, chiem 21.0% doanh thu"
22187,GREEN CHRISTMAS TREE CARD HOLDER,0,"Gia cao, tan suat mua cao, chiem 21.0% doanh thu"
22188,BLACK HEART CARD HOLDER,4,"Gia trung binh, tan suat mua cao, chiem 71.1% doanh thu"
22189,CREAM HEART CARD HOLDER,4,"Gia trung binh, tan suat mua cao, chiem 71.1% doanh thu"
22190,LOCAL CAFE MUG,2,"Gia thap, tan suat mua trung binh, chiem 6.1% doanh thu"
22191,IVORY DINER WALL CLOCK,0,"Gia cao, tan suat mua cao, chiem 21.0% doanh thu"
22192,BLUE DINER WALL CLOCK,0,"Gia cao, tan suat mua cao, chiem 21.0% doanh thu"
22193,RED DINER WALL CLOCK,0,"Gia cao, tan suat mua cao, chiem 21.0% doanh thu"
22194,BLACK DINER WALL CLOCK,0,"Gia cao, tan suat mua cao, chiem 21.0% doanh thu"
22195,LARGE HEART MEASURING SPOONS,4,"Gia trung binh, tan suat mua cao, chiem 71.1% doanh thu"
22196,SMALL HEART MEASURING SPOONS,4,"Gia trung binh, tan suat mua cao, chiem 71.1% doanh thu"
22197,SMALL POPCORN HOLDER,4,"Gia trung binh, tan suat mua cao, chiem 71.1% doanh thu"
22198,LARGE POPCORN HOLDER ,2,"Gia thap, tan suat mua trung binh, chiem 6.1% doanh thu"
22199,FRYING PAN RED RETROSPOT,0,"Gia cao, tan suat mua cao, chiem 21.0% doanh thu"
22200,FRYING PAN PINK POLKADOT,0,"Gia cao, tan suat mua cao, chiem 21.0% doanh thu"
22201,FRYING PAN BLUE POLKADOT,0,"Gia cao, tan suat mua cao, chiem 21.0% doanh thu"
22202,MILK PAN PINK POLKADOT,1,"Gia cao, tan suat mua thap, chiem 1.1% doanh thu"
22203,MILK PAN RED RETROSPOT,0,"Gia cao, tan suat mua cao, chiem 21.0% doanh thu"
22204,MILK PAN BLUE POLKADOT,0,"Gia cao, tan suat mua cao, chiem 21.0% doanh thu"
22206,"MUG , DOTCOMGIFTSHOP.COM ",1,"Gia cao, tan suat mua thap, chiem 1.1% doanh thu"
22207,FRYING PAN UNION FLAG,0,"Gia cao, tan suat mua cao, chiem 21.0% doanh thu"
22208,WOOD STAMP SET THANK YOU,4,"Gia trung binh, tan suat mua cao, chiem 71.1% doanh thu"
22209,WOOD STAMP SET HAPPY BIRTHDAY,2,"Gia thap, tan suat mua trung binh, chiem 6.1% doanh thu"
22210,WOOD STAMP SET BEST WISHES,2,"Gia thap, tan suat mua trung binh, chiem 6.1% doanh thu"
22211,WOOD STAMP SET FLOWERS,2,"Gia thap, tan suat mua trung binh, chiem 6.1% doanh thu"
22212,FOUR HOOK  WHITE LOVEBIRDS,4,"Gia trung binh, tan suat mua cao, chiem 71.1% doanh thu"
22214,CANDLE PLATE LACE WHITE,0,"Gia cao, tan suat mua cao, chiem 21.0% doanh thu"
22215,CAKE STAND WHITE TWO TIER LACE,0,"Gia cao, tan suat mua cao, chiem 21.0% doanh thu"
22216,T-LIGHT HOLDER WHITE LACE,2,"Gia thap, tan suat mua trung binh, chiem 6.1% doanh thu"
22217,T-LIGHT HOLDER HANGING LACE,2,"Gia thap, tan suat mua trung binh, chiem 6.1% doanh thu"
22219,LOVEBIRD HANGING DECORATION WHITE ,4,"Gia trung binh, tan suat mua cao, chiem 71.1% doanh thu"
22220,CAKE STAND LOVEBIRD 2 TIER WHITE,0,"Gia cao, tan suat mua cao, chiem 21.0% doanh thu"
22221,CAKE STAND LOVEBIRD 2 TIER PINK,0,"Gia cao, tan suat mua cao, chiem 21.0% doanh thu"
22222,CAKE PLATE LOVEBIRD WHITE,0,"Gia cao, tan suat mua cao, chiem 21.0% doanh thu"
22223,CAKE PLATE LOVEBIRD PINK,0,"Gia cao, tan suat mua cao, chiem 21.0% doanh thu"
22224,WHITE LOVEBIRD LANTERN,0,"Gia cao, tan suat mua cao, chiem 21.0% doanh thu"
22227,HANGING HEART MIRROR DECORATION ,4,"Gia trung binh, tan suat mua cao, chiem 71.1% doanh thu"
22228,BUNNY WOODEN PAINTED WITH BIRD ,2,"Gia thap, tan suat mua trung binh, chiem 6.1% doanh thu"
22229,BUNNY WOODEN PAINTED WITH FLOWER ,2,"Gia thap, tan suat mua trung binh, chiem 6.1% doanh thu"
22230,JIGSAW TREE WITH WATERING CAN,2,"Gia thap, tan suat mua trung binh, chiem 6.1% doanh thu"
22231,JIGSAW TREE WITH BIRDHOUSE,2,"Gia thap, tan suat mua trung binh, chiem 6.1% doanh thu"
22232,JIGSAW TOADSTOOLS 3 PIECE,2,"Gia thap, tan suat mua trung binh, chiem 6.1% doanh thu"
22233,JIGSAW RABBIT AND BIRDHOUSE,2,"Gia thap, tan suat mua trung binh, chiem 6.1% doanh thu"
22236,CAKE STAND 3 TIER MAGIC GARDEN,0,"Gia cao, tan suat mua cao, chiem 21.0% doanh thu"
22241,GARLAND WOODEN HAPPY EASTER,4,"Gia trung binh, tan suat mua cao, chiem 71.1% doanh thu"
22242,5 HOOK HANGER MAGIC TOADSTOOL,2,"Gia thap, tan suat mua trung binh, chiem 6.1% doanh thu"
22243,5 HOOK HANGER RED MAGIC TOADSTOOL,4,"Gia trung binh, tan suat mua cao, chiem 71.1% doanh thu"
22244,3 HOOK HANGER MAGIC GARDEN,4,"Gia trung binh, tan suat mua cao, chiem 71.1% doanh thu"
22245,"HOOK, 1 HANGER ,MAGIC GARDEN",2,"Gia thap, tan suat mua trung binh, chiem 6.1% doanh thu"
22246,MAGIC GARDEN FELT GARLAND ,0,"Gia cao, tan suat mua cao, chiem 21.0% doanh thu"
22247,BUNNY DECORATION MAGIC GARDEN,2,"Gia thap, tan suat mua trung binh, chiem 6.1% doanh thu"
22248,DECORATION  PINK CHICK MAGIC GARDEN,2,"Gia thap, tan suat mua trung binh, chiem 6.1% doanh thu"
22249,DECORATION WHITE CHICK MAGIC GARDEN,2,"Gia thap, tan suat mua trung binh, chiem 6.1% doanh thu"
22250,DECORATION  BUTTERFLY  MAGIC GARDEN,2,"Gia thap, tan suat mua trung binh, chiem 6.1% doanh thu"
22251,BIRDHOUSE DECORATION MAGIC GARDEN,2,"Gia thap, tan suat mua trung binh, chiem 6.1% doanh thu"
22252,BIRDCAGE DECORATION TEALIGHT HOLDER,2,"Gia thap, tan suat mua trung binh, chiem 6.1% doanh thu"
22254,FELT TOADSTOOL LARGE,2,"Gia thap, tan suat mua trung binh, chiem 6.1% doanh thu"
22255,FELT TOADSTOOL  SMALL,2,"Gia thap, tan suat mua trung binh, chiem 6.1% doanh thu"
22256,FELT FARM ANIMAL CHICKEN,2,"Gia thap, tan suat mua trung binh, chiem 6.1% doanh thu"
22257,FELT FARM ANIMAL SHEEP,2,"Gia thap, tan suat mua trung binh, chiem 6.1% doanh thu"
22258,FELT FARM ANIMAL RABBIT,2,"Gia thap, tan suat mua trung binh, chiem 6.1% doanh thu"
22259,FELT FARM ANIMAL HEN,2,"Gia thap, tan suat mua trung binh, chiem 6.1% doanh thu"
22260,FELT EGG COSY BLUE RABBIT ,2,"Gia thap, tan suat mua trung binh, chiem 6.1% doanh thu"
22261,FELT EGG COSY WHITE RABBIT ,2,"Gia thap, tan suat mua trung binh, chiem 6.1% doanh thu"
22262,FELT EGG COSY CHICKEN,2,"Gia thap, tan suat mua trung binh, chiem 6.1% doanh thu"
22263,FELT EGG COSY LADYBIRD ,2,"Gia thap, tan suat mua trung binh, chiem 6.1% doanh thu"
22264,FELT FARM ANIMAL WHITE BUNNY ,2,"Gia thap, tan suat mua trung binh, chiem 6.1% doanh thu"
22265,EASTER DECORATION NATURAL CHICK,2,"Gia thap, tan suat mua trung binh, chiem 6.1% doanh thu"
22266,EASTER DECORATION HANGING BUNNY,2,"Gia thap, tan suat mua trung binh, chiem 6.1% doanh thu"
22267,EASTER DECORATION EGG BUNNY ,2,"Gia thap, tan suat mua trung binh, chiem 6.1% doanh thu"
22268,EASTER DECORATION SITTING BUNNY,4,"Gia trung binh, tan suat mua cao, chiem 71.1% doanh thu"
22269,EGG CUP NATURAL CHICKEN,2,"Gia thap, tan suat mua trung binh, chiem 6.1% doanh thu"
22270,HAPPY EASTER HANGING DECORATION,0,"Gia cao, tan suat mua cao, chiem 21.0% doanh thu"
22271,FELTCRAFT DOLL ROSIE,4,"Gia trung binh, tan suat mua cao, chiem 71.1% doanh thu"
22272,FELTCRAFT DOLL MARIA,0,"Gia cao, tan suat mua cao, chiem 21.0% doanh thu"
22273,FELTCRAFT DOLL MOLLY,4,"Gia trung binh, tan suat mua cao, chiem 71.1% doanh thu"
22274,FELTCRAFT DOLL EMILY,0,"Gia cao, tan suat mua cao, chiem 21.0% doanh thu"
22276,WASH BAG VINTAGE ROSE PAISLEY,0,"Gia cao, tan suat mua cao, chiem 21.0% doanh thu"
22277,COSMETIC BAG VINTAGE ROSE PAISLEY,0,"Gia cao, tan suat mua cao, chiem 21.0% doanh thu"
22278,OVERNIGHT BAG VINTAGE ROSE PAISLEY,0,"Gia cao, tan suat mua cao, chiem 21.0% doanh thu"
22279,POCKET BAG BLUE PAISLEY RED SPOT,2,"Gia thap, tan suat mua trung binh, chiem 6.1% doanh thu"
22280,POCKET BAG PINK PAISELY BROWN SPOT,2,"Gia thap, tan suat mua trung binh, chiem 6.1% doanh thu"
22281,EASTER TREE YELLOW BIRDS,0,"Gia cao, tan suat mua cao, chiem 21.0% doanh thu"
22282,12 EGG HOUSE PAINTED WOOD,0,"Gia cao, tan suat mua cao, chiem 21.0% doanh thu"
22283,6 EGG HOUSE PAINTED WOOD,0,"Gia cao, tan suat mua cao, chiem 21.0% doanh thu"
22284,HEN HOUSE DECORATION,2,"Gia thap, tan suat mua trung binh, chiem 6.1% doanh thu"
22285,"DECORATION HEN ON NEST, HANGING",2,"Gia thap, tan suat mua trung binh, chiem 6.1% doanh thu"
22286,"DECORATION , WOBBLY RABBIT , METAL ",2,"Gia thap, tan suat mua trung binh, chiem 6.1% doanh thu"
22287,"DECORATION , WOBBLY CHICKEN, METAL ",2,"Gia thap, tan suat mua trung binh, chiem 6.1% doanh thu"
22288,HANGING METAL RABBIT DECORATION,2,"Gia thap, tan suat mua trung binh, chiem 6.1% doanh thu"
22289,HANGING METAL CHICKEN DECORATION,2,"Gia thap, tan suat mua trung binh, chiem 6.1% doanh thu"
22291,HANGING CHICK CREAM DECORATION,2,"Gia thap, tan suat mua trung binh, chiem 6.1% doanh thu"
22292,HANGING CHICK  YELLOW DECORATION,4,"Gia trung binh, tan suat mua cao, chiem 71.1% doanh thu"
22293,HANGING CHICK GREEN DECORATION,2,"Gia thap, tan suat mua trung binh, chiem 6.1% doanh thu"
22294,HEART FILIGREE DOVE  SMALL,4,"Gia trung binh, tan suat mua cao, chiem 71.1% doanh thu"
22295,HEART FILIGREE DOVE LARGE,4,"Gia trung binh, tan suat mua cao, chiem 71.1% doanh thu"
22296,HEART IVORY TRELLIS LARGE,4,"Gia trung binh, tan suat mua cao, chiem 71.1% doanh thu"
22297,HEART IVORY TRELLIS SMALL,4,"Gia trung binh, tan suat mua cao, chiem 71.1% doanh thu"
22299,PIG KEYRING WITH LIGHT & SOUND ,2,"Gia thap, tan suat mua trung binh, chiem 6.1% doanh thu"
22300,COFFEE MUG DOG + BALL DESIGN,4,"Gia trung binh, tan suat mua cao, chiem 71.1% doanh thu"
22301,COFFEE MUG CAT + BIRD DESIGN,4,"Gia trung binh, tan suat mua cao, chiem 71.1% doanh thu"
22302,COFFEE MUG PEARS  DESIGN,4,"Gia trung binh, tan suat mua cao, chiem 71.1% doanh thu"
22303,COFFEE MUG APPLES DESIGN,4,"Gia trung binh, tan suat mua cao, chiem 71.1% doanh thu"
22304,COFFEE MUG BLUE PAISLEY DESIGN,2,"Gia thap, tan suat mua trung binh, chiem 6.1% doanh thu"
22305,COFFEE MUG PINK PAISLEY DESIGN,2,"Gia thap, tan suat mua trung binh, chiem 6.1% doanh thu"
22306,SILVER MUG BONE CHINA TREE OF LIFE,2,"Gia thap, tan suat mua trung binh, chiem 6.1% doanh thu"
22307,GOLD MUG BONE CHINA TREE OF LIFE,2,"Gia thap, tan suat mua trung binh, chiem 6.1% doanh thu"
22308,TEA COSY BLUE STRIPE,0,"Gia cao, tan suat mua cao, chiem 21.0% doanh thu"
22309,TEA COSY RED  STRIPE,0,"Gia cao, tan suat mua cao, chiem 21.0% doanh thu"
22310,IVORY KNITTED MUG COSY ,2,"Gia thap, tan suat mua trung binh, chiem 6.1% doanh thu"
22311,OFFICE MUG WARMER BLACK+SILVER ,4,"Gia trung binh, tan suat mua cao, chiem 71.1% doanh thu"
22312,OFFICE MUG WARMER POLKADOT,0,"Gia cao, tan suat mua cao, chiem 21.0% doanh thu"
22313,OFFICE MUG WARMER PINK,2,"Gia thap, tan suat mua trung binh, chiem 6.1% doanh thu"
22314,OFFICE MUG WARMER CHOC+BLUE,0,"Gia cao, tan suat mua cao, chiem 21.0% doanh thu"
22315,200 RED + WHITE BENDY STRAWS,2,"Gia thap, tan suat mua trung binh, chiem 6.1% doanh thu"
22316,200 BENDY SKULL STRAWS,2,"Gia thap, tan suat mua trung binh, chiem 6.1% doanh thu"
22317,FIVE CATS HANGING DECORATION,0,"Gia cao, tan suat mua cao, chiem 21.0% doanh thu"
22318,FIVE HEART HANGING DECORATION,0,"Gia cao, tan suat mua cao, chiem 21.0% doanh thu"
22319,HAIRCLIPS FORTIES FABRIC ASSORTED,2,"Gia thap, tan suat mua trung binh, chiem 6.1% doanh thu"
22320,BIRDS MOBILE VINTAGE DESIGN,0,"Gia cao, tan suat mua cao, chiem 21.0% doanh thu"
22321,BIRD DECORATION RED RETROSPOT,2,"Gia thap, tan suat mua trung binh, chiem 6.1% doanh thu"
22322,BIRD DECORATION GREEN POLKADOT,2,"Gia thap, tan suat mua trung binh, chiem 6.1% doanh thu"
22324,BLUE POLKADOT KIDS BAG,0,"Gia cao, tan suat mua cao, chiem 21.0% doanh thu"
22325,MOBILE VINTAGE HEARTS ,0,"Gia cao, tan suat mua cao, chiem 21.0% doanh thu"
22326,ROUND SNACK BOXES SET OF4 WOODLAND ,4,"Gia trung binh, tan suat mua cao, chiem 71.1% doanh thu"
22327,ROUND SNACK BOXES SET OF 4 SKULLS,0,"Gia cao, tan suat mua cao, chiem 21.0% doanh thu"
22328,ROUND SNACK BOXES SET OF 4 FRUITS ,4,"Gia trung binh, tan suat mua cao, chiem 71.1% doanh thu"
22329,ROUND CONTAINER SET OF 5 RETROSPOT,4,"Gia trung binh, tan suat mua cao, chiem 71.1% doanh thu"
22331,WOODLAND PARTY BAG + STICKER SET,4,"Gia trung binh, tan suat mua cao, chiem 71.1% doanh thu"
22332,SKULLS PARTY BAG + STICKER SET,4,"Gia trung binh, tan suat mua cao, chiem 71.1% doanh thu"
22333,RETROSPOT PARTY BAG + STICKER SET,4,"Gia trung binh, tan suat mua cao, chiem 71.1% doanh thu"
22334,DINOSAUR PARTY BAG + STICKER SET,2,"Gia thap, tan suat mua trung binh, chiem 6.1% doanh thu"
22335,HEART DECORATION PAINTED ZINC ,4,"Gia trung binh, tan suat mua cao, chiem 71.1% doanh thu"
22336,DOVE DECORATION PAINTED ZINC ,2,"Gia thap, tan suat mua trung binh, chiem 6.1% doanh thu"
22337,ANGEL DECORATION PAINTED ZINC ,2,"Gia thap, tan suat mua trung binh, chiem 6.1% doanh thu"
22338,STAR DECORATION PAINTED ZINC ,4,"Gia trung binh, tan suat mua cao, chiem 71.1% doanh thu"
22339,CHRISTMAS TREE PAINTED ZINC ,2,"Gia thap, tan suat mua trung binh, chiem 6.1% doanh thu"
22340,NOEL GARLAND PAINTED ZINC ,2,"Gia thap, tan suat mua trung binh, chiem 6.1% doanh thu"
22341,LOVE GARLAND PAINTED ZINC ,2,"Gia thap, tan suat mua trung binh, chiem 6.1% doanh thu"
22342,HOME GARLAND PAINTED ZINC ,2,"Gia thap, tan suat mua trung binh, chiem 6.1% doanh thu"
22343,PARTY PIZZA DISH RED RETROSPOT,2,"Gia thap, tan suat mua trung binh, chiem 6.1% doanh thu"
22344,PARTY PIZZA DISH PINK POLKADOT,2,"Gia thap, tan suat mua trung binh, chiem 6.1% doanh thu"
22345,PARTY PIZZA DISH BLUE POLKADOT,2,"Gia thap, tan suat mua trung binh, chiem 6.1% doanh thu"
22346,PARTY PIZZA DISH GREEN POLKADOT,2,"Gia thap, tan suat mua trung binh, chiem 6.1% doanh thu"
22348,TEA BAG PLATE RED RETROSPOT,4,"Gia trung binh, tan suat mua cao, chiem 71.1% doanh thu"
22349,DOG BOWL CHASING BALL DESIGN,4,"Gia trung binh, tan suat mua cao, chiem 71.1% doanh thu"
22350,ILLUSTRATED CAT BOWL ,4,"Gia trung binh, tan suat mua cao, chiem 71.1% doanh thu"
22352,LUNCH BOX WITH CUTLERY RETROSPOT ,4,"Gia trung binh, tan suat mua cao, chiem 71.1% doanh thu"
22353,LUNCH BOX WITH CUTLERY FAIRY CAKES ,1,"Gia cao, tan suat mua thap, chiem 1.1% doanh thu"
22354,RETROSPOT PADDED SEAT CUSHION,0,"Gia cao, tan suat mua cao, chiem 21.0% doanh thu"
22355,CHARLOTTE BAG SUKI DESIGN,4,"Gia trung binh, tan suat mua cao, chiem 71.1% doanh thu"
22356,CHARLOTTE BAG PINK POLKADOT,4,"Gia trung binh, tan suat mua cao, chiem 71.1% doanh thu"
22357,KINGS CHOICE BISCUIT TIN,0,"Gia cao, tan suat mua cao, chiem 21.0% doanh thu"
22358,KINGS CHOICE TEA CADDY ,0,"Gia cao, tan suat mua cao, chiem 21.0% doanh thu"
22359,GLASS JAR KINGS CHOICE,0,"Gia cao, tan suat mua cao, chiem 21.0% doanh thu"
22360,GLASS JAR ENGLISH CONFECTIONERY,0,"Gia cao, tan suat mua cao, chiem 21.0% doanh thu"
22361,GLASS JAR DAISY FRESH COTTON WOOL,0,"Gia cao, tan suat mua cao, chiem 21.0% doanh thu"
22362,GLASS JAR PEACOCK BATH SALTS,0,"Gia cao, tan suat mua cao, chiem 21.0% doanh thu"
22363,GLASS JAR MARMALADE ,0,"Gia cao, tan suat mua cao, chiem 21.0% doanh thu"
22364,GLASS JAR DIGESTIVE BISCUITS,0,"Gia cao, tan suat mua cao, chiem 21.0% doanh thu"
22365,DOORMAT RESPECTABLE HOUSE,0,"Gia cao, tan suat mua cao, chiem 21.0% doanh thu"
22366,DOORMAT AIRMAIL ,0,"Gia cao, tan suat mua cao, chiem 21.0% doanh thu"
22367,CHILDRENS APRON SPACEBOY DESIGN,4,"Gia trung binh, tan suat mua cao, chiem 71.1% doanh thu"
22371,AIRLINE BAG VINTAGE TOKYO 78,0,"Gia cao, tan suat mua cao, chiem 21.0% doanh thu"
22372,AIRLINE BAG VINTAGE WORLD CHAMPION ,0,"Gia cao, tan suat mua cao, chiem 21.0% doanh thu"
22374,AIRLINE BAG VINTAGE JET SET RED,0,"Gia cao, tan suat mua cao, chiem 21.0% doanh thu"
22375,AIRLINE BAG VINTAGE JET SET BROWN,0,"Gia cao, tan suat mua cao, chiem 21.0% doanh thu"
22376,AIRLINE BAG VINTAGE JET SET WHITE,0,"Gia cao, tan suat mua cao, chiem 21.0% doanh thu"
22377,BOTTLE BAG RETROSPOT ,4,"Gia trung binh, tan suat mua cao, chiem 71.1% doanh thu"
22378,WALL TIDY RETROSPOT ,4,"Gia trung binh, tan suat mua cao, chiem 71.1% doanh thu"
22379,RECYCLING BAG RETROSPOT ,4,"Gia trung binh, tan suat mua cao, chiem 71.1% doanh thu"
22380,TOY TIDY SPACEBOY  ,0,"Gia cao, tan suat mua cao, chiem 21.0% doanh thu"
22381,TOY TIDY PINK POLKADOT,4,"Gia trung binh, tan suat mua cao, chiem 71.1% doanh thu"
22382,LUNCH BAG SPACEBOY DESIGN ,4,"Gia trung binh, tan suat mua cao, chiem 71.1% doanh thu"
22383,LUNCH BAG SUKI  DESIGN ,4,"Gia trung binh, tan suat mua cao, chiem 71.1% doanh thu"
22384,LUNCH BAG PINK POLKADOT,4,"Gia trung binh, tan suat mua cao, chiem 71.1% doanh thu"
22385,JUMBO BAG SPACEBOY DESIGN,4,"Gia trung binh, tan suat mua cao, chiem 71.1% doanh thu"
22386,JUMBO BAG PINK POLKADOT,4,"Gia trung binh, tan suat mua cao, chiem 71.1% doanh thu"
22389,PAPERWEIGHT SAVE THE PLANET,2,"Gia thap, tan suat mua trung binh, chiem 6.1% doanh thu"
22390,PAPERWEIGHT CHILDHOOD MEMORIES,2,"Gia thap, tan suat mua trung binh, chiem 6.1% doanh thu"
22391,PAPERWEIGHT HOME SWEET HOME,2,"Gia thap, tan suat mua trung binh, chiem 6.1% doanh thu"
22393,PAPERWEIGHT VINTAGE COLLAGE,2,"Gia thap, tan suat mua trung binh, chiem 6.1% doanh thu"
22394,PAPERWEIGHT KINGS CHOICE ,2,"Gia thap, tan suat mua trung binh, chiem 6.1% doanh thu"
22395,PAPERWEIGHT VINTAGE PAISLEY,2,"Gia thap, tan suat mua trung binh, chiem 6.1% doanh thu"
22396,MAGNETS PACK OF 4 RETRO PHOTO,2,"Gia thap, tan suat mua trung binh, chiem 6.1% doanh thu"
22398,MAGNETS PACK OF 4 SWALLOWS,4,"Gia trung binh, tan suat mua cao, chiem 71.1% doanh thu"
22399,MAGNETS PACK OF 4 CHILDHOOD MEMORY,2,"Gia thap, tan suat mua trung binh, chiem 6.1% doanh thu"
22400,MAGNETS PACK OF 4 HOME SWEET HOME,2,"Gia thap, tan suat mua trung binh, chiem 6.1% doanh thu"
22402,MAGNETS PACK OF 4 VINTAGE COLLAGE,4,"Gia trung binh, tan suat mua cao, chiem 71.1% doanh thu"
22403,MAGNETS PACK OF 4 VINTAGE LABELS ,2,"Gia thap, tan suat mua trung binh, chiem 6.1% doanh thu"
22405,MONEY BOX POCKET MONEY DESIGN,2,"Gia thap, tan suat mua trung binh, chiem 6.1% doanh thu"
22406,MONEY BOX KINGS CHOICE DESIGN,2,"Gia thap, tan suat mua trung binh, chiem 6.1% doanh thu"
22407,MONEY BOX FIRST ADE DESIGN,1,"Gia cao, tan suat mua thap, chiem 1.1% doanh thu"
22408,MONEY BOX CONFECTIONERY DESIGN,2,"Gia thap, tan suat mua trung binh, chiem 6.1% doanh thu"
22409,MONEY BOX BISCUITS DESIGN,2,"Gia thap, tan suat mua trung binh, chiem 6.1% doanh thu"
22410,MONEY BOX HOUSEKEEPING DESIGN,2,"Gia thap, tan suat mua trung binh, chiem 6.1% doanh thu"
22411,JUMBO SHOPPER VINTAGE RED PAISLEY,4,"Gia trung binh, tan suat mua cao, chiem 71.1% doanh thu"
22412,METAL SIGN NEIGHBOURHOOD WITCH ,4,"Gia trung binh, tan suat mua cao, chiem 71.1% doanh thu"
22413,METAL SIGN TAKE IT OR LEAVE IT ,4,"Gia trung binh, tan suat mua cao, chiem 71.1% doanh thu"
22414,DOORMAT NEIGHBOURHOOD WITCH ,0,"Gia cao, tan suat mua cao, chiem 21.0% doanh thu"
22415,WHITE TISSUE REAM,1,"Gia cao, tan suat mua thap, chiem 1.1% doanh thu"
22416,SET OF 36 DOILIES SPACEBOY DESIGN ,2,"Gia thap, tan suat mua trung binh, chiem 6.1% doanh thu"
22417,PACK OF 60 SPACEBOY CAKE CASES,4,"Gia trung binh, tan suat mua cao, chiem 71.1% doanh thu"
22418,10 COLOUR SPACEBOY PEN,4,"Gia trung binh, tan suat mua cao, chiem 71.1% doanh thu"
22419,LIPSTICK PEN RED,4,"Gia trung binh, tan suat mua cao, chiem 71.1% doanh thu"
22420,LIPSTICK PEN BABY PINK,2,"Gia thap, tan suat mua trung binh, chiem 6.1% doanh thu"
22421,LIPSTICK PEN FUSCHIA,4,"Gia trung binh, tan suat mua cao, chiem 71.1% doanh thu"
22422,TOOTHPASTE TUBE PEN,2,"Gia thap, tan suat mua trung binh, chiem 6.1% doanh thu"
22423,REGENCY CAKESTAND 3 TIER,4,"Gia trung binh, tan suat mua cao, chiem 71.1% doanh thu"
22424,ENAMEL BREAD BIN CREAM,0,"Gia cao, tan suat mua cao, chiem 21.0% doanh thu"
22425,ENAMEL COLANDER CREAM,0,"Gia cao, tan suat mua cao, chiem 21.0% doanh thu"
22426,ENAMEL WASH BOWL CREAM,0,"Gia cao, tan suat mua cao, chiem 21.0% doanh thu"
22427,ENAMEL FLOWER JUG CREAM,0,"Gia cao, tan suat mua cao, chiem 21.0% doanh thu"
22428,ENAMEL FIRE BUCKET CREAM,0,"Gia cao, tan suat mua cao, chiem 21.0% doanh thu"
22429,ENAMEL MEASURING JUG CREAM,0,"Gia cao, tan suat mua cao, chiem 21.0% doanh thu"
22430,ENAMEL WATERING CAN CREAM,0,"Gia cao, tan suat mua cao, chiem 21.0% doanh thu"
22431,WATERING CAN BLUE ELEPHANT,4,"Gia trung binh, tan suat mua cao, chiem 71.1% doanh thu"
22432,WATERING CAN PINK BUNNY,4,"Gia trung binh, tan suat mua cao, chiem 71.1% doanh thu"
22433,WATERING CAN GREEN DINOSAUR,4,"Gia trung binh, tan suat mua cao, chiem 71.1% doanh thu"
22434,BALLOON PUMP WITH 10 BALLOONS,2,"Gia thap, tan suat mua trung binh, chiem 6.1% doanh thu"
22435,SET OF 9 HEART SHAPED BALLOONS,4,"Gia trung binh, tan suat mua cao, chiem 71.1% doanh thu"
22436,12 COLOURED PARTY BALLOONS,4,"Gia trung binh, tan suat mua cao, chiem 71.1% doanh thu"
22437,SET OF 9 BLACK SKULL BALLOONS,4,"Gia trung binh, tan suat mua cao, chiem 71.1% doanh thu"
22438,BALLOON ART MAKE YOUR OWN FLOWERS,2,"Gia thap, tan suat mua trung binh, chiem 6.1% doanh thu"
22439,6 ROCKET BALLOONS ,4,"Gia trung binh, tan suat mua cao, chiem 71.1% doanh thu"
22440,BALLOON WATER BOMB PACK OF 35,4,"Gia trung binh, tan suat mua cao, chiem 71.1% doanh thu"
22441,GROW YOUR OWN BASIL IN ENAMEL MUG,0,"Gia cao, tan suat mua cao, chiem 21.0% doanh thu"
22442,GROW YOUR OWN FLOWERS SET OF 3,0,"Gia cao, tan suat mua cao, chiem 21.0% doanh thu"
22443,GROW YOUR OWN HERBS SET OF 3,0,"Gia cao, tan suat mua cao, chiem 21.0% doanh thu"
22444,GROW YOUR OWN PLANT IN A CAN ,2,"Gia thap, tan suat mua trung binh, chiem 6.1% doanh thu"
22445,PENCIL CASE LIFE IS BEAUTIFUL,0,"Gia cao, tan suat mua cao, chiem 21.0% doanh thu"
22446,PIN CUSHION BABUSHKA PINK,0,"Gia cao, tan suat mua cao, chiem 21.0% doanh thu"
22447,PIN CUSHION BABUSHKA BLUE,0,"Gia cao, tan suat mua cao, chiem 21.0% doanh thu"
22448,PIN CUSHION BABUSHKA RED,0,"Gia cao, tan suat mua cao, chiem 21.0% doanh thu"
22449,SILK PURSE BABUSHKA PINK,0,"Gia cao, tan suat mua cao, chiem 21.0% doanh thu"
22450,SILK PURSE BABUSHKA BLUE,0,"Gia cao, tan suat mua cao, chiem 21.0% doanh thu"
22451,SILK PURSE BABUSHKA RED,0,"Gia cao, tan suat mua cao, chiem 21.0% doanh thu"
22452,MEASURING TAPE BABUSHKA PINK,0,"Gia cao, tan suat mua cao, chiem 21.0% doanh thu"
22453,MEASURING TAPE BABUSHKA BLUE,0,"Gia cao, tan suat mua cao, chiem 21.0% doanh thu"
22454,MEASURING TAPE BABUSHKA RED,2,"Gia thap, tan suat mua trung binh, chiem 6.1% doanh thu"
22456,NATURAL SLATE CHALKBOARD LARGE ,0,"Gia cao, tan suat mua cao, chiem 21.0% doanh thu"
22457,NATURAL SLATE HEART CHALKBOARD ,4,"Gia trung binh, tan suat mua cao, chiem 71.1% doanh thu"
22458,CAST IRON HOOK GARDEN FORK,2,"Gia thap, tan suat mua trung binh, chiem 6.1% doanh thu"
22459,CAST IRON HOOK GARDEN TROWEL,2,"Gia thap, tan suat mua trung binh, chiem 6.1% doanh thu"
22460,EMBOSSED GLASS TEALIGHT HOLDER,4,"Gia trung binh, tan suat mua cao, chiem 71.1% doanh thu"
22461,SAVOY ART DECO CLOCK,0,"Gia cao, tan suat mua cao, chiem 21.0% doanh thu"
22464,HANGING METAL HEART LANTERN,4,"Gia trung binh, tan suat mua cao, chiem 71.1% doanh thu"
22465,HANGING METAL STAR LANTERN,4,"Gia trung binh, tan suat mua cao, chiem 71.1% doanh thu"
22466,FAIRY TALE COTTAGE NIGHTLIGHT,4,"Gia trung binh, tan suat mua cao, chiem 71.1% doanh thu"
22467,GUMBALL COAT RACK,4,"Gia trung binh, tan suat mua cao, chiem 71.1% doanh thu"
22468,BABUSHKA LIGHTS STRING OF 10,0,"Gia cao, tan suat mua cao, chiem 21.0% doanh thu"
22469,HEART OF WICKER SMALL,4,"Gia trung binh, tan suat mua cao, chiem 71.1% doanh thu"
22470,HEART OF WICKER LARGE,4,"Gia trung binh, tan suat mua cao, chiem 71.1% doanh thu"
22471,TV DINNER TRAY AIR HOSTESS ,0,"Gia cao, tan suat mua cao, chiem 21.0% doanh thu"
22472,TV DINNER TRAY DOLLY GIRL,0,"Gia cao, tan suat mua cao, chiem 21.0% doanh thu"
22473,TV DINNER TRAY VINTAGE PAISLEY,0,"Gia cao, tan suat mua cao, chiem 21.0% doanh thu"
22474,SPACEBOY TV DINNER TRAY,0,"Gia cao, tan suat mua cao, chiem 21.0% doanh thu"
22475,SKULL DESIGN TV DINNER TRAY,0,"Gia cao, tan suat mua cao, chiem 21.0% doanh thu"
22476,EMPIRE UNION JACK TV DINNER TRAY,4,"Gia trung binh, tan suat mua cao, chiem 71.1% doanh thu"
22477,WATERING CAN GARDEN MARKER,4,"Gia trung binh, tan suat mua cao, chiem 71.1% doanh thu"
22478,BIRDHOUSE GARDEN MARKER ,4,"Gia trung binh, tan suat mua cao, chiem 71.1% doanh thu"
22479,DAISY GARDEN MARKER,2,"Gia thap, tan suat mua trung binh, chiem 6.1% doanh thu"
22480,RED TEA TOWEL CLASSIC DESIGN,2,"Gia thap, tan suat mua trung binh, chiem 6.1% doanh thu"
22481,BLACK TEA TOWEL CLASSIC DESIGN,2,"Gia thap, tan suat mua trung binh, chiem 6.1% doanh thu"
22482,BLUE TEA TOWEL CLASSIC DESIGN,2,"Gia thap, tan suat mua trung binh, chiem 6.1% doanh thu"
22483,RED GINGHAM TEDDY BEAR ,0,"Gia cao, tan suat mua cao, chiem 21.0% doanh thu"
22485,SET OF 2 WOODEN MARKET CRATES,0,"Gia cao, tan suat mua cao, chiem 21.0% doanh thu"
22486,PLASMATRONIC LAMP,1,"Gia cao, tan suat mua thap, chiem 1.1% doanh thu"
22487,WHITE WOOD GARDEN PLANT LADDER,0,"Gia cao, tan suat mua cao, chiem 21.0% doanh thu"
22488,NATURAL SLATE RECTANGLE CHALKBOARD,4,"Gia trung binh, tan suat mua cao, chiem 71.1% doanh thu"
22489,PACK OF 12 TRADITIONAL CRAYONS,4,"Gia trung binh, tan suat mua cao, chiem 71.1% doanh thu"
22491,PACK OF 12 COLOURED PENCILS,4,"Gia trung binh, tan suat mua cao, chiem 71.1% doanh thu"
22492,MINI PAINT SET VINTAGE ,4,"Gia trung binh, tan suat mua cao, chiem 71.1% doanh thu"
22493,PAINT YOUR OWN CANVAS SET,4,"Gia trung binh, tan suat mua cao, chiem 71.1% doanh thu"
22494,EMERGENCY FIRST AID TIN ,4,"Gia trung binh, tan suat mua cao, chiem 71.1% doanh thu"
22495,SET OF 2 ROUND TINS CAMEMBERT ,0,"Gia cao, tan suat mua cao, chiem 21.0% doanh thu"
22496,SET OF 2 ROUND TINS DUTCH CHEESE,0,"Gia cao, tan suat mua cao, chiem 21.0% doanh thu"
22497,SET OF 2 TINS VINTAGE BATHROOM ,0,"Gia cao, tan suat mua cao, chiem 21.0% doanh thu"
22498,WOODEN REGATTA BUNTING,0,"Gia cao, tan suat mua cao, chiem 21.0% doanh thu"
22499,WOODEN UNION JACK BUNTING,0,"Gia cao, tan suat mua cao, chiem 21.0% doanh thu"
22500,SET OF 2 TINS JARDIN DE PROVENCE,0,"Gia cao, tan suat mua cao, chiem 21.0% doanh thu"
22501,PICNIC BASKET WICKER LARGE,0,"Gia cao, tan suat mua cao, chiem 21.0% doanh thu"
22502,PICNIC BASKET WICKER SMALL,0,"Gia cao, tan suat mua cao, chiem 21.0% doanh thu"
22503,CABIN BAG VINTAGE PAISLEY,0,"Gia cao, tan suat mua cao, chiem 21.0% doanh thu"
22504,CABIN BAG VINTAGE RETROSPOT,0,"Gia cao, tan suat mua cao, chiem 21.0% doanh thu"
22505,MEMO BOARD COTTAGE DESIGN,0,"Gia cao, tan suat mua cao, chiem 21.0% doanh thu"
22507,MEMO BOARD RETROSPOT  DESIGN,4,"Gia trung binh, tan suat mua cao, chiem 71.1% doanh thu"
22508,DOORSTOP RETROSPOT HEART,4,"Gia trung binh, tan suat mua cao, chiem 71.1% doanh thu"
22509,SEWING BOX RETROSPOT DESIGN ,0,"Gia cao, tan suat mua cao, chiem 21.0% doanh thu"
22510,GINGHAM BABUSHKA DOORSTOP,2,"Gia thap, tan suat mua trung binh, chiem 6.1% doanh thu"
22511,RETROSPOT BABUSHKA DOORSTOP,2,"Gia thap, tan suat mua trung binh, chiem 6.1% doanh thu"
22512,DOORSTOP RACING CAR DESIGN,1,"Gia cao, tan suat mua thap, chiem 1.1% doanh thu"
22513,DOORSTOP FOOTBALL DESIGN,0,"Gia cao, tan suat mua cao, chiem 21.0% doanh thu"
22514,CHILDS GARDEN SPADE BLUE,0,"Gia cao, tan suat mua cao, chiem 21.0% doanh thu"
22515,CHILDS GARDEN SPADE PINK,0,"Gia cao, tan suat mua cao, chiem 21.0% doanh thu"
22516,CHILDS GARDEN RAKE BLUE,0,"Gia cao, tan suat mua cao, chiem 21.0% doanh thu"
22517,CHILDS GARDEN RAKE PINK,0,"Gia cao, tan suat mua cao, chiem 21.0% doanh thu"
22518,CHILDS GARDEN BRUSH BLUE,0,"Gia cao, tan suat mua cao, chiem 21.0% doanh thu"
22519,CHILDS GARDEN BRUSH PINK,0,"Gia cao, tan suat mua cao, chiem 21.0% doanh thu"
22520,CHILDS GARDEN TROWEL BLUE ,2,"Gia thap, tan suat mua trung binh, chiem 6.1% doanh thu"
22521,CHILDS GARDEN TROWEL PINK,2,"Gia thap, tan suat mua trung binh, chiem 6.1% doanh thu"
22522,CHILDS GARDEN FORK BLUE ,2,"Gia thap, tan suat mua trung binh, chiem 6.1% doanh thu"
22523,CHILDS GARDEN FORK PINK,2,"Gia thap, tan suat mua trung binh, chiem 6.1% doanh thu"
22524,CHILDRENS GARDEN GLOVES BLUE,2,"Gia thap, tan suat mua trung binh, chiem 6.1% doanh thu"
22525,CHILDRENS GARDEN GLOVES PINK,2,"Gia thap, tan suat mua trung binh, chiem 6.1% doanh thu"
22526,WHEELBARROW FOR CHILDREN ,0,"Gia cao, tan suat mua cao, chiem 21.0% doanh thu"
22529,MAGIC DRAWING SLATE GO TO THE FAIR ,2,"Gia thap, tan suat mua trung binh, chiem 6.1% doanh thu"
22530,MAGIC DRAWING SLATE DOLLY GIRL ,4,"Gia trung binh, tan suat mua cao, chiem 71.1% doanh thu"
22531,MAGIC DRAWING SLATE CIRCUS PARADE  ,4,"Gia trung binh, tan suat mua cao, chiem 71.1% doanh thu"
22532,MAGIC DRAWING SLATE LEAP FROG ,2,"Gia thap, tan suat mua trung binh, chiem 6.1% doanh thu"
22533,MAGIC DRAWING SLATE BAKE A CAKE ,2,"Gia thap, tan suat mua trung binh, chiem 6.1% doanh thu"
22534,MAGIC DRAWING SLATE SPACEBOY ,4,"Gia trung binh, tan suat mua cao, chiem 71.1% doanh thu"
22535,MAGIC DRAWING SLATE BUNNIES ,2,"Gia thap, tan suat mua trung binh, chiem 6.1% doanh thu"
22536,MAGIC DRAWING SLATE PURDEY,4,"Gia trung binh, tan suat mua cao, chiem 71.1% doanh thu"
22537,MAGIC DRAWING SLATE DINOSAUR,4,"Gia trung binh, tan suat mua cao, chiem 71.1% doanh thu"
22538,MINI JIGSAW GO TO THE FAIR,2,"Gia thap, tan suat mua trung binh, chiem 6.1% doanh thu"
22539,MINI JIGSAW DOLLY GIRL,4,"Gia trung binh, tan suat mua cao, chiem 71.1% doanh thu"
22540,MINI JIGSAW CIRCUS PARADE ,2,"Gia thap, tan suat mua trung binh, chiem 6.1% doanh thu"
22541,MINI JIGSAW LEAP FROG,2,"Gia thap, tan suat mua trung binh, chiem 6.1% doanh thu"
22543,MINI JIGSAW BAKE A CAKE ,2,"Gia thap, tan suat mua trung binh, chiem 6.1% doanh thu"
22544,MINI JIGSAW SPACEBOY,4,"Gia trung binh, tan suat mua cao, chiem 71.1% doanh thu"
22545,MINI JIGSAW BUNNIES,2,"Gia thap, tan suat mua trung binh, chiem 6.1% doanh thu"
22546,MINI JIGSAW PURDEY,2,"Gia thap, tan suat mua trung binh, chiem 6.1% doanh thu"
22547,MINI JIGSAW DINOSAUR ,2,"Gia thap, tan suat mua trung binh, chiem 6.1% doanh thu"
22548,HEADS AND TAILS SPORTING FUN,4,"Gia trung binh, tan suat mua cao, chiem 71.1% doanh thu"
22549,PICTURE DOMINOES,4,"Gia trung binh, tan suat mua cao, chiem 71.1% doanh thu"
22550,HOLIDAY FUN LUDO,4,"Gia trung binh, tan suat mua cao, chiem 71.1% doanh thu"
22551,PLASTERS IN TIN SPACEBOY,4,"Gia trung binh, tan suat mua cao, chiem 71.1% doanh thu"
22553,PLASTERS IN TIN SKULLS,4,"Gia trung binh, tan suat mua cao, chiem 71.1% doanh thu"
22554,PLASTERS IN TIN WOODLAND ANIMALS,4,"Gia trung binh, tan suat mua cao, chiem 71.1% doanh thu"
22555,PLASTERS IN TIN STRONGMAN,4,"Gia trung binh, tan suat mua cao, chiem 71.1% doanh thu"
22556,PLASTERS IN TIN CIRCUS PARADE ,4,"Gia trung binh, tan suat mua cao, chiem 71.1% doanh thu"
22557,PLASTERS IN TIN VINTAGE PAISLEY ,4,"Gia trung binh, tan suat mua cao, chiem 71.1% doanh thu"
22558,CLOTHES PEGS RETROSPOT PACK 24 ,4,"Gia trung binh, tan suat mua cao, chiem 71.1% doanh thu"
22559,SEASIDE FLYING DISC,2,"Gia thap, tan suat mua trung binh, chiem 6.1% doanh thu"
22560,TRADITIONAL MODELLING CLAY,4,"Gia trung binh, tan suat mua cao, chiem 71.1% doanh thu"
22561,WOODEN SCHOOL COLOURING SET,4,"Gia trung binh, tan suat mua cao, chiem 71.1% doanh thu"
22562,MONSTERS STENCIL CRAFT,4,"Gia trung binh, tan suat mua cao, chiem 71.1% doanh thu"
22563,HAPPY STENCIL CRAFT,4,"Gia trung binh, tan suat mua cao, chiem 71.1% doanh thu"
22564,ALPHABET STENCIL CRAFT,4,"Gia trung binh, tan suat mua cao, chiem 71.1% doanh thu"
22565,FELTCRAFT HAIRBANDS PINK AND WHITE ,2,"Gia thap, tan suat mua trung binh, chiem 6.1% doanh thu"
22566,FELTCRAFT HAIRBAND PINK AND PURPLE,2,"Gia thap, tan suat mua trung binh, chiem 6.1% doanh thu"
22567,20 DOLLY PEGS RETROSPOT,4,"Gia trung binh, tan suat mua cao, chiem 71.1% doanh thu"
22568,FELTCRAFT CUSHION OWL,4,"Gia trung binh, tan suat mua cao, chiem 71.1% doanh thu"
22569,FELTCRAFT CUSHION BUTTERFLY,4,"Gia trung binh, tan suat mua cao, chiem 71.1% doanh thu"
22570,FELTCRAFT CUSHION RABBIT,4,"Gia trung binh, tan suat mua cao, chiem 71.1% doanh thu"
22571,ROCKING HORSE RED CHRISTMAS ,4,"Gia trung binh, tan suat mua cao, chiem 71.1% doanh thu"
22572,ROCKING HORSE GREEN CHRISTMAS ,4,"Gia trung binh, tan suat mua cao, chiem 71.1% doanh thu"
22573,STAR WOODEN CHRISTMAS DECORATION,4,"Gia trung binh, tan suat mua cao, chiem 71.1% doanh thu"
22574,HEART WOODEN CHRISTMAS DECORATION,4,"Gia trung binh, tan suat mua cao, chiem 71.1% doanh thu"
22575,METAL MERRY CHRISTMAS WREATH,2,"Gia thap, tan suat mua trung binh, chiem 6.1% doanh thu"
22576,SWALLOW WOODEN CHRISTMAS DECORATION,4,"Gia trung binh, tan suat mua cao, chiem 71.1% doanh thu"
22577,WOODEN HEART CHRISTMAS SCANDINAVIAN,4,"Gia trung binh, tan suat mua cao, chiem 71.1% doanh thu"
22578,WOODEN STAR CHRISTMAS SCANDINAVIAN,4,"Gia trung binh, tan suat mua cao, chiem 71.1% doanh thu"
22579,WOODEN TREE CHRISTMAS SCANDINAVIAN,4,"Gia trung binh, tan suat mua cao, chiem 71.1% doanh thu"
22580,ADVENT CALENDAR GINGHAM SACK,0,"Gia cao, tan suat mua cao, chiem 21.0% doanh thu"
22581,WOOD STOCKING CHRISTMAS SCANDISPOT,4,"Gia trung binh, tan suat mua cao, chiem 71.1% doanh thu"
22582,PACK OF 6 SWEETIE GIFT BOXES,4,"Gia trung binh, tan suat mua cao, chiem 71.1% doanh thu"
22583,PACK OF 6 HANDBAG GIFT BOXES,0,"Gia cao, tan suat mua cao, chiem 21.0% doanh thu"
22584,PACK OF 6 PANNETONE GIFT BOXES,4,"Gia trung binh, tan suat mua cao, chiem 71.1% doanh thu"
22585,PACK OF 6 BIRDY GIFT TAGS,4,"Gia trung binh, tan suat mua cao, chiem 71.1% doanh thu"
22586,FELTCRAFT HAIRBAND PINK AND BLUE,2,"Gia thap, tan suat mua trung binh, chiem 6.1% doanh thu"
22587,FELTCRAFT HAIRBAND RED AND BLUE,2,"Gia thap, tan suat mua trung binh, chiem 6.1% doanh thu"
22588,CARD HOLDER GINGHAM HEART,0,"Gia cao, tan suat mua cao, chiem 21.0% doanh thu"
22589,CARDHOLDER GINGHAM STAR,0,"Gia cao, tan suat mua cao, chiem 21.0% doanh thu"
22591,CARDHOLDER GINGHAM CHRISTMAS TREE,0,"Gia cao, tan suat mua cao, chiem 21.0% doanh thu"
22592,CARDHOLDER HOLLY WREATH METAL,0,"Gia cao, tan suat mua cao, chiem 21.0% doanh thu"
22593,CHRISTMAS GINGHAM STAR,4,"Gia trung binh, tan suat mua cao, chiem 71.1% doanh thu"
22594,CHRISTMAS GINGHAM TREE,4,"Gia trung binh, tan suat mua cao, chiem 71.1% doanh thu"
22595,CHRISTMAS GINGHAM HEART,4,"Gia trung binh, tan suat mua cao, chiem 71.1% doanh thu"
22596,CHRISTMAS STAR WISH LIST CHALKBOARD,4,"Gia trung binh, tan suat mua cao, chiem 71.1% doanh thu"
22597,CHRISTMAS MUSICAL ZINC HEART ,4,"Gia trung binh, tan suat mua cao, chiem 71.1% doanh thu"
22598,CHRISTMAS MUSICAL ZINC TREE,2,"Gia thap, tan suat mua trung binh, chiem 6.1% doanh thu"
22599,CHRISTMAS MUSICAL ZINC STAR,2,"Gia thap, tan suat mua trung binh, chiem 6.1% doanh thu"
22600,CHRISTMAS RETROSPOT STAR WOOD,4,"Gia trung binh, tan suat mua cao, chiem 71.1% doanh thu"
22601,CHRISTMAS RETROSPOT ANGEL WOOD,4,"Gia trung binh, tan suat mua cao, chiem 71.1% doanh thu"
22602,CHRISTMAS RETROSPOT HEART WOOD,4,"Gia trung binh, tan suat mua cao, chiem 71.1% doanh thu"
22603,CHRISTMAS RETROSPOT TREE WOOD,4,"Gia trung binh, tan suat mua cao, chiem 71.1% doanh thu"
22604,SET OF 4 NAPKIN CHARMS CUTLERY,4,"Gia trung binh, tan suat mua cao, chiem 71.1% doanh thu"
22605,WOODEN CROQUET GARDEN SET,0,"Gia cao, tan suat mua cao, chiem 21.0% doanh thu"
22606,WOODEN SKITTLES GARDEN SET,0,"Gia cao, tan suat mua cao, chiem 21.0% doanh thu"
22607,WOODEN ROUNDERS GARDEN SET ,0,"Gia cao, tan suat mua cao, chiem 21.0% doanh thu"
22608,PENS ASSORTED FUNKY JEWELED ,4,"Gia trung binh, tan suat mua cao, chiem 71.1% doanh thu"
22609,PENS ASSORTED SPACEBALL,4,"Gia trung binh, tan suat mua cao, chiem 71.1% doanh thu"
22610,PENS ASSORTED FUNNY FACE,4,"Gia trung binh, tan suat mua cao, chiem 71.1% doanh thu"
22611,VINTAGE UNION JACK SHOPPING BAG,0,"Gia cao, tan suat mua cao, chiem 21.0% doanh thu"
22613,PACK OF 20 SPACEBOY NAPKINS,4,"Gia trung binh, tan suat mua cao, chiem 71.1% doanh thu"
22614,PACK OF 12 SPACEBOY TISSUES,4,"Gia trung binh, tan suat mua cao, chiem 71.1% doanh thu"
22615,PACK OF 12 CIRCUS PARADE TISSUES ,2,"Gia thap, tan suat mua trung binh, chiem 6.1% doanh thu"
22616,PACK OF 12 LONDON TISSUES ,4,"Gia trung binh, tan suat mua cao, chiem 71.1% doanh thu"
22617,BAKING SET SPACEBOY DESIGN,4,"Gia trung binh, tan suat mua cao, chiem 71.1% doanh thu"
22618,COOKING SET RETROSPOT,0,"Gia cao, tan suat mua cao, chiem 21.0% doanh thu"
22619,SET OF 6 SOLDIER SKITTLES,4,"Gia trung binh, tan suat mua cao, chiem 71.1% doanh thu"
22620,4 TRADITIONAL SPINNING TOPS,4,"Gia trung binh, tan suat mua cao, chiem 71.1% doanh thu"
22621,TRADITIONAL KNITTING NANCY,4,"Gia trung binh, tan suat mua cao, chiem 71.1% doanh thu"
22622,BOX OF VINTAGE ALPHABET BLOCKS,0,"Gia cao, tan suat mua cao, chiem 21.0% doanh thu"
22623,BOX OF VINTAGE JIGSAW BLOCKS ,0,"Gia cao, tan suat mua cao, chiem 21.0% doanh thu"
22624,IVORY KITCHEN SCALES,0,"Gia cao, tan suat mua cao, chiem 21.0% doanh thu"
22625,RED KITCHEN SCALES,0,"Gia cao, tan suat mua cao, chiem 21.0% doanh thu"
22626,BLACK KITCHEN SCALES,0,"Gia cao, tan suat mua cao, chiem 21.0% doanh thu"
22627,MINT KITCHEN SCALES,0,"Gia cao, tan suat mua cao, chiem 21.0% doanh thu"
22628,PICNIC BOXES SET OF 3 RETROSPOT ,0,"Gia cao, tan suat mua cao, chiem 21.0% doanh thu"
22629,SPACEBOY LUNCH BOX ,4,"Gia trung binh, tan suat mua cao, chiem 71.1% doanh thu"
22630,DOLLY GIRL LUNCH BOX,4,"Gia trung binh, tan suat mua cao, chiem 71.1% doanh thu"
22631,CIRCUS PARADE LUNCH BOX ,4,"Gia trung binh, tan suat mua cao, chiem 71.1% doanh thu"
22632,HAND WARMER RED POLKA DOT,4,"Gia trung binh, tan suat mua cao, chiem 71.1% doanh thu"
22633,HAND WARMER UNION JACK,4,"Gia trung binh, tan suat mua cao, chiem 71.1% doanh thu"
22634,CHILDS BREAKFAST SET SPACEBOY ,0,"Gia cao, tan suat mua cao, chiem 21.0% doanh thu"
22635,CHILDS BREAKFAST SET DOLLY GIRL ,0,"Gia cao, tan suat mua cao, chiem 21.0% doanh thu"
22636,CHILDS BREAKFAST SET CIRCUS PARADE,0,"Gia cao, tan suat mua cao, chiem 21.0% doanh thu"
22637,PIGGY BANK RETROSPOT ,4,"Gia trung binh, tan suat mua cao, chiem 71.1% doanh thu"
22638,SET OF 4 NAPKIN CHARMS CROWNS ,2,"Gia thap, tan suat mua trung binh, chiem 6.1% doanh thu"
22639,SET OF 4 NAPKIN CHARMS HEARTS,0,"Gia cao, tan suat mua cao, chiem 21.0% doanh thu"
22640,SET OF 4 NAPKIN CHARMS 3 KEYS ,2,"Gia thap, tan suat mua trung binh, chiem 6.1% doanh thu"
22641,SET OF 4 NAPKIN CHARMS INSTRUMENT,2,"Gia thap, tan suat mua trung binh, chiem 6.1% doanh thu"
22642,SET OF 4 NAPKIN CHARMS STARS   ,2,"Gia thap, tan suat mua trung binh, chiem 6.1% doanh thu"
22643,SET OF 4 NAPKIN CHARMS LEAVES   ,2,"Gia thap, tan suat mua trung binh, chiem 6.1% doanh thu"
22644,CERAMIC CHERRY CAKE MONEY BANK,4,"Gia trung binh, tan suat mua cao, chiem 71.1% doanh thu"
22645,CERAMIC HEART FAIRY CAKE MONEY BANK,4,"Gia trung binh, tan suat mua cao, chiem 71.1% doanh thu"
22646,CERAMIC STRAWBERRY CAKE MONEY BANK,4,"Gia trung binh, tan suat mua cao, chiem 71.1% doanh thu"
22647,CERAMIC LOVE HEART MONEY BANK,2,"Gia thap, tan suat mua trung binh, chiem 6.1% doanh thu"
22649,STRAWBERRY FAIRY CAKE TEAPOT,0,"Gia cao, tan suat mua cao, chiem 21.0% doanh thu"
22650,CERAMIC PIRATE CHEST MONEY BANK,2,"Gia thap, tan suat mua trung binh, chiem 6.1% doanh thu"
22651,GENTLEMAN SHIRT REPAIR KIT ,4,"Gia trung binh, tan suat mua cao, chiem 71.1% doanh thu"
22652,TRAVEL SEWING KIT,4,"Gia trung binh, tan suat mua cao, chiem 71.1% doanh thu"
22653,BUTTON BOX ,4,"Gia trung binh, tan suat mua cao, chiem 71.1% doanh thu"
22654,DELUXE SEWING KIT ,0,"Gia cao, tan suat mua cao, chiem 21.0% doanh thu"
22655,VINTAGE RED KITCHEN CABINET,0,"Gia cao, tan suat mua cao, chiem 21.0% doanh thu"
22656,VINTAGE BLUE KITCHEN CABINET,0,"Gia cao, tan suat mua cao, chiem 21.0% doanh thu"
22659,LUNCH BOX I LOVE LONDON,4,"Gia trung binh, tan suat mua cao, chiem 71.1% doanh thu"
22660,DOORMAT I LOVE LONDON,0,"Gia cao, tan suat mua cao, chiem 21.0% doanh thu"
22661,CHARLOTTE BAG DOLLY GIRL DESIGN,4,"Gia trung binh, tan suat mua cao, chiem 71.1% doanh thu"
22662,LUNCH BAG DOLLY GIRL DESIGN,4,"Gia trung binh, tan suat mua cao, chiem 71.1% doanh thu"
22663,JUMBO BAG DOLLY GIRL DESIGN,4,"Gia trung binh, tan suat mua cao, chiem 71.1% doanh thu"
22664,TOY TIDY DOLLY GIRL DESIGN,0,"Gia cao, tan suat mua cao, chiem 21.0% doanh thu"
22665,RECIPE BOX BLUE SKETCHBOOK DESIGN,0,"Gia cao, tan suat mua cao, chiem 21.0% doanh thu"
22666,RECIPE BOX PANTRY YELLOW DESIGN,4,"Gia trung binh, tan suat mua cao, chiem 71.1% doanh thu"
22667,RECIPE BOX RETROSPOT ,4,"Gia trung binh, tan suat mua cao, chiem 71.1% doanh thu"
22668,PINK BABY BUNTING,4,"Gia trung binh, tan suat mua cao, chiem 71.1% doanh thu"
22669,RED BABY BUNTING ,0,"Gia cao, tan suat mua cao, chiem 21.0% doanh thu"
22670,FRENCH WC SIGN BLUE METAL,4,"Gia trung binh, tan suat mua cao, chiem 71.1% doanh thu"
22671,FRENCH LAUNDRY SIGN BLUE METAL,4,"Gia trung binh, tan suat mua cao, chiem 71.1% doanh thu"
22672,FRENCH BATHROOM SIGN BLUE METAL,4,"Gia trung binh, tan suat mua cao, chiem 71.1% doanh thu"
22673,FRENCH GARDEN SIGN BLUE METAL,2,"Gia thap, tan suat mua trung binh, chiem 6.1% doanh thu"
22674,FRENCH TOILET SIGN BLUE METAL,4,"Gia trung binh, tan suat mua cao, chiem 71.1% doanh thu"
22675,FRENCH KITCHEN SIGN BLUE METAL,4,"Gia trung binh, tan suat mua cao, chiem 71.1% doanh thu"
22676,FRENCH BLUE METAL DOOR SIGN 1,4,"Gia trung binh, tan suat mua cao, chiem 71.1% doanh thu"
22677,FRENCH BLUE METAL DOOR SIGN 2,2,"Gia thap, tan suat mua trung binh, chiem 6.1% doanh thu"
22678,FRENCH BLUE METAL DOOR SIGN 3,2,"Gia thap, tan suat mua trung binh, chiem 6.1% doanh thu"
22679,FRENCH BLUE METAL DOOR SIGN 4,0,"Gia cao, tan suat mua cao, chiem 21.0% doanh thu"
22680,FRENCH BLUE METAL DOOR SIGN 5,2,"Gia thap, tan suat mua trung binh, chiem 6.1% doanh thu"
22681,FRENCH BLUE METAL DOOR SIGN 6,2,"Gia thap, tan suat mua trung binh, chiem 6.1% doanh thu"
22682,FRENCH BLUE METAL DOOR SIGN 7,2,"Gia thap, tan suat mua trung binh, chiem 6.1% doanh thu"
22683,FRENCH BLUE METAL DOOR SIGN 8,2,"Gia thap, tan suat mua trung binh, chiem 6.1% doanh thu"
22684,FRENCH BLUE METAL DOOR SIGN 9,2,"Gia thap, tan suat mua trung binh, chiem 6.1% doanh thu"
22685,FRENCH BLUE METAL DOOR SIGN 0,2,"Gia thap, tan suat mua trung binh, chiem 6.1% doanh thu"
22686,FRENCH BLUE METAL DOOR SIGN No,2,"Gia thap, tan suat mua trung binh, chiem 6.1% doanh thu"
22687,DOORMAT CHRISTMAS VILLAGE,0,"Gia cao, tan suat mua cao, chiem 21.0% doanh thu"
22688,DOORMAT PEACE ON EARTH BLUE,2,"Gia thap, tan suat mua trung binh, chiem 6.1% doanh thu"
22689,DOORMAT MERRY CHRISTMAS RED ,0,"Gia cao, tan suat mua cao, chiem 21.0% doanh thu"
22690,DOORMAT HOME SWEET HOME BLUE ,4,"Gia trung binh, tan suat mua cao, chiem 71.1% doanh thu"
22691,DOORMAT WELCOME SUNRISE,0,"Gia cao, tan suat mua cao, chiem 21.0% doanh thu"
22692,DOORMAT WELCOME TO OUR HOME,0,"Gia cao, tan suat mua cao, chiem 21.0% doanh thu"
22693,GROW A FLYTRAP OR SUNFLOWER IN TIN,4,"Gia trung binh, tan suat mua cao, chiem 71.1% doanh thu"
22694,WICKER STAR ,4,"Gia trung binh, tan suat mua cao, chiem 71.1% doanh thu"
22695,WICKER WREATH SMALL,2,"Gia thap, tan suat mua trung binh, chiem 6.1% doanh thu"
22696,WICKER WREATH LARGE,0,"Gia cao, tan suat mua cao, chiem 21.0% doanh thu"
22697,GREEN REGENCY TEACUP AND SAUCER,4,"Gia trung binh, tan suat mua cao, chiem 71.1% doanh thu"
22698,PINK REGENCY TEACUP AND SAUCER,4,"Gia trung binh, tan suat mua cao, chiem 71.1% doanh thu"
22699,ROSES REGENCY TEACUP AND SAUCER ,4,"Gia trung binh, tan suat mua cao, chiem 71.1% doanh thu"
22700,BLACK AND WHITE DOG BOWL,2,"Gia thap, tan suat mua trung binh, chiem 6.1% doanh thu"
22701,PINK DOG BOWL,0,"Gia cao, tan suat mua cao, chiem 21.0% doanh thu"
22702,BLACK AND WHITE CAT BOWL,2,"Gia thap, tan suat mua trung binh, chiem 6.1% doanh thu"
22703,PINK CAT BOWL,0,"Gia cao, tan suat mua cao, chiem 21.0% doanh thu"
22704,WRAP RED APPLES ,4,"Gia trung binh, tan suat mua cao, chiem 71.1% doanh thu"
22705,WRAP GREEN PEARS ,2,"Gia thap, tan suat mua trung binh, chiem 6.1% doanh thu"
22706,WRAP COWBOYS  ,2,"Gia thap, tan suat mua trung binh, chiem 6.1% doanh thu"
22707,WRAP MONSTER FUN ,2,"Gia thap, tan suat mua trung binh, chiem 6.1% doanh thu"
22708,WRAP DOLLY GIRL,2,"Gia thap, tan suat mua trung binh, chiem 6.1% doanh thu"
22709,WRAP WEDDING DAY,2,"Gia thap, tan suat mua trung binh, chiem 6.1% doanh thu"
22710,WRAP I LOVE LONDON ,4,"Gia trung binh, tan suat mua cao, chiem 71.1% doanh thu"
22711,WRAP CIRCUS PARADE,4,"Gia trung binh, tan suat mua cao, chiem 71.1% doanh thu"
22712,CARD DOLLY GIRL ,4,"Gia trung binh, tan suat mua cao, chiem 71.1% doanh thu"
22713,CARD I LOVE LONDON ,4,"Gia trung binh, tan suat mua cao, chiem 71.1% doanh thu"
22714,CARD BIRTHDAY COWBOY,4,"Gia trung binh, tan suat mua cao, chiem 71.1% doanh thu"
22715,CARD WEDDING DAY,2,"Gia thap, tan suat mua trung binh, chiem 6.1% doanh thu"
22716,CARD CIRCUS PARADE,4,"Gia trung binh, tan suat mua cao, chiem 71.1% doanh thu"
22717,CARD DOG AND BALL ,2,"Gia thap, tan suat mua trung binh, chiem 6.1% doanh thu"
22718,CARD CAT AND TREE ,2,"Gia thap, tan suat mua trung binh, chiem 6.1% doanh thu"
22719,GUMBALL MONOCHROME COAT RACK,2,"Gia thap, tan suat mua trung binh, chiem 6.1% doanh thu"
22720,SET OF 3 CAKE TINS PANTRY DESIGN ,4,"Gia trung binh, tan suat mua cao, chiem 71.1% doanh thu"
22721,SET OF 3 CAKE TINS SKETCHBOOK,0,"Gia cao, tan suat mua cao, chiem 21.0% doanh thu"
22722,SET OF 6 SPICE TINS PANTRY DESIGN,4,"Gia trung binh, tan suat mua cao, chiem 71.1% doanh thu"
22723,SET OF 6 HERB TINS SKETCHBOOK,0,"Gia cao, tan suat mua cao, chiem 21.0% doanh thu"
22725,ALARM CLOCK BAKELIKE CHOCOLATE,0,"Gia cao, tan suat mua cao, chiem 21.0% doanh thu"
22726,ALARM CLOCK BAKELIKE GREEN,4,"Gia trung binh, tan suat mua cao, chiem 71.1% doanh thu"
22727,ALARM CLOCK BAKELIKE RED ,4,"Gia trung binh, tan suat mua cao, chiem 71.1% doanh thu"
22728,ALARM CLOCK BAKELIKE PINK,4,"Gia trung binh, tan suat mua cao, chiem 71.1% doanh thu"
22729,ALARM CLOCK BAKELIKE ORANGE,4,"Gia trung binh, tan suat mua cao, chiem 71.1% doanh thu"
22730,ALARM CLOCK BAKELIKE IVORY,4,"Gia trung binh, tan suat mua cao, chiem 71.1% doanh thu"
22731,3D CHRISTMAS STAMPS STICKERS ,4,"Gia trung binh, tan suat mua cao, chiem 71.1% doanh thu"
22732,3D VINTAGE CHRISTMAS STICKERS ,4,"Gia trung binh, tan suat mua cao, chiem 71.1% doanh thu"
22733,3D TRADITIONAL CHRISTMAS STICKERS,4,"Gia trung binh, tan suat mua cao, chiem 71.1% doanh thu"
22734,SET OF 6 RIBBONS VINTAGE CHRISTMAS,4,"Gia trung binh, tan suat mua cao, chiem 71.1% doanh thu"
22735,RIBBON REEL SOCKS AND MITTENS,0,"Gia cao, tan suat mua cao, chiem 21.0% doanh thu"
22736,RIBBON REEL MAKING SNOWMEN ,4,"Gia trung binh, tan suat mua cao, chiem 71.1% doanh thu"
22737,RIBBON REEL CHRISTMAS PRESENT ,0,"Gia cao, tan suat mua cao, chiem 21.0% doanh thu"
22738,RIBBON REEL SNOWY VILLAGE,4,"Gia trung binh, tan suat mua cao, chiem 71.1% doanh thu"
22739,RIBBON REEL CHRISTMAS SOCK BAUBLE,4,"Gia trung binh, tan suat mua cao, chiem 71.1% doanh thu"
22740,POLKADOT PEN,4,"Gia trung binh, tan suat mua cao, chiem 71.1% doanh thu"
22741,FUNKY DIVA PEN,4,"Gia trung binh, tan suat mua cao, chiem 71.1% doanh thu"
22742,MAKE YOUR OWN PLAYTIME CARD KIT,2,"Gia thap, tan suat mua trung binh, chiem 6.1% doanh thu"
22743,MAKE YOUR OWN FLOWERPOWER CARD KIT,0,"Gia cao, tan suat mua cao, chiem 21.0% doanh thu"
22744,MAKE YOUR OWN MONSOON CARD KIT,0,"Gia cao, tan suat mua cao, chiem 21.0% doanh thu"
22745,POPPY'S PLAYHOUSE BEDROOM ,4,"Gia trung binh, tan suat mua cao, chiem 71.1% doanh thu"
22746,POPPY'S PLAYHOUSE LIVINGROOM ,4,"Gia trung binh, tan suat mua cao, chiem 71.1% doanh thu"
22747,POPPY'S PLAYHOUSE BATHROOM,0,"Gia cao, tan suat mua cao, chiem 21.0% doanh thu"
22748,POPPY'S PLAYHOUSE KITCHEN,4,"Gia trung binh, tan suat mua cao, chiem 71.1% doanh thu"
22749,FELTCRAFT PRINCESS CHARLOTTE DOLL,4,"Gia trung binh, tan suat mua cao, chiem 71.1% doanh thu"
22750,FELTCRAFT PRINCESS LOLA DOLL,4,"Gia trung binh, tan suat mua cao, chiem 71.1% doanh thu"
22751,FELTCRAFT PRINCESS OLIVIA DOLL,4,"Gia trung binh, tan suat mua cao, chiem 71.1% doanh thu"
22752,SET 7 BABUSHKA NESTING BOXES,0,"Gia cao, tan suat mua cao, chiem 21.0% doanh thu"
22753,SMALL YELLOW BABUSHKA NOTEBOOK ,2,"Gia thap, tan suat mua trung binh, chiem 6.1% doanh thu"
22754,SMALL RED BABUSHKA NOTEBOOK ,4,"Gia trung binh, tan suat mua cao, chiem 71.1% doanh thu"
22755,SMALL PURPLE BABUSHKA NOTEBOOK ,4,"Gia trung binh, tan suat mua cao, chiem 71.1% doanh thu"
22756,LARGE YELLOW BABUSHKA NOTEBOOK ,2,"Gia thap, tan suat mua trung binh, chiem 6.1% doanh thu"
22757,LARGE RED BABUSHKA NOTEBOOK ,2,"Gia thap, tan suat mua trung binh, chiem 6.1% doanh thu"
22758,LARGE PURPLE BABUSHKA NOTEBOOK  ,4,"Gia trung binh, tan suat mua cao, chiem 71.1% doanh thu"
22759,SET OF 3 NOTEBOOKS IN PARCEL,4,"Gia trung binh, tan suat mua cao, chiem 71.1% doanh thu"
22760,"TRAY, BREAKFAST IN BED",0,"Gia cao, tan suat mua cao, chiem 21.0% doanh thu"
22761,CHEST 7 DRAWER MA CAMPAGNE,1,"Gia cao, tan suat mua thap, chiem 1.1% doanh thu"
22762,CUPBOARD 3 DRAWER MA CAMPAGNE,0,"Gia cao, tan suat mua cao, chiem 21.0% doanh thu"
22763,KEY CABINET MA CAMPAGNE,0,"Gia cao, tan suat mua cao, chiem 21.0% doanh thu"
22765,NEWSPAPER STAND,1,"Gia cao, tan suat mua thap, chiem 1.1% doanh thu"
22766,PHOTO FRAME CORNICE,4,"Gia trung binh, tan suat mua cao, chiem 71.1% doanh thu"
22767,TRIPLE PHOTO FRAME CORNICE ,0,"Gia cao, tan suat mua cao, chiem 21.0% doanh thu"
22768,FAMILY PHOTO FRAME CORNICE,0,"Gia cao, tan suat mua cao, chiem 21.0% doanh thu"
22769,CHALKBOARD KITCHEN ORGANISER,1,"Gia cao, tan suat mua thap, chiem 1.1% doanh thu"
22770,MIRROR CORNICE,0,"Gia cao, tan suat mua cao, chiem 21.0% doanh thu"
22771,CLEAR DRAWER KNOB ACRYLIC EDWARDIAN,4,"Gia trung binh, tan suat mua cao, chiem 71.1% doanh thu"
22772,PINK DRAWER KNOB ACRYLIC EDWARDIAN,4,"Gia trung binh, tan suat mua cao, chiem 71.1% doanh thu"
22773,GREEN DRAWER KNOB ACRYLIC EDWARDIAN,4,"Gia trung binh, tan suat mua cao, chiem 71.1% doanh thu"
22774,RED DRAWER KNOB ACRYLIC EDWARDIAN,4,"Gia trung binh, tan suat mua cao, chiem 71.1% doanh thu"
22775,PURPLE DRAWERKNOB ACRYLIC EDWARDIAN,4,"Gia trung binh, tan suat mua cao, chiem 71.1% doanh thu"
22776,SWEETHEART CAKESTAND 3 TIER,0,"Gia cao, tan suat mua cao, chiem 21.0% doanh thu"
22777,GLASS BELL JAR LARGE,0,"Gia cao, tan suat mua cao, chiem 21.0% doanh thu"
22778,GLASS CLOCHE SMALL,0,"Gia cao, tan suat mua cao, chiem 21.0% doanh thu"
22779,WOODEN OWLS LIGHT GARLAND ,4,"Gia trung binh, tan suat mua cao, chiem 71.1% doanh thu"
22780,LIGHT GARLAND BUTTERFILES PINK,4,"Gia trung binh, tan suat mua cao, chiem 71.1% doanh thu"
22781,GUMBALL MAGAZINE RACK,0,"Gia cao, tan suat mua cao, chiem 21.0% doanh thu"
22782,SET 3 WICKER STORAGE BASKETS ,0,"Gia cao, tan suat mua cao, chiem 21.0% doanh thu"
22783,SET 3 WICKER OVAL BASKETS W LIDS,0,"Gia cao, tan suat mua cao, chiem 21.0% doanh thu"
22784,LANTERN CREAM GAZEBO ,0,"Gia cao, tan suat mua cao, chiem 21.0% doanh thu"
22785,SQUARECUSHION COVER PINK UNION FLAG,0,"Gia cao, tan suat mua cao, chiem 21.0% doanh thu"
22786,CUSHION COVER PINK UNION JACK,0,"Gia cao, tan suat mua cao, chiem 21.0% doanh thu"
22788,BROCANTE COAT RACK,0,"Gia cao, tan suat mua cao, chiem 21.0% doanh thu"
22789,T-LIGHT HOLDER SWEETHEART HANGING,0,"Gia cao, tan suat mua cao, chiem 21.0% doanh thu"
22791,T-LIGHT GLASS FLUTED ANTIQUE,4,"Gia trung binh, tan suat mua cao, chiem 71.1% doanh thu"
22792,FLUTED ANTIQUE CANDLE HOLDER,4,"Gia trung binh, tan suat mua cao, chiem 71.1% doanh thu"
22794,SWEETHEART WIRE MAGAZINE RACK,0,"Gia cao, tan suat mua cao, chiem 21.0% doanh thu"
22795,SWEETHEART RECIPE BOOK STAND,0,"Gia cao, tan suat mua cao, chiem 21.0% doanh thu"
22796,PHOTO FRAME 3 CLASSIC HANGING,0,"Gia cao, tan suat mua cao, chiem 21.0% doanh thu"
22797,CHEST OF DRAWERS GINGHAM HEART ,0,"Gia cao, tan suat mua cao, chiem 21.0% doanh thu"
22798,ANTIQUE GLASS DRESSING TABLE POT,4,"Gia trung binh, tan suat mua cao, chiem 71.1% doanh thu"
22799,SWEETHEART WIRE FRUIT BOWL,0,"Gia cao, tan suat mua cao, chiem 21.0% doanh thu"
22800,ANTIQUE TALL SWIRLGLASS TRINKET POT,0,"Gia cao, tan suat mua cao, chiem 21.0% doanh thu"
22801,ANTIQUE GLASS PEDESTAL BOWL,0,"Gia cao, tan suat mua cao, chiem 21.0% doanh thu"
22802,FAUX FUR CHOCOLATE THROW,0,"Gia cao, tan suat mua cao, chiem 21.0% doanh thu"
22803,IVORY EMBROIDERED QUILT ,0,"Gia cao, tan suat mua cao, chiem 21.0% doanh thu"
22804,CANDLEHOLDER PINK HANGING HEART,4,"Gia trung binh, tan suat mua cao, chiem 71.1% doanh thu"
22805,BLUE DRAWER KNOB ACRYLIC EDWARDIAN,4,"Gia trung binh, tan suat mua cao, chiem 71.1% doanh thu"
22806,SET OF 6 T-LIGHTS WEDDING CAKE ,2,"Gia thap, tan suat mua trung binh, chiem 6.1% doanh thu"
22807,SET OF 6 T-LIGHTS TOADSTOOLS,0,"Gia cao, tan suat mua cao, chiem 21.0% doanh thu"
22808,SET OF 6 T-LIGHTS EASTER CHICKS,0,"Gia cao, tan suat mua cao, chiem 21.0% doanh thu"
22809,SET OF 6 T-LIGHTS SANTA,0,"Gia cao, tan suat mua cao, chiem 21.0% doanh thu"
22810,SET OF 6 T-LIGHTS SNOWMEN,0,"Gia cao, tan suat mua cao, chiem 21.0% doanh thu"
22811,SET OF 6 T-LIGHTS CACTI ,2,"Gia thap, tan suat mua trung binh, chiem 6.1% doanh thu"
22812,PACK 3 BOXES CHRISTMAS PANNETONE,4,"Gia trung binh, tan suat mua cao, chiem 71.1% doanh thu"
22813,PACK 3 BOXES BIRD PANNETONE ,4,"Gia trung binh, tan suat mua cao, chiem 71.1% doanh thu"
22814,CARD PARTY GAMES ,4,"Gia trung binh, tan suat mua cao, chiem 71.1% doanh thu"
22815,CARD PSYCHEDELIC APPLES,4,"Gia trung binh, tan suat mua cao, chiem 71.1% doanh thu"
22816,CARD MOTORBIKE SANTA,4,"Gia trung binh, tan suat mua cao, chiem 71.1% doanh thu"
22817,CARD SUKI BIRTHDAY,4,"Gia trung binh, tan suat mua cao, chiem 71.1% doanh thu"
22818,CARD CHRISTMAS VILLAGE,4,"Gia trung binh, tan suat mua cao, chiem 71.1% doanh thu"
22819,"BIRTHDAY CARD, RETRO SPOT",4,"Gia trung binh, tan suat mua cao, chiem 71.1% doanh thu"
22820,GIFT BAG BIRTHDAY,2,"Gia thap, tan suat mua trung binh, chiem 6.1% doanh thu"
22821,GIFT BAG PSYCHEDELIC APPLES,2,"Gia thap, tan suat mua trung binh, chiem 6.1% doanh thu"
22822,CREAM WALL PLANTER HEART SHAPED,0,"Gia cao, tan suat mua cao, chiem 21.0% doanh thu"
22823,CHEST NATURAL WOOD 20 DRAWERS,0,"Gia cao, tan suat mua cao, chiem 21.0% doanh thu"
22824,3 TIER SWEETHEART GARDEN SHELF,0,"Gia cao, tan suat mua cao, chiem 21.0% doanh thu"
22825,DECORATIVE PLANT POT WITH FRIEZE,1,"Gia cao, tan suat mua thap, chiem 1.1% doanh thu"
22826,LOVE SEAT ANTIQUE WHITE METAL,0,"Gia cao, tan suat mua cao, chiem 21.0% doanh thu"
22827,RUSTIC  SEVENTEEN DRAWER SIDEBOARD,0,"Gia cao, tan suat mua cao, chiem 21.0% doanh thu"
22828,REGENCY MIRROR WITH SHUTTERS,1,"Gia cao, tan suat mua thap, chiem 1.1% doanh thu"
22829,SWEETHEART WIRE WALL TIDY,0,"Gia cao, tan suat mua cao, chiem 21.0% doanh thu"
22830,UTILTY CABINET WITH HOOKS,0,"Gia cao, tan suat mua cao, chiem 21.0% doanh thu"
22831,WHITE BROCANTE SOAP DISH,0,"Gia cao, tan suat mua cao, chiem 21.0% doanh thu"
22832,BROCANTE SHELF WITH HOOKS,0,"Gia cao, tan suat mua cao, chiem 21.0% doanh thu"
22833,HALL CABINET WITH 3 DRAWERS,0,"Gia cao, tan suat mua cao, chiem 21.0% doanh thu"
22834,HAND WARMER BABUSHKA DESIGN,4,"Gia trung binh, tan suat mua cao, chiem 71.1% doanh thu"
22835,HOT WATER BOTTLE I AM SO POORLY,4,"Gia trung binh, tan suat mua cao, chiem 71.1% doanh thu"
22837,HOT WATER BOTTLE BABUSHKA ,0,"Gia cao, tan suat mua cao, chiem 21.0% doanh thu"
22838,3 TIER CAKE TIN RED AND CREAM,0,"Gia cao, tan suat mua cao, chiem 21.0% doanh thu"
22839,3 TIER CAKE TIN GREEN AND CREAM,0,"Gia cao, tan suat mua cao, chiem 21.0% doanh thu"
22840,ROUND CAKE TIN VINTAGE RED,0,"Gia cao, tan suat mua cao, chiem 21.0% doanh thu"
22841,ROUND CAKE TIN VINTAGE GREEN,0,"Gia cao, tan suat mua cao, chiem 21.0% doanh thu"
22842,BISCUIT TIN VINTAGE RED,0,"Gia cao, tan suat mua cao, chiem 21.0% doanh thu"
22843,BISCUIT TIN VINTAGE GREEN,0,"Gia cao, tan suat mua cao, chiem 21.0% doanh thu"
22844,VINTAGE CREAM DOG FOOD CONTAINER,0,"Gia cao, tan suat mua cao, chiem 21.0% doanh thu"
22845,VINTAGE CREAM CAT FOOD CONTAINER,0,"Gia cao, tan suat mua cao, chiem 21.0% doanh thu"
22846,BREAD BIN DINER STYLE RED ,0,"Gia cao, tan suat mua cao, chiem 21.0% doanh thu"
22847,BREAD BIN DINER STYLE IVORY,0,"Gia cao, tan suat mua cao, chiem 21.0% doanh thu"
22848,BREAD BIN DINER STYLE PINK,0,"Gia cao, tan suat mua cao, chiem 21.0% doanh thu"
22849,BREAD BIN DINER STYLE MINT,0,"Gia cao, tan suat mua cao, chiem 21.0% doanh thu"
22851,SET 20 NAPKINS FAIRY CAKES DESIGN ,4,"Gia trung binh, tan suat mua cao, chiem 71.1% doanh thu"
22852,DOG BOWL VINTAGE CREAM,0,"Gia cao, tan suat mua cao, chiem 21.0% doanh thu"
22853,CAT BOWL VINTAGE CREAM,0,"Gia cao, tan suat mua cao, chiem 21.0% doanh thu"
22854,CREAM SWEETHEART EGG HOLDER,0,"Gia cao, tan suat mua cao, chiem 21.0% doanh thu"
22855,FINE WICKER HEART ,4,"Gia trung binh, tan suat mua cao, chiem 71.1% doanh thu"
22856,ASSORTED EASTER DECORATIONS  BELLS,2,"Gia thap, tan suat mua trung binh, chiem 6.1% doanh thu"
22857,ASSORTED EASTER GIFT TAGS,2,"Gia thap, tan suat mua trung binh, chiem 6.1% doanh thu"
22858,EASTER TIN KEEPSAKE,4,"Gia trung binh, tan suat mua cao, chiem 71.1% doanh thu"
22859,EASTER TIN BUNNY BOUQUET,4,"Gia trung binh, tan suat mua cao, chiem 71.1% doanh thu"
22860,EASTER TIN CHICKS PINK DAISY,2,"Gia thap, tan suat mua trung binh, chiem 6.1% doanh thu"
22861,EASTER TIN CHICKS IN GARDEN,2,"Gia thap, tan suat mua trung binh, chiem 6.1% doanh thu"
22862,LOVE HEART NAPKIN BOX ,0,"Gia cao, tan suat mua cao, chiem 21.0% doanh thu"
22863,SOAP DISH BROCANTE,0,"Gia cao, tan suat mua cao, chiem 21.0% doanh thu"
22865,HAND WARMER OWL DESIGN,4,"Gia trung binh, tan suat mua cao, chiem 71.1% doanh thu"
22866,HAND WARMER SCOTTY DOG DESIGN,4,"Gia trung binh, tan suat mua cao, chiem 71.1% doanh thu"
22867,HAND WARMER BIRD DESIGN,4,"Gia trung binh, tan suat mua cao, chiem 71.1% doanh thu"
22868,NUMBER TILE COTTAGE GARDEN 0 ,1,"Gia cao, tan suat mua thap, chiem 1.1% doanh thu"
22869,NUMBER TILE COTTAGE GARDEN 1,1,"Gia cao, tan suat mua thap, chiem 1.1% doanh thu"
22870,NUMBER TILE COTTAGE GARDEN 2,1,"Gia cao, tan suat mua thap, chiem 1.1% doanh thu"
22871,NUMBER TILE COTTAGE GARDEN 3 ,1,"Gia cao, tan suat mua thap, chiem 1.1% doanh thu"
22872,NUMBER TILE COTTAGE GARDEN 4,1,"Gia cao, tan suat mua thap, chiem 1.1% doanh thu"
22873,NUMBER TILE COTTAGE GARDEN 5,1,"Gia cao, tan suat mua thap, chiem 1.1% doanh thu"
22874,NUMBER TILE COTTAGE GARDEN 6,1,"Gia cao, tan suat mua thap, chiem 1.1% doanh thu"
22875,NUMBER TILE COTTAGE GARDEN 7,1,"Gia cao, tan suat mua thap, chiem 1.1% doanh thu"
22876,NUMBER TILE COTTAGE GARDEN 8,1,"Gia cao, tan suat mua thap, chiem 1.1% doanh thu"
22877,NUMBER TILE COTTAGE GARDEN 9,1,"Gia cao, tan suat mua thap, chiem 1.1% doanh thu"
22878,NUMBER TILE COTTAGE GARDEN No,3,"Gia trung binh, tan suat mua trung binh, chiem 0.6% doanh thu"
22879,NUMBER TILE VINTAGE FONT 0,1,"Gia cao, tan suat mua thap, chiem 1.1% doanh thu"
22880,NUMBER TILE VINTAGE FONT 1,3,"Gia trung binh, tan suat mua trung binh, chiem 0.6% doanh thu"
22881,NUMBER TILE VINTAGE FONT 2,3,"Gia trung binh, tan suat mua trung binh, chiem 0.6% doanh thu"
22882,NUMBER TILE VINTAGE FONT 3,3,"Gia trung binh, tan suat mua trung binh, chiem 0.6% doanh thu"
22883,NUMBER TILE VINTAGE FONT 4,3,"Gia trung binh, tan suat mua trung binh, chiem 0.6% doanh thu"
22884,NUMBER TILE VINTAGE FONT 5,3,"Gia trung binh, tan suat mua trung binh, chiem 0.6% doanh thu"
22885,NUMBER TILE VINTAGE FONT 6 ,1,"Gia cao, tan suat mua thap, chiem 1.1% doanh thu"
22886,NUMBER TILE VINTAGE FONT 7,3,"Gia trung binh, tan suat mua trung binh, chiem 0.6% doanh thu"
22887,NUMBER TILE VINTAGE FONT 8,1,"Gia cao, tan suat mua thap, chiem 1.1% doanh thu"
22888,NUMBER TILE VINTAGE FONT 9 ,3,"Gia trung binh, tan suat mua trung binh, chiem 0.6% doanh thu"
22889,NUMBER TILE VINTAGE FONT No ,3,"Gia trung binh, tan suat mua trung binh, chiem 0.6% doanh thu"
22890,NOVELTY BISCUITS CAKE STAND 3 TIER,0,"Gia cao, tan suat mua cao, chiem 21.0% doanh thu"
22891,TEA FOR ONE POLKADOT,0,"Gia cao, tan suat mua cao, chiem 21.0% doanh thu"
22892,SET OF SALT AND PEPPER TOADSTOOLS,4,"Gia trung binh, tan suat mua cao, chiem 71.1% doanh thu"
22893,MINI CAKE STAND T-LIGHT HOLDER,2,"Gia thap, tan suat mua trung binh, chiem 6.1% doanh thu"
22894,TABLECLOTH RED APPLES DESIGN ,0,"Gia cao, tan suat mua cao, chiem 21.0% doanh thu"
22895,SET OF 2 TEA TOWELS APPLE AND PEARS,4,"Gia trung binh, tan suat mua cao, chiem 71.1% doanh thu"
22896,PEG BAG APPLES DESIGN,4,"Gia trung binh, tan suat mua cao, chiem 71.1% doanh thu"
22897,OVEN MITT APPLES DESIGN,4,"Gia trung binh, tan suat mua cao, chiem 71.1% doanh thu"
22898,CHILDRENS APRON APPLES DESIGN,4,"Gia trung binh, tan suat mua cao, chiem 71.1% doanh thu"
22899,CHILDREN'S APRON DOLLY GIRL ,4,"Gia trung binh, tan suat mua cao, chiem 71.1% doanh thu"
22900, SET 2 TEA TOWELS I LOVE LONDON ,4,"Gia trung binh, tan suat mua cao, chiem 71.1% doanh thu"
22902,TOTE BAG I LOVE LONDON,4,"Gia trung binh, tan suat mua cao, chiem 71.1% doanh thu"
22903,CALENDAR FAMILY FAVOURITES,0,"Gia cao, tan suat mua cao, chiem 21.0% doanh thu"
22904,CALENDAR PAPER CUT DESIGN,4,"Gia trung binh, tan suat mua cao, chiem 71.1% doanh thu"
22905,CALENDAR IN SEASON DESIGN,0,"Gia cao, tan suat mua cao, chiem 21.0% doanh thu"
22906,12 MESSAGE CARDS WITH ENVELOPES,4,"Gia trung binh, tan suat mua cao, chiem 71.1% doanh thu"
22907,PACK OF 20 NAPKINS PANTRY DESIGN,4,"Gia trung binh, tan suat mua cao, chiem 71.1% doanh thu"
22908,PACK OF 20 NAPKINS RED APPLES,4,"Gia trung binh, tan suat mua cao, chiem 71.1% doanh thu"
22909,SET OF 20 VINTAGE CHRISTMAS NAPKINS,4,"Gia trung binh, tan suat mua cao, chiem 71.1% doanh thu"
22910,PAPER CHAIN KIT VINTAGE CHRISTMAS,4,"Gia trung binh, tan suat mua cao, chiem 71.1% doanh thu"
22911,PAPER CHAIN KIT LONDON,0,"Gia cao, tan suat mua cao, chiem 21.0% doanh thu"
22912,YELLOW COAT RACK PARIS FASHION,0,"Gia cao, tan suat mua cao, chiem 21.0% doanh thu"
22913,RED COAT RACK PARIS FASHION,0,"Gia cao, tan suat mua cao, chiem 21.0% doanh thu"
22914,BLUE COAT RACK PARIS FASHION,0,"Gia cao, tan suat mua cao, chiem 21.0% doanh thu"
22915,ASSORTED BOTTLE TOP  MAGNETS ,4,"Gia trung binh, tan suat mua cao, chiem 71.1% doanh thu"
22916,HERB MARKER THYME,4,"Gia trung binh, tan suat mua cao, chiem 71.1% doanh thu"
22917,HERB MARKER ROSEMARY,4,"Gia trung binh, tan suat mua cao, chiem 71.1% doanh thu"
22918,HERB MARKER PARSLEY,4,"Gia trung binh, tan suat mua cao, chiem 71.1% doanh thu"
22919,HERB MARKER MINT,4,"Gia trung binh, tan suat mua cao, chiem 71.1% doanh thu"
22920,HERB MARKER BASIL,4,"Gia trung binh, tan suat mua cao, chiem 71.1% doanh thu"
22921,HERB MARKER CHIVES ,4,"Gia trung binh, tan suat mua cao, chiem 71.1% doanh thu"
22922,FRIDGE MAGNETS US DINER ASSORTED,2,"Gia thap, tan suat mua trung binh, chiem 6.1% doanh thu"
22923,FRIDGE MAGNETS LES ENFANTS ASSORTED,2,"Gia thap, tan suat mua trung binh, chiem 6.1% doanh thu"
22924,FRIDGE MAGNETS LA VIE EN ROSE,2,"Gia thap, tan suat mua trung binh, chiem 6.1% doanh thu"
22925,BLUE GIANT GARDEN THERMOMETER,0,"Gia cao, tan suat mua cao, chiem 21.0% doanh thu"
22926,IVORY GIANT GARDEN THERMOMETER,0,"Gia cao, tan suat mua cao, chiem 21.0% doanh thu"
22927,GREEN GIANT GARDEN THERMOMETER,0,"Gia cao, tan suat mua cao, chiem 21.0% doanh thu"
22928,YELLOW GIANT GARDEN THERMOMETER,0,"Gia cao, tan suat mua cao, chiem 21.0% doanh thu"
22929,SCHOOL DESK AND CHAIR ,1,"Gia cao, tan suat mua thap, chiem 1.1% doanh thu"
22930,BAKING MOULD HEART MILK CHOCOLATE,4,"Gia trung binh, tan suat mua cao, chiem 71.1% doanh thu"
22931,BAKING MOULD HEART WHITE CHOCOLATE,4,"Gia trung binh, tan suat mua cao, chiem 71.1% doanh thu"
22932,BAKING MOULD TOFFEE CUP CHOCOLATE,2,"Gia thap, tan suat mua trung binh, chiem 6.1% doanh thu"
22933,BAKING MOULD EASTER EGG MILK CHOC,4,"Gia trung binh, tan suat mua cao, chiem 71.1% doanh thu"
22934,BAKING MOULD EASTER EGG WHITE CHOC,2,"Gia thap, tan suat mua trung binh, chiem 6.1% doanh thu"
22935,BAKING MOULD ROSE MILK CHOCOLATE,2,"Gia thap, tan suat mua trung binh, chiem 6.1% doanh thu"
22936,BAKING MOULD ROSE WHITE CHOCOLATE,0,"Gia cao, tan suat mua cao, chiem 21.0% doanh thu"
22937,BAKING MOULD CHOCOLATE CUPCAKES,0,"Gia cao, tan suat mua cao, chiem 21.0% doanh thu"
22938,CUPCAKE LACE PAPER SET 6,4,"Gia trung binh, tan suat mua cao, chiem 71.1% doanh thu"
22939,APRON APPLE DELIGHT,0,"Gia cao, tan suat mua cao, chiem 21.0% doanh thu"
22940,FELTCRAFT CHRISTMAS FAIRY,4,"Gia trung binh, tan suat mua cao, chiem 71.1% doanh thu"
22941,CHRISTMAS LIGHTS 10 REINDEER,0,"Gia cao, tan suat mua cao, chiem 21.0% doanh thu"
22942,CHRISTMAS LIGHTS 10 SANTAS ,0,"Gia cao, tan suat mua cao, chiem 21.0% doanh thu"
22943,CHRISTMAS LIGHTS 10 VINTAGE BAUBLES,0,"Gia cao, tan suat mua cao, chiem 21.0% doanh thu"
22944,CHRISTMAS METAL POSTCARD WITH BELLS,4,"Gia trung binh, tan suat mua cao, chiem 71.1% doanh thu"
22945,CHRISTMAS METAL TAGS ASSORTED ,4,"Gia trung binh, tan suat mua cao, chiem 71.1% doanh thu"
22946,WOODEN ADVENT CALENDAR CREAM,0,"Gia cao, tan suat mua cao, chiem 21.0% doanh thu"
22947,WOODEN ADVENT CALENDAR RED,0,"Gia cao, tan suat mua cao, chiem 21.0% doanh thu"
22948,METAL DECORATION NAUGHTY CHILDREN ,4,"Gia trung binh, tan suat mua cao, chiem 71.1% doanh thu"
22949,36 DOILIES DOLLY GIRL,2,"Gia thap, tan suat mua trung binh, chiem 6.1% doanh thu"
22950,36 DOILIES VINTAGE CHRISTMAS,4,"Gia trung binh, tan suat mua cao, chiem 71.1% doanh thu"
22951,60 CAKE CASES DOLLY GIRL DESIGN,4,"Gia trung binh, tan suat mua cao, chiem 71.1% doanh thu"
22952,60 CAKE CASES VINTAGE CHRISTMAS,4,"Gia trung binh, tan suat mua cao, chiem 71.1% doanh thu"
22953,BIRTHDAY PARTY CORDON BARRIER TAPE,2,"Gia thap, tan suat mua trung binh, chiem 6.1% doanh thu"
22954,HEN PARTY CORDON BARRIER TAPE,2,"Gia thap, tan suat mua trung binh, chiem 6.1% doanh thu"
22955,36 FOIL STAR CAKE CASES ,4,"Gia trung binh, tan suat mua cao, chiem 71.1% doanh thu"
22956,36 FOIL HEART CAKE CASES,4,"Gia trung binh, tan suat mua cao, chiem 71.1% doanh thu"
22957,SET 3 PAPER VINTAGE CHICK PAPER EGG,4,"Gia trung binh, tan suat mua cao, chiem 71.1% doanh thu"
22959,WRAP CHRISTMAS VILLAGE,4,"Gia trung binh, tan suat mua cao, chiem 71.1% doanh thu"
22960,JAM MAKING SET WITH JARS,4,"Gia trung binh, tan suat mua cao, chiem 71.1% doanh thu"
22961,JAM MAKING SET PRINTED,4,"Gia trung binh, tan suat mua cao, chiem 71.1% doanh thu"
22962,JAM JAR WITH PINK LID,4,"Gia trung binh, tan suat mua cao, chiem 71.1% doanh thu"
22963,JAM JAR WITH GREEN LID,4,"Gia trung binh, tan suat mua cao, chiem 71.1% doanh thu"
22964,3 PIECE SPACEBOY COOKIE CUTTER SET,4,"Gia trung binh, tan suat mua cao, chiem 71.1% doanh thu"
22965,3 TRADITIONAL COOKIE CUTTERS  SET,4,"Gia trung binh, tan suat mua cao, chiem 71.1% doanh thu"
22966,GINGERBREAD MAN COOKIE CUTTER,4,"Gia trung binh, tan suat mua cao, chiem 71.1% doanh thu"
22967,SET 3 SONG BIRD PAPER EGGS ASSORTED,4,"Gia trung binh, tan suat mua cao, chiem 71.1% doanh thu"
22968,ROSE COTTAGE KEEPSAKE BOX ,0,"Gia cao, tan suat mua cao, chiem 21.0% doanh thu"
22969,HOMEMADE JAM SCENTED CANDLES,4,"Gia trung binh, tan suat mua cao, chiem 71.1% doanh thu"
22970,LONDON BUS COFFEE MUG,4,"Gia trung binh, tan suat mua cao, chiem 71.1% doanh thu"
22971,QUEENS GUARD COFFEE MUG,4,"Gia trung binh, tan suat mua cao, chiem 71.1% doanh thu"
22972,CHILDREN'S SPACEBOY MUG,4,"Gia trung binh, tan suat mua cao, chiem 71.1% doanh thu"
22973,CHILDREN'S CIRCUS PARADE MUG,4,"Gia trung binh, tan suat mua cao, chiem 71.1% doanh thu"
22974,CHILDRENS DOLLY GIRL MUG,4,"Gia trung binh, tan suat mua cao, chiem 71.1% doanh thu"
22975,SPACEBOY CHILDRENS EGG CUP,4,"Gia trung binh, tan suat mua cao, chiem 71.1% doanh thu"
22976,CIRCUS PARADE CHILDRENS EGG CUP ,2,"Gia thap, tan suat mua trung binh, chiem 6.1% doanh thu"
22977,DOLLY GIRL CHILDRENS EGG CUP,2,"Gia thap, tan suat mua trung binh, chiem 6.1% doanh thu"
22978,PANTRY ROLLING PIN,4,"Gia trung binh, tan suat mua cao, chiem 71.1% doanh thu"
22979,PANTRY WASHING UP BRUSH,4,"Gia trung binh, tan suat mua cao, chiem 71.1% doanh thu"
22980,PANTRY SCRUBBING BRUSH,4,"Gia trung binh, tan suat mua cao, chiem 71.1% doanh thu"
22981,PANTRY APPLE CORER,2,"Gia thap, tan suat mua trung binh, chiem 6.1% doanh thu"
22982,PANTRY PASTRY BRUSH,4,"Gia trung binh, tan suat mua cao, chiem 71.1% doanh thu"
22983,CARD BILLBOARD FONT,4,"Gia trung binh, tan suat mua cao, chiem 71.1% doanh thu"
22984,CARD GINGHAM ROSE ,4,"Gia trung binh, tan suat mua cao, chiem 71.1% doanh thu"
22985,"WRAP, BILLBOARD FONTS DESIGN",4,"Gia trung binh, tan suat mua cao, chiem 71.1% doanh thu"
22986,GINGHAM ROSE WRAP,4,"Gia trung binh, tan suat mua cao, chiem 71.1% doanh thu"
22987,WRAP SUMMER ROSE DESIGN,2,"Gia thap, tan suat mua trung binh, chiem 6.1% doanh thu"
22988,SOLDIERS EGG CUP ,4,"Gia trung binh, tan suat mua cao, chiem 71.1% doanh thu"
22989,SET 2 PANTRY DESIGN TEA TOWELS,4,"Gia trung binh, tan suat mua cao, chiem 71.1% doanh thu"
22990,COTTON APRON PANTRY DESIGN,0,"Gia cao, tan suat mua cao, chiem 21.0% doanh thu"
22991,GIRAFFE WOODEN RULER,4,"Gia trung binh, tan suat mua cao, chiem 71.1% doanh thu"
22992,REVOLVER WOODEN RULER ,4,"Gia trung binh, tan suat mua cao, chiem 71.1% doanh thu"
22993,SET OF 4 PANTRY JELLY MOULDS,4,"Gia trung binh, tan suat mua cao, chiem 71.1% doanh thu"
22994,TRAVEL CARD WALLET RETROSPOT,4,"Gia trung binh, tan suat mua cao, chiem 71.1% doanh thu"
22995,TRAVEL CARD WALLET SUKI,4,"Gia trung binh, tan suat mua cao, chiem 71.1% doanh thu"
22996,TRAVEL CARD WALLET VINTAGE TICKET,4,"Gia trung binh, tan suat mua cao, chiem 71.1% doanh thu"
22997,TRAVEL CARD WALLET UNION JACK,4,"Gia trung binh, tan suat mua cao, chiem 71.1% doanh thu"
22998,TRAVEL CARD WALLET KEEP CALM,4,"Gia trung binh, tan suat mua cao, chiem 71.1% doanh thu"
22999,TRAVEL CARD WALLET RETRO PETALS,4,"Gia trung binh, tan suat mua cao, chiem 71.1% doanh thu"
23000,TRAVEL CARD WALLET TRANSPORT,4,"Gia trung binh, tan suat mua cao, chiem 71.1% doanh thu"
23002,TRAVEL CARD WALLET SKULLS,4,"Gia trung binh, tan suat mua cao, chiem 71.1% doanh thu"
23003,TRAVEL CARD WALLET VINTAGE ROSE ,2,"Gia thap, tan suat mua trung binh, chiem 6.1% doanh thu"
23004,TRAVEL CARD WALLET PANTRY,4,"Gia trung binh, tan suat mua cao, chiem 71.1% doanh thu"
23005,TRAVEL CARD WALLET I LOVE LONDON,4,"Gia trung binh, tan suat mua cao, chiem 71.1% doanh thu"
23006,TRAVEL CARD WALLET FLOWER MEADOW,2,"Gia thap, tan suat mua trung binh, chiem 6.1% doanh thu"
23007, SPACEBOY BABY GIFT SET,0,"Gia cao, tan suat mua cao, chiem 21.0% doanh thu"
23008,DOLLY GIRL BABY GIFT SET,0,"Gia cao, tan suat mua cao, chiem 21.0% doanh thu"
23009,I LOVE LONDON BABY GIFT SET,0,"Gia cao, tan suat mua cao, chiem 21.0% doanh thu"
23010,CIRCUS PARADE BABY GIFT SET,0,"Gia cao, tan suat mua cao, chiem 21.0% doanh thu"
23012,GLASS APOTHECARY BOTTLE PERFUME,0,"Gia cao, tan suat mua cao, chiem 21.0% doanh thu"
23013,GLASS APOTHECARY BOTTLE TONIC,0,"Gia cao, tan suat mua cao, chiem 21.0% doanh thu"
23014,GLASS APOTHECARY BOTTLE ELIXIR,0,"Gia cao, tan suat mua cao, chiem 21.0% doanh thu"
23015,CORDIAL GLASS JUG,1,"Gia cao, tan suat mua thap, chiem 1.1% doanh thu"
23016,GLASS TWIST BON BON JAR,1,"Gia cao, tan suat mua thap, chiem 1.1% doanh thu"
23017,APOTHECARY MEASURING JAR,1,"Gia cao, tan suat mua thap, chiem 1.1% doanh thu"
23018,LARGE APOTHECARY MEASURING JAR ,1,"Gia cao, tan suat mua thap, chiem 1.1% doanh thu"
23019,SMALL APOTHECARY MEASURING JAR ,0,"Gia cao, tan suat mua cao, chiem 21.0% doanh thu"
23020,GLASS  SONGBIRD STORAGE JAR,0,"Gia cao, tan suat mua cao, chiem 21.0% doanh thu"
23021,GLASS BONNE JAM JAR,1,"Gia cao, tan suat mua thap, chiem 1.1% doanh thu"
23022,SMALL BONNE JAM JAR  T-LIGHT HOLDER,2,"Gia thap, tan suat mua trung binh, chiem 6.1% doanh thu"
23023,RIDGED BONNE JAM JAR T-LIGHT HOLDER,2,"Gia thap, tan suat mua trung binh, chiem 6.1% doanh thu"
23024,LARGE BONNE JAM JAR  T-LIGHT HOLDER,2,"Gia thap, tan suat mua trung binh, chiem 6.1% doanh thu"
23025,DRAWER KNOB VINTAGE GLASS BALL,2,"Gia thap, tan suat mua trung binh, chiem 6.1% doanh thu"
23026,DRAWER KNOB VINTAGE GLASS STAR,2,"Gia thap, tan suat mua trung binh, chiem 6.1% doanh thu"
23027,DRAWER KNOB VINTAGE GLASS HEXAGON,2,"Gia thap, tan suat mua trung binh, chiem 6.1% doanh thu"
23028,DRAWER KNOB CRACKLE GLAZE BLUE,4,"Gia trung binh, tan suat mua cao, chiem 71.1% doanh thu"
23029,DRAWER KNOB CRACKLE GLAZE GREEN,4,"Gia trung binh, tan suat mua cao, chiem 71.1% doanh thu"
23031,DRAWER KNOB CRACKLE GLAZE PINK,4,"Gia trung binh, tan suat mua cao, chiem 71.1% doanh thu"
23032,DRAWER KNOB CRACKLE GLAZE IVORY,4,"Gia trung binh, tan suat mua cao, chiem 71.1% doanh thu"
23033,DRAWER KNOB CERAMIC RED,2,"Gia thap, tan suat mua trung binh, chiem 6.1% doanh thu"
23034,DRAWER KNOB CERAMIC BLACK,2,"Gia thap, tan suat mua trung binh, chiem 6.1% doanh thu"
23035,DRAWER KNOB CERAMIC IVORY,4,"Gia trung binh, tan suat mua cao, chiem 71.1% doanh thu"
23036,T-LIGHT HOLDER SILVER PETIT FOUR ,2,"Gia thap, tan suat mua trung binh, chiem 6.1% doanh thu"
23037,CANDLE HOLDER SILVER MADELINE,2,"Gia thap, tan suat mua trung binh, chiem 6.1% doanh thu"
23038,T-LIGHT HOLDER SILVER SAUCER,1,"Gia cao, tan suat mua thap, chiem 1.1% doanh thu"
23039,T-LIGHT HOLDER SILVER HEART HANDLE,2,"Gia thap, tan suat mua trung binh, chiem 6.1% doanh thu"
23040,PAPER LANTERN 9 POINT SNOW STAR ,0,"Gia cao, tan suat mua cao, chiem 21.0% doanh thu"
23041,PAPER LANTERN 9 POINT SNOW STAR,0,"Gia cao, tan suat mua cao, chiem 21.0% doanh thu"
23042,PAPER LANTERN 7 POINT SNOW STAR,0,"Gia cao, tan suat mua cao, chiem 21.0% doanh thu"
23043,PAPER LANTERN 9 POINT HOLLY STAR 40,1,"Gia cao, tan suat mua thap, chiem 1.1% doanh thu"
23044,PAPER LANTERN 9 POINT HOLLY STAR S,1,"Gia cao, tan suat mua thap, chiem 1.1% doanh thu"
23045,PAPER LANTERN 5 POINT STAR MOON 30,1,"Gia cao, tan suat mua thap, chiem 1.1% doanh thu"
23046,PAPER LANTERN 9 POINT DELUXE STAR,2,"Gia thap, tan suat mua trung binh, chiem 6.1% doanh thu"
23047,PAPER LANTERN 5 POINT SEQUIN STAR,1,"Gia cao, tan suat mua thap, chiem 1.1% doanh thu"
23048,SET OF 10 LANTERNS FAIRY LIGHT STAR,0,"Gia cao, tan suat mua cao, chiem 21.0% doanh thu"
23049,RECYCLED ACAPULCO MAT RED,0,"Gia cao, tan suat mua cao, chiem 21.0% doanh thu"
23050,RECYCLED ACAPULCO MAT GREEN,0,"Gia cao, tan suat mua cao, chiem 21.0% doanh thu"
23051,RECYCLED ACAPULCO MAT BLUE,0,"Gia cao, tan suat mua cao, chiem 21.0% doanh thu"
23052,RECYCLED ACAPULCO MAT TURQUOISE,0,"Gia cao, tan suat mua cao, chiem 21.0% doanh thu"
23053,RECYCLED ACAPULCO MAT PINK,0,"Gia cao, tan suat mua cao, chiem 21.0% doanh thu"
23054,RECYCLED ACAPULCO MAT LAVENDER,0,"Gia cao, tan suat mua cao, chiem 21.0% doanh thu"
23055,IVORY CHANDELIER T-LIGHT HOLDER,2,"Gia thap, tan suat mua trung binh, chiem 6.1% doanh thu"
23056,FLOWERS CHANDELIER T-LIGHT HOLDER,2,"Gia thap, tan suat mua trung binh, chiem 6.1% doanh thu"
23057,GEMSTONE CHANDELIER T-LIGHT HOLDER,2,"Gia thap, tan suat mua trung binh, chiem 6.1% doanh thu"
23058,CHRISTMAS HANGING SNOWFLAKE,2,"Gia thap, tan suat mua trung binh, chiem 6.1% doanh thu"
23060,HEART BEADED TRELLIS DECORATION,2,"Gia thap, tan suat mua trung binh, chiem 6.1% doanh thu"
23061,VINTAGE EMBOSSED HEART,2,"Gia thap, tan suat mua trung binh, chiem 6.1% doanh thu"
23064,CINDERELLA CHANDELIER ,0,"Gia cao, tan suat mua cao, chiem 21.0% doanh thu"
23065,LARGE DECO JEWELLERY STAND,0,"Gia cao, tan suat mua cao, chiem 21.0% doanh thu"
23066,SMALL DECO JEWELLERY STAND,0,"Gia cao, tan suat mua cao, chiem 21.0% doanh thu"
23067,HANGING ENGRAVED METAL HEART,0,"Gia cao, tan suat mua cao, chiem 21.0% doanh thu"
23068,ALUMINIUM STAMPED HEART,0,"Gia cao, tan suat mua cao, chiem 21.0% doanh thu"
23069,EDWARDIAN PHOTO FRAME,1,"Gia cao, tan suat mua thap, chiem 1.1% doanh thu"
23070,EDWARDIAN HEART PHOTO FRAME,0,"Gia cao, tan suat mua cao, chiem 21.0% doanh thu"
23071,MARIE ANTOIENETT TRINKET BOX GOLD,2,"Gia thap, tan suat mua trung binh, chiem 6.1% doanh thu"
23072,MARIE ANTOINETTE TRINKET BOX SILVER,0,"Gia cao, tan suat mua cao, chiem 21.0% doanh thu"
23073,GEORGIAN TRINKET BOX,0,"Gia cao, tan suat mua cao, chiem 21.0% doanh thu"
23074,EMBOSSED HEART TRINKET BOX,2,"Gia thap, tan suat mua trung binh, chiem 6.1% doanh thu"
23075,DOUBLE CERAMIC PARLOUR HOOK,0,"Gia cao, tan suat mua cao, chiem 21.0% doanh thu"
23076,ICE CREAM SUNDAE LIP GLOSS,4,"Gia trung binh, tan suat mua cao, chiem 71.1% doanh thu"
23077,DOUGHNUT LIP GLOSS ,4,"Gia trung binh, tan suat mua cao, chiem 71.1% doanh thu"
23078,ICE CREAM PEN LIP GLOSS ,4,"Gia trung binh, tan suat mua cao, chiem 71.1% doanh thu"
23079,TOADSTOOL BEDSIDE LIGHT ,0,"Gia cao, tan suat mua cao, chiem 21.0% doanh thu"
23080,RED METAL BOX TOP SECRET,0,"Gia cao, tan suat mua cao, chiem 21.0% doanh thu"
23081,GREEN METAL BOX ARMY SUPPLIES,0,"Gia cao, tan suat mua cao, chiem 21.0% doanh thu"
23082,SET 6 PAPER TABLE LANTERN HEARTS ,4,"Gia trung binh, tan suat mua cao, chiem 71.1% doanh thu"
23083,SET 6 PAPER TABLE LANTERN STARS ,4,"Gia trung binh, tan suat mua cao, chiem 71.1% doanh thu"
23084,RABBIT NIGHT LIGHT,4,"Gia trung binh, tan suat mua cao, chiem 71.1% doanh thu"
23085,ANTIQUE SILVER BAUBLE LAMP  ,0,"Gia cao, tan suat mua cao, chiem 21.0% doanh thu"
23086,ZINC  STAR T-LIGHT HOLDER ,2,"Gia thap, tan suat mua trung binh, chiem 6.1% doanh thu"
23087,ZINC  HEART T-LIGHT HOLDER,2,"Gia thap, tan suat mua trung binh, chiem 6.1% doanh thu"
23088,ZINC HEART FLOWER T-LIGHT HOLDER,2,"Gia thap, tan suat mua trung binh, chiem 6.1% doanh thu"
23089,GLASS BON BON JAR,4,"Gia trung binh, tan suat mua cao, chiem 71.1% doanh thu"
23090,VINTAGE GLASS T-LIGHT HOLDER,4,"Gia trung binh, tan suat mua cao, chiem 71.1% doanh thu"
23091,ZINC HERB GARDEN CONTAINER,0,"Gia cao, tan suat mua cao, chiem 21.0% doanh thu"
23092,LARGE ANTIQUE WHITE PHOTO FRAME,0,"Gia cao, tan suat mua cao, chiem 21.0% doanh thu"
23093,SMALL PARISIENNE HEART PHOTO FRAME ,4,"Gia trung binh, tan suat mua cao, chiem 71.1% doanh thu"
23094,LE GRAND TRAY CHIC SET,0,"Gia cao, tan suat mua cao, chiem 21.0% doanh thu"
23096,PETIT TRAY CHIC,4,"Gia trung binh, tan suat mua cao, chiem 71.1% doanh thu"
23099,FRENCH CARRIAGE LANTERN,0,"Gia cao, tan suat mua cao, chiem 21.0% doanh thu"
23100,SILVER BELLS TABLE DECORATION,4,"Gia trung binh, tan suat mua cao, chiem 71.1% doanh thu"
23101,SILVER STARS TABLE DECORATION,4,"Gia trung binh, tan suat mua cao, chiem 71.1% doanh thu"
23102,SILVER HEARTS TABLE DECORATION,4,"Gia trung binh, tan suat mua cao, chiem 71.1% doanh thu"
23103,BELL HEART DECORATION,4,"Gia trung binh, tan suat mua cao, chiem 71.1% doanh thu"
23104,IVORY PANTRY HANGING LAMP ,0,"Gia cao, tan suat mua cao, chiem 21.0% doanh thu"
23106,ZINC HEARTS PLANT POT HOLDER,0,"Gia cao, tan suat mua cao, chiem 21.0% doanh thu"
23107,WHITE WIRE PLANT POT HOLDER,0,"Gia cao, tan suat mua cao, chiem 21.0% doanh thu"
23108,SET OF 10 LED DOLLY LIGHTS,4,"Gia trung binh, tan suat mua cao, chiem 71.1% doanh thu"
23109,LED TEA LIGHTS,4,"Gia trung binh, tan suat mua cao, chiem 71.1% doanh thu"
23110,PARISIENNE KEY CABINET ,0,"Gia cao, tan suat mua cao, chiem 21.0% doanh thu"
23111,PARISIENNE SEWING BOX,0,"Gia cao, tan suat mua cao, chiem 21.0% doanh thu"
23112,PARISIENNE CURIO CABINET,0,"Gia cao, tan suat mua cao, chiem 21.0% doanh thu"
23113,PANTRY CHOPPING BOARD,4,"Gia trung binh, tan suat mua cao, chiem 71.1% doanh thu"
23114,VINTAGE LEAF CHOPPING BOARD  ,0,"Gia cao, tan suat mua cao, chiem 21.0% doanh thu"
23115,RED APPLES CHOPPING BOARD   ,0,"Gia cao, tan suat mua cao, chiem 21.0% doanh thu"
23116,VEGETABLE GARDEN CHOPPING BOARD,1,"Gia cao, tan suat mua thap, chiem 1.1% doanh thu"
23117,POPPY FIELDS CHOPPING BOARD,0,"Gia cao, tan suat mua cao, chiem 21.0% doanh thu"
23118,PARISIENNE JEWELLERY DRAWER ,0,"Gia cao, tan suat mua cao, chiem 21.0% doanh thu"
23119,PACK OF 6 LARGE FRUIT STRAWS ,4,"Gia trung binh, tan suat mua cao, chiem 71.1% doanh thu"
23120,PACK OF 6 SMALL FRUIT STRAWS,2,"Gia thap, tan suat mua trung binh, chiem 6.1% doanh thu"
23121,PACK OF 6 COCKTAIL PARASOL STRAWS,4,"Gia trung binh, tan suat mua cao, chiem 71.1% doanh thu"
23122,PARTY CHARMS 50 PIECES,4,"Gia trung binh, tan suat mua cao, chiem 71.1% doanh thu"
23123,COCKTAIL SWORDS 50 PIECES,2,"Gia thap, tan suat mua trung binh, chiem 6.1% doanh thu"
23124,18PC WOODEN CUTLERY SET DISPOSABLE,2,"Gia thap, tan suat mua trung binh, chiem 6.1% doanh thu"
23125,6PC WOOD PLATE SET DISPOSABLE,2,"Gia thap, tan suat mua trung binh, chiem 6.1% doanh thu"
23126,DOLLCRAFT GIRL AMELIE KIT,0,"Gia cao, tan suat mua cao, chiem 21.0% doanh thu"
23127,DOLLCRAFT GIRL NICOLE,0,"Gia cao, tan suat mua cao, chiem 21.0% doanh thu"
23128,FELTCRAFT BOY JEAN-PAUL KIT,0,"Gia cao, tan suat mua cao, chiem 21.0% doanh thu"
23129,HEART SHAPED HOLLY WREATH,0,"Gia cao, tan suat mua cao, chiem 21.0% doanh thu"
23130,MISTLETOE HEART WREATH GREEN,0,"Gia cao, tan suat mua cao, chiem 21.0% doanh thu"
23131,MISTLETOE HEART WREATH CREAM,4,"Gia trung binh, tan suat mua cao, chiem 71.1% doanh thu"
23132,SMALL IVORY HEART WALL ORGANISER,0,"Gia cao, tan suat mua cao, chiem 21.0% doanh thu"
23133,LARGE IVORY HEART WALL ORGANISER,0,"Gia cao, tan suat mua cao, chiem 21.0% doanh thu"
23134,LARGE ZINC HEART WALL ORGANISER,4,"Gia trung binh, tan suat mua cao, chiem 71.1% doanh thu"
23135,SMALL ZINC HEART WALL ORGANISER,4,"Gia trung binh, tan suat mua cao, chiem 71.1% doanh thu"
23136,IVORY WIRE SWEETHEART LETTER TRAY,0,"Gia cao, tan suat mua cao, chiem 21.0% doanh thu"
23137,ZINC WIRE SWEETHEART LETTER TRAY,1,"Gia cao, tan suat mua thap, chiem 1.1% doanh thu"
23138,SINGLE WIRE HOOK IVORY HEART,2,"Gia thap, tan suat mua trung binh, chiem 6.1% doanh thu"
23139,SINGLE WIRE HOOK PINK HEART,2,"Gia thap, tan suat mua trung binh, chiem 6.1% doanh thu"
23140,TRIPLE WIRE HOOK IVORY HEART,0,"Gia cao, tan suat mua cao, chiem 21.0% doanh thu"
23141,TRIPLE WIRE HOOK PINK HEART,1,"Gia cao, tan suat mua thap, chiem 1.1% doanh thu"
23142,IVORY WIRE KITCHEN ORGANISER,0,"Gia cao, tan suat mua cao, chiem 21.0% doanh thu"
23143,ZINC WIRE KITCHEN ORGANISER,1,"Gia cao, tan suat mua thap, chiem 1.1% doanh thu"
23144,ZINC T-LIGHT HOLDER STARS SMALL,4,"Gia trung binh, tan suat mua cao, chiem 71.1% doanh thu"
23145,ZINC T-LIGHT HOLDER STAR LARGE,4,"Gia trung binh, tan suat mua cao, chiem 71.1% doanh thu"
23146,TRIPLE HOOK ANTIQUE IVORY ROSE,0,"Gia cao, tan suat mua cao, chiem 21.0% doanh thu"
23147,SINGLE ANTIQUE ROSE HOOK IVORY,4,"Gia trung binh, tan suat mua cao, chiem 71.1% doanh thu"
23148,MINIATURE ANTIQUE ROSE HOOK IVORY,4,"Gia trung binh, tan suat mua cao, chiem 71.1% doanh thu"
23149,ANTIQUE IVORY WIRE BOWL SMALL,1,"Gia cao, tan suat mua thap, chiem 1.1% doanh thu"
23150,IVORY SWEETHEART SOAP DISH,0,"Gia cao, tan suat mua cao, chiem 21.0% doanh thu"
23151,ZINC SWEETHEART SOAP DISH,1,"Gia cao, tan suat mua thap, chiem 1.1% doanh thu"
23152,IVORY SWEETHEART WIRE LETTER RACK ,0,"Gia cao, tan suat mua cao, chiem 21.0% doanh thu"
23153,ZINC SWEETHEART WIRE LETTER RACK,0,"Gia cao, tan suat mua cao, chiem 21.0% doanh thu"
23154,SET OF 4 JAM JAR MAGNETS,4,"Gia trung binh, tan suat mua cao, chiem 71.1% doanh thu"
23155,KNICKERBOCKERGLORY MAGNET ASSORTED ,4,"Gia trung binh, tan suat mua cao, chiem 71.1% doanh thu"
23156,SET OF 5 MINI GROCERY MAGNETS,4,"Gia trung binh, tan suat mua cao, chiem 71.1% doanh thu"
23157,SET OF 6 NATIVITY MAGNETS ,4,"Gia trung binh, tan suat mua cao, chiem 71.1% doanh thu"
23158,SET OF 5 LUCKY CAT MAGNETS ,4,"Gia trung binh, tan suat mua cao, chiem 71.1% doanh thu"
23159,SET OF 5 PANCAKE DAY MAGNETS,4,"Gia trung binh, tan suat mua cao, chiem 71.1% doanh thu"
23160,REGENCY TEA SPOON,2,"Gia thap, tan suat mua trung binh, chiem 6.1% doanh thu"
23161,REGENCY CAKE FORK,4,"Gia trung binh, tan suat mua cao, chiem 71.1% doanh thu"
23162,REGENCY TEA STRAINER,4,"Gia trung binh, tan suat mua cao, chiem 71.1% doanh thu"
23163,REGENCY SUGAR TONGS,4,"Gia trung binh, tan suat mua cao, chiem 71.1% doanh thu"
23164,REGENCY CAKE SLICE,0,"Gia cao, tan suat mua cao, chiem 21.0% doanh thu"
23165,LARGE CERAMIC TOP STORAGE JAR,4,"Gia trung binh, tan suat mua cao, chiem 71.1% doanh thu"
23166,MEDIUM CERAMIC TOP STORAGE JAR,4,"Gia trung binh, tan suat mua cao, chiem 71.1% doanh thu"
23167,SMALL CERAMIC TOP STORAGE JAR ,4,"Gia trung binh, tan suat mua cao, chiem 71.1% doanh thu"
23168,CLASSIC SUGAR DISPENSER,4,"Gia trung binh, tan suat mua cao, chiem 71.1% doanh thu"
23169,CLASSIC GLASS SWEET JAR,0,"Gia cao, tan suat mua cao, chiem 21.0% doanh thu"
23170,REGENCY TEA PLATE ROSES ,4,"Gia trung binh, tan suat mua cao, chiem 71.1% doanh thu"
23171,REGENCY TEA PLATE GREEN ,4,"Gia trung binh, tan suat mua cao, chiem 71.1% doanh thu"
23172,REGENCY TEA PLATE PINK,4,"Gia trung binh, tan suat mua cao, chiem 71.1% doanh thu"
23173,REGENCY TEAPOT ROSES ,4,"Gia trung binh, tan suat mua cao, chiem 71.1% doanh thu"
23174,REGENCY SUGAR BOWL GREEN,4,"Gia trung binh, tan suat mua cao, chiem 71.1% doanh thu"
23175,REGENCY MILK JUG PINK ,4,"Gia trung binh, tan suat mua cao, chiem 71.1% doanh thu"
23176,ABC TREASURE BOOK BOX ,4,"Gia trung binh, tan suat mua cao, chiem 71.1% doanh thu"
23177,TREASURE ISLAND BOOK BOX,4,"Gia trung binh, tan suat mua cao, chiem 71.1% doanh thu"
23178,JAM CLOCK MAGNET,0,"Gia cao, tan suat mua cao, chiem 21.0% doanh thu"
23179,CLOCK MAGNET MUM'S KITCHEN,2,"Gia thap, tan suat mua trung binh, chiem 6.1% doanh thu"
23180,MUM'S KITCHEN CLOCK,0,"Gia cao, tan suat mua cao, chiem 21.0% doanh thu"
23181,BULL DOG BOTTLE TOP WALL CLOCK,0,"Gia cao, tan suat mua cao, chiem 21.0% doanh thu"
23182,TOILET SIGN OCCUPIED OR VACANT,4,"Gia trung binh, tan suat mua cao, chiem 71.1% doanh thu"
23183,MOTHER'S KITCHEN SPOON REST ,0,"Gia cao, tan suat mua cao, chiem 21.0% doanh thu"
23184,BULL DOG BOTTLE OPENER,0,"Gia cao, tan suat mua cao, chiem 21.0% doanh thu"
23185,FRENCH STYLE STORAGE JAR JAM,2,"Gia thap, tan suat mua trung binh, chiem 6.1% doanh thu"
23186,FRENCH STYLE STORAGE JAR CAFE ,2,"Gia thap, tan suat mua trung binh, chiem 6.1% doanh thu"
23187,FRENCH STYLE STORAGE JAR BONBONS,2,"Gia thap, tan suat mua trung binh, chiem 6.1% doanh thu"
23188,VINTAGE  2 METER FOLDING RULER,4,"Gia trung binh, tan suat mua cao, chiem 71.1% doanh thu"
23189,SET OF 12 FORK CANDLES,4,"Gia trung binh, tan suat mua cao, chiem 71.1% doanh thu"
23190,BUNDLE OF 3 SCHOOL EXERCISE BOOKS  ,4,"Gia trung binh, tan suat mua cao, chiem 71.1% doanh thu"
23191,BUNDLE OF 3 RETRO NOTE BOOKS,4,"Gia trung binh, tan suat mua cao, chiem 71.1% doanh thu"
23192,BUNDLE OF 3 ALPHABET EXERCISE BOOKS,4,"Gia trung binh, tan suat mua cao, chiem 71.1% doanh thu"
23193,BUFFALO BILL TREASURE BOOK BOX,4,"Gia trung binh, tan suat mua cao, chiem 71.1% doanh thu"
23194,GYMKHANNA TREASURE BOOK BOX,4,"Gia trung binh, tan suat mua cao, chiem 71.1% doanh thu"
23196,RETRO LEAVES MAGNETIC NOTEPAD,4,"Gia trung binh, tan suat mua cao, chiem 71.1% doanh thu"
23197,SKETCHBOOK MAGNETIC SHOPPING LIST,4,"Gia trung binh, tan suat mua cao, chiem 71.1% doanh thu"
23198,PANTRY MAGNETIC  SHOPPING LIST,4,"Gia trung binh, tan suat mua cao, chiem 71.1% doanh thu"
23199,JUMBO BAG APPLES,4,"Gia trung binh, tan suat mua cao, chiem 71.1% doanh thu"
23200,JUMBO BAG PEARS,4,"Gia trung binh, tan suat mua cao, chiem 71.1% doanh thu"
23201,JUMBO BAG ALPHABET,4,"Gia trung binh, tan suat mua cao, chiem 71.1% doanh thu"
23202,JUMBO BAG VINTAGE LEAF,4,"Gia trung binh, tan suat mua cao, chiem 71.1% doanh thu"
23203,JUMBO BAG DOILEY PATTERNS,4,"Gia trung binh, tan suat mua cao, chiem 71.1% doanh thu"
23204,CHARLOTTE BAG APPLES DESIGN,4,"Gia trung binh, tan suat mua cao, chiem 71.1% doanh thu"
23205,CHARLOTTE BAG VINTAGE ALPHABET ,4,"Gia trung binh, tan suat mua cao, chiem 71.1% doanh thu"
23206,LUNCH BAG APPLE DESIGN,4,"Gia trung binh, tan suat mua cao, chiem 71.1% doanh thu"
23207,LUNCH BAG ALPHABET DESIGN,4,"Gia trung binh, tan suat mua cao, chiem 71.1% doanh thu"
23208,LUNCH BAG VINTAGE LEAF DESIGN,4,"Gia trung binh, tan suat mua cao, chiem 71.1% doanh thu"
23209,LUNCH BAG DOILEY PATTERN ,4,"Gia trung binh, tan suat mua cao, chiem 71.1% doanh thu"
23210,WHITE ROCKING HORSE HAND PAINTED,4,"Gia trung binh, tan suat mua cao, chiem 71.1% doanh thu"
23211,RED ROCKING HORSE HAND PAINTED,4,"Gia trung binh, tan suat mua cao, chiem 71.1% doanh thu"
23212,HEART WREATH DECORATION WITH BELL,4,"Gia trung binh, tan suat mua cao, chiem 71.1% doanh thu"
23213,STAR WREATH DECORATION WITH BELL,4,"Gia trung binh, tan suat mua cao, chiem 71.1% doanh thu"
23214,JINGLE BELL HEART ANTIQUE GOLD,2,"Gia thap, tan suat mua trung binh, chiem 6.1% doanh thu"
23215,JINGLE BELL HEART ANTIQUE SILVER,4,"Gia trung binh, tan suat mua cao, chiem 71.1% doanh thu"
23216,LAUREL HEART ANTIQUE GOLD,2,"Gia thap, tan suat mua trung binh, chiem 6.1% doanh thu"
23217,LAUREL HEART ANTIQUE SILVER,2,"Gia thap, tan suat mua trung binh, chiem 6.1% doanh thu"
23218,LAUREL STAR ANTIQUE GOLD,2,"Gia thap, tan suat mua trung binh, chiem 6.1% doanh thu"
23219,LAUREL STAR ANTIQUE SILVER ,2,"Gia thap, tan suat mua trung binh, chiem 6.1% doanh thu"
23220,REINDEER HEART DECORATION GOLD,2,"Gia thap, tan suat mua trung binh, chiem 6.1% doanh thu"
23221,REINDEER HEART DECORATION SILVER,4,"Gia trung binh, tan suat mua cao, chiem 71.1% doanh thu"
23222,CHRISTMAS TREE HANGING GOLD,2,"Gia thap, tan suat mua trung binh, chiem 6.1% doanh thu"
23223,CHRISTMAS TREE HANGING SILVER ,2,"Gia thap, tan suat mua trung binh, chiem 6.1% doanh thu"
23224,CHERUB HEART DECORATION GOLD,2,"Gia thap, tan suat mua trung binh, chiem 6.1% doanh thu"
23225,CHERUB HEART DECORATION SILVER ,2,"Gia thap, tan suat mua trung binh, chiem 6.1% doanh thu"
23226,FILIGREE HEART DAISY WHITE,2,"Gia thap, tan suat mua trung binh, chiem 6.1% doanh thu"
23227,FILIGREE HEART BUTTERFLY WHITE ,4,"Gia trung binh, tan suat mua cao, chiem 71.1% doanh thu"
23228,FILIGREE HEART BIRD WHITE ,4,"Gia trung binh, tan suat mua cao, chiem 71.1% doanh thu"
23229,VINTAGE DONKEY TAIL GAME ,4,"Gia trung binh, tan suat mua cao, chiem 71.1% doanh thu"
23230,WRAP ALPHABET DESIGN,4,"Gia trung binh, tan suat mua cao, chiem 71.1% doanh thu"
23231,WRAP DOILEY DESIGN,4,"Gia trung binh, tan suat mua cao, chiem 71.1% doanh thu"
23232,WRAP VINTAGE PETALS  DESIGN,4,"Gia trung binh, tan suat mua cao, chiem 71.1% doanh thu"
23233,WRAP POPPIES  DESIGN,4,"Gia trung binh, tan suat mua cao, chiem 71.1% doanh thu"
23234,BISCUIT TIN VINTAGE CHRISTMAS,4,"Gia trung binh, tan suat mua cao, chiem 71.1% doanh thu"
23235,STORAGE TIN VINTAGE LEAF,0,"Gia cao, tan suat mua cao, chiem 21.0% doanh thu"
23236,DOILEY STORAGE TIN,4,"Gia trung binh, tan suat mua cao, chiem 71.1% doanh thu"
23237,SET OF 4 KNICK KNACK TINS LEAVES ,0,"Gia cao, tan suat mua cao, chiem 21.0% doanh thu"
23238,SET OF 4 KNICK KNACK TINS LONDON ,4,"Gia trung binh, tan suat mua cao, chiem 71.1% doanh thu"
23239,SET OF 4 KNICK KNACK TINS POPPIES,0,"Gia cao, tan suat mua cao, chiem 21.0% doanh thu"
23240,SET OF 4 KNICK KNACK TINS DOILEY ,4,"Gia trung binh, tan suat mua cao, chiem 71.1% doanh thu"
23241,TREASURE TIN GYMKHANA DESIGN,4,"Gia trung binh, tan suat mua cao, chiem 71.1% doanh thu"
23242,TREASURE TIN BUFFALO BILL ,4,"Gia trung binh, tan suat mua cao, chiem 71.1% doanh thu"
23243,SET OF TEA COFFEE SUGAR TINS PANTRY,4,"Gia trung binh, tan suat mua cao, chiem 71.1% doanh thu"
23244,ROUND STORAGE TIN VINTAGE LEAF,2,"Gia thap, tan suat mua trung binh, chiem 6.1% doanh thu"
23245,SET OF 3 REGENCY CAKE TINS,4,"Gia trung binh, tan suat mua cao, chiem 71.1% doanh thu"
23247,BISCUIT TIN 50'S CHRISTMAS,4,"Gia trung binh, tan suat mua cao, chiem 71.1% doanh thu"
23249,VINTAGE RED ENAMEL TRIM PLATE,2,"Gia thap, tan suat mua trung binh, chiem 6.1% doanh thu"
23250,VINTAGE RED TRIM ENAMEL BOWL ,2,"Gia thap, tan suat mua trung binh, chiem 6.1% doanh thu"
23251,VINTAGE RED ENAMEL TRIM MUG ,4,"Gia trung binh, tan suat mua cao, chiem 71.1% doanh thu"
23252,VINTAGE RED ENAMEL TRIM JUG ,0,"Gia cao, tan suat mua cao, chiem 21.0% doanh thu"
23253,16 PIECE CUTLERY SET PANTRY DESIGN,0,"Gia cao, tan suat mua cao, chiem 21.0% doanh thu"
23254,CHILDRENS CUTLERY DOLLY GIRL ,4,"Gia trung binh, tan suat mua cao, chiem 71.1% doanh thu"
23255,CHILDRENS CUTLERY CIRCUS PARADE,0,"Gia cao, tan suat mua cao, chiem 21.0% doanh thu"
23256,CHILDRENS CUTLERY SPACEBOY ,4,"Gia trung binh, tan suat mua cao, chiem 71.1% doanh thu"
23263,SET OF 3 WOODEN HEART DECORATIONS,4,"Gia trung binh, tan suat mua cao, chiem 71.1% doanh thu"
23264,SET OF 3 WOODEN SLEIGH DECORATIONS,4,"Gia trung binh, tan suat mua cao, chiem 71.1% doanh thu"
23265,SET OF 3 WOODEN TREE DECORATIONS,4,"Gia trung binh, tan suat mua cao, chiem 71.1% doanh thu"
23266,SET OF 3 WOODEN STOCKING DECORATION,4,"Gia trung binh, tan suat mua cao, chiem 71.1% doanh thu"
23267,SET OF 4 SANTA PLACE SETTINGS,2,"Gia thap, tan suat mua trung binh, chiem 6.1% doanh thu"
23268,SET OF 2 CERAMIC CHRISTMAS REINDEER,4,"Gia trung binh, tan suat mua cao, chiem 71.1% doanh thu"
23269,SET OF 2 CERAMIC CHRISTMAS TREES,2,"Gia thap, tan suat mua trung binh, chiem 6.1% doanh thu"
23270,SET OF 2 CERAMIC PAINTED HEARTS ,4,"Gia trung binh, tan suat mua cao, chiem 71.1% doanh thu"
23271,CHRISTMAS TABLE CANDLE SILVER SPIKE,2,"Gia thap, tan suat mua trung binh, chiem 6.1% doanh thu"
23272,TREE T-LIGHT HOLDER WILLIE WINKIE,2,"Gia thap, tan suat mua trung binh, chiem 6.1% doanh thu"
23273,HEART T-LIGHT HOLDER WILLIE WINKIE,2,"Gia thap, tan suat mua trung binh, chiem 6.1% doanh thu"
23274,STAR T-LIGHT HOLDER WILLIE WINKIE,4,"Gia trung binh, tan suat mua cao, chiem 71.1% doanh thu"
23275,SET OF 3 HANGING OWLS OLLIE BEAK,4,"Gia trung binh, tan suat mua cao, chiem 71.1% doanh thu"
23280,FOLDING BUTTERFLY MIRROR HOT PINK ,4,"Gia trung binh, tan suat mua cao, chiem 71.1% doanh thu"
23281,FOLDING BUTTERFLY MIRROR RED  ,2,"Gia thap, tan suat mua trung binh, chiem 6.1% doanh thu"
23282,FOLDING BUTTERFLY MIRROR IVORY ,2,"Gia thap, tan suat mua trung binh, chiem 6.1% doanh thu"
23283,DOORMAT VINTAGE LEAVES DESIGN ,0,"Gia cao, tan suat mua cao, chiem 21.0% doanh thu"
23284,DOORMAT KEEP CALM AND COME IN,4,"Gia trung binh, tan suat mua cao, chiem 71.1% doanh thu"
23285,PINK VINTAGE SPOT BEAKER,4,"Gia trung binh, tan suat mua cao, chiem 71.1% doanh thu"
23286,BLUE VINTAGE SPOT BEAKER,4,"Gia trung binh, tan suat mua cao, chiem 71.1% doanh thu"
23287,RED VINTAGE SPOT BEAKER,4,"Gia trung binh, tan suat mua cao, chiem 71.1% doanh thu"
23288,GREEN VINTAGE SPOT BEAKER,4,"Gia trung binh, tan suat mua cao, chiem 71.1% doanh thu"
23289,DOLLY GIRL CHILDRENS BOWL,4,"Gia trung binh, tan suat mua cao, chiem 71.1% doanh thu"
23290,SPACEBOY CHILDRENS BOWL,4,"Gia trung binh, tan suat mua cao, chiem 71.1% doanh thu"
23291,DOLLY GIRL CHILDRENS CUP,4,"Gia trung binh, tan suat mua cao, chiem 71.1% doanh thu"
23292,SPACE BOY CHILDRENS CUP,4,"Gia trung binh, tan suat mua cao, chiem 71.1% doanh thu"
23293,SET OF 12 FAIRY CAKE BAKING CASES,4,"Gia trung binh, tan suat mua cao, chiem 71.1% doanh thu"
23294,SET OF 6 SNACK LOAF BAKING CASES,4,"Gia trung binh, tan suat mua cao, chiem 71.1% doanh thu"
23295,SET OF 12 MINI LOAF BAKING CASES,4,"Gia trung binh, tan suat mua cao, chiem 71.1% doanh thu"
23296,SET OF 6 TEA TIME BAKING CASES,4,"Gia trung binh, tan suat mua cao, chiem 71.1% doanh thu"
23297,SET 40 HEART SHAPE PETIT FOUR CASES,4,"Gia trung binh, tan suat mua cao, chiem 71.1% doanh thu"
23298,SPOTTY BUNTING,4,"Gia trung binh, tan suat mua cao, chiem 71.1% doanh thu"
23299,FOOD COVER WITH BEADS SET 2 ,0,"Gia cao, tan suat mua cao, chiem 21.0% doanh thu"
23300,GARDENERS KNEELING PAD CUP OF TEA ,4,"Gia trung binh, tan suat mua cao, chiem 71.1% doanh thu"
23301,GARDENERS KNEELING PAD KEEP CALM ,4,"Gia trung binh, tan suat mua cao, chiem 71.1% doanh thu"
23302,KNEELING MAT HOUSEWORK  DESIGN,4,"Gia trung binh, tan suat mua cao, chiem 71.1% doanh thu"
23303,SET 4 PICNIC CUTLERY FONDANT,1,"Gia cao, tan suat mua thap, chiem 1.1% doanh thu"
23304,SET 4 PICNIC CUTLERY CHERRY ,1,"Gia cao, tan suat mua thap, chiem 1.1% doanh thu"
23305,SET 4 PICNIC CUTLERY BLUEBERRY,1,"Gia cao, tan suat mua thap, chiem 1.1% doanh thu"
23306,SET OF 36 DOILIES PANTRY DESIGN,4,"Gia trung binh, tan suat mua cao, chiem 71.1% doanh thu"
23307,SET OF 60 PANTRY DESIGN CAKE CASES ,4,"Gia trung binh, tan suat mua cao, chiem 71.1% doanh thu"
23308,SET OF 60 VINTAGE LEAF CAKE CASES ,4,"Gia trung binh, tan suat mua cao, chiem 71.1% doanh thu"
23309,SET OF 60 I LOVE LONDON CAKE CASES ,4,"Gia trung binh, tan suat mua cao, chiem 71.1% doanh thu"
23310,BUBBLEGUM RING ASSORTED,4,"Gia trung binh, tan suat mua cao, chiem 71.1% doanh thu"
23311,VINTAGE CHRISTMAS STOCKING ,4,"Gia trung binh, tan suat mua cao, chiem 71.1% doanh thu"
23312,VINTAGE CHRISTMAS GIFT SACK,4,"Gia trung binh, tan suat mua cao, chiem 71.1% doanh thu"
23313,VINTAGE CHRISTMAS BUNTING,4,"Gia trung binh, tan suat mua cao, chiem 71.1% doanh thu"
23314,VINTAGE CHRISTMAS TABLECLOTH,0,"Gia cao, tan suat mua cao, chiem 21.0% doanh thu"
23315,IVORY REFECTORY CLOCK,0,"Gia cao, tan suat mua cao, chiem 21.0% doanh thu"
23316,RED REFECTORY CLOCK ,0,"Gia cao, tan suat mua cao, chiem 21.0% doanh thu"
23317,BLUE REFECTORY CLOCK ,0,"Gia cao, tan suat mua cao, chiem 21.0% doanh thu"
23318,BOX OF 6 MINI VINTAGE CRACKERS,4,"Gia trung binh, tan suat mua cao, chiem 71.1% doanh thu"
23319,BOX OF 6 MINI 50'S CRACKERS,4,"Gia trung binh, tan suat mua cao, chiem 71.1% doanh thu"
23320,GIANT 50'S CHRISTMAS CRACKER,4,"Gia trung binh, tan suat mua cao, chiem 71.1% doanh thu"
23321,SMALL WHITE HEART OF WICKER,4,"Gia trung binh, tan suat mua cao, chiem 71.1% doanh thu"
23322,LARGE WHITE HEART OF WICKER,4,"Gia trung binh, tan suat mua cao, chiem 71.1% doanh thu"
23323,WHITE WICKER STAR ,4,"Gia trung binh, tan suat mua cao, chiem 71.1% doanh thu"
23324,RUSTIC STRAWBERRY JAMPOT LARGE ,2,"Gia thap, tan suat mua trung binh, chiem 6.1% doanh thu"
23325,RUSTIC STRAWBERRY JAMPOT SMALL,2,"Gia thap, tan suat mua trung binh, chiem 6.1% doanh thu"
23326,HANGING MINI COLOURED BOTTLES,4,"Gia trung binh, tan suat mua cao, chiem 71.1% doanh thu"
23327,HANGING CLEAR MINI BOTTLE,2,"Gia thap, tan suat mua trung binh, chiem 6.1% doanh thu"
23328,SET 6 SCHOOL MILK BOTTLES IN CRATE,4,"Gia trung binh, tan suat mua cao, chiem 71.1% doanh thu"
23329,DECORATIVE WICKER HEART LARGE,4,"Gia trung binh, tan suat mua cao, chiem 71.1% doanh thu"
23330,DECORATIVE WICKER HEART MEDIUM,4,"Gia trung binh, tan suat mua cao, chiem 71.1% doanh thu"
23331,DECORATIVE WICKER HEART SMALL,2,"Gia thap, tan suat mua trung binh, chiem 6.1% doanh thu"
23332,IVORY WICKER HEART LARGE,4,"Gia trung binh, tan suat mua cao, chiem 71.1% doanh thu"
23333,IVORY WICKER HEART MEDIUM,4,"Gia trung binh, tan suat mua cao, chiem 71.1% doanh thu"
23334,IVORY WICKER HEART SMALL,4,"Gia trung binh, tan suat mua cao, chiem 71.1% doanh thu"
23335,EGG FRYING PAN IVORY ,0,"Gia cao, tan suat mua cao, chiem 21.0% doanh thu"
23336,EGG FRYING PAN PINK ,0,"Gia cao, tan suat mua cao, chiem 21.0% doanh thu"
23337,EGG FRYING PAN MINT ,0,"Gia cao, tan suat mua cao, chiem 21.0% doanh thu"
23338,EGG FRYING PAN RED ,0,"Gia cao, tan suat mua cao, chiem 21.0% doanh thu"
23339,EGG FRYING PAN BLUE ,0,"Gia cao, tan suat mua cao, chiem 21.0% doanh thu"
23340,VINTAGE CHRISTMAS CAKE FRILL,4,"Gia trung binh, tan suat mua cao, chiem 71.1% doanh thu"
23341,PINK DINER WALL CLOCK,0,"Gia cao, tan suat mua cao, chiem 21.0% doanh thu"
23342,MINT DINER WALL CLOCK,0,"Gia cao, tan suat mua cao, chiem 21.0% doanh thu"
23343,JUMBO BAG VINTAGE CHRISTMAS ,4,"Gia trung binh, tan suat mua cao, chiem 71.1% doanh thu"
23344,JUMBO BAG 50'S CHRISTMAS ,4,"Gia trung binh, tan suat mua cao, chiem 71.1% doanh thu"
23345, DOLLY GIRL BEAKER,4,"Gia trung binh, tan suat mua cao, chiem 71.1% doanh thu"
23346,SPACEBOY BEAKER,4,"Gia trung binh, tan suat mua cao, chiem 71.1% doanh thu"
23347,I LOVE LONDON BEAKER,2,"Gia thap, tan suat mua trung binh, chiem 6.1% doanh thu"
23348,CHILDRENS TOY COOKING UTENSIL SET,0,"Gia cao, tan suat mua cao, chiem 21.0% doanh thu"
23349,ROLL WRAP VINTAGE CHRISTMAS,4,"Gia trung binh, tan suat mua cao, chiem 71.1% doanh thu"
23350,ROLL WRAP VINTAGE SPOT ,4,"Gia trung binh, tan suat mua cao, chiem 71.1% doanh thu"
23351,ROLL WRAP 50'S CHRISTMAS,4,"Gia trung binh, tan suat mua cao, chiem 71.1% doanh thu"
23352,ROLL WRAP 50'S RED CHRISTMAS ,4,"Gia trung binh, tan suat mua cao, chiem 71.1% doanh thu"
23353,6 GIFT TAGS VINTAGE CHRISTMAS ,4,"Gia trung binh, tan suat mua cao, chiem 71.1% doanh thu"
23354,6 GIFT TAGS 50'S CHRISTMAS ,4,"Gia trung binh, tan suat mua cao, chiem 71.1% doanh thu"
23355,HOT WATER BOTTLE KEEP CALM,4,"Gia trung binh, tan suat mua cao, chiem 71.1% doanh thu"
23356,LOVE HOT WATER BOTTLE,4,"Gia trung binh, tan suat mua cao, chiem 71.1% doanh thu"
23357,HOT WATER BOTTLE SEX BOMB,0,"Gia cao, tan suat mua cao, chiem 21.0% doanh thu"
23358,HOT STUFF HOT WATER BOTTLE,0,"Gia cao, tan suat mua cao, chiem 21.0% doanh thu"
23359,SET OF 12 T-LIGHTS VINTAGE DOILEY,2,"Gia thap, tan suat mua trung binh, chiem 6.1% doanh thu"
23360,SET 8 CANDLES VINTAGE DOILEY,4,"Gia trung binh, tan suat mua cao, chiem 71.1% doanh thu"
23365,SET 12 COLOUR PENCILS LOVE LONDON,4,"Gia trung binh, tan suat mua cao, chiem 71.1% doanh thu"
23366,SET 12 COLOURING PENCILS DOILY,4,"Gia trung binh, tan suat mua cao, chiem 71.1% doanh thu"
23367,SET 12 COLOUR PENCILS SPACEBOY ,4,"Gia trung binh, tan suat mua cao, chiem 71.1% doanh thu"
23368,SET 12 COLOUR PENCILS DOLLY GIRL ,4,"Gia trung binh, tan suat mua cao, chiem 71.1% doanh thu"
23369,SET 36 COLOUR PENCILS LOVE LONDON,4,"Gia trung binh, tan suat mua cao, chiem 71.1% doanh thu"
23370,SET 36 COLOUR PENCILS DOILEY,4,"Gia trung binh, tan suat mua cao, chiem 71.1% doanh thu"
23371,SET 36 COLOUR PENCILS SPACEBOY ,4,"Gia trung binh, tan suat mua cao, chiem 71.1% doanh thu"
23372,SET 36 COLOUR PENCILS DOLLY GIRL,4,"Gia trung binh, tan suat mua cao, chiem 71.1% doanh thu"
23373,VINTAGE CHRISTMAS PAPER GIFT BAG,2,"Gia thap, tan suat mua trung binh, chiem 6.1% doanh thu"
23374,RED SPOT PAPER GIFT BAG,4,"Gia trung binh, tan suat mua cao, chiem 71.1% doanh thu"
23375,50'S CHRISTMAS PAPER GIFT BAG,2,"Gia thap, tan suat mua trung binh, chiem 6.1% doanh thu"
23376,PACK OF 12 VINTAGE CHRISTMAS TISSUE,4,"Gia trung binh, tan suat mua cao, chiem 71.1% doanh thu"
23377,PACK OF 12 DOLLY GIRL TISSUES,2,"Gia thap, tan suat mua trung binh, chiem 6.1% doanh thu"
23378,PACK OF 12 50'S CHRISTMAS TISSUES,4,"Gia trung binh, tan suat mua cao, chiem 71.1% doanh thu"
23379,PACK OF 12 RED APPLE TISSUES,2,"Gia thap, tan suat mua trung binh, chiem 6.1% doanh thu"
23380,PACK OF 12 VINTAGE DOILY TISSUES,4,"Gia trung binh, tan suat mua cao, chiem 71.1% doanh thu"
23381,PACK OF 12 VINTAGE LEAF TISSUES ,2,"Gia thap, tan suat mua trung binh, chiem 6.1% doanh thu"
23382,BOX OF 6 CHRISTMAS CAKE DECORATIONS,4,"Gia trung binh, tan suat mua cao, chiem 71.1% doanh thu"
23388,WOODLAND MINI BACKPACK,0,"Gia cao, tan suat mua cao, chiem 21.0% doanh thu"
23389,SPACEBOY MINI BACKPACK,0,"Gia cao, tan suat mua cao, chiem 21.0% doanh thu"
23390,DOLLY GIRL MINI BACKPACK,0,"Gia cao, tan suat mua cao, chiem 21.0% doanh thu"
23391, I LOVE LONDON MINI BACKPACK,0,"Gia cao, tan suat mua cao, chiem 21.0% doanh thu"
23392,SPACEBOY ROCKET LOLLY MAKERS,2,"Gia thap, tan suat mua trung binh, chiem 6.1% doanh thu"
23393,HOME SWEET HOME CUSHION COVER ,0,"Gia cao, tan suat mua cao, chiem 21.0% doanh thu"
23394,POSTE FRANCE CUSHION COVER,0,"Gia cao, tan suat mua cao, chiem 21.0% doanh thu"
23395,BELLE JARDINIERE CUSHION COVER,0,"Gia cao, tan suat mua cao, chiem 21.0% doanh thu"
23396,BUTTERFLY CUSHION COVER,0,"Gia cao, tan suat mua cao, chiem 21.0% doanh thu"
23397,FOOT STOOL HOME SWEET HOME ,0,"Gia cao, tan suat mua cao, chiem 21.0% doanh thu"
23398,HANGING HEART BONHEUR,2,"Gia thap, tan suat mua trung binh, chiem 6.1% doanh thu"
23399,HOME SWEET HOME HANGING HEART,4,"Gia trung binh, tan suat mua cao, chiem 71.1% doanh thu"
23400,SHELF WITH 4 HOOKS HOME SWEET HOME,0,"Gia cao, tan suat mua cao, chiem 21.0% doanh thu"
23401,RUSTIC MIRROR WITH LACE HEART,0,"Gia cao, tan suat mua cao, chiem 21.0% doanh thu"
23402,HOME SWEEET HOME 3 PEG HANGER ,0,"Gia cao, tan suat mua cao, chiem 21.0% doanh thu"
23403,LETTER HOLDER HOME SWEET HOME,0,"Gia cao, tan suat mua cao, chiem 21.0% doanh thu"
23404,HOME SWEET HOME BLACKBOARD,0,"Gia cao, tan suat mua cao, chiem 21.0% doanh thu"
23405,HOME SWEET HOME 2 DRAWER CABINET,0,"Gia cao, tan suat mua cao, chiem 21.0% doanh thu"
23406,HOME SWEET HOME KEY HOLDER,0,"Gia cao, tan suat mua cao, chiem 21.0% doanh thu"
23407,SET OF 2 TRAYS HOME SWEET HOME,0,"Gia cao, tan suat mua cao, chiem 21.0% doanh thu"
23408,PHOTO FRAME LINEN AND LACE SMALL,0,"Gia cao, tan suat mua cao, chiem 21.0% doanh thu"
23409,PHOTO FRAME LINEN AND LACE LARGE,0,"Gia cao, tan suat mua cao, chiem 21.0% doanh thu"
23410,CURIO CABINET LINEN AND LACE ,1,"Gia cao, tan suat mua thap, chiem 1.1% doanh thu"
23411, TRELLIS COAT RACK,0,"Gia cao, tan suat mua cao, chiem 21.0% doanh thu"
23412,HEART MIRROR ANTIQUE WHITE,0,"Gia cao, tan suat mua cao, chiem 21.0% doanh thu"
23413,VINTAGE COFFEE GRINDER BOX,0,"Gia cao, tan suat mua cao, chiem 21.0% doanh thu"
23414,ZINC BOX SIGN HOME,0,"Gia cao, tan suat mua cao, chiem 21.0% doanh thu"
23415,HOME SWEET HOME HOOK,2,"Gia thap, tan suat mua trung binh, chiem 6.1% doanh thu"
23416,CHAMBRE HOOK,2,"Gia thap, tan suat mua trung binh, chiem 6.1% doanh thu"
23417,BATHROOM HOOK,2,"Gia thap, tan suat mua trung binh, chiem 6.1% doanh thu"
23418,LAVENDER TOILETTE BOTTLE,2,"Gia thap, tan suat mua trung binh, chiem 6.1% doanh thu"
23419,HOME SWEET HOME BOTTLE ,0,"Gia cao, tan suat mua cao, chiem 21.0% doanh thu"
23420,PANTRY HOOK TEA STRAINER ,2,"Gia thap, tan suat mua trung binh, chiem 6.1% doanh thu"
23421,PANTRY HOOK SPATULA,2,"Gia thap, tan suat mua trung binh, chiem 6.1% doanh thu"
23422,PANTRY HOOK BALLOON WHISK ,0,"Gia cao, tan suat mua cao, chiem 21.0% doanh thu"
23423,PANTRY 3 HOOK ROLLING PIN HANGER,0,"Gia cao, tan suat mua cao, chiem 21.0% doanh thu"
23424,GINGHAM RECIPE BOOK BOX,0,"Gia cao, tan suat mua cao, chiem 21.0% doanh thu"
23425,STORAGE TIN HOME SWEET HOME,0,"Gia cao, tan suat mua cao, chiem 21.0% doanh thu"
23426,METAL SIGN DROP YOUR PANTS,4,"Gia trung binh, tan suat mua cao, chiem 71.1% doanh thu"
23427,STOOL HOME SWEET HOME ,0,"Gia cao, tan suat mua cao, chiem 21.0% doanh thu"
23428,IVORY RETRO KITCHEN WALL CLOCK,0,"Gia cao, tan suat mua cao, chiem 21.0% doanh thu"
23429,RED RETRO KITCHEN WALL CLOCK,1,"Gia cao, tan suat mua thap, chiem 1.1% doanh thu"
23430,BLUE RETRO KITCHEN WALL CLOCK,1,"Gia cao, tan suat mua thap, chiem 1.1% doanh thu"
23431,NATURAL HANGING QUILTED HEARTS ,2,"Gia thap, tan suat mua trung binh, chiem 6.1% doanh thu"
23432,PRETTY HANGING QUILTED HEARTS,2,"Gia thap, tan suat mua trung binh, chiem 6.1% doanh thu"
23433,HANGING QUILTED PATCHWORK APPLES,2,"Gia thap, tan suat mua trung binh, chiem 6.1% doanh thu"
23434,3 RAFFIA RIBBONS 50'S CHRISTMAS ,4,"Gia trung binh, tan suat mua cao, chiem 71.1% doanh thu"
23435,3 RAFFIA RIBBONS VINTAGE CHRISTMAS,2,"Gia thap, tan suat mua trung binh, chiem 6.1% doanh thu"
23436,GIFT BAG LARGE VINTAGE CHRISTMAS,4,"Gia trung binh, tan suat mua cao, chiem 71.1% doanh thu"
23437, 50'S CHRISTMAS GIFT BAG LARGE,4,"Gia trung binh, tan suat mua cao, chiem 71.1% doanh thu"
23438, RED SPOT GIFT BAG LARGE,4,"Gia trung binh, tan suat mua cao, chiem 71.1% doanh thu"
23439,HAND WARMER RED LOVE HEART,4,"Gia trung binh, tan suat mua cao, chiem 71.1% doanh thu"
23440,PAINT YOUR OWN EGGS IN CRATE,2,"Gia thap, tan suat mua trung binh, chiem 6.1% doanh thu"
23442,12 HANGING EGGS HAND PAINTED,1,"Gia cao, tan suat mua thap, chiem 1.1% doanh thu"
23444,Next Day Carriage,0,"Gia cao, tan suat mua cao, chiem 21.0% doanh thu"
23445,ICE CREAM BUBBLES,4,"Gia trung binh, tan suat mua cao, chiem 71.1% doanh thu"
23451,SQUARE MINI PORTRAIT FRAME,2,"Gia thap, tan suat mua trung binh, chiem 6.1% doanh thu"
23452,HEART MINI PORTRAIT FRAME,0,"Gia cao, tan suat mua cao, chiem 21.0% doanh thu"
23453,OVAL  MINI PORTRAIT FRAME,2,"Gia thap, tan suat mua trung binh, chiem 6.1% doanh thu"
23454,SET OF 3 MINI HANGING PORTRAITS,0,"Gia cao, tan suat mua cao, chiem 21.0% doanh thu"
23455,SMALL PARLOUR PICTURE FRAME,2,"Gia thap, tan suat mua trung binh, chiem 6.1% doanh thu"
23456,MEDIUM PARLOUR PICTURE FRAME ,0,"Gia cao, tan suat mua cao, chiem 21.0% doanh thu"
23457,LARGE PARLOUR PICTURE FRAME,0,"Gia cao, tan suat mua cao, chiem 21.0% doanh thu"
23458,DOLLY CABINET 3 DRAWERS ,1,"Gia cao, tan suat mua thap, chiem 1.1% doanh thu"
23459,DOLLY CABINET 2 DRAWERS ,1,"Gia cao, tan suat mua thap, chiem 1.1% doanh thu"
23460,SWEETHEART WALL TIDY ,0,"Gia cao, tan suat mua cao, chiem 21.0% doanh thu"
23461,SWEETHEART BIRD HOUSE,4,"Gia trung binh, tan suat mua cao, chiem 71.1% doanh thu"
23462,ROCOCO WALL MIRROR WHITE,0,"Gia cao, tan suat mua cao, chiem 21.0% doanh thu"
23463,VINTAGE ZINC WATERING CAN,1,"Gia cao, tan suat mua thap, chiem 1.1% doanh thu"
23464,VINTAGE ZINC WATERING CAN SMALL,1,"Gia cao, tan suat mua thap, chiem 1.1% doanh thu"
23465,TUSCAN VILLA FEEDING STATION,1,"Gia cao, tan suat mua thap, chiem 1.1% doanh thu"
23466,TUSCAN VILLA DOVECOTE,1,"Gia cao, tan suat mua thap, chiem 1.1% doanh thu"
23467,VINTAGE ZINC PLANTER  ,1,"Gia cao, tan suat mua thap, chiem 1.1% doanh thu"
23468,TUSCAN VILLA BIRD TABLE ,1,"Gia cao, tan suat mua thap, chiem 1.1% doanh thu"
23469,CARD HOLDER LOVE BIRD SMALL,0,"Gia cao, tan suat mua cao, chiem 21.0% doanh thu"
23470,CARD HOLDER LOVE BIRD LARGE ,0,"Gia cao, tan suat mua cao, chiem 21.0% doanh thu"
23471,SIX DRAWER OFFICE TIDY,1,"Gia cao, tan suat mua thap, chiem 1.1% doanh thu"
23472, NINE DRAWER OFFICE TIDY,0,"Gia cao, tan suat mua cao, chiem 21.0% doanh thu"
23473,WOODLAND SMALL RED FELT HEART,2,"Gia thap, tan suat mua trung binh, chiem 6.1% doanh thu"
23474,WOODLAND SMALL BLUE FELT HEART,2,"Gia thap, tan suat mua trung binh, chiem 6.1% doanh thu"
23475,WOODLAND SMALL PINK FELT HEART,2,"Gia thap, tan suat mua trung binh, chiem 6.1% doanh thu"
23476,WOODLAND LARGE RED FELT HEART,2,"Gia thap, tan suat mua trung binh, chiem 6.1% doanh thu"
23477,WOODLAND LARGE BLUE FELT HEART,1,"Gia cao, tan suat mua thap, chiem 1.1% doanh thu"
23478,WOODLAND LARGE PINK FELT HEART,2,"Gia thap, tan suat mua trung binh, chiem 6.1% doanh thu"
23479,WIRE EGG BASKET ,0,"Gia cao, tan suat mua cao, chiem 21.0% doanh thu"
23480,MINI LIGHTS WOODLAND MUSHROOMS,4,"Gia trung binh, tan suat mua cao, chiem 71.1% doanh thu"
23481,PEARLISED IVORY HEART SMALL ,2,"Gia thap, tan suat mua trung binh, chiem 6.1% doanh thu"
23482,PEARLISED IVORY HEART LARGE ,2,"Gia thap, tan suat mua trung binh, chiem 6.1% doanh thu"
23483,HANGING  BUTTERFLY T-LIGHT HOLDER,2,"Gia thap, tan suat mua trung binh, chiem 6.1% doanh thu"
23484,HEART TRELLISTRIPLE T-LIGHT HOLDER,0,"Gia cao, tan suat mua cao, chiem 21.0% doanh thu"
23485,BOTANICAL GARDENS WALL CLOCK ,0,"Gia cao, tan suat mua cao, chiem 21.0% doanh thu"
23486,ANTIQUE HEART SHELF UNIT,0,"Gia cao, tan suat mua cao, chiem 21.0% doanh thu"
23487,SWEET HEART CAKE CARRIER,0,"Gia cao, tan suat mua cao, chiem 21.0% doanh thu"
23489,"GARLAND, VINTAGE BELLS",0,"Gia cao, tan suat mua cao, chiem 21.0% doanh thu"
23490,T-LIGHT HOLDER HANGING LOVE BIRD,0,"Gia cao, tan suat mua cao, chiem 21.0% doanh thu"
23491,VINTAGE JINGLE BELLS HEART,0,"Gia cao, tan suat mua cao, chiem 21.0% doanh thu"
23492,VINTAGE JINGLE BELLS WREATH,1,"Gia cao, tan suat mua thap, chiem 1.1% doanh thu"
23493,VINTAGE DOILY TRAVEL SEWING KIT,4,"Gia trung binh, tan suat mua cao, chiem 71.1% doanh thu"
23494,VINTAGE DOILY DELUXE SEWING KIT ,0,"Gia cao, tan suat mua cao, chiem 21.0% doanh thu"
23495,SET OF 3 PANTRY WOODEN SPOONS,2,"Gia thap, tan suat mua trung binh, chiem 6.1% doanh thu"
23496,PANTRY KITCHEN THERMOMETER ,1,"Gia cao, tan suat mua thap, chiem 1.1% doanh thu"
23497,CLASSIC CHROME BICYCLE BELL ,4,"Gia trung binh, tan suat mua cao, chiem 71.1% doanh thu"
23498,CLASSIC BICYCLE CLIPS ,4,"Gia trung binh, tan suat mua cao, chiem 71.1% doanh thu"
23499,SET 12 VINTAGE DOILY CHALK ,2,"Gia thap, tan suat mua trung binh, chiem 6.1% doanh thu"
23500,KEY RING BASEBALL BOOT ASSORTED ,4,"Gia trung binh, tan suat mua cao, chiem 71.1% doanh thu"
23501,KEY RING BASEBALL BOOT UNION JACK,4,"Gia trung binh, tan suat mua cao, chiem 71.1% doanh thu"
23502,PLAYING CARDS VINTAGE DOILEY ,2,"Gia thap, tan suat mua trung binh, chiem 6.1% doanh thu"
23503,PLAYING CARDS KEEP CALM & CARRY ON,4,"Gia trung binh, tan suat mua cao, chiem 71.1% doanh thu"
23504,PLAYING CARDS JUBILEE UNION JACK,4,"Gia trung binh, tan suat mua cao, chiem 71.1% doanh thu"
23505,PLAYING CARDS I LOVE LONDON ,4,"Gia trung binh, tan suat mua cao, chiem 71.1% doanh thu"
23506,MINI PLAYING CARDS SPACEBOY ,4,"Gia trung binh, tan suat mua cao, chiem 71.1% doanh thu"
23507,MINI PLAYING CARDS BUFFALO BILL ,4,"Gia trung binh, tan suat mua cao, chiem 71.1% doanh thu"
23508,MINI PLAYING CARDS DOLLY GIRL ,4,"Gia trung binh, tan suat mua cao, chiem 71.1% doanh thu"
23509,MINI PLAYING CARDS FUN FAIR ,2,"Gia thap, tan suat mua trung binh, chiem 6.1% doanh thu"
23510,MINI PLAYING CARDS GYMKHANA,4,"Gia trung binh, tan suat mua cao, chiem 71.1% doanh thu"
23511,EMBROIDERED RIBBON REEL EMILY ,2,"Gia thap, tan suat mua trung binh, chiem 6.1% doanh thu"
23512,EMBROIDERED RIBBON REEL ROSIE,2,"Gia thap, tan suat mua trung binh, chiem 6.1% doanh thu"
23513,EMBROIDERED RIBBON REEL SUSIE ,2,"Gia thap, tan suat mua trung binh, chiem 6.1% doanh thu"
23514,EMBROIDERED RIBBON REEL SALLY ,2,"Gia thap, tan suat mua trung binh, chiem 6.1% doanh thu"
23515,EMBROIDERED RIBBON REEL DAISY ,2,"Gia thap, tan suat mua trung binh, chiem 6.1% doanh thu"
23516,EMBROIDERED RIBBON REEL SOPHIE  ,2,"Gia thap, tan suat mua trung binh, chiem 6.1% doanh thu"
23517,EMBROIDERED RIBBON REEL REBECCA ,0,"Gia cao, tan suat mua cao, chiem 21.0% doanh thu"
23518,EMBROIDERED RIBBON REEL RACHEL ,2,"Gia thap, tan suat mua trung binh, chiem 6.1% doanh thu"
23519,EMBROIDERED RIBBON REEL CLAIRE,2,"Gia thap, tan suat mua trung binh, chiem 6.1% doanh thu"
23520,EMBROIDERED RIBBON REEL RUBY ,2,"Gia thap, tan suat mua trung binh, chiem 6.1% doanh thu"
23521,CAT AND BIRD WALL ART,2,"Gia thap, tan suat mua trung binh, chiem 6.1% doanh thu"
23522,DOG AND BALL WALL ART,2,"Gia thap, tan suat mua trung binh, chiem 6.1% doanh thu"
23523,TREASURE AHOY WALL ART,2,"Gia thap, tan suat mua trung binh, chiem 6.1% doanh thu"
23524,HORSE & PONY WALL ART,2,"Gia thap, tan suat mua trung binh, chiem 6.1% doanh thu"
23525,BUFFALO BILL WALL ART ,2,"Gia thap, tan suat mua trung binh, chiem 6.1% doanh thu"
23526,DOG LICENCE WALL ART,0,"Gia cao, tan suat mua cao, chiem 21.0% doanh thu"
23527,ANIMALS AND NATURE WALL ART,2,"Gia thap, tan suat mua trung binh, chiem 6.1% doanh thu"
23528,SPACEBOY WALL ART,2,"Gia thap, tan suat mua trung binh, chiem 6.1% doanh thu"
23529,DOLLY GIRL WALL ART,2,"Gia thap, tan suat mua trung binh, chiem 6.1% doanh thu"
23530,WALL ART ONLY ONE PERSON ,4,"Gia trung binh, tan suat mua cao, chiem 71.1% doanh thu"
23531,WALL ART BIG LOVE ,0,"Gia cao, tan suat mua cao, chiem 21.0% doanh thu"
23532,WALL ART WORK REST AND PLAY  ,2,"Gia thap, tan suat mua trung binh, chiem 6.1% doanh thu"
23533,WALL ART GARDEN HAVEN ,0,"Gia cao, tan suat mua cao, chiem 21.0% doanh thu"
23534,STOP FOR TEA WALL ART,0,"Gia cao, tan suat mua cao, chiem 21.0% doanh thu"
23535,BICYCLE SAFTEY WALL ART,0,"Gia cao, tan suat mua cao, chiem 21.0% doanh thu"
23536,VILLAGE SHOW WALL ART,0,"Gia cao, tan suat mua cao, chiem 21.0% doanh thu"
23537,I LOVE LONDON WALL ART,0,"Gia cao, tan suat mua cao, chiem 21.0% doanh thu"
23538,WALL ART VINTAGE HEART,2,"Gia thap, tan suat mua trung binh, chiem 6.1% doanh thu"
23539,WALL ART LOVES' SECRET ,0,"Gia cao, tan suat mua cao, chiem 21.0% doanh thu"
23540,WALL ART THE MAGIC FOREST ,2,"Gia thap, tan suat mua trung binh, chiem 6.1% doanh thu"
23541,WALL ART CLASSIC PUDDINGS ,0,"Gia cao, tan suat mua cao, chiem 21.0% doanh thu"
23542,70'S ALPHABET WALL ART,0,"Gia cao, tan suat mua cao, chiem 21.0% doanh thu"
23543,KEEP CALM WALL ART ,4,"Gia trung binh, tan suat mua cao, chiem 71.1% doanh thu"
23544,WALL ART MID CENTURY MODERN ,2,"Gia thap, tan suat mua trung binh, chiem 6.1% doanh thu"
23545,WRAP RED DOILEY,2,"Gia thap, tan suat mua trung binh, chiem 6.1% doanh thu"
23546,WRAP PAISLEY PARK ,4,"Gia trung binh, tan suat mua cao, chiem 71.1% doanh thu"
23547,WRAP FLOWER SHOP  ,2,"Gia thap, tan suat mua trung binh, chiem 6.1% doanh thu"
23548,WRAP MAGIC FOREST ,2,"Gia thap, tan suat mua trung binh, chiem 6.1% doanh thu"
23549,WRAP BIRD GARDEN ,2,"Gia thap, tan suat mua trung binh, chiem 6.1% doanh thu"
23550,WRAP ALPHABET POSTER  ,2,"Gia thap, tan suat mua trung binh, chiem 6.1% doanh thu"
23551,PACK OF 12 PAISLEY PARK TISSUES ,2,"Gia thap, tan suat mua trung binh, chiem 6.1% doanh thu"
23552,BICYCLE PUNCTURE REPAIR KIT ,4,"Gia trung binh, tan suat mua cao, chiem 71.1% doanh thu"
23553,LANDMARK FRAME CAMDEN TOWN ,0,"Gia cao, tan suat mua cao, chiem 21.0% doanh thu"
23554,LANDMARK FRAME OXFORD STREET,0,"Gia cao, tan suat mua cao, chiem 21.0% doanh thu"
23555,LANDMARK FRAME NOTTING HILL ,0,"Gia cao, tan suat mua cao, chiem 21.0% doanh thu"
23556,LANDMARK FRAME COVENT GARDEN ,0,"Gia cao, tan suat mua cao, chiem 21.0% doanh thu"
23557,LANDMARK FRAME BAKER STREET ,0,"Gia cao, tan suat mua cao, chiem 21.0% doanh thu"
23558,LANDMARK FRAME LONDON BRIDGE ,0,"Gia cao, tan suat mua cao, chiem 21.0% doanh thu"
23559,WOODLAND BUNNIES LOLLY MAKERS,0,"Gia cao, tan suat mua cao, chiem 21.0% doanh thu"
23560,SET OF 6 RIBBONS COUNTRY STYLE,2,"Gia thap, tan suat mua trung binh, chiem 6.1% doanh thu"
23561,SET OF 6 RIBBONS PARTY,2,"Gia thap, tan suat mua trung binh, chiem 6.1% doanh thu"
23562,SET OF 6 RIBBONS PERFECTLY PRETTY  ,2,"Gia thap, tan suat mua trung binh, chiem 6.1% doanh thu"
23564,EGG CUP MILKMAID INGRID,2,"Gia thap, tan suat mua trung binh, chiem 6.1% doanh thu"
23565,EGG CUP MILKMAID HELGA ,2,"Gia thap, tan suat mua trung binh, chiem 6.1% doanh thu"
23566,EGG CUP MILKMAID HEIDI,2,"Gia thap, tan suat mua trung binh, chiem 6.1% doanh thu"
23567,EGG CUP HENRIETTA HEN PINK,2,"Gia thap, tan suat mua trung binh, chiem 6.1% doanh thu"
23568,EGG CUP HENRIETTA HEN CREAM ,2,"Gia thap, tan suat mua trung binh, chiem 6.1% doanh thu"
23569,TRADTIONAL ALPHABET STAMP SET,0,"Gia cao, tan suat mua cao, chiem 21.0% doanh thu"
23570,TRADITIONAL PICK UP STICKS GAME ,4,"Gia trung binh, tan suat mua cao, chiem 71.1% doanh thu"
23571,TRADITIONAL NAUGHTS & CROSSES,4,"Gia trung binh, tan suat mua cao, chiem 71.1% doanh thu"
23574,PACKING CHARGE,1,"Gia cao, tan suat mua thap, chiem 1.1% doanh thu"
23575,SNACK TRAY PAISLEY PARK,2,"Gia thap, tan suat mua trung binh, chiem 6.1% doanh thu"
23576,SNACK TRAY RED VINTAGE DOILY,2,"Gia thap, tan suat mua trung binh, chiem 6.1% doanh thu"
23578,SNACK TRAY RED GINGHAM,1,"Gia cao, tan suat mua thap, chiem 1.1% doanh thu"
23579,SNACK TRAY I LOVE LONDON,2,"Gia thap, tan suat mua trung binh, chiem 6.1% doanh thu"
23580,SNACK TRAY HAPPY FOREST  ,1,"Gia cao, tan suat mua thap, chiem 1.1% doanh thu"
23581,JUMBO BAG PAISLEY PARK,4,"Gia trung binh, tan suat mua cao, chiem 71.1% doanh thu"
23582,VINTAGE DOILY JUMBO BAG RED ,4,"Gia trung binh, tan suat mua cao, chiem 71.1% doanh thu"
23583,LUNCH BAG PAISLEY PARK  ,4,"Gia trung binh, tan suat mua cao, chiem 71.1% doanh thu"
23597,PAPER BUNTING PAISLEY PARK,2,"Gia thap, tan suat mua trung binh, chiem 6.1% doanh thu"
23598,PAPER BUNTING VINTAGE PARTY,2,"Gia thap, tan suat mua trung binh, chiem 6.1% doanh thu"
23603,SET 10 CARD KRAFT REINDEER 17084,1,"Gia cao, tan suat mua thap, chiem 1.1% doanh thu"
23607,SET 10 CARDS HATS & STOCKINGS 17081,1,"Gia cao, tan suat mua thap, chiem 1.1% doanh thu"
23611,SET 10 CARDS RED RIDING HOOD 17214,1,"Gia cao, tan suat mua thap, chiem 1.1% doanh thu"
23613,SET 10 XMAS CARDS & BADGES 17070,1,"Gia cao, tan suat mua thap, chiem 1.1% doanh thu"
23614,SET 10 CARDS 12 DAYS WRAP  17058,1,"Gia cao, tan suat mua thap, chiem 1.1% doanh thu"
23616,SET 10 CARDS JINGLE BELLS 17217,1,"Gia cao, tan suat mua thap, chiem 1.1% doanh thu"
23620,SET 10 CARDS PERFECT POST 17090,1,"Gia cao, tan suat mua thap, chiem 1.1% doanh thu"
23623,SET 10 CARD CHRISTMAS WELCOME 17112,1,"Gia cao, tan suat mua thap, chiem 1.1% doanh thu"
23626,SET 10 CARDS DINKY TREE 17076,1,"Gia cao, tan suat mua thap, chiem 1.1% doanh thu"
23629,SET 10 CARDS DRESSING UP 17077,1,"Gia cao, tan suat mua thap, chiem 1.1% doanh thu"
23632,SET 10 CARDS CHEERFUL ROBIN 17065,1,"Gia cao, tan suat mua thap, chiem 1.1% doanh thu"
23634,SET 10 CARDS XMAS CHOIR 17068,1,"Gia cao, tan suat mua thap, chiem 1.1% doanh thu"
23636,SET 10 CARDS WISHING TREE 17116,1,"Gia cao, tan suat mua thap, chiem 1.1% doanh thu"
23637,SET 10 CARDS OUT OF ORDER 17216,1,"Gia cao, tan suat mua thap, chiem 1.1% doanh thu"
23640,SET 10 CARDS SCOTTIE DOG 17211,1,"Gia cao, tan suat mua thap, chiem 1.1% doanh thu"
23644,SET 10 CARDS CHRISTMAS TREE 16955,1,"Gia cao, tan suat mua thap, chiem 1.1% doanh thu"
23646,SET 10 CARDS JINGLE BELLS 16957,1,"Gia cao, tan suat mua thap, chiem 1.1% doanh thu"
23660,HENRIETTA HEN MUG ,2,"Gia thap, tan suat mua trung binh, chiem 6.1% doanh thu"
23661,MILK MAIDS MUG ,2,"Gia thap, tan suat mua trung binh, chiem 6.1% doanh thu"
23681,LUNCH BAG RED VINTAGE DOILY,4,"Gia trung binh, tan suat mua cao, chiem 71.1% doanh thu"
23691,KEEP CALM BIRTHDAY WRAP,2,"Gia thap, tan suat mua trung binh, chiem 6.1% doanh thu"
23694,PAISLEY PARK CARD,2,"Gia thap, tan suat mua trung binh, chiem 6.1% doanh thu"
23695,DOILY THANK YOU CARD,2,"Gia thap, tan suat mua trung binh, chiem 6.1% doanh thu"
23697,A PRETTY THANK YOU CARD,2,"Gia thap, tan suat mua trung binh, chiem 6.1% doanh thu"
35001G,HAND OPEN SHAPE GOLD,2,"Gia thap, tan suat mua trung binh, chiem 6.1% doanh thu"
35001W,HAND OPEN SHAPE DECO.WHITE,2,"Gia thap, tan suat mua trung binh, chiem 6.1% doanh thu"
35004B,SET OF 3 BLACK FLYING DUCKS,0,"Gia cao, tan suat mua cao, chiem 21.0% doanh thu"
35004C,SET OF 3 COLOURED  FLYING DUCKS,2,"Gia thap, tan suat mua trung binh, chiem 6.1% doanh thu"
35004G,SET OF 3 GOLD FLYING DUCKS,1,"Gia cao, tan suat mua thap, chiem 1.1% doanh thu"
35095A,BLUE VICTORIAN FABRIC OVAL BOX,2,"Gia thap, tan suat mua trung binh, chiem 6.1% doanh thu"
35095B,RED VICTORIAN FABRIC OVAL BOX,2,"Gia thap, tan suat mua trung binh, chiem 6.1% doanh thu"
35241,ENAMEL BLUE RIM BISCUIT BIN,0,"Gia cao, tan suat mua cao, chiem 21.0% doanh thu"
35265,COLOURFUL FLOWER FRUIT BOWL,1,"Gia cao, tan suat mua thap, chiem 1.1% doanh thu"
35400,WOODEN BOX ADVENT CALENDAR ,1,"Gia cao, tan suat mua thap, chiem 1.1% doanh thu"
35443,RASTA IN BATH W SPLIFF ASHTRAY,1,"Gia cao, tan suat mua thap, chiem 1.1% doanh thu"
35471D,SET OF 3 BIRD LIGHT PINK FEATHER ,4,"Gia trung binh, tan suat mua cao, chiem 71.1% doanh thu"
35598B,BLACK CHRISTMAS TREE 60CM,2,"Gia thap, tan suat mua trung binh, chiem 6.1% doanh thu"
35598D,PINK/WHITE CHRISTMAS TREE 60CM,2,"Gia thap, tan suat mua trung binh, chiem 6.1% doanh thu"
35599B,BLACK CHRISTMAS TREE 120CM,2,"Gia thap, tan suat mua trung binh, chiem 6.1% doanh thu"
35599D,PINK AND WHITE CHRISTMAS TREE 120CM,2,"Gia thap, tan suat mua trung binh, chiem 6.1% doanh thu"
35607B,BLACK FEATHER CHRISTMAS DECORATION,2,"Gia thap, tan suat mua trung binh, chiem 6.1% doanh thu"
35637A,IVORY STRING CURTAIN WITH POLE ,2,"Gia thap, tan suat mua trung binh, chiem 6.1% doanh thu"
35637C,PINK STRING CURTAIN WITH POLE,1,"Gia cao, tan suat mua thap, chiem 1.1% doanh thu"
35638A,PINK AND BLACK STRING CURTAIN,1,"Gia cao, tan suat mua thap, chiem 1.1% doanh thu"
35638B,PINK/BLUE STRING CURTAIN ,1,"Gia cao, tan suat mua thap, chiem 1.1% doanh thu"
35646,VINTAGE BEAD PINK EVENING BAG,2,"Gia thap, tan suat mua trung binh, chiem 6.1% doanh thu"
35648,VINTAGE BEAD PINK PURSE ,2,"Gia thap, tan suat mua trung binh, chiem 6.1% doanh thu"
35649,VINTAGE BEAD COSMETIC BAG ,3,"Gia trung binh, tan suat mua trung binh, chiem 0.6% doanh thu"
35651,VINTAGE BEAD PINK SCARF ,2,"Gia thap, tan suat mua trung binh, chiem 6.1% doanh thu"
35653,VINTAGE BEAD NOTEBOOK,3,"Gia trung binh, tan suat mua trung binh, chiem 0.6% doanh thu"
35809A,ENAMEL PINK TEA CONTAINER,2,"Gia thap, tan suat mua trung binh, chiem 6.1% doanh thu"
35809a,ENAMEL PINK TEA CONTAINER,1,"Gia cao, tan suat mua thap, chiem 1.1% doanh thu"
35810A,ENAMEL PINK COFFEE CONTAINER,2,"Gia thap, tan suat mua trung binh, chiem 6.1% doanh thu"
35810B,ENAMEL BLUE RIM COFFEE CONTAINER,2,"Gia thap, tan suat mua trung binh, chiem 6.1% doanh thu"
35815P,"ACRYLIC JEWEL SNOWFLAKE, PINK",2,"Gia thap, tan suat mua trung binh, chiem 6.1% doanh thu"
35818P,"ACRYLIC JEWEL ICICLE, PINK",2,"Gia thap, tan suat mua trung binh, chiem 6.1% doanh thu"
35819B,"ACRYLIC HANGING JEWEL,BLUE",2,"Gia thap, tan suat mua trung binh, chiem 6.1% doanh thu"
35819P,"ACRYLIC HANGING JEWEL,PINK",2,"Gia thap, tan suat mua trung binh, chiem 6.1% doanh thu"
35833P,4 PINK FLOCK CHRISTMAS BALLS,1,"Gia cao, tan suat mua thap, chiem 1.1% doanh thu"
35911A,MULTICOLOUR RABBIT EGG WARMER,2,"Gia thap, tan suat mua trung binh, chiem 6.1% doanh thu"
35911B,PINK/FLOWER RABBIT EGG WARMER ,2,"Gia thap, tan suat mua trung binh, chiem 6.1% doanh thu"
35912B,WHITE/PINK CHICK DECORATION,2,"Gia thap, tan suat mua trung binh, chiem 6.1% doanh thu"
35913B,WHITE/PINK CHICK EASTER DECORATION,1,"Gia cao, tan suat mua thap, chiem 1.1% doanh thu"
35914,PINK CHICK EGG WARMER + EGG CUP,2,"Gia thap, tan suat mua trung binh, chiem 6.1% doanh thu"
35915B,BLUE KNITTED HEN ,2,"Gia thap, tan suat mua trung binh, chiem 6.1% doanh thu"
35915C,PEACH KNITTED HEN ,3,"Gia trung binh, tan suat mua trung binh, chiem 0.6% doanh thu"
35916A,YELLOW FELT HANGING HEART W FLOWER,3,"Gia trung binh, tan suat mua trung binh, chiem 0.6% doanh thu"
35916B,BLUE FELT HANGING HEART W FLOWER,3,"Gia trung binh, tan suat mua trung binh, chiem 0.6% doanh thu"
35916C,PINK FELT HANGING HEART W FLOWER,3,"Gia trung binh, tan suat mua trung binh, chiem 0.6% doanh thu"
35920,FOUR RABBIT EASTER DECORATIONS,1,"Gia cao, tan suat mua thap, chiem 1.1% doanh thu"
35921,EASTER BUNNY HANGING GARLAND,1,"Gia cao, tan suat mua thap, chiem 1.1% doanh thu"
35922,EASTER BUNNY WREATH,1,"Gia cao, tan suat mua thap, chiem 1.1% doanh thu"
35923,CANDY HEART HANGING DECORATION,2,"Gia thap, tan suat mua trung binh, chiem 6.1% doanh thu"
35924,HANGING FAIRY CAKE DECORATION,2,"Gia thap, tan suat mua trung binh, chiem 6.1% doanh thu"
35933,PINK STOCKING CHRISTMAS DECORATION,2,"Gia thap, tan suat mua trung binh, chiem 6.1% doanh thu"
35953,FOLKART STAR CHRISTMAS DECORATIONS,4,"Gia trung binh, tan suat mua cao, chiem 71.1% doanh thu"
35954,SMALL FOLKART STAR CHRISTMAS DEC,2,"Gia thap, tan suat mua trung binh, chiem 6.1% doanh thu"
35957,SMALLFOLKART BAUBLE CHRISTMAS DEC,2,"Gia thap, tan suat mua trung binh, chiem 6.1% doanh thu"
35961,FOLKART ZINC HEART CHRISTMAS DEC,4,"Gia trung binh, tan suat mua cao, chiem 71.1% doanh thu"
35964,FOLKART CLIP ON STARS,2,"Gia thap, tan suat mua trung binh, chiem 6.1% doanh thu"
35965,FOLKART HEART NAPKIN RINGS,2,"Gia thap, tan suat mua trung binh, chiem 6.1% doanh thu"
35967,FOLK ART METAL STAR T-LIGHT HOLDER,2,"Gia thap, tan suat mua trung binh, chiem 6.1% doanh thu"
35968,FOLK ART METAL HEART T-LIGHT HOLDER,2,"Gia thap, tan suat mua trung binh, chiem 6.1% doanh thu"
35970,ZINC FOLKART SLEIGH BELLS,4,"Gia trung binh, tan suat mua cao, chiem 71.1% doanh thu"
35971,ROSE FOLKART HEART DECORATIONS,2,"Gia thap, tan suat mua trung binh, chiem 6.1% doanh thu"
35972,DAISY FOLKART HEART DECORATION,1,"Gia cao, tan suat mua thap, chiem 1.1% doanh thu"
37327,ASSTD MULTICOLOUR CIRCLES MUG,2,"Gia thap, tan suat mua trung binh, chiem 6.1% doanh thu"
37333,"RETRO ""TEA FOR ONE"" ",1,"Gia cao, tan suat mua thap, chiem 1.1% doanh thu"
37340,MULTICOLOUR SPRING FLOWER MUG,4,"Gia trung binh, tan suat mua cao, chiem 71.1% doanh thu"
37342,POLKADOT COFFEE CUP & SAUCER PINK,2,"Gia thap, tan suat mua trung binh, chiem 6.1% doanh thu"
37343,POLKADOT MUG PINK ,1,"Gia cao, tan suat mua thap, chiem 1.1% doanh thu"
37370,RETRO COFFEE MUGS ASSORTED,4,"Gia trung binh, tan suat mua cao, chiem 71.1% doanh thu"
37413,ICON MUG REVOLUTIONARY,2,"Gia thap, tan suat mua trung binh, chiem 6.1% doanh thu"
37444A,YELLOW BREAKFAST CUP AND SAUCER,1,"Gia cao, tan suat mua thap, chiem 1.1% doanh thu"
37444C,PINK BREAKFAST CUP AND SAUCER ,1,"Gia cao, tan suat mua thap, chiem 1.1% doanh thu"
37446,MINI CAKE STAND WITH HANGING CAKES,4,"Gia trung binh, tan suat mua cao, chiem 71.1% doanh thu"
37447,CERAMIC CAKE DESIGN SPOTTED PLATE,2,"Gia thap, tan suat mua trung binh, chiem 6.1% doanh thu"
37448,CERAMIC CAKE DESIGN SPOTTED MUG,4,"Gia trung binh, tan suat mua cao, chiem 71.1% doanh thu"
37449,CERAMIC CAKE STAND + HANGING CAKES,0,"Gia cao, tan suat mua cao, chiem 21.0% doanh thu"
37450,CERAMIC CAKE BOWL + HANGING CAKES,0,"Gia cao, tan suat mua cao, chiem 21.0% doanh thu"
37462E,"PET MUG, GOLDFISH",3,"Gia trung binh, tan suat mua trung binh, chiem 0.6% doanh thu"
37467,PIG MUG IN TWO COLOUR DESIGNS,2,"Gia thap, tan suat mua trung binh, chiem 6.1% doanh thu"
37468,HARDMAN MUG 3 ASSORTED,1,"Gia cao, tan suat mua thap, chiem 1.1% doanh thu"
37475,SET/4 COLOURFUL MIXING BOWLS,0,"Gia cao, tan suat mua cao, chiem 21.0% doanh thu"
37476,CONDIMENT TRAY 4 BOWLS AND 4 SPOONS,1,"Gia cao, tan suat mua thap, chiem 1.1% doanh thu"
37479B,CUBIC MUG FLOCK BLUE ON BROWN,2,"Gia thap, tan suat mua trung binh, chiem 6.1% doanh thu"
37479P,CUBIC MUG FLOCK PINK ON BROWN,2,"Gia thap, tan suat mua trung binh, chiem 6.1% doanh thu"
37482P,CUBIC MUG PINK POLKADOT,2,"Gia thap, tan suat mua trung binh, chiem 6.1% doanh thu"
37489A,YELLOW/PINK FLOWER DESIGN BIG MUG,1,"Gia cao, tan suat mua thap, chiem 1.1% doanh thu"
37489B,BLUE/YELLOW FLOWER DESIGN BIG MUG,1,"Gia cao, tan suat mua thap, chiem 1.1% doanh thu"
37489C,GREEN/BLUE FLOWER DESIGN BIG MUG,1,"Gia cao, tan suat mua thap, chiem 1.1% doanh thu"
37489D,PINK/GREEN FLOWER DESIGN BIG MUG,1,"Gia cao, tan suat mua thap, chiem 1.1% doanh thu"
37495,FAIRY CAKE BIRTHDAY CANDLE SET,0,"Gia cao, tan suat mua cao, chiem 21.0% doanh thu"
37500,TEA TIME TEAPOT IN GIFT BOX,0,"Gia cao, tan suat mua cao, chiem 21.0% doanh thu"
37501,TEA TIME TEA SET IN GIFT BOX,0,"Gia cao, tan suat mua cao, chiem 21.0% doanh thu"
40001,WHITE BAMBOO RIBS LAMPSHADE,2,"Gia thap, tan suat mua trung binh, chiem 6.1% doanh thu"
40003,WHITE BAMBOO RIBS LAMPSHADE,2,"Gia thap, tan suat mua trung binh, chiem 6.1% doanh thu"
40016,CHINESE DRAGON PAPER LANTERNS,4,"Gia trung binh, tan suat mua cao, chiem 71.1% doanh thu"
40046A,RED DAISY PAPER LAMPSHADE,1,"Gia cao, tan suat mua thap, chiem 1.1% doanh thu"
44089C,LILAC GAUZE BUTTERFLY LAMPSHADE,1,"Gia cao, tan suat mua thap, chiem 1.1% doanh thu"
44092B,BLUE WHITE PLASTIC RINGS LAMPSHADE,1,"Gia cao, tan suat mua thap, chiem 1.1% doanh thu"
44092C,PURPLE/COPPER HANGING LAMPSHADE,1,"Gia cao, tan suat mua thap, chiem 1.1% doanh thu"
44234,ASSORTED CIRCULAR MOBILE,2,"Gia thap, tan suat mua trung binh, chiem 6.1% doanh thu"
44235,ASS COL CIRCLE MOBILE ,2,"Gia thap, tan suat mua trung binh, chiem 6.1% doanh thu"
44236,PINK/PURPLE CIRCLE CURTAIN,1,"Gia cao, tan suat mua thap, chiem 1.1% doanh thu"
46000M,POLYESTER FILLER PAD 45x45cm,2,"Gia thap, tan suat mua trung binh, chiem 6.1% doanh thu"
46000P,POLYESTER FILLER PAD 65CMx65CM,1,"Gia cao, tan suat mua thap, chiem 1.1% doanh thu"
46000R,POLYESTER FILLER PAD 45x30cm,1,"Gia cao, tan suat mua thap, chiem 1.1% doanh thu"
46000S,POLYESTER FILLER PAD 40x40cm,4,"Gia trung binh, tan suat mua cao, chiem 71.1% doanh thu"
46000U,POLYESTER FILLER PAD 30CMx30CM,1,"Gia cao, tan suat mua thap, chiem 1.1% doanh thu"
46118,FUNKY MONKEY CUSHION COVER,2,"Gia thap, tan suat mua trung binh, chiem 6.1% doanh thu"
46126A,ELVIS WALLHANGING / CURTAIN,1,"Gia cao, tan suat mua thap, chiem 1.1% doanh thu"
46138B,BLUE CHENILLE SHAGGY CUSHION COVER ,1,"Gia cao, tan suat mua thap, chiem 1.1% doanh thu"
46775D,SUNSET COLOUR CHUNKY KNITTED THROW,3,"Gia trung binh, tan suat mua trung binh, chiem 0.6% doanh thu"
46776A,WOVEN BUBBLE GUM CUSHION COVER,3,"Gia trung binh, tan suat mua trung binh, chiem 0.6% doanh thu"
46776B,WOVEN BERRIES CUSHION COVER ,3,"Gia trung binh, tan suat mua trung binh, chiem 0.6% doanh thu"
46776C,WOVEN FROST CUSHION COVER,3,"Gia trung binh, tan suat mua trung binh, chiem 0.6% doanh thu"
46776D,WOVEN SUNSET CUSHION COVER ,3,"Gia trung binh, tan suat mua trung binh, chiem 0.6% doanh thu"
46776E,WOVEN CANDY CUSHION COVER ,3,"Gia trung binh, tan suat mua trung binh, chiem 0.6% doanh thu"
46776F,WOVEN ROSE GARDEN CUSHION COVER ,3,"Gia trung binh, tan suat mua trung binh, chiem 0.6% doanh thu"
47013C,WINE BOTTLE DRESSING DARK BLUE,1,"Gia cao, tan suat mua thap, chiem 1.1% doanh thu"
47021G,SET/6 BEAD COASTERS GAUZE BAG GOLD,2,"Gia thap, tan suat mua trung binh, chiem 6.1% doanh thu"
47310M,"SMALL POP BOX,FUNKY MONKEY",3,"Gia trung binh, tan suat mua trung binh, chiem 0.6% doanh thu"
47341A,FUSCHIA TABLE RUN FLOWER ,1,"Gia cao, tan suat mua thap, chiem 1.1% doanh thu"
47341B,BLUE TABLE RUN FLOWER,1,"Gia cao, tan suat mua thap, chiem 1.1% doanh thu"
47343A,FUSCHIA FLOWER PURSE WITH BEADS,2,"Gia thap, tan suat mua trung binh, chiem 6.1% doanh thu"
47344B,BLUE FLOWER DES PURSE,1,"Gia cao, tan suat mua thap, chiem 1.1% doanh thu"
47348A,FUSCHIA VOILE POINTY SHOE DEC,1,"Gia cao, tan suat mua thap, chiem 1.1% doanh thu"
47351B,BLUE  VOILE LAMPSHADE,2,"Gia thap, tan suat mua trung binh, chiem 6.1% doanh thu"
47367B,PAIR PADDED HANGERS PINK CHECK,3,"Gia trung binh, tan suat mua trung binh, chiem 0.6% doanh thu"
47369A,PINK GREEN EMBROIDERY COSMETIC BAG,3,"Gia trung binh, tan suat mua trung binh, chiem 0.6% doanh thu"
47369B,BLUE GREEN EMBROIDERY COSMETIC BAG,3,"Gia trung binh, tan suat mua trung binh, chiem 0.6% doanh thu"
47420,ASSORTED COLOUR SUCTION CUP HOOK,2,"Gia thap, tan suat mua trung binh, chiem 6.1% doanh thu"
47421,ASSORTED COLOUR LIZARD SUCTION HOOK,2,"Gia thap, tan suat mua trung binh, chiem 6.1% doanh thu"
47422,ASSORTED MONKEY SUCTION CUP HOOK,2,"Gia thap, tan suat mua trung binh, chiem 6.1% doanh thu"
47469,ASSORTED SHAPES PHOTO CLIP SILVER ,2,"Gia thap, tan suat mua trung binh, chiem 6.1% doanh thu"
47471,RAINBOW PEGS PHOTO CLIP STRING,2,"Gia thap, tan suat mua trung binh, chiem 6.1% doanh thu"
47480,HANGING PHOTO CLIP ROPE LADDER,2,"Gia thap, tan suat mua trung binh, chiem 6.1% doanh thu"
47481,50CM METAL STRING WITH  7 CLIPS,2,"Gia thap, tan suat mua trung binh, chiem 6.1% doanh thu"
47503A,ASS FLORAL PRINT MULTI SCREWDRIVER,4,"Gia trung binh, tan suat mua cao, chiem 71.1% doanh thu"
47503H,ASS FLORAL PRINT SPIRIT LEVEL ,1,"Gia cao, tan suat mua thap, chiem 1.1% doanh thu"
47504H,ENGLISH ROSE SPIRIT LEVEL ,2,"Gia thap, tan suat mua trung binh, chiem 6.1% doanh thu"
47504K,ENGLISH ROSE GARDEN SECATEURS,4,"Gia trung binh, tan suat mua cao, chiem 71.1% doanh thu"
47518F,ICON PLACEMAT POP ART ELVIS,2,"Gia thap, tan suat mua trung binh, chiem 6.1% doanh thu"
47518f,ICON PLACEMAT POP ART ELVIS,1,"Gia cao, tan suat mua thap, chiem 1.1% doanh thu"
47559B,TEA TIME OVEN GLOVE,4,"Gia trung binh, tan suat mua cao, chiem 71.1% doanh thu"
47559b,TEA TIME OVEN GLOVE,1,"Gia cao, tan suat mua thap, chiem 1.1% doanh thu"
47563A,RETRO LONGBOARD IRONING BOARD COVER,0,"Gia cao, tan suat mua cao, chiem 21.0% doanh thu"
47566,PARTY BUNTING,4,"Gia trung binh, tan suat mua cao, chiem 71.1% doanh thu"
47566B,TEA TIME PARTY BUNTING,4,"Gia trung binh, tan suat mua cao, chiem 71.1% doanh thu"
47566b,TEA TIME PARTY BUNTING,1,"Gia cao, tan suat mua thap, chiem 1.1% doanh thu"
47567B,TEA TIME KITCHEN APRON,0,"Gia cao, tan suat mua cao, chiem 21.0% doanh thu"
47570B,TEA TIME TABLE CLOTH,0,"Gia cao, tan suat mua cao, chiem 21.0% doanh thu"
47574A,ENGLISH ROSE SCENTED HANGING FLOWER,2,"Gia thap, tan suat mua trung binh, chiem 6.1% doanh thu"
47578A,ENGLISH ROSE SMALL SCENTED FLOWER,2,"Gia thap, tan suat mua trung binh, chiem 6.1% doanh thu"
47580,TEA TIME DES TEA COSY,0,"Gia cao, tan suat mua cao, chiem 21.0% doanh thu"
47585A,PINK FAIRY CAKE CUSHION COVER,0,"Gia cao, tan suat mua cao, chiem 21.0% doanh thu"
47586A,PINK FAIRY CAKE CUSHION COVER,1,"Gia cao, tan suat mua thap, chiem 1.1% doanh thu"
47590A,BLUE HAPPY BIRTHDAY BUNTING,4,"Gia trung binh, tan suat mua cao, chiem 71.1% doanh thu"
47590B,PINK HAPPY BIRTHDAY BUNTING,4,"Gia trung binh, tan suat mua cao, chiem 71.1% doanh thu"
47590b,PINK HAPPY BIRTHDAY BUNTING,1,"Gia cao, tan suat mua thap, chiem 1.1% doanh thu"
47591B,SCOTTIES CHILDRENS APRON,3,"Gia trung binh, tan suat mua trung binh, chiem 0.6% doanh thu"
47591D,PINK FAIRY CAKE CHILDRENS APRON,4,"Gia trung binh, tan suat mua cao, chiem 71.1% doanh thu"
47591d,PINK FAIRY CAKE CHILDRENS APRON,1,"Gia cao, tan suat mua thap, chiem 1.1% doanh thu"
47593A,CAROUSEL PONIES BABY BIB,1,"Gia cao, tan suat mua thap, chiem 1.1% doanh thu"
47593B,SCOTTIE DOGS BABY BIB,4,"Gia trung binh, tan suat mua cao, chiem 71.1% doanh thu"
47594A,CAROUSEL DESIGN WASHBAG,1,"Gia cao, tan suat mua thap, chiem 1.1% doanh thu"
47594B,SCOTTIES DESIGN WASHBAG,2,"Gia thap, tan suat mua trung binh, chiem 6.1% doanh thu"
47599A,PINK PARTY BAGS,4,"Gia trung binh, tan suat mua cao, chiem 71.1% doanh thu"
47599B,BLUE PARTY BAGS ,4,"Gia trung binh, tan suat mua cao, chiem 71.1% doanh thu"
48111,DOORMAT 3 SMILEY CATS,0,"Gia cao, tan suat mua cao, chiem 21.0% doanh thu"
48116,DOORMAT MULTICOLOUR STRIPE,4,"Gia trung binh, tan suat mua cao, chiem 71.1% doanh thu"
48129,DOORMAT TOPIARY,0,"Gia cao, tan suat mua cao, chiem 21.0% doanh thu"
48138,DOORMAT UNION FLAG,4,"Gia trung binh, tan suat mua cao, chiem 71.1% doanh thu"
48173C,DOORMAT BLACK FLOCK ,4,"Gia trung binh, tan suat mua cao, chiem 71.1% doanh thu"
48173c,DOORMAT BLACK FLOCK ,1,"Gia cao, tan suat mua thap, chiem 1.1% doanh thu"
48184,DOORMAT ENGLISH ROSE ,4,"Gia trung binh, tan suat mua cao, chiem 71.1% doanh thu"
48185,DOORMAT FAIRY CAKE,4,"Gia trung binh, tan suat mua cao, chiem 71.1% doanh thu"
48187,DOORMAT NEW ENGLAND,4,"Gia trung binh, tan suat mua cao, chiem 71.1% doanh thu"
48188,DOORMAT WELCOME PUPPIES,4,"Gia trung binh, tan suat mua cao, chiem 71.1% doanh thu"
48189,DOORMAT FRIENDSHIP ,1,"Gia cao, tan suat mua thap, chiem 1.1% doanh thu"
48194,DOORMAT HEARTS,4,"Gia trung binh, tan suat mua cao, chiem 71.1% doanh thu"
51008,AFGHAN SLIPPER SOCK PAIR,2,"Gia thap, tan suat mua trung binh, chiem 6.1% doanh thu"
51014A,"FEATHER PEN,HOT PINK",4,"Gia trung binh, tan suat mua cao, chiem 71.1% doanh thu"
51014C,"FEATHER PEN,COAL BLACK",4,"Gia trung binh, tan suat mua cao, chiem 71.1% doanh thu"
51014L,"FEATHER PEN,LIGHT PINK",4,"Gia trung binh, tan suat mua cao, chiem 71.1% doanh thu"
51020A,SUMMER FUN DESIGN SHOWER CAP,2,"Gia thap, tan suat mua trung binh, chiem 6.1% doanh thu"
51020B,STRIPY DESIGN SHOWER CAP,2,"Gia thap, tan suat mua trung binh, chiem 6.1% doanh thu"
62018,SOMBRERO ,4,"Gia trung binh, tan suat mua cao, chiem 71.1% doanh thu"
62043B,BLUE CHECK BAG W HANDLE 34X20CM,1,"Gia cao, tan suat mua thap, chiem 1.1% doanh thu"
62086A,PINK RETRO BIG FLOWER BAG,1,"Gia cao, tan suat mua thap, chiem 1.1% doanh thu"
62094B,TURQ ICE CREAM BUM BAG ,3,"Gia trung binh, tan suat mua trung binh, chiem 0.6% doanh thu"
62096A,PINK/YELLOW FLOWERS HANDBAG,2,"Gia thap, tan suat mua trung binh, chiem 6.1% doanh thu"
70006,LOVE HEART POCKET WARMER,4,"Gia trung binh, tan suat mua cao, chiem 71.1% doanh thu"
70007,HI TEC ALPINE HAND WARMER,2,"Gia thap, tan suat mua trung binh, chiem 6.1% doanh thu"
71038,WHITE HANGING BEADS CANDLE HOLDER,0,"Gia cao, tan suat mua cao, chiem 21.0% doanh thu"
71050,SMALL SINGLE FLAME CANDLE HOLDER,1,"Gia cao, tan suat mua thap, chiem 1.1% doanh thu"
71053,WHITE METAL LANTERN,4,"Gia trung binh, tan suat mua cao, chiem 71.1% doanh thu"
71101E,STANDING FAIRY POLE SUPPORT ,2,"Gia thap, tan suat mua trung binh, chiem 6.1% doanh thu"
71143,SILVER BOOK MARK WITH BEADS,3,"Gia trung binh, tan suat mua trung binh, chiem 0.6% doanh thu"
71270,PHOTO CLIP LINE,2,"Gia thap, tan suat mua trung binh, chiem 6.1% doanh thu"
71279,PINK GLASS CANDLEHOLDER,0,"Gia cao, tan suat mua cao, chiem 21.0% doanh thu"
71403,"PINK/WHITE ""KEEP CLEAN"" BULLET BIN",1,"Gia cao, tan suat mua thap, chiem 1.1% doanh thu"
71406C,BLACK ORANGE SQUEEZER,2,"Gia thap, tan suat mua trung binh, chiem 6.1% doanh thu"
71459,HANGING JAM JAR T-LIGHT HOLDER,4,"Gia trung binh, tan suat mua cao, chiem 71.1% doanh thu"
71477,COLOUR GLASS. STAR T-LIGHT HOLDER,4,"Gia trung binh, tan suat mua cao, chiem 71.1% doanh thu"
71495A,CD WALL TIDY BLUE OFFICE,2,"Gia thap, tan suat mua trung binh, chiem 6.1% doanh thu"
71495B,CD WALL TIDY RED FLOWERS,2,"Gia thap, tan suat mua trung binh, chiem 6.1% doanh thu"
71496A,A4 WALL TIDY BLUE OFFICE,2,"Gia thap, tan suat mua trung binh, chiem 6.1% doanh thu"
71510,SQUARE METAL CANDLEHOLDER BASE,1,"Gia cao, tan suat mua thap, chiem 1.1% doanh thu"
72051S,BAG OF SILVER STONES,2,"Gia thap, tan suat mua trung binh, chiem 6.1% doanh thu"
72122,COFFEE SCENT PILLAR CANDLE,2,"Gia thap, tan suat mua trung binh, chiem 6.1% doanh thu"
72127,COLUMBIAN CANDLE ROUND ,2,"Gia thap, tan suat mua trung binh, chiem 6.1% doanh thu"
72128,COLUMBIAN CANDLE ROUND,2,"Gia thap, tan suat mua trung binh, chiem 6.1% doanh thu"
72130,COLUMBIAN CANDLE ROUND,2,"Gia thap, tan suat mua trung binh, chiem 6.1% doanh thu"
72131,COLUMBIAN CANDLE RECTANGLE,2,"Gia thap, tan suat mua trung binh, chiem 6.1% doanh thu"
72132,COLUMBIAN CUBE CANDLE,1,"Gia cao, tan suat mua thap, chiem 1.1% doanh thu"
72133,COLUMBIAN CANDLE RECTANGLE,1,"Gia cao, tan suat mua thap, chiem 1.1% doanh thu"
72134,COLUMBIAN  CUBE CANDLE ,2,"Gia thap, tan suat mua trung binh, chiem 6.1% doanh thu"
72140E,BEST DAD CANDLE LETTERS,1,"Gia cao, tan suat mua thap, chiem 1.1% doanh thu"
72225C,LAVENDER SCENT CAKE CANDLE,2,"Gia thap, tan suat mua trung binh, chiem 6.1% doanh thu"
72232,FENG SHUI PILLAR CANDLE,2,"Gia thap, tan suat mua trung binh, chiem 6.1% doanh thu"
72349B,SET/6 PURPLE BUTTERFLY T-LIGHTS,2,"Gia thap, tan suat mua trung binh, chiem 6.1% doanh thu"
72349b,SET/6 PURPLE BUTTERFLY T-LIGHTS,1,"Gia cao, tan suat mua thap, chiem 1.1% doanh thu"
72351A,SET/6 TURQUOISE BUTTERFLY T-LIGHTS,4,"Gia trung binh, tan suat mua cao, chiem 71.1% doanh thu"
72351B,SET/6 PINK  BUTTERFLY T-LIGHTS,4,"Gia trung binh, tan suat mua cao, chiem 71.1% doanh thu"
72351a,SET/6 TURQUOISE BUTTERFLY T-LIGHTS,1,"Gia cao, tan suat mua thap, chiem 1.1% doanh thu"
72369A,PINK CLEAR GLASS CANDLE PLATE,1,"Gia cao, tan suat mua thap, chiem 1.1% doanh thu"
72586,SET OF 6 HALLOWEEN GHOST T-LIGHTS,2,"Gia thap, tan suat mua trung binh, chiem 6.1% doanh thu"
72598,SET/12 TAPER CANDLES,2,"Gia thap, tan suat mua trung binh, chiem 6.1% doanh thu"
72709,IVORY SCULPTED RND CANDLE ,1,"Gia cao, tan suat mua thap, chiem 1.1% doanh thu"
72741,GRAND CHOCOLATECANDLE,4,"Gia trung binh, tan suat mua cao, chiem 71.1% doanh thu"
72760B,VINTAGE CREAM 3 BASKET CAKE STAND,0,"Gia cao, tan suat mua cao, chiem 21.0% doanh thu"
72780,BLACK SILOUETTE CANDLE PLATE,2,"Gia thap, tan suat mua trung binh, chiem 6.1% doanh thu"
72799C,PINK PILLAR CANDLE SILVER FLOCK,1,"Gia cao, tan suat mua thap, chiem 1.1% doanh thu"
72799E,IVORY PILLAR CANDLE SILVER FLOCK,2,"Gia thap, tan suat mua trung binh, chiem 6.1% doanh thu"
72799F,IVORY PILLAR CANDLE GOLD FLOCK,2,"Gia thap, tan suat mua trung binh, chiem 6.1% doanh thu"
72800B, 4 PURPLE FLOCK DINNER CANDLES,1,"Gia cao, tan suat mua thap, chiem 1.1% doanh thu"
72800C,4 PINK DINNER CANDLE SILVER FLOCK,1,"Gia cao, tan suat mua thap, chiem 1.1% doanh thu"
72800D,4 BLUE DINNER CANDLES SILVER FLOCK,1,"Gia cao, tan suat mua thap, chiem 1.1% doanh thu"
72800E,4 IVORY DINNER CANDLES SILVER FLOCK,0,"Gia cao, tan suat mua cao, chiem 21.0% doanh thu"
72801C,4 ROSE PINK DINNER CANDLES,2,"Gia thap, tan suat mua trung binh, chiem 6.1% doanh thu"
72801D,4 SKY BLUE DINNER CANDLES,1,"Gia cao, tan suat mua thap, chiem 1.1% doanh thu"
72801G,4 BURGUNDY WINE DINNER CANDLES,1,"Gia cao, tan suat mua thap, chiem 1.1% doanh thu"
72801c,4 ROSE PINK DINNER CANDLES,1,"Gia cao, tan suat mua thap, chiem 1.1% doanh thu"
72801d,4 SKY BLUE DINNER CANDLES,1,"Gia cao, tan suat mua thap, chiem 1.1% doanh thu"
72802A,ROSE SCENT CANDLE IN JEWELLED BOX,0,"Gia cao, tan suat mua cao, chiem 21.0% doanh thu"
72802B,OCEAN SCENT CANDLE IN JEWELLED BOX,4,"Gia trung binh, tan suat mua cao, chiem 71.1% doanh thu"
72802C,VANILLA SCENT CANDLE JEWELLED BOX,4,"Gia trung binh, tan suat mua cao, chiem 71.1% doanh thu"
72803A,ROSE SCENT CANDLE JEWELLED DRAWER,2,"Gia thap, tan suat mua trung binh, chiem 6.1% doanh thu"
72807A,SET/3 ROSE CANDLE IN JEWELLED BOX,0,"Gia cao, tan suat mua cao, chiem 21.0% doanh thu"
72807B,SET/3 OCEAN SCENT CANDLE JEWEL BOX,0,"Gia cao, tan suat mua cao, chiem 21.0% doanh thu"
72807C,SET/3 VANILLA SCENTED CANDLE IN BOX,0,"Gia cao, tan suat mua cao, chiem 21.0% doanh thu"
72807a,SET/3 ROSE CANDLE IN JEWELLED BOX,1,"Gia cao, tan suat mua thap, chiem 1.1% doanh thu"
72807c,SET/3 VANILLA SCENTED CANDLE IN BOX,1,"Gia cao, tan suat mua thap, chiem 1.1% doanh thu"
72811,SMALL ZINC/GLASS CANDLEHOLDER,1,"Gia cao, tan suat mua thap, chiem 1.1% doanh thu"
72812,LARGE ZINC GLASS CANDLEHOLDER,3,"Gia trung binh, tan suat mua trung binh, chiem 0.6% doanh thu"
72816,SET/3 CHRISTMAS DECOUPAGE CANDLES,2,"Gia thap, tan suat mua trung binh, chiem 6.1% doanh thu"
72817,SET OF 2 CHRISTMAS DECOUPAGE CANDLE,2,"Gia thap, tan suat mua trung binh, chiem 6.1% doanh thu"
72818,CHRISTMAS DECOUPAGE CANDLE,2,"Gia thap, tan suat mua trung binh, chiem 6.1% doanh thu"
72819,CUPID DESIGN SCENTED CANDLES,2,"Gia thap, tan suat mua trung binh, chiem 6.1% doanh thu"
75011,BLUE DAISY MOBILE,2,"Gia thap, tan suat mua trung binh, chiem 6.1% doanh thu"
75013B,"STRING OF 8 BUTTERFLIES,PINK",1,"Gia cao, tan suat mua thap, chiem 1.1% doanh thu"
75049L,LARGE CIRCULAR MIRROR MOBILE,4,"Gia trung binh, tan suat mua cao, chiem 71.1% doanh thu"
75131,METAL TUBE CHIME ON BAMBOO,2,"Gia thap, tan suat mua trung binh, chiem 6.1% doanh thu"
75172,PAINTED SEA SHELL METAL WINDCHIME,2,"Gia thap, tan suat mua trung binh, chiem 6.1% doanh thu"
75178,ASSTD COL BUTTERFLY/CRYSTAL W/CHIME,2,"Gia thap, tan suat mua trung binh, chiem 6.1% doanh thu"
77101A,UNION FLAG WINDSOCK,2,"Gia thap, tan suat mua trung binh, chiem 6.1% doanh thu"
78033,FLAG OF ST GEORGE CHAIR,1,"Gia cao, tan suat mua thap, chiem 1.1% doanh thu"
78034B,BLUE NETTING STORAGE HANGER,1,"Gia cao, tan suat mua thap, chiem 1.1% doanh thu"
78124,MAGAZINE RACK GEBRA ASSORTED ,2,"Gia thap, tan suat mua trung binh, chiem 6.1% doanh thu"
79000,MOROCCAN TEA GLASS,4,"Gia trung binh, tan suat mua cao, chiem 71.1% doanh thu"
79026B,"S/4 ICON COASTER,ELVIS LIVES",1,"Gia cao, tan suat mua thap, chiem 1.1% doanh thu"
79030D,"TUMBLER, BAROQUE",2,"Gia thap, tan suat mua trung binh, chiem 6.1% doanh thu"
79030G,"TUMBLER, NEW ENGLAND",2,"Gia thap, tan suat mua trung binh, chiem 6.1% doanh thu"
79051A,SMOKEY GREY COLOUR D.O.F. GLASS,2,"Gia thap, tan suat mua trung binh, chiem 6.1% doanh thu"
79063C,"RETRO PILL BOX KEY CHAIN,THE KING",2,"Gia thap, tan suat mua trung binh, chiem 6.1% doanh thu"
79063D,"RETRO PILL BOX , REVOLUTIONARY",2,"Gia thap, tan suat mua trung binh, chiem 6.1% doanh thu"
79066K,RETRO MOD TRAY,2,"Gia thap, tan suat mua trung binh, chiem 6.1% doanh thu"
79066k,RETRO MOD TRAY,1,"Gia cao, tan suat mua thap, chiem 1.1% doanh thu"
79067,CORONA MEXICAN TRAY,0,"Gia cao, tan suat mua cao, chiem 21.0% doanh thu"
79071B,ENGLISH ROSE METAL WASTE BIN,1,"Gia cao, tan suat mua thap, chiem 1.1% doanh thu"
79144B,PAINTED LIGHTBULB STAR+ MOON,3,"Gia trung binh, tan suat mua trung binh, chiem 0.6% doanh thu"
79144C,PAINTED LIGHTBULB RAINBOW DESIGN,3,"Gia trung binh, tan suat mua trung binh, chiem 0.6% doanh thu"
79149B,SILICON STAR BULB  BLUE,1,"Gia cao, tan suat mua thap, chiem 1.1% doanh thu"
79160,HEART SHAPE WIRELESS DOORBELL,2,"Gia thap, tan suat mua trung binh, chiem 6.1% doanh thu"
79163,BLACK CHAMPAGNE GLASS,2,"Gia thap, tan suat mua trung binh, chiem 6.1% doanh thu"
79164,BLACK WINE GLASS,2,"Gia thap, tan suat mua trung binh, chiem 6.1% doanh thu"
79190A,RETRO PLASTIC 70'S TRAY,2,"Gia thap, tan suat mua trung binh, chiem 6.1% doanh thu"
79190B,RETRO PLASTIC POLKA TRAY,2,"Gia thap, tan suat mua trung binh, chiem 6.1% doanh thu"
79190D,RETRO PLASTIC DAISY TRAY,2,"Gia thap, tan suat mua trung binh, chiem 6.1% doanh thu"
79191B,RETRO PLASTIC POLKA TRAY,2,"Gia thap, tan suat mua trung binh, chiem 6.1% doanh thu"
79191C,RETRO PLASTIC ELEPHANT TRAY,2,"Gia thap, tan suat mua trung binh, chiem 6.1% doanh thu"
79191D,RETRO PLASTIC DAISY TRAY,1,"Gia cao, tan suat mua thap, chiem 1.1% doanh thu"
79302M,"ART LIGHTS,FUNK MONKEY",0,"Gia cao, tan suat mua cao, chiem 21.0% doanh thu"
79321,CHILLI LIGHTS,4,"Gia trung binh, tan suat mua cao, chiem 71.1% doanh thu"
79337,BLUE FLOCK GLASS CANDLEHOLDER,2,"Gia thap, tan suat mua trung binh, chiem 6.1% doanh thu"
79403,FROSTED WHITE BASE ,1,"Gia cao, tan suat mua thap, chiem 1.1% doanh thu"
79406,FROSTED WHITE BASE ,2,"Gia thap, tan suat mua trung binh, chiem 6.1% doanh thu"
81950B,FLOWER BLUE CLOCK WITH SUCKER,2,"Gia thap, tan suat mua trung binh, chiem 6.1% doanh thu"
81950V,FLOWER PURPLE CLOCK W/SUCKER,1,"Gia cao, tan suat mua thap, chiem 1.1% doanh thu"
81952B,ROUND BLUE CLOCK WITH SUCKER,2,"Gia thap, tan suat mua trung binh, chiem 6.1% doanh thu"
81952V,ROUND PURPLE CLOCK WITH SUCKER,2,"Gia thap, tan suat mua trung binh, chiem 6.1% doanh thu"
82001S,VINYL RECORD FRAME SILVER,4,"Gia trung binh, tan suat mua cao, chiem 71.1% doanh thu"
82001s,VINYL RECORD FRAME SILVER,1,"Gia cao, tan suat mua thap, chiem 1.1% doanh thu"
82011A,"BATHROOM SCALES, TROPICAL BEACH",1,"Gia cao, tan suat mua thap, chiem 1.1% doanh thu"
82011B,BATHROOM SCALES RUBBER DUCKS,1,"Gia cao, tan suat mua thap, chiem 1.1% doanh thu"
82011C,BATHROOM SCALES FOOTPRINTS IN SAND,1,"Gia cao, tan suat mua thap, chiem 1.1% doanh thu"
82095,HEART BUTTONS JEWELLERY BOX,3,"Gia trung binh, tan suat mua trung binh, chiem 0.6% doanh thu"
82482,WOODEN PICTURE FRAME WHITE FINISH,4,"Gia trung binh, tan suat mua cao, chiem 71.1% doanh thu"
82483,WOOD 2 DRAWER CABINET WHITE FINISH,0,"Gia cao, tan suat mua cao, chiem 21.0% doanh thu"
82484,WOOD BLACK BOARD ANT WHITE FINISH,4,"Gia trung binh, tan suat mua cao, chiem 71.1% doanh thu"
82486,WOOD S/3 CABINET ANT WHITE FINISH,0,"Gia cao, tan suat mua cao, chiem 21.0% doanh thu"
82494L,WOODEN FRAME ANTIQUE WHITE ,4,"Gia trung binh, tan suat mua cao, chiem 71.1% doanh thu"
82494l,WOODEN FRAME ANTIQUE WHITE ,1,"Gia cao, tan suat mua thap, chiem 1.1% doanh thu"
82551,LAUNDRY 15C METAL SIGN,4,"Gia trung binh, tan suat mua cao, chiem 71.1% doanh thu"
82552,WASHROOM METAL SIGN,4,"Gia trung binh, tan suat mua cao, chiem 71.1% doanh thu"
82567,"AIRLINE LOUNGE,METAL SIGN",0,"Gia cao, tan suat mua cao, chiem 21.0% doanh thu"
82578,KITCHEN METAL SIGN,4,"Gia trung binh, tan suat mua cao, chiem 71.1% doanh thu"
82580,BATHROOM METAL SIGN,4,"Gia trung binh, tan suat mua cao, chiem 71.1% doanh thu"
82581,TOILET METAL SIGN,4,"Gia trung binh, tan suat mua cao, chiem 71.1% doanh thu"
82582,AREA PATROLLED METAL SIGN,4,"Gia trung binh, tan suat mua cao, chiem 71.1% doanh thu"
82583,HOT BATHS METAL SIGN,4,"Gia trung binh, tan suat mua cao, chiem 71.1% doanh thu"
82599,FANNY'S REST STOPMETAL SIGN,0,"Gia cao, tan suat mua cao, chiem 21.0% doanh thu"
82600,NO SINGING METAL SIGN,4,"Gia trung binh, tan suat mua cao, chiem 71.1% doanh thu"
82613A,"METAL SIGN,CUPCAKE SINGLE HOOK",1,"Gia cao, tan suat mua thap, chiem 1.1% doanh thu"
82613B,"METAL SIGN,CUPCAKE SINGLE HOOK",2,"Gia thap, tan suat mua trung binh, chiem 6.1% doanh thu"
82613C,"METAL SIGN,CUPCAKE SINGLE HOOK",2,"Gia thap, tan suat mua trung binh, chiem 6.1% doanh thu"
82613D,METAL SIGN CUPCAKE SINGLE HOOK,2,"Gia thap, tan suat mua trung binh, chiem 6.1% doanh thu"
82616B,FRAPPUCINO SCARF KNITTING KIT,2,"Gia thap, tan suat mua trung binh, chiem 6.1% doanh thu"
82616C,MIDNIGHT GLAMOUR SCARF KNITTING KIT,2,"Gia thap, tan suat mua trung binh, chiem 6.1% doanh thu"
84006,MAGIC TREE -PAPER FLOWERS,2,"Gia thap, tan suat mua trung binh, chiem 6.1% doanh thu"
84012,MAGIC SHEEP WOOL GROWING FROM PAPER,2,"Gia thap, tan suat mua trung binh, chiem 6.1% doanh thu"
84029E,RED WOOLLY HOTTIE WHITE HEART.,4,"Gia trung binh, tan suat mua cao, chiem 71.1% doanh thu"
84029G,KNITTED UNION FLAG HOT WATER BOTTLE,4,"Gia trung binh, tan suat mua cao, chiem 71.1% doanh thu"
84030E,ENGLISH ROSE HOT WATER BOTTLE,0,"Gia cao, tan suat mua cao, chiem 21.0% doanh thu"
84030e,ENGLISH ROSE HOT WATER BOTTLE,1,"Gia cao, tan suat mua thap, chiem 1.1% doanh thu"
84031A,CHARLIE+LOLA RED HOT WATER BOTTLE ,0,"Gia cao, tan suat mua cao, chiem 21.0% doanh thu"
84031B,CHARLIE LOLA BLUE HOT WATER BOTTLE ,0,"Gia cao, tan suat mua cao, chiem 21.0% doanh thu"
84032A,CHARLIE+LOLA PINK HOT WATER BOTTLE,0,"Gia cao, tan suat mua cao, chiem 21.0% doanh thu"
84032B,CHARLIE + LOLA RED HOT WATER BOTTLE,0,"Gia cao, tan suat mua cao, chiem 21.0% doanh thu"
84033,FLAG OF ST GEORGE ,1,"Gia cao, tan suat mua thap, chiem 1.1% doanh thu"
84050,PINK HEART SHAPE EGG FRYING PAN,4,"Gia trung binh, tan suat mua cao, chiem 71.1% doanh thu"
84051,ASS COLOUR GLOWING TIARAS,2,"Gia thap, tan suat mua trung binh, chiem 6.1% doanh thu"
84077,WORLD WAR 2 GLIDERS ASSTD DESIGNS,4,"Gia trung binh, tan suat mua cao, chiem 71.1% doanh thu"
84078A,SET/4 WHITE RETRO STORAGE CUBES ,0,"Gia cao, tan suat mua cao, chiem 21.0% doanh thu"
84086B,YELLOW/BLUE RETRO RADIO,1,"Gia cao, tan suat mua thap, chiem 1.1% doanh thu"
84086C,PINK/PURPLE RETRO RADIO,3,"Gia trung binh, tan suat mua trung binh, chiem 0.6% doanh thu"
84192,ASSORTED COLOUR METAL CAT ,1,"Gia cao, tan suat mua thap, chiem 1.1% doanh thu"
84199,GLOW IN DARK DOLPHINS,2,"Gia thap, tan suat mua trung binh, chiem 6.1% doanh thu"
84212,"ASSORTED FLOWER COLOUR ""LEIS""",4,"Gia trung binh, tan suat mua cao, chiem 71.1% doanh thu"
84218,BOX/12 CHICK & EGG IN BASKET,2,"Gia thap, tan suat mua trung binh, chiem 6.1% doanh thu"
84226,HEN HOUSE W FAMILY IN BARN & NEST,1,"Gia cao, tan suat mua thap, chiem 1.1% doanh thu"
84228,HEN HOUSE W CHICK STANDING,2,"Gia thap, tan suat mua trung binh, chiem 6.1% doanh thu"
84231,EASTER BUNNY WITH BASKET ON BACK,1,"Gia cao, tan suat mua thap, chiem 1.1% doanh thu"
84247E,PACK/12 XMAS FUN CARD,0,"Gia cao, tan suat mua cao, chiem 21.0% doanh thu"
84247G,"DECOUPAGE,GREETING CARD,",2,"Gia thap, tan suat mua trung binh, chiem 6.1% doanh thu"
84247K,"FOLK ART GREETING CARD,pack/12",1,"Gia cao, tan suat mua thap, chiem 1.1% doanh thu"
84247L,FAWN AND MUSHROOM GREETING CARD,2,"Gia thap, tan suat mua trung binh, chiem 6.1% doanh thu"
84247N,PACK/12 BLUE FOLKART CARDS,1,"Gia cao, tan suat mua thap, chiem 1.1% doanh thu"
84249A,"GREETING CARD,SQUARE, DOUGHNUTS",2,"Gia thap, tan suat mua trung binh, chiem 6.1% doanh thu"
84251B,"GREETING CARD, STICKY GORDON",3,"Gia trung binh, tan suat mua trung binh, chiem 0.6% doanh thu"
84251C,"GREETING CARD, TWO SISTERS.",3,"Gia trung binh, tan suat mua trung binh, chiem 0.6% doanh thu"
84251G,"GREETING CARD, OVERCROWDED POOL.",2,"Gia thap, tan suat mua trung binh, chiem 6.1% doanh thu"
84279B,CHERRY BLOSSOM DECORATIVE FLASK,0,"Gia cao, tan suat mua cao, chiem 21.0% doanh thu"
84279P,CHERRY BLOSSOM  DECORATIVE FLASK,0,"Gia cao, tan suat mua cao, chiem 21.0% doanh thu"
84306,S/3 PINK SQUARE PLANTERS ROSES,3,"Gia trung binh, tan suat mua trung binh, chiem 0.6% doanh thu"
84313B,BLUE TV TRAY TABLE ,3,"Gia trung binh, tan suat mua trung binh, chiem 0.6% doanh thu"
84313C,ORANGE TV TRAY TABLE ,2,"Gia thap, tan suat mua trung binh, chiem 6.1% doanh thu"
84341B,SMALL PINK MAGIC CHRISTMAS TREE,2,"Gia thap, tan suat mua trung binh, chiem 6.1% doanh thu"
84347,ROTATING SILVER ANGELS T-LIGHT HLDR,4,"Gia trung binh, tan suat mua cao, chiem 71.1% doanh thu"
84352,SILVER CHRISTMAS TREE BAUBLE STAND ,1,"Gia cao, tan suat mua thap, chiem 1.1% doanh thu"
84356,POMPOM CURTAIN,0,"Gia cao, tan suat mua cao, chiem 21.0% doanh thu"
84358,FLOOR LAMP SHADE WOOD BASE,1,"Gia cao, tan suat mua thap, chiem 1.1% doanh thu"
84360,TABLE LAMP WHITE SHADE WOOD BASE,1,"Gia cao, tan suat mua thap, chiem 1.1% doanh thu"
84375,SET OF 20 KIDS COOKIE CUTTERS,4,"Gia trung binh, tan suat mua cao, chiem 71.1% doanh thu"
84378,SET OF 3 HEART COOKIE CUTTERS,4,"Gia trung binh, tan suat mua cao, chiem 71.1% doanh thu"
84380,SET OF 3 BUTTERFLY COOKIE CUTTERS,4,"Gia trung binh, tan suat mua cao, chiem 71.1% doanh thu"
84388,WISE MAN STAR SHAPE EGG PAN,1,"Gia cao, tan suat mua thap, chiem 1.1% doanh thu"
84406B,CREAM CUPID HEARTS COAT HANGER,4,"Gia trung binh, tan suat mua cao, chiem 71.1% doanh thu"
84422,PINK/BLUE DISC/MIRROR STRING,2,"Gia thap, tan suat mua trung binh, chiem 6.1% doanh thu"
84429A,MEDIUM PINK BUDDHA HEAD ,1,"Gia cao, tan suat mua thap, chiem 1.1% doanh thu"
84452,METAL RABBIT LADDER EASTER ,1,"Gia cao, tan suat mua thap, chiem 1.1% doanh thu"
84457,SET/3 RABBITS FLOWER SKIPPPING ROPE,2,"Gia thap, tan suat mua trung binh, chiem 6.1% doanh thu"
84459A,PINK METAL CHICKEN HEART ,2,"Gia thap, tan suat mua trung binh, chiem 6.1% doanh thu"
84459B,YELLOW METAL CHICKEN HEART ,2,"Gia thap, tan suat mua trung binh, chiem 6.1% doanh thu"
84461,12 PINK HEN+CHICKS IN BASKET,1,"Gia cao, tan suat mua thap, chiem 1.1% doanh thu"
84462,3 PINK HEN+CHICKS IN BASKET,1,"Gia cao, tan suat mua thap, chiem 1.1% doanh thu"
84465,15 PINK FLUFFY CHICKS IN BOX,1,"Gia cao, tan suat mua thap, chiem 1.1% doanh thu"
84466,TOP SECRET PEN SET,1,"Gia cao, tan suat mua thap, chiem 1.1% doanh thu"
84497,BUTTONS AND STRIPES NOTEBOOK ,1,"Gia cao, tan suat mua thap, chiem 1.1% doanh thu"
84507B,STRIPES DESIGN MONKEY DOLL,1,"Gia cao, tan suat mua thap, chiem 1.1% doanh thu"
84507C,BLUE CIRCLES DESIGN MONKEY DOLL,1,"Gia cao, tan suat mua thap, chiem 1.1% doanh thu"
84508A,CAMOUFLAGE DESIGN TEDDY,2,"Gia thap, tan suat mua trung binh, chiem 6.1% doanh thu"
84508B,STRIPES DESIGN TEDDY,1,"Gia cao, tan suat mua thap, chiem 1.1% doanh thu"
84508C,BLUE CIRCLES DESIGN TEDDY,1,"Gia cao, tan suat mua thap, chiem 1.1% doanh thu"
84509A,SET OF 4 ENGLISH ROSE PLACEMATS,0,"Gia cao, tan suat mua cao, chiem 21.0% doanh thu"
84509B,SET OF 4 FAIRY CAKE PLACEMATS,0,"Gia cao, tan suat mua cao, chiem 21.0% doanh thu"
84509C,SET OF 4 POLKADOT PLACEMATS ,0,"Gia cao, tan suat mua cao, chiem 21.0% doanh thu"
84509E,SET OF 4 CAROUSEL PLACEMATS ,3,"Gia trung binh, tan suat mua trung binh, chiem 0.6% doanh thu"
84509G,SET OF 4 FAIRY CAKE PLACEMATS ,2,"Gia thap, tan suat mua trung binh, chiem 6.1% doanh thu"
84509a,SET OF 4 ENGLISH ROSE PLACEMATS,1,"Gia cao, tan suat mua thap, chiem 1.1% doanh thu"
84509c,SET OF 4 POLKADOT PLACEMATS ,1,"Gia cao, tan suat mua thap, chiem 1.1% doanh thu"
84510A,SET OF 4 ENGLISH ROSE COASTERS,4,"Gia trung binh, tan suat mua cao, chiem 71.1% doanh thu"
84510C,SET OF 4 POLKADOT COASTERS,1,"Gia cao, tan suat mua thap, chiem 1.1% doanh thu"
84510E,SET OF 4 GREEN CAROUSEL COASTERS,1,"Gia cao, tan suat mua thap, chiem 1.1% doanh thu"
84510a,SET OF 4 ENGLISH ROSE COASTERS,1,"Gia cao, tan suat mua thap, chiem 1.1% doanh thu"
84510c,SET OF 4 POLKADOT COASTERS,1,"Gia cao, tan suat mua thap, chiem 1.1% doanh thu"
84519A,TOMATO CHARLIE+LOLA COASTER SET,2,"Gia thap, tan suat mua trung binh, chiem 6.1% doanh thu"
84519B,CARROT CHARLIE+LOLA COASTER SET,0,"Gia cao, tan suat mua cao, chiem 21.0% doanh thu"
84520B,PACK 20 ENGLISH ROSE PAPER NAPKINS,2,"Gia thap, tan suat mua trung binh, chiem 6.1% doanh thu"
84522,PINK PARTY SUNGLASSES,1,"Gia cao, tan suat mua thap, chiem 1.1% doanh thu"
84527,FLAMES SUNGLASSES PINK LENSES,1,"Gia cao, tan suat mua thap, chiem 1.1% doanh thu"
84531A,PINK KNITTED EGG COSY,2,"Gia thap, tan suat mua trung binh, chiem 6.1% doanh thu"
84531B,BLUE KNITTED EGG COSY,2,"Gia thap, tan suat mua trung binh, chiem 6.1% doanh thu"
84534B,FAIRY CAKE NOTEBOOK A5 SIZE,1,"Gia cao, tan suat mua thap, chiem 1.1% doanh thu"
84535A,ENGLISH ROSE NOTEBOOK A6 SIZE,2,"Gia thap, tan suat mua trung binh, chiem 6.1% doanh thu"
84535B,FAIRY CAKES NOTEBOOK A6 SIZE,2,"Gia thap, tan suat mua trung binh, chiem 6.1% doanh thu"
84536A,ENGLISH ROSE NOTEBOOK A7 SIZE,4,"Gia trung binh, tan suat mua cao, chiem 71.1% doanh thu"
84536B,FAIRY CAKES NOTEBOOK A7 SIZE,4,"Gia trung binh, tan suat mua cao, chiem 71.1% doanh thu"
84549,CROCHET WHITE RABBIT KEYRING ,1,"Gia cao, tan suat mua thap, chiem 1.1% doanh thu"
84558A,3D DOG PICTURE PLAYING CARDS,0,"Gia cao, tan suat mua cao, chiem 21.0% doanh thu"
84558a,3D DOG PICTURE PLAYING CARDS,1,"Gia cao, tan suat mua thap, chiem 1.1% doanh thu"
84559A,3D SHEET OF DOG STICKERS,2,"Gia thap, tan suat mua trung binh, chiem 6.1% doanh thu"
84559B,3D SHEET OF CAT STICKERS,2,"Gia thap, tan suat mua trung binh, chiem 6.1% doanh thu"
84559a,3D SHEET OF DOG STICKERS,1,"Gia cao, tan suat mua thap, chiem 1.1% doanh thu"
84559b,3D SHEET OF CAT STICKERS,1,"Gia cao, tan suat mua thap, chiem 1.1% doanh thu"
84563A,PINK & WHITE BREAKFAST TRAY,3,"Gia trung binh, tan suat mua trung binh, chiem 0.6% doanh thu"
84563B,BLUE & WHITE BREAKFAST TRAY,1,"Gia cao, tan suat mua thap, chiem 1.1% doanh thu"
84568,GIRLS ALPHABET IRON ON PATCHES ,4,"Gia trung binh, tan suat mua cao, chiem 71.1% doanh thu"
84569A,PACK 3 IRON ON DOG PATCHES,2,"Gia thap, tan suat mua trung binh, chiem 6.1% doanh thu"
84569B,PACK 3 FIRE ENGINE/CAR PATCHES,1,"Gia cao, tan suat mua thap, chiem 1.1% doanh thu"
84569D,PACK 6 HEART/ICE-CREAM PATCHES,2,"Gia thap, tan suat mua trung binh, chiem 6.1% doanh thu"
84576,BLUE CAT BISCUIT BARREL PINK HEART,1,"Gia cao, tan suat mua thap, chiem 1.1% doanh thu"
84580,MOUSE TOY WITH PINK T-SHIRT,0,"Gia cao, tan suat mua cao, chiem 21.0% doanh thu"
84581,DOG TOY WITH PINK CROCHET SKIRT,0,"Gia cao, tan suat mua cao, chiem 21.0% doanh thu"
84584,PINK GINGHAM CAT WITH SCARF,1,"Gia cao, tan suat mua thap, chiem 1.1% doanh thu"
84592,CROCHET ROSE PURSE WITH SUEDE BACK,1,"Gia cao, tan suat mua thap, chiem 1.1% doanh thu"
84595E,LARGE TORTILLA DESIGN RED BOWL,1,"Gia cao, tan suat mua thap, chiem 1.1% doanh thu"
84596B,SMALL DOLLY MIX DESIGN ORANGE BOWL,4,"Gia trung binh, tan suat mua cao, chiem 71.1% doanh thu"
84596E,SMALL LICORICE DES PINK BOWL,2,"Gia thap, tan suat mua trung binh, chiem 6.1% doanh thu"
84596F,SMALL MARSHMALLOWS PINK BOWL,4,"Gia trung binh, tan suat mua cao, chiem 71.1% doanh thu"
84596G,SMALL CHOCOLATES PINK BOWL,4,"Gia trung binh, tan suat mua cao, chiem 71.1% doanh thu"
84596J,MIXED NUTS LIGHT GREEN BOWL,2,"Gia thap, tan suat mua trung binh, chiem 6.1% doanh thu"
84596L,BISCUITS SMALL BOWL LIGHT BLUE,2,"Gia thap, tan suat mua trung binh, chiem 6.1% doanh thu"
84596b,SMALL DOLLY MIX DESIGN ORANGE BOWL,1,"Gia cao, tan suat mua thap, chiem 1.1% doanh thu"
84596e,SMALL LICORICE DES PINK BOWL,1,"Gia cao, tan suat mua thap, chiem 1.1% doanh thu"
84596f,SMALL MARSHMALLOWS PINK BOWL,1,"Gia cao, tan suat mua thap, chiem 1.1% doanh thu"
84597B,RETRO BROWN BALL ASHTRAY ,1,"Gia cao, tan suat mua thap, chiem 1.1% doanh thu"
84597C,RETRO PINK BALL ASHTRAY ,1,"Gia cao, tan suat mua thap, chiem 1.1% doanh thu"
84598,BOYS ALPHABET IRON ON PATCHES,3,"Gia trung binh, tan suat mua trung binh, chiem 0.6% doanh thu"
84600,NEW BAROQUE JEWELLERY BOX ,1,"Gia cao, tan suat mua thap, chiem 1.1% doanh thu"
84609,TALL ROCOCO CANDLE HOLDER,0,"Gia cao, tan suat mua cao, chiem 21.0% doanh thu"
84616,SILVER ROCCOCO CHANDELIER,1,"Gia cao, tan suat mua thap, chiem 1.1% doanh thu"
84625A,PINK NEW BAROQUECANDLESTICK CANDLE,2,"Gia thap, tan suat mua trung binh, chiem 6.1% doanh thu"
84625C,BLUE NEW BAROQUE CANDLESTICK CANDLE,2,"Gia thap, tan suat mua trung binh, chiem 6.1% doanh thu"
84629,WHITE 3 FRAME BIRDS AND TREE ,1,"Gia cao, tan suat mua thap, chiem 1.1% doanh thu"
84631,FRUIT TREE AND BIRDS WALL PLAQUE,3,"Gia trung binh, tan suat mua trung binh, chiem 0.6% doanh thu"
84632,DECORATIVE HANGING SHELVING UNIT,1,"Gia cao, tan suat mua thap, chiem 1.1% doanh thu"
84637,KITCHEN FLOWER POTS WALL PLAQUE,3,"Gia trung binh, tan suat mua trung binh, chiem 0.6% doanh thu"
84638,SMALL KITCHEN FLOWER POTS PLAQUE,3,"Gia trung binh, tan suat mua trung binh, chiem 0.6% doanh thu"
84658,WHITE STITCHED CUSHION COVER,1,"Gia cao, tan suat mua thap, chiem 1.1% doanh thu"
84659A,WHITE TRAVEL ALARM CLOCK,3,"Gia trung binh, tan suat mua trung binh, chiem 0.6% doanh thu"
84660A,WHITE STITCHED WALL CLOCK,2,"Gia thap, tan suat mua trung binh, chiem 6.1% doanh thu"
84660B,BLACK STITCHED WALL CLOCK,2,"Gia thap, tan suat mua trung binh, chiem 6.1% doanh thu"
84660C,PINK STITCHED WALL CLOCK,2,"Gia thap, tan suat mua trung binh, chiem 6.1% doanh thu"
84660c,PINK STITCHED WALL CLOCK,1,"Gia cao, tan suat mua thap, chiem 1.1% doanh thu"
84661A,WHITE SQUARE TABLE CLOCK,1,"Gia cao, tan suat mua thap, chiem 1.1% doanh thu"
84661B,BLACK SQUARE TABLE CLOCK,1,"Gia cao, tan suat mua thap, chiem 1.1% doanh thu"
84661C,PINK SQUARE TABLE CLOCK,1,"Gia cao, tan suat mua thap, chiem 1.1% doanh thu"
84663A,GRASS HOPPER WOODEN WALL CLOCK ,2,"Gia thap, tan suat mua trung binh, chiem 6.1% doanh thu"
84665,SQUARE CHERRY BLOSSOM CABINET,1,"Gia cao, tan suat mua thap, chiem 1.1% doanh thu"
84673A,PINK FLY SWAT,1,"Gia cao, tan suat mua thap, chiem 1.1% doanh thu"
84673B,BLUE FLY SWAT,2,"Gia thap, tan suat mua trung binh, chiem 6.1% doanh thu"
84674,FLYING PIG WATERING CAN,0,"Gia cao, tan suat mua cao, chiem 21.0% doanh thu"
84678,CLASSICAL ROSE SMALL VASE,2,"Gia thap, tan suat mua trung binh, chiem 6.1% doanh thu"
84683,CLASSICAL ROSE CANDLESTAND,2,"Gia thap, tan suat mua trung binh, chiem 6.1% doanh thu"
84685,BEACH HUT KEY CABINET,3,"Gia trung binh, tan suat mua trung binh, chiem 0.6% doanh thu"
84686,BEACH HUT MIRROR,1,"Gia cao, tan suat mua thap, chiem 1.1% doanh thu"
84687,BEACH HUT SHELF W 3 DRAWERS,1,"Gia cao, tan suat mua thap, chiem 1.1% doanh thu"
84688,BEACH HUT DESIGN BLACKBOARD,1,"Gia cao, tan suat mua thap, chiem 1.1% doanh thu"
84692,BOX OF 24 COCKTAIL PARASOLS,4,"Gia trung binh, tan suat mua cao, chiem 71.1% doanh thu"
84706F,RED PEONY TABLE CLOCK,1,"Gia cao, tan suat mua thap, chiem 1.1% doanh thu"
84707A,SILVER JEWELLED MIRROR TRINKET TRAY,0,"Gia cao, tan suat mua cao, chiem 21.0% doanh thu"
84707B,PINK JEWELLED MIRROR TRINKET TRAY,1,"Gia cao, tan suat mua thap, chiem 1.1% doanh thu"
84708B,PINK JEWELLED PHOTO FRAME ,1,"Gia cao, tan suat mua thap, chiem 1.1% doanh thu"
84709B,PINK OVAL JEWELLED MIRROR,1,"Gia cao, tan suat mua thap, chiem 1.1% doanh thu"
84711A,SILVER OVAL SHAPE TRINKET BOX,1,"Gia cao, tan suat mua thap, chiem 1.1% doanh thu"
84711B,PINK OVAL SHAPE TRINKET BOX,1,"Gia cao, tan suat mua thap, chiem 1.1% doanh thu"
84712B,PINK JEWELLED PHOTO FRAME,1,"Gia cao, tan suat mua thap, chiem 1.1% doanh thu"
84723,CHERRY BLOSSOM CANVAS ART PICTURE,1,"Gia cao, tan suat mua thap, chiem 1.1% doanh thu"
84725,FREESTYLE CANVAS ART PICTURE,1,"Gia cao, tan suat mua thap, chiem 1.1% doanh thu"
84741C,CITRUS GARLAND FELT FLOWERS ,1,"Gia cao, tan suat mua thap, chiem 1.1% doanh thu"
84744,S/6 SEW ON CROCHET FLOWERS,1,"Gia cao, tan suat mua thap, chiem 1.1% doanh thu"
84745A,PINK HANGING GINGHAM EASTER HEN,1,"Gia cao, tan suat mua thap, chiem 1.1% doanh thu"
84745B,BLUE HANGING GINGHAM EASTER HEN,1,"Gia cao, tan suat mua thap, chiem 1.1% doanh thu"
84746,PINK EASTER HENS+FLOWER,3,"Gia trung binh, tan suat mua trung binh, chiem 0.6% doanh thu"
84748,FOLK FELT HANGING MULTICOL GARLAND,3,"Gia trung binh, tan suat mua trung binh, chiem 0.6% doanh thu"
84750B,BLACK SMALL GLASS CAKE STAND,1,"Gia cao, tan suat mua thap, chiem 1.1% doanh thu"
84751B,BLACK MEDIUM GLASS CAKE STAND,1,"Gia cao, tan suat mua thap, chiem 1.1% doanh thu"
84754,S/15 SILVER GLASS BAUBLES IN BAG,2,"Gia thap, tan suat mua trung binh, chiem 6.1% doanh thu"
84755,COLOUR GLASS T-LIGHT HOLDER HANGING,4,"Gia trung binh, tan suat mua cao, chiem 71.1% doanh thu"
84760S,SMALL HANGING GLASS+ZINC LANTERN,1,"Gia cao, tan suat mua thap, chiem 1.1% doanh thu"
84763,ZINC FINISH 15CM PLANTER POTS,2,"Gia thap, tan suat mua trung binh, chiem 6.1% doanh thu"
84766,SILVER ROCOCO CANDLE STICK,2,"Gia thap, tan suat mua trung binh, chiem 6.1% doanh thu"
84789,ENCHANTED BIRD PLANT CAGE,0,"Gia cao, tan suat mua cao, chiem 21.0% doanh thu"
84792,ENCHANTED BIRD COATHANGER 5 HOOK,0,"Gia cao, tan suat mua cao, chiem 21.0% doanh thu"
84795B,SUNSET CHECK HAMMOCK,0,"Gia cao, tan suat mua cao, chiem 21.0% doanh thu"
84795b,SUNSET CHECK HAMMOCK,1,"Gia cao, tan suat mua thap, chiem 1.1% doanh thu"
84796A,PINK HAWAIIAN PICNIC HAMPER FOR 2,3,"Gia trung binh, tan suat mua trung binh, chiem 0.6% doanh thu"
84796B,BLUE SAVANNAH PICNIC HAMPER FOR 2,3,"Gia trung binh, tan suat mua trung binh, chiem 0.6% doanh thu"
84796a,PINK HAWAIIAN PICNIC HAMPER FOR 2,1,"Gia cao, tan suat mua thap, chiem 1.1% doanh thu"
84799,SPRIG LAVENDER ARTIFICIAL FLOWER,2,"Gia thap, tan suat mua trung binh, chiem 6.1% doanh thu"
84800L,LARGE WHITE/PINK ROSE ART FLOWER,2,"Gia thap, tan suat mua trung binh, chiem 6.1% doanh thu"
84800M,MEDIUM WHITE/PINK ROSE ART FLOWER,2,"Gia thap, tan suat mua trung binh, chiem 6.1% doanh thu"
84800S,SMALL WHITE/PINK ROSE ART FLOWER,2,"Gia thap, tan suat mua trung binh, chiem 6.1% doanh thu"
84801A,PINK HYDRANGEA ART FLOWER,1,"Gia cao, tan suat mua thap, chiem 1.1% doanh thu"
84804A,CREAM DELPHINIUM ARTIFICIAL FLOWER,1,"Gia cao, tan suat mua thap, chiem 1.1% doanh thu"
84804B,BLUE DELPHINIUM ARTIFICIAL FLOWER,2,"Gia thap, tan suat mua trung binh, chiem 6.1% doanh thu"
84806A,PINK CANDYSTUFT ARTIFICIAL FLOWER,2,"Gia thap, tan suat mua trung binh, chiem 6.1% doanh thu"
84806B,WHITE CANDYSTUFT ARTIFICIAL FLOWER,2,"Gia thap, tan suat mua trung binh, chiem 6.1% doanh thu"
84809A,WHITE CHRYSANTHEMUMS ART FLOWER,1,"Gia cao, tan suat mua thap, chiem 1.1% doanh thu"
84813,SET OF 4 DIAMOND NAPKIN RINGS,0,"Gia cao, tan suat mua cao, chiem 21.0% doanh thu"
84816,DANISH ROSE BEDSIDE CABINET,1,"Gia cao, tan suat mua thap, chiem 1.1% doanh thu"
84817,DANISH ROSE DECORATIVE PLATE,2,"Gia thap, tan suat mua trung binh, chiem 6.1% doanh thu"
84818,DANISH ROSE PHOTO FRAME,2,"Gia thap, tan suat mua trung binh, chiem 6.1% doanh thu"
84819,DANISH ROSE ROUND SEWING BOX,2,"Gia thap, tan suat mua trung binh, chiem 6.1% doanh thu"
84820,DANISH ROSE TRINKET TRAYS,2,"Gia thap, tan suat mua trung binh, chiem 6.1% doanh thu"
84821,DANISH ROSE DELUXE COASTER,2,"Gia thap, tan suat mua trung binh, chiem 6.1% doanh thu"
84823,DANISH ROSE FOLDING CHAIR,0,"Gia cao, tan suat mua cao, chiem 21.0% doanh thu"
84826,ASSTD DESIGN 3D PAPER STICKERS,2,"Gia thap, tan suat mua trung binh, chiem 6.1% doanh thu"
84827,ASS DES PHONE SPONGE CRAFT STICKER,2,"Gia thap, tan suat mua trung binh, chiem 6.1% doanh thu"
84828,JUNGLE POPSICLES ICE LOLLY HOLDERS,4,"Gia trung binh, tan suat mua cao, chiem 71.1% doanh thu"
84832,ZINC WILLIE WINKIE  CANDLE STICK,4,"Gia trung binh, tan suat mua cao, chiem 71.1% doanh thu"
84836,ZINC METAL HEART DECORATION,4,"Gia trung binh, tan suat mua cao, chiem 71.1% doanh thu"
84840,SWEETHEART CARRY-ALL BASKET,1,"Gia cao, tan suat mua thap, chiem 1.1% doanh thu"
84842,HELLO SAILOR BATHROOM SET,1,"Gia cao, tan suat mua thap, chiem 1.1% doanh thu"
84843,WHITE SOAP RACK WITH 2 BOTTLES,0,"Gia cao, tan suat mua cao, chiem 21.0% doanh thu"
84846A,SCENTED CANDLE IN DIGITALIS TIN,1,"Gia cao, tan suat mua thap, chiem 1.1% doanh thu"
84847,FLORAL BATHROOM SET,1,"Gia cao, tan suat mua thap, chiem 1.1% doanh thu"
84849A,HELLO SAILOR BLUE SOAP HOLDER,0,"Gia cao, tan suat mua cao, chiem 21.0% doanh thu"
84849B,FAIRY SOAP SOAP HOLDER,0,"Gia cao, tan suat mua cao, chiem 21.0% doanh thu"
84849D,HOT BATHS SOAP HOLDER,2,"Gia thap, tan suat mua trung binh, chiem 6.1% doanh thu"
84857C,PINK MONTE CARLO HANDBAG,1,"Gia cao, tan suat mua thap, chiem 1.1% doanh thu"
84858C,PINK RIVIERA HANDBAG,2,"Gia thap, tan suat mua trung binh, chiem 6.1% doanh thu"
84859A,SILVER DISCO HANDBAG,1,"Gia cao, tan suat mua thap, chiem 1.1% doanh thu"
84859B,BLUE DISCO HANDBAG,1,"Gia cao, tan suat mua thap, chiem 1.1% doanh thu"
84859C,PINK DISCO HANDBAG,1,"Gia cao, tan suat mua thap, chiem 1.1% doanh thu"
84865,NEW BAROQUE BLACK PHOTO ALBUM,1,"Gia cao, tan suat mua thap, chiem 1.1% doanh thu"
84870B,BLUE GEISHA GIRL ,1,"Gia cao, tan suat mua thap, chiem 1.1% doanh thu"
84870C,GREEN GEISHA GIRL ,1,"Gia cao, tan suat mua thap, chiem 1.1% doanh thu"
84872A,TEATIME FUNKY FLOWER BACKPACK FOR 2,3,"Gia trung binh, tan suat mua trung binh, chiem 0.6% doanh thu"
84872a,TEATIME FUNKY FLOWER BACKPACK FOR 2,1,"Gia cao, tan suat mua thap, chiem 1.1% doanh thu"
84874B,BLUE TRAVEL FIRST AID KIT,1,"Gia cao, tan suat mua thap, chiem 1.1% doanh thu"
84875B,GREEN SQUARE COMPACT MIRROR,2,"Gia thap, tan suat mua trung binh, chiem 6.1% doanh thu"
84875D,BLUE SQUARE COMPACT MIRROR,1,"Gia cao, tan suat mua thap, chiem 1.1% doanh thu"
84876B,GREEN HEART COMPACT MIRROR,2,"Gia thap, tan suat mua trung binh, chiem 6.1% doanh thu"
84876D,BLUE HEART COMPACT MIRROR,2,"Gia thap, tan suat mua trung binh, chiem 6.1% doanh thu"
84877B,GREEN ROUND COMPACT MIRROR,2,"Gia thap, tan suat mua trung binh, chiem 6.1% doanh thu"
84877D,BLUE ROUND COMPACT MIRROR,1,"Gia cao, tan suat mua thap, chiem 1.1% doanh thu"
84879,ASSORTED COLOUR BIRD ORNAMENT,4,"Gia trung binh, tan suat mua cao, chiem 71.1% doanh thu"
84880,WHITE WIRE EGG HOLDER,0,"Gia cao, tan suat mua cao, chiem 21.0% doanh thu"
84881,BLUE WIRE SPIRAL CANDLE HOLDER,1,"Gia cao, tan suat mua thap, chiem 1.1% doanh thu"
84882,GREEN WIRE STANDING CANDLE HOLDER,1,"Gia cao, tan suat mua thap, chiem 1.1% doanh thu"
84884A,ANT WHITE WIRE HEART SPIRAL,0,"Gia cao, tan suat mua cao, chiem 21.0% doanh thu"
84884a,ANT WHITE WIRE HEART SPIRAL,1,"Gia cao, tan suat mua thap, chiem 1.1% doanh thu"
84898F,YELLOW FLOWERS FELT HANDBAG KIT,1,"Gia cao, tan suat mua thap, chiem 1.1% doanh thu"
84905,PINK BUTTERFLY CUSHION COVER ,3,"Gia trung binh, tan suat mua trung binh, chiem 0.6% doanh thu"
84906,PINK B'FLY C/COVER W BOBBLES,1,"Gia cao, tan suat mua thap, chiem 1.1% doanh thu"
84907,PINK YELLOW PATCH CUSHION COVER,3,"Gia trung binh, tan suat mua trung binh, chiem 0.6% doanh thu"
84910A,PINK PAISLEY CUSHION COVER ,1,"Gia cao, tan suat mua thap, chiem 1.1% doanh thu"
84912A,PINK ROSE WASHBAG,0,"Gia cao, tan suat mua cao, chiem 21.0% doanh thu"
84912B,GREEN ROSE WASHBAG,0,"Gia cao, tan suat mua cao, chiem 21.0% doanh thu"
84913A,SOFT PINK ROSE TOWEL ,3,"Gia trung binh, tan suat mua trung binh, chiem 0.6% doanh thu"
84913B,MINT GREEN ROSE TOWEL,3,"Gia trung binh, tan suat mua trung binh, chiem 0.6% doanh thu"
84915,HAND TOWEL PINK FLOWER AND DAISY,2,"Gia thap, tan suat mua trung binh, chiem 6.1% doanh thu"
84916,HAND TOWEL PALE BLUE W FLOWERS,2,"Gia thap, tan suat mua trung binh, chiem 6.1% doanh thu"
84917,WHITE HAND TOWEL WITH BUTTERFLY,2,"Gia thap, tan suat mua trung binh, chiem 6.1% doanh thu"
84919,BLUE CUSHION COVER WITH FLOWER,3,"Gia trung binh, tan suat mua trung binh, chiem 0.6% doanh thu"
84920,PINK FLOWER FABRIC PONY,0,"Gia cao, tan suat mua cao, chiem 21.0% doanh thu"
84921,CREAM AND PINK FLOWERS PONY ,1,"Gia cao, tan suat mua thap, chiem 1.1% doanh thu"
84922,PINK BUTTERFLY WASHBAG,1,"Gia cao, tan suat mua thap, chiem 1.1% doanh thu"
84923,PINK BUTTERFLY HANDBAG W BOBBLES,1,"Gia cao, tan suat mua thap, chiem 1.1% doanh thu"
84924A,WAKE UP COCKEREL CALENDAR SIGN ,1,"Gia cao, tan suat mua thap, chiem 1.1% doanh thu"
84925D,LA PALMIERA WALL THERMOMETER,1,"Gia cao, tan suat mua thap, chiem 1.1% doanh thu"
84925F,PSYCHEDELIC WALL THERMOMETER,1,"Gia cao, tan suat mua thap, chiem 1.1% doanh thu"
84926A,WAKE UP COCKEREL TILE COASTER,2,"Gia thap, tan suat mua trung binh, chiem 6.1% doanh thu"
84926D,LA PALMIERA TILE COASTER,2,"Gia thap, tan suat mua trung binh, chiem 6.1% doanh thu"
84926E,FLOWERS TILE COASTER,2,"Gia thap, tan suat mua trung binh, chiem 6.1% doanh thu"
84926F,PSYCHEDELIC TILE COASTER,2,"Gia thap, tan suat mua trung binh, chiem 6.1% doanh thu"
84927A,WAKE UP COCKEREL TILE HOOK,1,"Gia cao, tan suat mua thap, chiem 1.1% doanh thu"
84927D,LA PALMIERA TILE HOOK,1,"Gia cao, tan suat mua thap, chiem 1.1% doanh thu"
84927E,FLOWERS TILE HOOK,1,"Gia cao, tan suat mua thap, chiem 1.1% doanh thu"
84927F,PSYCHEDELIC TILE HOOK,2,"Gia thap, tan suat mua trung binh, chiem 6.1% doanh thu"
84929,ASSTD FRUIT+FLOWERS FRIDGE MAGNETS,2,"Gia thap, tan suat mua trung binh, chiem 6.1% doanh thu"
84931A,PINK SCOTTIE DOG W FLOWER PATTERN,1,"Gia cao, tan suat mua thap, chiem 1.1% doanh thu"
84931B,BLUE SCOTTIE DOG W FLOWER PATTERN,2,"Gia thap, tan suat mua trung binh, chiem 6.1% doanh thu"
84944,SET OF 6 KASHMIR FOLKART BAUBLES,2,"Gia thap, tan suat mua trung binh, chiem 6.1% doanh thu"
84945,MULTI COLOUR SILVER T-LIGHT HOLDER,4,"Gia trung binh, tan suat mua cao, chiem 71.1% doanh thu"
84946,ANTIQUE SILVER TEA GLASS ETCHED,4,"Gia trung binh, tan suat mua cao, chiem 71.1% doanh thu"
84947,ANTIQUE SILVER TEA GLASS ENGRAVED,4,"Gia trung binh, tan suat mua cao, chiem 71.1% doanh thu"
84949,SILVER HANGING T-LIGHT HOLDER,4,"Gia trung binh, tan suat mua cao, chiem 71.1% doanh thu"
84950,ASSORTED COLOUR T-LIGHT HOLDER,4,"Gia trung binh, tan suat mua cao, chiem 71.1% doanh thu"
84951A,SET OF 4 PISTACHIO LOVEBIRD COASTER,2,"Gia thap, tan suat mua trung binh, chiem 6.1% doanh thu"
84951B,SET OF 4 BLACK LOVEBIRD COASTERS,2,"Gia thap, tan suat mua trung binh, chiem 6.1% doanh thu"
84952A,CLEAR LOVE BIRD T-LIGHT HOLDER,3,"Gia trung binh, tan suat mua trung binh, chiem 0.6% doanh thu"
84952B,BLACK LOVE BIRD T-LIGHT HOLDER,2,"Gia thap, tan suat mua trung binh, chiem 6.1% doanh thu"
84952C,MIRROR LOVE BIRD T-LIGHT HOLDER,2,"Gia thap, tan suat mua trung binh, chiem 6.1% doanh thu"
84968A,SET OF 16 VINTAGE ROSE CUTLERY,0,"Gia cao, tan suat mua cao, chiem 21.0% doanh thu"
84968C,SET OF 16 VINTAGE PISTACHIO CUTLERY,0,"Gia cao, tan suat mua cao, chiem 21.0% doanh thu"
84968D,SET OF 16 VINTAGE RED CUTLERY,0,"Gia cao, tan suat mua cao, chiem 21.0% doanh thu"
84968E,SET OF 16 VINTAGE BLACK CUTLERY,0,"Gia cao, tan suat mua cao, chiem 21.0% doanh thu"
84968F,SET OF 16 VINTAGE SKY BLUE CUTLERY,0,"Gia cao, tan suat mua cao, chiem 21.0% doanh thu"
84968e,SET OF 16 VINTAGE BLACK CUTLERY,1,"Gia cao, tan suat mua thap, chiem 1.1% doanh thu"
84969,BOX OF 6 ASSORTED COLOUR TEASPOONS,0,"Gia cao, tan suat mua cao, chiem 21.0% doanh thu"
84970L,SINGLE HEART ZINC T-LIGHT HOLDER,4,"Gia trung binh, tan suat mua cao, chiem 71.1% doanh thu"
84970S,HANGING HEART ZINC T-LIGHT HOLDER,4,"Gia trung binh, tan suat mua cao, chiem 71.1% doanh thu"
84970l,SINGLE HEART ZINC T-LIGHT HOLDER,1,"Gia cao, tan suat mua thap, chiem 1.1% doanh thu"
84970s,HANGING HEART ZINC T-LIGHT HOLDER,1,"Gia cao, tan suat mua thap, chiem 1.1% doanh thu"
84971S,SMALL HEART FLOWERS HOOK ,4,"Gia trung binh, tan suat mua cao, chiem 71.1% doanh thu"
84974,S/2 ZINC HEART DESIGN PLANTERS,1,"Gia cao, tan suat mua thap, chiem 1.1% doanh thu"
84976,RECTANGULAR SHAPED MIRROR,2,"Gia thap, tan suat mua trung binh, chiem 6.1% doanh thu"
84978,HANGING HEART JAR T-LIGHT HOLDER,4,"Gia trung binh, tan suat mua cao, chiem 71.1% doanh thu"
84984A,GREEN PEONY CUSHION COVER,1,"Gia cao, tan suat mua thap, chiem 1.1% doanh thu"
84984B,RED PEONY CUSHION COVER ,1,"Gia cao, tan suat mua thap, chiem 1.1% doanh thu"
84985A,SET OF 72 GREEN PAPER DOILIES,1,"Gia cao, tan suat mua thap, chiem 1.1% doanh thu"
84987,SET OF 36 TEATIME PAPER DOILIES,4,"Gia trung binh, tan suat mua cao, chiem 71.1% doanh thu"
84988,SET OF 72 PINK HEART PAPER DOILIES,4,"Gia trung binh, tan suat mua cao, chiem 71.1% doanh thu"
84989A,75 GREEN FAIRY CAKE CASES,1,"Gia cao, tan suat mua thap, chiem 1.1% doanh thu"
84989a,75 GREEN FAIRY CAKE CASES,1,"Gia cao, tan suat mua thap, chiem 1.1% doanh thu"
84991,60 TEATIME FAIRY CAKE CASES,4,"Gia trung binh, tan suat mua cao, chiem 71.1% doanh thu"
84992,72 SWEETHEART FAIRY CAKE CASES,4,"Gia trung binh, tan suat mua cao, chiem 71.1% doanh thu"
84993A,75 GREEN PETIT FOUR CASES,2,"Gia thap, tan suat mua trung binh, chiem 6.1% doanh thu"
84993B,75 BLACK PETIT FOUR CASES,1,"Gia cao, tan suat mua thap, chiem 1.1% doanh thu"
84993a,75 GREEN PETIT FOUR CASES,1,"Gia cao, tan suat mua thap, chiem 1.1% doanh thu"
84997A,GREEN 3 PIECE POLKADOT CUTLERY SET,4,"Gia trung binh, tan suat mua cao, chiem 71.1% doanh thu"
84997B,RED 3 PIECE RETROSPOT CUTLERY SET,4,"Gia trung binh, tan suat mua cao, chiem 71.1% doanh thu"
84997C,BLUE 3 PIECE POLKADOT CUTLERY SET,4,"Gia trung binh, tan suat mua cao, chiem 71.1% doanh thu"
84997D,PINK 3 PIECE POLKADOT CUTLERY SET,4,"Gia trung binh, tan suat mua cao, chiem 71.1% doanh thu"
84997a,GREEN 3 PIECE POLKADOT CUTLERY SET,1,"Gia cao, tan suat mua thap, chiem 1.1% doanh thu"
84997b,RED 3 PIECE RETROSPOT CUTLERY SET,1,"Gia cao, tan suat mua thap, chiem 1.1% doanh thu"
84997c,BLUE 3 PIECE POLKADOT CUTLERY SET,1,"Gia cao, tan suat mua thap, chiem 1.1% doanh thu"
84997d,PINK 3 PIECE POLKADOT CUTLERY SET,1,"Gia cao, tan suat mua thap, chiem 1.1% doanh thu"
85006,SET 4 NURSERY DES ROUND BOXES,1,"Gia cao, tan suat mua thap, chiem 1.1% doanh thu"
85008,SET OF 3 CONEY ISLAND OVAL BOXES,1,"Gia cao, tan suat mua thap, chiem 1.1% doanh thu"
85014A,BLACK/BLUE POLKADOT UMBRELLA,0,"Gia cao, tan suat mua cao, chiem 21.0% doanh thu"
85014B,RED RETROSPOT UMBRELLA,4,"Gia trung binh, tan suat mua cao, chiem 71.1% doanh thu"
85014a,BLACK/BLUE POLKADOT UMBRELLA,1,"Gia cao, tan suat mua thap, chiem 1.1% doanh thu"
85014b,RED RETROSPOT UMBRELLA,1,"Gia cao, tan suat mua thap, chiem 1.1% doanh thu"
85015,SET OF 12  VINTAGE POSTCARD SET,4,"Gia trung binh, tan suat mua cao, chiem 71.1% doanh thu"
85016,SET OF 6 VINTAGE NOTELETS KIT,2,"Gia thap, tan suat mua trung binh, chiem 6.1% doanh thu"
85017A,ENVELOPE 50 ROMANTIC IMAGES,3,"Gia trung binh, tan suat mua trung binh, chiem 0.6% doanh thu"
85017B,ENVELOPE 50 BLOSSOM IMAGES,2,"Gia thap, tan suat mua trung binh, chiem 6.1% doanh thu"
85017C,ENVELOPE 50 CURIOUS IMAGES,1,"Gia cao, tan suat mua thap, chiem 1.1% doanh thu"
85018D,YULETIDE IMAGES S/6 PAPER BOXES,1,"Gia cao, tan suat mua thap, chiem 1.1% doanh thu"
85019A,ROMANTIC IMAGES NOTEBOOK SET,2,"Gia thap, tan suat mua trung binh, chiem 6.1% doanh thu"
85019B,BLOSSOM  IMAGES NOTEBOOK SET,2,"Gia thap, tan suat mua trung binh, chiem 6.1% doanh thu"
85019C,CURIOUS  IMAGES NOTEBOOK SET,2,"Gia thap, tan suat mua trung binh, chiem 6.1% doanh thu"
85020,ROUND PINK HEART MIRROR,1,"Gia cao, tan suat mua thap, chiem 1.1% doanh thu"
85023B,EAU DE NILE JEWELLED PHOTOFRAME,2,"Gia thap, tan suat mua trung binh, chiem 6.1% doanh thu"
85024B,EAU DE NILE JEWELLED PHOTOFRAME,2,"Gia thap, tan suat mua trung binh, chiem 6.1% doanh thu"
85024C,PINK SMALL JEWELLED PHOTOFRAME,1,"Gia cao, tan suat mua thap, chiem 1.1% doanh thu"
85025B,EAU DE NILE HEART SHAPE PHOTO FRAME,2,"Gia thap, tan suat mua trung binh, chiem 6.1% doanh thu"
85025C,PINK HEART SHAPE PHOTO FRAME,2,"Gia thap, tan suat mua trung binh, chiem 6.1% doanh thu"
85026B,EAU DE NILE JEWELLED T-LIGHT HOLDER,1,"Gia cao, tan suat mua thap, chiem 1.1% doanh thu"
85027L,FRENCH CHATEAU LARGE PLATTER ,1,"Gia cao, tan suat mua thap, chiem 1.1% doanh thu"
85028S,FRENCH CHATEAU SMALL FRUITBOWL,1,"Gia cao, tan suat mua thap, chiem 1.1% doanh thu"
85030,FRENCH CHATEAU OVAL PLATTER,1,"Gia cao, tan suat mua thap, chiem 1.1% doanh thu"
85031A,ROMANTIC IMAGES SCRAP BOOK SET,1,"Gia cao, tan suat mua thap, chiem 1.1% doanh thu"
85032A,ROMANTIC IMAGES GIFT WRAP SET,2,"Gia thap, tan suat mua trung binh, chiem 6.1% doanh thu"
85032B,BLOSSOM IMAGES GIFT WRAP SET,2,"Gia thap, tan suat mua trung binh, chiem 6.1% doanh thu"
85032C,CURIOUS IMAGES GIFT WRAP SET,2,"Gia thap, tan suat mua trung binh, chiem 6.1% doanh thu"
85032D,YULETIDE IMAGES GIFT WRAP SET,2,"Gia thap, tan suat mua trung binh, chiem 6.1% doanh thu"
85034A,3 GARDENIA MORRIS BOXED CANDLES,2,"Gia thap, tan suat mua trung binh, chiem 6.1% doanh thu"
85034B,3 WHITE CHOC MORRIS BOXED CANDLES,2,"Gia thap, tan suat mua trung binh, chiem 6.1% doanh thu"
85034C,3 ROSE MORRIS BOXED CANDLES,4,"Gia trung binh, tan suat mua cao, chiem 71.1% doanh thu"
85035A,GARDENIA 3 WICK MORRIS BOXED CANDLE,0,"Gia cao, tan suat mua cao, chiem 21.0% doanh thu"
85035B,CHOCOLATE 3 WICK MORRIS BOX CANDLE,2,"Gia thap, tan suat mua trung binh, chiem 6.1% doanh thu"
85035C,ROSE 3 WICK MORRIS BOX CANDLE,4,"Gia trung binh, tan suat mua cao, chiem 71.1% doanh thu"
85036A,GARDENIA 1 WICK MORRIS BOXED CANDLE,0,"Gia cao, tan suat mua cao, chiem 21.0% doanh thu"
85036B,CHOCOLATE 1 WICK MORRIS BOX CANDLE,2,"Gia thap, tan suat mua trung binh, chiem 6.1% doanh thu"
85036C,ROSE 1 WICK MORRIS BOXED CANDLE,2,"Gia thap, tan suat mua trung binh, chiem 6.1% doanh thu"
85038,6 CHOCOLATE LOVE HEART T-LIGHTS,4,"Gia trung binh, tan suat mua cao, chiem 71.1% doanh thu"
85039A,SET/4 RED MINI ROSE CANDLE IN BOWL,2,"Gia thap, tan suat mua trung binh, chiem 6.1% doanh thu"
85039B,S/4 IVORY MINI ROSE CANDLE IN BOWL,2,"Gia thap, tan suat mua trung binh, chiem 6.1% doanh thu"
85039C,S/4 BLACK MINI ROSE CANDLE IN BOWL,3,"Gia trung binh, tan suat mua trung binh, chiem 0.6% doanh thu"
85039a,SET/4 RED MINI ROSE CANDLE IN BOWL,1,"Gia cao, tan suat mua thap, chiem 1.1% doanh thu"
85040A,S/4 PINK FLOWER CANDLES IN BOWL,0,"Gia cao, tan suat mua cao, chiem 21.0% doanh thu"
85040B,SET/4 BLUE FLOWER CANDLES IN BOWL,1,"Gia cao, tan suat mua thap, chiem 1.1% doanh thu"
85040a,S/4 PINK FLOWER CANDLES IN BOWL,1,"Gia cao, tan suat mua thap, chiem 1.1% doanh thu"
85045,GREEN CHRISTMAS TREE STRING 20LIGHT,1,"Gia cao, tan suat mua thap, chiem 1.1% doanh thu"
85048,15CM CHRISTMAS GLASS BALL 20 LIGHTS,0,"Gia cao, tan suat mua cao, chiem 21.0% doanh thu"
85049A,TRADITIONAL CHRISTMAS RIBBONS,4,"Gia trung binh, tan suat mua cao, chiem 71.1% doanh thu"
85049B,LUSH GREENS RIBBONS,1,"Gia cao, tan suat mua thap, chiem 1.1% doanh thu"
85049C,ROMANTIC PINKS RIBBONS ,4,"Gia trung binh, tan suat mua cao, chiem 71.1% doanh thu"
85049D,BRIGHT BLUES RIBBONS ,2,"Gia thap, tan suat mua trung binh, chiem 6.1% doanh thu"
85049E,SCANDINAVIAN REDS RIBBONS,4,"Gia trung binh, tan suat mua cao, chiem 71.1% doanh thu"
85049F,BABY BOOM RIBBONS ,2,"Gia thap, tan suat mua trung binh, chiem 6.1% doanh thu"
85049G,CHOCOLATE BOX RIBBONS ,4,"Gia trung binh, tan suat mua cao, chiem 71.1% doanh thu"
85049H,URBAN BLACK RIBBONS ,2,"Gia thap, tan suat mua trung binh, chiem 6.1% doanh thu"
85049a,TRADITIONAL CHRISTMAS RIBBONS,1,"Gia cao, tan suat mua thap, chiem 1.1% doanh thu"
85049e,SCANDINAVIAN REDS RIBBONS,1,"Gia cao, tan suat mua thap, chiem 1.1% doanh thu"
85049g,CHOCOLATE BOX RIBBONS ,1,"Gia cao, tan suat mua thap, chiem 1.1% doanh thu"
85053,FRENCH ENAMEL CANDLEHOLDER,4,"Gia trung binh, tan suat mua cao, chiem 71.1% doanh thu"
85054,FRENCH ENAMEL POT W LID,0,"Gia cao, tan suat mua cao, chiem 21.0% doanh thu"
85055,FRENCH ENAMEL UTENSIL HOLDER,1,"Gia cao, tan suat mua thap, chiem 1.1% doanh thu"
85059,FRENCH ENAMEL WATER BASIN,0,"Gia cao, tan suat mua cao, chiem 21.0% doanh thu"
85061W,WHITE JEWELLED HEART DECORATION,4,"Gia trung binh, tan suat mua cao, chiem 71.1% doanh thu"
85062,PEARL CRYSTAL PUMPKIN T-LIGHT HLDR,4,"Gia trung binh, tan suat mua cao, chiem 71.1% doanh thu"
85064,CREAM SWEETHEART LETTER RACK,2,"Gia thap, tan suat mua trung binh, chiem 6.1% doanh thu"
85066,CREAM SWEETHEART MINI CHEST,0,"Gia cao, tan suat mua cao, chiem 21.0% doanh thu"
85067,CREAM SWEETHEART WALL CABINET,1,"Gia cao, tan suat mua thap, chiem 1.1% doanh thu"
85071A,BLUE CHARLIE+LOLA PERSONAL DOORSIGN,2,"Gia thap, tan suat mua trung binh, chiem 6.1% doanh thu"
85071B,RED CHARLIE+LOLA PERSONAL DOORSIGN,2,"Gia thap, tan suat mua trung binh, chiem 6.1% doanh thu"
85071C,"CHARLIE+LOLA""EXTREMELY BUSY"" SIGN",2,"Gia thap, tan suat mua trung binh, chiem 6.1% doanh thu"
85071D,CHARLIE+LOLA MY ROOM DOOR SIGN,2,"Gia thap, tan suat mua trung binh, chiem 6.1% doanh thu"
85078,SCANDINAVIAN 3 HEARTS NAPKIN RING,2,"Gia thap, tan suat mua trung binh, chiem 6.1% doanh thu"
85084,HOLLY TOP CHRISTMAS STOCKING,1,"Gia cao, tan suat mua thap, chiem 1.1% doanh thu"
85086A,CANDY SPOT HEART DECORATION,3,"Gia trung binh, tan suat mua trung binh, chiem 0.6% doanh thu"
85087,CANDY SPOT CUSHION COVER,3,"Gia trung binh, tan suat mua trung binh, chiem 0.6% doanh thu"
85088,CANDY SPOT HAND BAG,2,"Gia thap, tan suat mua trung binh, chiem 6.1% doanh thu"
85089,CANDY SPOT BUNNY,1,"Gia cao, tan suat mua thap, chiem 1.1% doanh thu"
85093,CANDY SPOT EGG WARMER HARE,2,"Gia thap, tan suat mua trung binh, chiem 6.1% doanh thu"
85094,CANDY SPOT EGG WARMER RABBIT,2,"Gia thap, tan suat mua trung binh, chiem 6.1% doanh thu"
85095,THREE CANVAS LUGGAGE TAGS,3,"Gia trung binh, tan suat mua trung binh, chiem 0.6% doanh thu"
85096,HILDA CANDY SPOT RABBIT,1,"Gia cao, tan suat mua thap, chiem 1.1% doanh thu"
85099B,JUMBO BAG RED RETROSPOT,4,"Gia trung binh, tan suat mua cao, chiem 71.1% doanh thu"
85099C,JUMBO  BAG BAROQUE BLACK WHITE,4,"Gia trung binh, tan suat mua cao, chiem 71.1% doanh thu"
85099F,JUMBO BAG STRAWBERRY,4,"Gia trung binh, tan suat mua cao, chiem 71.1% doanh thu"
85099f,JUMBO BAG STRAWBERRY,1,"Gia cao, tan suat mua thap, chiem 1.1% doanh thu"
85103,SILVER T-LIGHT SETTING,3,"Gia trung binh, tan suat mua trung binh, chiem 0.6% doanh thu"
85104,SILVER GLASS T-LIGHT SET,2,"Gia thap, tan suat mua trung binh, chiem 6.1% doanh thu"
85106,CUT GLASS HEXAGON T-LIGHT HOLDER,2,"Gia thap, tan suat mua trung binh, chiem 6.1% doanh thu"
85107,CUT GLASS T-LIGHT HOLDER OCTAGON,2,"Gia thap, tan suat mua trung binh, chiem 6.1% doanh thu"
85111,SILVER GLITTER FLOWER VOTIVE HOLDER,2,"Gia thap, tan suat mua trung binh, chiem 6.1% doanh thu"
85114A,BLACK ENCHANTED FOREST PLACEMAT,2,"Gia thap, tan suat mua trung binh, chiem 6.1% doanh thu"
85114B,IVORY ENCHANTED FOREST PLACEMAT,2,"Gia thap, tan suat mua trung binh, chiem 6.1% doanh thu"
85114C,RED ENCHANTED FOREST PLACEMAT,2,"Gia thap, tan suat mua trung binh, chiem 6.1% doanh thu"
85114a,BLACK ENCHANTED FOREST PLACEMAT,1,"Gia cao, tan suat mua thap, chiem 1.1% doanh thu"
85114b,IVORY ENCHANTED FOREST PLACEMAT,1,"Gia cao, tan suat mua thap, chiem 1.1% doanh thu"
85114c,RED ENCHANTED FOREST PLACEMAT,1,"Gia cao, tan suat mua thap, chiem 1.1% doanh thu"
85116,BLACK CANDELABRA T-LIGHT HOLDER,2,"Gia thap, tan suat mua trung binh, chiem 6.1% doanh thu"
85118,HEART T-LIGHT HOLDER,2,"Gia thap, tan suat mua trung binh, chiem 6.1% doanh thu"
85123A,WHITE HANGING HEART T-LIGHT HOLDER,4,"Gia trung binh, tan suat mua cao, chiem 71.1% doanh thu"
85123a,WHITE HANGING HEART T-LIGHT HOLDER,1,"Gia cao, tan suat mua thap, chiem 1.1% doanh thu"
85124B,BLUE JUICY FRUIT PHOTO FRAME,1,"Gia cao, tan suat mua thap, chiem 1.1% doanh thu"
85124C,GREEN JUICY FRUIT PHOTO FRAME,1,"Gia cao, tan suat mua thap, chiem 1.1% doanh thu"
85125,SMALL ROUND CUT GLASS CANDLESTICK,0,"Gia cao, tan suat mua cao, chiem 21.0% doanh thu"
85127,SMALL SQUARE CUT GLASS CANDLESTICK,0,"Gia cao, tan suat mua cao, chiem 21.0% doanh thu"
85129B,BEADED CRYSTAL HEART GREEN SMALL,3,"Gia trung binh, tan suat mua trung binh, chiem 0.6% doanh thu"
85129C,BEADED CRYSTAL HEART BLUE SMALL,1,"Gia cao, tan suat mua thap, chiem 1.1% doanh thu"
85129D,BEADED CRYSTAL HEART PINK SMALL,3,"Gia trung binh, tan suat mua trung binh, chiem 0.6% doanh thu"
85130A,BEADED PEARL HEART WHITE LARGE,1,"Gia cao, tan suat mua thap, chiem 1.1% doanh thu"
85130B,BEADED CRYSTAL HEART GREEN LARGE,2,"Gia thap, tan suat mua trung binh, chiem 6.1% doanh thu"
85130C,BEADED CRYSTAL HEART BLUE  LARGE,2,"Gia thap, tan suat mua trung binh, chiem 6.1% doanh thu"
85130D,BEADED CRYSTAL HEART PINK LARGE,2,"Gia thap, tan suat mua trung binh, chiem 6.1% doanh thu"
85131A,BEADED PEARL HEART WHITE ON STICK,2,"Gia thap, tan suat mua trung binh, chiem 6.1% doanh thu"
85131B,BEADED CRYSTAL HEART GREEN ON STICK,3,"Gia trung binh, tan suat mua trung binh, chiem 0.6% doanh thu"
85131C,BEADED CRYSTAL HEART BLUE ON STICK,3,"Gia trung binh, tan suat mua trung binh, chiem 0.6% doanh thu"
85131D,BEADED CRYSTAL HEART PINK ON STICK,3,"Gia trung binh, tan suat mua trung binh, chiem 0.6% doanh thu"
85132A,CHARLIE + LOLA BISCUITS TINS,0,"Gia cao, tan suat mua cao, chiem 21.0% doanh thu"
85132B,CHARLIE AND LOLA TABLE TINS,2,"Gia thap, tan suat mua trung binh, chiem 6.1% doanh thu"
85132C,CHARLIE AND LOLA FIGURES TINS,4,"Gia trung binh, tan suat mua cao, chiem 71.1% doanh thu"
85132a,CHARLIE + LOLA BISCUITS TINS,1,"Gia cao, tan suat mua thap, chiem 1.1% doanh thu"
85132b,CHARLIE AND LOLA TABLE TINS,1,"Gia cao, tan suat mua thap, chiem 1.1% doanh thu"
85135A,YELLOW DRAGONFLY HELICOPTER,1,"Gia cao, tan suat mua thap, chiem 1.1% doanh thu"
85135B,BLUE DRAGONFLY HELICOPTER,0,"Gia cao, tan suat mua cao, chiem 21.0% doanh thu"
85135C,RED DRAGONFLY HELICOPTER,0,"Gia cao, tan suat mua cao, chiem 21.0% doanh thu"
85136A,YELLOW SHARK HELICOPTER,0,"Gia cao, tan suat mua cao, chiem 21.0% doanh thu"
85136C,RED SHARK HELICOPTER,1,"Gia cao, tan suat mua thap, chiem 1.1% doanh thu"
85141,JARDIN ETCHED GLASS FRUITBOWL,0,"Gia cao, tan suat mua cao, chiem 21.0% doanh thu"
85144,JARDIN ETCHED GLASS BUTTER DISH,2,"Gia thap, tan suat mua trung binh, chiem 6.1% doanh thu"
85145,JARDIN ETCHED GLASS LARGE BELL JAR,1,"Gia cao, tan suat mua thap, chiem 1.1% doanh thu"
85146,JARDIN ETCHED GLASS SMALL BELL JAR,1,"Gia cao, tan suat mua thap, chiem 1.1% doanh thu"
85150,LADIES & GENTLEMEN METAL SIGN,4,"Gia trung binh, tan suat mua cao, chiem 71.1% doanh thu"
85152,HAND OVER THE CHOCOLATE   SIGN ,4,"Gia trung binh, tan suat mua cao, chiem 71.1% doanh thu"
85159A,"BLACK TEA,COFFEE,SUGAR JARS",2,"Gia thap, tan suat mua trung binh, chiem 6.1% doanh thu"
85159B,"WHITE TEA,COFFEE,SUGAR JARS",2,"Gia thap, tan suat mua trung binh, chiem 6.1% doanh thu"
85160B,BLACK BIRD GARDEN DESIGN MUG,1,"Gia cao, tan suat mua thap, chiem 1.1% doanh thu"
85161,ACRYLIC GEOMETRIC LAMP,1,"Gia cao, tan suat mua thap, chiem 1.1% doanh thu"
85163A,WHITE BAROQUE WALL CLOCK ,0,"Gia cao, tan suat mua cao, chiem 21.0% doanh thu"
85163B,BLACK BAROQUE WALL CLOCK ,0,"Gia cao, tan suat mua cao, chiem 21.0% doanh thu"
85167B,BLACK GRAND BAROQUE PHOTO FRAME,1,"Gia cao, tan suat mua thap, chiem 1.1% doanh thu"
85168B,BLACK BAROQUE CARRIAGE CLOCK,3,"Gia trung binh, tan suat mua trung binh, chiem 0.6% doanh thu"
85169A,IVORY LOVE BIRD CANDLE,2,"Gia thap, tan suat mua trung binh, chiem 6.1% doanh thu"
85169B,BLACK LOVE BIRD CANDLE,2,"Gia thap, tan suat mua trung binh, chiem 6.1% doanh thu"
85169C,EAU DE NIL LOVE BIRD CANDLE,2,"Gia thap, tan suat mua trung binh, chiem 6.1% doanh thu"
85169D,PINK LOVE BIRD CANDLE,2,"Gia thap, tan suat mua trung binh, chiem 6.1% doanh thu"
85170B,SET/6 BLACK BIRD T-LIGHT CANDLES,2,"Gia thap, tan suat mua trung binh, chiem 6.1% doanh thu"
85170C,SET/6 EAU DE NIL BIRD T-LIGHTS,2,"Gia thap, tan suat mua trung binh, chiem 6.1% doanh thu"
85170D,SET/6 PINK BIRD T-LIGHT CANDLES,0,"Gia cao, tan suat mua cao, chiem 21.0% doanh thu"
85172,HYACINTH BULB T-LIGHT CANDLES,2,"Gia thap, tan suat mua trung binh, chiem 6.1% doanh thu"
85173,SET/6 FROG PRINCE T-LIGHT CANDLES,2,"Gia thap, tan suat mua trung binh, chiem 6.1% doanh thu"
85174,S/4 CACTI CANDLES,0,"Gia cao, tan suat mua cao, chiem 21.0% doanh thu"
85175,CACTI T-LIGHT CANDLES,4,"Gia trung binh, tan suat mua cao, chiem 71.1% doanh thu"
85176,SEWING SUSAN 21 NEEDLE SET,2,"Gia thap, tan suat mua trung binh, chiem 6.1% doanh thu"
85177,BASKET OF FLOWERS SEWING KIT,2,"Gia thap, tan suat mua trung binh, chiem 6.1% doanh thu"
85178,VICTORIAN SEWING KIT,4,"Gia trung binh, tan suat mua cao, chiem 71.1% doanh thu"
85179A,GREEN BITTY LIGHT CHAIN,3,"Gia trung binh, tan suat mua trung binh, chiem 0.6% doanh thu"
85179C,PINK BITTY LIGHT CHAIN,3,"Gia trung binh, tan suat mua trung binh, chiem 0.6% doanh thu"
85180A,RED HEARTS LIGHT CHAIN ,2,"Gia thap, tan suat mua trung binh, chiem 6.1% doanh thu"
85180B,PINK HEARTS LIGHT CHAIN ,2,"Gia thap, tan suat mua trung binh, chiem 6.1% doanh thu"
85183A,CHARLIE & LOLA WASTEPAPER BIN BLUE,2,"Gia thap, tan suat mua trung binh, chiem 6.1% doanh thu"
85183B,CHARLIE & LOLA WASTEPAPER BIN FLORA,2,"Gia thap, tan suat mua trung binh, chiem 6.1% doanh thu"
85184C,S/4 VALENTINE DECOUPAGE HEART BOX,4,"Gia trung binh, tan suat mua cao, chiem 71.1% doanh thu"
85185B,PINK HORSE SOCK PUPPET,0,"Gia cao, tan suat mua cao, chiem 21.0% doanh thu"
85185D,FROG SOCK PUPPET,1,"Gia cao, tan suat mua thap, chiem 1.1% doanh thu"
85186A,EASTER BUNNY GARLAND OF FLOWERS,2,"Gia thap, tan suat mua trung binh, chiem 6.1% doanh thu"
85186C,BUNNY EGG GARLAND,2,"Gia thap, tan suat mua trung binh, chiem 6.1% doanh thu"
85187,S/12 MINI RABBIT EASTER,2,"Gia thap, tan suat mua trung binh, chiem 6.1% doanh thu"
85188A,GREEN METAL SWINGING BUNNY,2,"Gia thap, tan suat mua trung binh, chiem 6.1% doanh thu"
85188B,PINK METAL SWINGING BUNNY,1,"Gia cao, tan suat mua thap, chiem 1.1% doanh thu"
85194L,HANGING SPRING FLOWER EGG LARGE,2,"Gia thap, tan suat mua trung binh, chiem 6.1% doanh thu"
85194S,HANGING SPRING FLOWER EGG SMALL,2,"Gia thap, tan suat mua trung binh, chiem 6.1% doanh thu"
85197,SET OF 12 MINI BUNNIES IN A BUCKET,1,"Gia cao, tan suat mua thap, chiem 1.1% doanh thu"
85198,ASSORTED FARMYARD ANIMALS IN BUCKET,1,"Gia cao, tan suat mua thap, chiem 1.1% doanh thu"
85199L,LARGE HANGING IVORY & RED WOOD BIRD,2,"Gia thap, tan suat mua trung binh, chiem 6.1% doanh thu"
85199S,SMALL HANGING IVORY/RED WOOD BIRD,4,"Gia trung binh, tan suat mua cao, chiem 71.1% doanh thu"
85200,BUNNY EGG BOX,2,"Gia thap, tan suat mua trung binh, chiem 6.1% doanh thu"
85202,HANGING WOOD AND FELT HEART,2,"Gia thap, tan suat mua trung binh, chiem 6.1% doanh thu"
85203,HANGING WOOD AND FELT BUTTERFLY ,2,"Gia thap, tan suat mua trung binh, chiem 6.1% doanh thu"
85204,HANGING WOOD AND FELT FLOWER,2,"Gia thap, tan suat mua trung binh, chiem 6.1% doanh thu"
85205B,PINK FELT EASTER RABBIT GARLAND,1,"Gia cao, tan suat mua thap, chiem 1.1% doanh thu"
85206A,CREAM FELT EASTER EGG BASKET,2,"Gia thap, tan suat mua trung binh, chiem 6.1% doanh thu"
85208,SET/12 FUNKY FELT FLOWER PEG IN BAG,2,"Gia thap, tan suat mua trung binh, chiem 6.1% doanh thu"
85211,S/4 GROOVY CAT MAGNETS,2,"Gia thap, tan suat mua trung binh, chiem 6.1% doanh thu"
85212,MINI PAINTED GARDEN DECORATION ,2,"Gia thap, tan suat mua trung binh, chiem 6.1% doanh thu"
85213,MINI  ZINC GARDEN DECORATIONS ,2,"Gia thap, tan suat mua trung binh, chiem 6.1% doanh thu"
85214,TUB 24 PINK FLOWER PEGS,2,"Gia thap, tan suat mua trung binh, chiem 6.1% doanh thu"
85215,ASSORTED CHEESE FRIDGE MAGNETS,2,"Gia thap, tan suat mua trung binh, chiem 6.1% doanh thu"
85216,ASSORTED CAKES FRIDGE MAGNETS,1,"Gia cao, tan suat mua thap, chiem 1.1% doanh thu"
85227,SET OF 6 3D KIT CARDS FOR KIDS,4,"Gia trung binh, tan suat mua cao, chiem 71.1% doanh thu"
85230A,OPIUM SCENTED VOTIVE CANDLE,2,"Gia thap, tan suat mua trung binh, chiem 6.1% doanh thu"
85230B,CINNAMON SCENTED VOTIVE CANDLE,2,"Gia thap, tan suat mua trung binh, chiem 6.1% doanh thu"
85230E,STRAWBRY SCENTED VOTIVE CANDLE,2,"Gia thap, tan suat mua trung binh, chiem 6.1% doanh thu"
85230F,JASMINE VOTIVE CANDLE,2,"Gia thap, tan suat mua trung binh, chiem 6.1% doanh thu"
85230G,ORANGE VOTIVE CANDLE,2,"Gia thap, tan suat mua trung binh, chiem 6.1% doanh thu"
85231B,CINAMMON SET OF 9 T-LIGHTS,2,"Gia thap, tan suat mua trung binh, chiem 6.1% doanh thu"
85231G,ORANGE SCENTED SET/9 T-LIGHTS,2,"Gia thap, tan suat mua trung binh, chiem 6.1% doanh thu"
85231g,ORANGE SCENTED SET/9 T-LIGHTS,1,"Gia cao, tan suat mua thap, chiem 1.1% doanh thu"
85232A,SET/3 POLKADOT STACKING TINS,1,"Gia cao, tan suat mua thap, chiem 1.1% doanh thu"
85232B,SET OF 3 BABUSHKA STACKING TINS,2,"Gia thap, tan suat mua trung binh, chiem 6.1% doanh thu"
85232D,SET/3 DECOUPAGE STACKING TINS,0,"Gia cao, tan suat mua cao, chiem 21.0% doanh thu"
90000A,RASPBERRY ANT COPPER FLOWER NECKLAC,1,"Gia cao, tan suat mua thap, chiem 1.1% doanh thu"
90000B,MIDNIGHT BLUE COPPER FLOWER NECKLAC,3,"Gia trung binh, tan suat mua trung binh, chiem 0.6% doanh thu"
90000D,COPPER/OLIVE GREEN FLOWER NECKLACE,3,"Gia trung binh, tan suat mua trung binh, chiem 0.6% doanh thu"
90001C,ANTIQUE OPAL WHITE FLOWER EARRINGS,1,"Gia cao, tan suat mua thap, chiem 1.1% doanh thu"
90001D,ANTIQUE OLIVE GREEN FLOWER EARRINGS,1,"Gia cao, tan suat mua thap, chiem 1.1% doanh thu"
90002D,FLOWER BURST SILVER RING CRYSTAL,1,"Gia cao, tan suat mua thap, chiem 1.1% doanh thu"
90003B,ROSE COLOUR PAIR HEART HAIR SLIDES,3,"Gia trung binh, tan suat mua trung binh, chiem 0.6% doanh thu"
90003C,MIDNIGHT BLUE PAIR HEART HAIR SLIDE,3,"Gia trung binh, tan suat mua trung binh, chiem 0.6% doanh thu"
90003D,CRYSTAL PAIR HEART HAIR SLIDES,1,"Gia cao, tan suat mua thap, chiem 1.1% doanh thu"
90003E,GREEN PAIR HEART HAIR SLIDES,3,"Gia trung binh, tan suat mua trung binh, chiem 0.6% doanh thu"
90005A,JADE GREEN ENAMEL HAIR COMB,1,"Gia cao, tan suat mua thap, chiem 1.1% doanh thu"
90010A,MIDNIGHT BLUE GLASS/SILVER BRACELET,1,"Gia cao, tan suat mua thap, chiem 1.1% doanh thu"
90010B,BLACK/WHITE GLASS/SILVER BRACELET,1,"Gia cao, tan suat mua thap, chiem 1.1% doanh thu"
90010E,AMBER GLASS/SILVER BRACELET,1,"Gia cao, tan suat mua thap, chiem 1.1% doanh thu"
90011A,MIDNIGHT BLUE CRYSTAL DROP EARRINGS,3,"Gia trung binh, tan suat mua trung binh, chiem 0.6% doanh thu"
90011B,BLACK CRYSTAL DROP EARRINGS,3,"Gia trung binh, tan suat mua trung binh, chiem 0.6% doanh thu"
90012A,MIDNIGHT BLUE DROP CRYSTAL NECKLACE,1,"Gia cao, tan suat mua thap, chiem 1.1% doanh thu"
90013A,MIDNIGHT BLUE VINTAGE EARRINGS,3,"Gia trung binh, tan suat mua trung binh, chiem 0.6% doanh thu"
90013B,BLACK VINTAGE EARRINGS,1,"Gia cao, tan suat mua thap, chiem 1.1% doanh thu"
90013C,GREEN VINTAGE EARRINGS ,3,"Gia trung binh, tan suat mua trung binh, chiem 0.6% doanh thu"
90014A,SILVER/MOP ORBIT NECKLACE,1,"Gia cao, tan suat mua thap, chiem 1.1% doanh thu"
90014B,GOLD M PEARL  ORBIT NECKLACE,1,"Gia cao, tan suat mua thap, chiem 1.1% doanh thu"
90016A,SILVER/M.O.P PENDANT ORBIT NECKLACE,1,"Gia cao, tan suat mua thap, chiem 1.1% doanh thu"
90016B,GOLD/M.O.P PENDANT ORBIT NECKLACE,3,"Gia trung binh, tan suat mua trung binh, chiem 0.6% doanh thu"
90018A,SILVER M.O.P ORBIT DROP EARRINGS,3,"Gia trung binh, tan suat mua trung binh, chiem 0.6% doanh thu"
90018B,GOLD M.O.P ORBIT DROP EARRINGS,3,"Gia trung binh, tan suat mua trung binh, chiem 0.6% doanh thu"
90018C,SILVER BLACK ORBIT DROP EARRINGS,1,"Gia cao, tan suat mua thap, chiem 1.1% doanh thu"
90019A,SILVER M.O.P ORBIT BRACELET,3,"Gia trung binh, tan suat mua trung binh, chiem 0.6% doanh thu"
90019B,GOLD M.O.P ORBIT BRACELET,3,"Gia trung binh, tan suat mua trung binh, chiem 0.6% doanh thu"
90019C,SILVER BLACK ORBIT BRACELET,3,"Gia trung binh, tan suat mua trung binh, chiem 0.6% doanh thu"
90022,EDWARDIAN DROP EARRINGS JET BLACK,3,"Gia trung binh, tan suat mua trung binh, chiem 0.6% doanh thu"
90023,FILIGREE DIAMANTE EARRINGS,3,"Gia trung binh, tan suat mua trung binh, chiem 0.6% doanh thu"
90024B,NEW BAROQUE B'FLY NECKLACE RED,1,"Gia cao, tan suat mua thap, chiem 1.1% doanh thu"
90027C,GLASS BEAD HOOP EARRINGS GREEN,1,"Gia cao, tan suat mua thap, chiem 1.1% doanh thu"
90027D,GLASS BEAD HOOP EARRINGS AMETHYST,3,"Gia trung binh, tan suat mua trung binh, chiem 0.6% doanh thu"
90028,NEW BAROQUE LARGE NECKLACE BLK/WHIT,3,"Gia trung binh, tan suat mua trung binh, chiem 0.6% doanh thu"
90030A,SPOTTED WHITE NATURAL SEED NECKLACE,1,"Gia cao, tan suat mua thap, chiem 1.1% doanh thu"
90030B,RED KUKUI COCONUT SEED NECKLACE,1,"Gia cao, tan suat mua thap, chiem 1.1% doanh thu"
90030C,BROWN KUKUI COCONUT SEED NECKLACE,1,"Gia cao, tan suat mua thap, chiem 1.1% doanh thu"
90031,BILI NUT AND WOOD NECKLACE,1,"Gia cao, tan suat mua thap, chiem 1.1% doanh thu"
90032,IVORY SHELL HEART NECKLACE,1,"Gia cao, tan suat mua thap, chiem 1.1% doanh thu"
90033,IVORY SHELL HEART EARRINGS,3,"Gia trung binh, tan suat mua trung binh, chiem 0.6% doanh thu"
90036C,"FLOWER GLASS GARLAND NECKL.36""BLUE",1,"Gia cao, tan suat mua thap, chiem 1.1% doanh thu"
90036D,"FLOWER GLASS GARLAND NECKL.36""BLACK",1,"Gia cao, tan suat mua thap, chiem 1.1% doanh thu"
90036E,"FLOWER GLASS GARLD NECKL36""AMETHYST",1,"Gia cao, tan suat mua thap, chiem 1.1% doanh thu"
90036F,"FLOWER GLASS GARLD NECKL36""TURQUOIS",3,"Gia trung binh, tan suat mua trung binh, chiem 0.6% doanh thu"
90037B,TINY CRYSTAL BRACELET GREEN,3,"Gia trung binh, tan suat mua trung binh, chiem 0.6% doanh thu"
90037C,TINY CRYSTAL BRACELET BLUE,1,"Gia cao, tan suat mua thap, chiem 1.1% doanh thu"
90038A,GLASS AND PAINTED BEADS BRACELET TO,3,"Gia trung binh, tan suat mua trung binh, chiem 0.6% doanh thu"
90038B,GLASS AND PAINTED BEADS BRACELET OL,3,"Gia trung binh, tan suat mua trung binh, chiem 0.6% doanh thu"
90039B,FIRE POLISHED GLASS BRACELET MONTAN,3,"Gia trung binh, tan suat mua trung binh, chiem 0.6% doanh thu"
90039C,FIRE POLISHED GLASS BRACELET BLACK,3,"Gia trung binh, tan suat mua trung binh, chiem 0.6% doanh thu"
90039D,FIRE POLISHED GLASS BRACELET GREEN,3,"Gia trung binh, tan suat mua trung binh, chiem 0.6% doanh thu"
90040A,MURANO STYLE GLASS BRACELET RED,1,"Gia cao, tan suat mua thap, chiem 1.1% doanh thu"
90040B,MURANO STYLE GLASS BRACELET BLACK,3,"Gia trung binh, tan suat mua trung binh, chiem 0.6% doanh thu"
90040C,MURANO STYLE GLASS BRACELET GOLD,3,"Gia trung binh, tan suat mua trung binh, chiem 0.6% doanh thu"
90042C,FRESHWATER PEARL BRACELET IVORY,1,"Gia cao, tan suat mua thap, chiem 1.1% doanh thu"
90051,CRACKED GLAZE NECKLACE RED,1,"Gia cao, tan suat mua thap, chiem 1.1% doanh thu"
90054,CRACKED GLAZE EARRINGS RED,3,"Gia trung binh, tan suat mua trung binh, chiem 0.6% doanh thu"
90055,CRACKED GLAZE EARRINGS BROWN,3,"Gia trung binh, tan suat mua trung binh, chiem 0.6% doanh thu"
90057,DIAMANTE RING ASSORTED IN BOX.,2,"Gia thap, tan suat mua trung binh, chiem 6.1% doanh thu"
90058A,CRYSTAL STUD EARRINGS CLEAR DISPLAY,2,"Gia thap, tan suat mua trung binh, chiem 6.1% doanh thu"
90058B,CRYSTAL STUD EARRINGS ASSORTED COL ,2,"Gia thap, tan suat mua trung binh, chiem 6.1% doanh thu"
90059A,DIAMANTE HAIR GRIP PACK/2 CRYSTAL,3,"Gia trung binh, tan suat mua trung binh, chiem 0.6% doanh thu"
90059B,DIAMANTE HAIR GRIP PACK/2 BLACK DIA,3,"Gia trung binh, tan suat mua trung binh, chiem 0.6% doanh thu"
90059C,DIAMANTE HAIR GRIP PACK/2 MONTANA,3,"Gia trung binh, tan suat mua trung binh, chiem 0.6% doanh thu"
90059D,DIAMANTE HAIR GRIP PACK/2 PERIDOT,3,"Gia trung binh, tan suat mua trung binh, chiem 0.6% doanh thu"
90059E,DIAMANTE HAIR GRIP PACK/2 RUBY,3,"Gia trung binh, tan suat mua trung binh, chiem 0.6% doanh thu"
90059F,DIAMANTE HAIR GRIP PACK/2 LT ROSE,3,"Gia trung binh, tan suat mua trung binh, chiem 0.6% doanh thu"
90060F,FIRE POLISHED GLASS NECKL GREEN,1,"Gia cao, tan suat mua thap, chiem 1.1% doanh thu"
90062,CARNIVAL BRACELET,3,"Gia trung binh, tan suat mua trung binh, chiem 0.6% doanh thu"
90063A,WHITE VINT ART DECO CRYSTAL NECKLAC,1,"Gia cao, tan suat mua thap, chiem 1.1% doanh thu"
90063B,BLACK VINT ART DEC CRYSTAL NECKLACE,1,"Gia cao, tan suat mua thap, chiem 1.1% doanh thu"
90064A,WHITE VINTAGE CRYSTAL EARRINGS,1,"Gia cao, tan suat mua thap, chiem 1.1% doanh thu"
90064B,BLACK VINTAGE  CRYSTAL EARRINGS,1,"Gia cao, tan suat mua thap, chiem 1.1% doanh thu"
90067A,PINK VINTAGE VICTORIAN EARRINGS,1,"Gia cao, tan suat mua thap, chiem 1.1% doanh thu"
90070,RUBY GLASS CLUSTER BRACELET,3,"Gia trung binh, tan suat mua trung binh, chiem 0.6% doanh thu"
90071,RUBY GLASS CLUSTER EARRINGS,3,"Gia trung binh, tan suat mua trung binh, chiem 0.6% doanh thu"
90072,RUBY DROP CHANDELIER EARRINGS,3,"Gia trung binh, tan suat mua trung binh, chiem 0.6% doanh thu"
90073,VINTAGE ENAMEL & CRYSTAL EARRINGS,3,"Gia trung binh, tan suat mua trung binh, chiem 0.6% doanh thu"
90081A,LILY BROOCH AMETHYST COLOUR,1,"Gia cao, tan suat mua thap, chiem 1.1% doanh thu"
90081C,LILY BROOCH OLIVE COLOUR,1,"Gia cao, tan suat mua thap, chiem 1.1% doanh thu"
90082A,DIAMANTE BOW BROOCH GREEN COLOUR,1,"Gia cao, tan suat mua thap, chiem 1.1% doanh thu"
90082B,DIAMANTE BOW BROOCH RED COLOUR,1,"Gia cao, tan suat mua thap, chiem 1.1% doanh thu"
90082D,DIAMANTE BOW BROOCH BLACK COLOUR,1,"Gia cao, tan suat mua thap, chiem 1.1% doanh thu"
90083,CRYSTAL CZECH CROSS PHONE CHARM,3,"Gia trung binh, tan suat mua trung binh, chiem 0.6% doanh thu"
90085,CRYSTAL STILETTO PHONE CHARM,3,"Gia trung binh, tan suat mua trung binh, chiem 0.6% doanh thu"
90086,CRYSTAL FROG PHONE CHARM,3,"Gia trung binh, tan suat mua trung binh, chiem 0.6% doanh thu"
90087,CRYSTAL SEA HORSE PHONE CHARM,3,"Gia trung binh, tan suat mua trung binh, chiem 0.6% doanh thu"
90089,PINK CRYSTAL SKULL PHONE CHARM,3,"Gia trung binh, tan suat mua trung binh, chiem 0.6% doanh thu"
90093,CLEAR CRYSTAL STAR PHONE CHARM,1,"Gia cao, tan suat mua thap, chiem 1.1% doanh thu"
90094,NECKLACE+BRACELET SET FRUIT SALAD ,1,"Gia cao, tan suat mua thap, chiem 1.1% doanh thu"
90096,NECKLACE+BRACELET SET BLUE BLOSSOM,3,"Gia trung binh, tan suat mua trung binh, chiem 0.6% doanh thu"
90098,NECKLACE+BRACELET PINK BUTTERFLY,1,"Gia cao, tan suat mua thap, chiem 1.1% doanh thu"
90099,NECKLACE+BRACELET SET BLUE HIBISCUS,1,"Gia cao, tan suat mua thap, chiem 1.1% doanh thu"
90101,WHITE FRANGIPANI NECKLACE,3,"Gia trung binh, tan suat mua trung binh, chiem 0.6% doanh thu"
90103,PURPLE FRANGIPANI NECKLACE,3,"Gia trung binh, tan suat mua trung binh, chiem 0.6% doanh thu"
90104,PURPLE FRANGIPANI HAIRCLIP,3,"Gia trung binh, tan suat mua trung binh, chiem 0.6% doanh thu"
90108,BLUE BLOSSOM HAIR CLIP,1,"Gia cao, tan suat mua thap, chiem 1.1% doanh thu"
90114,SUMMER DAISIES BAG CHARM,3,"Gia trung binh, tan suat mua trung binh, chiem 0.6% doanh thu"
90115,SUMMER BUTTERFLIES BAG CHARM,1,"Gia cao, tan suat mua thap, chiem 1.1% doanh thu"
90116,FRUIT SALAD BAG CHARM,3,"Gia trung binh, tan suat mua trung binh, chiem 0.6% doanh thu"
90118,PINK DAISY BAG CHARM,3,"Gia trung binh, tan suat mua trung binh, chiem 0.6% doanh thu"
90119,METALIC LEAVES BAG CHARMS,3,"Gia trung binh, tan suat mua trung binh, chiem 0.6% doanh thu"
90120B,BLUE MURANO TWIST BRACELET,1,"Gia cao, tan suat mua thap, chiem 1.1% doanh thu"
90120C,GREEN MURANO TWIST BRACELET,3,"Gia trung binh, tan suat mua trung binh, chiem 0.6% doanh thu"
90120D,WHITE MURANO TWIST BRACELET,1,"Gia cao, tan suat mua thap, chiem 1.1% doanh thu"
90122A,PINK CRYSTAL+GLASS BRACELET,3,"Gia trung binh, tan suat mua trung binh, chiem 0.6% doanh thu"
90122B,JADE CRYSTAL+GLASS BRACELET,3,"Gia trung binh, tan suat mua trung binh, chiem 0.6% doanh thu"
90122C,TURQUOISE CRYSTAL+GLASS BRACELET,3,"Gia trung binh, tan suat mua trung binh, chiem 0.6% doanh thu"
90123A,PINK HEART OF GLASS BRACELET,1,"Gia cao, tan suat mua thap, chiem 1.1% doanh thu"
90123B,TURQUOISE HEART OF GLASS BRACELET,1,"Gia cao, tan suat mua thap, chiem 1.1% doanh thu"
90123C,GREEN HEART OF GLASS BRACELET,1,"Gia cao, tan suat mua thap, chiem 1.1% doanh thu"
90123D,WHITE HEART OF GLASS BRACELET,1,"Gia cao, tan suat mua thap, chiem 1.1% doanh thu"
90124A,PINK MURANO TWIST NECKLACE,1,"Gia cao, tan suat mua thap, chiem 1.1% doanh thu"
90124B,BLUE MURANO TWIST NECKLACE,3,"Gia trung binh, tan suat mua trung binh, chiem 0.6% doanh thu"
90124C,GREEN MURANO TWIST NECKLACE,1,"Gia cao, tan suat mua thap, chiem 1.1% doanh thu"
90125A,PINK BERTIE GLASS BEAD BAG CHARM,2,"Gia thap, tan suat mua trung binh, chiem 6.1% doanh thu"
90125B,AQUA BERTIE GLASS BEAD BAG CHARM,3,"Gia trung binh, tan suat mua trung binh, chiem 0.6% doanh thu"
90125C,TURQUOISE BERTIE GLASS BEAD CHARM,2,"Gia thap, tan suat mua trung binh, chiem 6.1% doanh thu"
90125D,PURPLE BERTIE GLASS BEAD BAG CHARM,3,"Gia trung binh, tan suat mua trung binh, chiem 0.6% doanh thu"
90125E,AMBER BERTIE GLASS BEAD BAG CHARM,3,"Gia trung binh, tan suat mua trung binh, chiem 0.6% doanh thu"
90129A,PINK GLASS TASSLE BAG CHARM ,3,"Gia trung binh, tan suat mua trung binh, chiem 0.6% doanh thu"
90129B,TURQUOISE GLASS TASSLE BAG CHARM ,3,"Gia trung binh, tan suat mua trung binh, chiem 0.6% doanh thu"
90129C,GREEN GLASS TASSLE BAG CHARM,1,"Gia cao, tan suat mua thap, chiem 1.1% doanh thu"
90129D,AMBER GLASS TASSLE BAG CHARM,3,"Gia trung binh, tan suat mua trung binh, chiem 0.6% doanh thu"
90129E,PURPLE GLASS TASSLE BAG CHARM,3,"Gia trung binh, tan suat mua trung binh, chiem 0.6% doanh thu"
90129F,RED GLASS TASSLE BAG CHARM,3,"Gia trung binh, tan suat mua trung binh, chiem 0.6% doanh thu"
90130A,WHITE STONE/CRYSTAL EARRINGS,3,"Gia trung binh, tan suat mua trung binh, chiem 0.6% doanh thu"
90130B,TURQ STONE/CRYSTAL EARRINGS,3,"Gia trung binh, tan suat mua trung binh, chiem 0.6% doanh thu"
90130C,GREEN STONE/CRYSTAL EARRINGS,1,"Gia cao, tan suat mua thap, chiem 1.1% doanh thu"
90133,TEAL/FUSCHIA COL BEAD NECKLACE,3,"Gia trung binh, tan suat mua trung binh, chiem 0.6% doanh thu"
90134,OLD ROSE COMBO BEAD NECKLACE,1,"Gia cao, tan suat mua thap, chiem 1.1% doanh thu"
90138,WHITE/PINK MINI CRYSTALS NECKLACE,3,"Gia trung binh, tan suat mua trung binh, chiem 0.6% doanh thu"
90141A,GREEN PENDANT TRIPLE SHELL NECKLACE,3,"Gia trung binh, tan suat mua trung binh, chiem 0.6% doanh thu"
90141B,IVORY PENDANT TRIPLE SHELL NECKLACE,1,"Gia cao, tan suat mua thap, chiem 1.1% doanh thu"
90141C,TURQ PENDANT TRIPLE SHELL NECKLACE,3,"Gia trung binh, tan suat mua trung binh, chiem 0.6% doanh thu"
90143,SILVER BRACELET W PASTEL FLOWER,1,"Gia cao, tan suat mua thap, chiem 1.1% doanh thu"
90144,SILVER DROP EARRINGS WITH FLOWER,3,"Gia trung binh, tan suat mua trung binh, chiem 0.6% doanh thu"
90145,SILVER HOOP EARRINGS WITH FLOWER,1,"Gia cao, tan suat mua thap, chiem 1.1% doanh thu"
90146,FINE SILVER NECKLACE W PASTEL FLOWE,1,"Gia cao, tan suat mua thap, chiem 1.1% doanh thu"
90147,CHUNKY SILVER NECKLACE PASTEL FLOWE,1,"Gia cao, tan suat mua thap, chiem 1.1% doanh thu"
90148,LONG SILVER NECKLACE PASTEL FLOWER,1,"Gia cao, tan suat mua thap, chiem 1.1% doanh thu"
90152A,SILVER/NAT SHELL NECKLACE W PENDANT,1,"Gia cao, tan suat mua thap, chiem 1.1% doanh thu"
90154,LAZER CUT NECKLACE W PASTEL BEADS,1,"Gia cao, tan suat mua thap, chiem 1.1% doanh thu"
90155,RESIN NECKLACE W PASTEL BEADS,1,"Gia cao, tan suat mua thap, chiem 1.1% doanh thu"
90157,RIVIERA NECKLACE,1,"Gia cao, tan suat mua thap, chiem 1.1% doanh thu"
90158,ST TROPEZ NECKLACE,3,"Gia trung binh, tan suat mua trung binh, chiem 0.6% doanh thu"
90159,COTE D'AZURE NECKLACE,1,"Gia cao, tan suat mua thap, chiem 1.1% doanh thu"
90160A,PURPLE BOUDICCA LARGE BRACELET,1,"Gia cao, tan suat mua thap, chiem 1.1% doanh thu"
90160B,RED BOUDICCA LARGE BRACELET,1,"Gia cao, tan suat mua thap, chiem 1.1% doanh thu"
90160C,TURQ+RED BOUDICCA LARGE BRACELET,1,"Gia cao, tan suat mua thap, chiem 1.1% doanh thu"
90160D,PINK BOUDICCA LARGE BRACELET,1,"Gia cao, tan suat mua thap, chiem 1.1% doanh thu"
90161A,ANT COPPER RED BOUDICCA BRACELET,3,"Gia trung binh, tan suat mua trung binh, chiem 0.6% doanh thu"
90161B,ANT COPPER TURQ BOUDICCA BRACELET,3,"Gia trung binh, tan suat mua trung binh, chiem 0.6% doanh thu"
90161C,ANT COPPER LIME BOUDICCA BRACELET,3,"Gia trung binh, tan suat mua trung binh, chiem 0.6% doanh thu"
90161D,ANT COPPER PINK BOUDICCA BRACELET,3,"Gia trung binh, tan suat mua trung binh, chiem 0.6% doanh thu"
90162B,ANT SILVER LIME GREEN BOUDICCA RING,1,"Gia cao, tan suat mua thap, chiem 1.1% doanh thu"
90162C,ANT SILVER FUSCHIA BOUDICCA RING,1,"Gia cao, tan suat mua thap, chiem 1.1% doanh thu"
90162D,ANT SILVER PURPLE BOUDICCA RING,1,"Gia cao, tan suat mua thap, chiem 1.1% doanh thu"
90163A,PINK ROSEBUD & PEARL NECKLACE,3,"Gia trung binh, tan suat mua trung binh, chiem 0.6% doanh thu"
90163B,WHITE ROSEBUD & PEARL NECKLACE,3,"Gia trung binh, tan suat mua trung binh, chiem 0.6% doanh thu"
90164A,PINK ROSEBUD PEARL BRACELET,1,"Gia cao, tan suat mua thap, chiem 1.1% doanh thu"
90164B,WHITE  ROSEBUD PEARL BRACELET,1,"Gia cao, tan suat mua thap, chiem 1.1% doanh thu"
90165A,PINK ROSEBUD PEARL EARRINGS,1,"Gia cao, tan suat mua thap, chiem 1.1% doanh thu"
90165B,WHITE ROSEBUD  PEARL EARRINGS,3,"Gia trung binh, tan suat mua trung binh, chiem 0.6% doanh thu"
90166,PINK & WHITE ROSEBUD RING,3,"Gia trung binh, tan suat mua trung binh, chiem 0.6% doanh thu"
90168,2 DAISIES HAIR COMB,3,"Gia trung binh, tan suat mua trung binh, chiem 0.6% doanh thu"
90169,DAISY HAIR COMB,3,"Gia trung binh, tan suat mua trung binh, chiem 0.6% doanh thu"
90170,DAISY HAIR BAND,3,"Gia trung binh, tan suat mua trung binh, chiem 0.6% doanh thu"
90173,PAIR BUTTERFLY HAIR CLIPS,3,"Gia trung binh, tan suat mua trung binh, chiem 0.6% doanh thu"
90174,BUTTERFLY HAIR BAND,3,"Gia trung binh, tan suat mua trung binh, chiem 0.6% doanh thu"
90175A,WHITE GLASS CHUNKY CHARM BRACELET,3,"Gia trung binh, tan suat mua trung binh, chiem 0.6% doanh thu"
90175B,PINK GLASS CHUNKY CHARM BRACELET,1,"Gia cao, tan suat mua thap, chiem 1.1% doanh thu"
90175C,BLUE GLASS CHUNKY CHARM BRACELET,1,"Gia cao, tan suat mua thap, chiem 1.1% doanh thu"
90175D,TIGRIS EYE CHUNKY CHARM BRACELET,3,"Gia trung binh, tan suat mua trung binh, chiem 0.6% doanh thu"
90177A,CLASSIC DIAMANTE EARRINGS JET,3,"Gia trung binh, tan suat mua trung binh, chiem 0.6% doanh thu"
90177B,DROP DIAMANTE EARRINGS BLACK DIAMON,3,"Gia trung binh, tan suat mua trung binh, chiem 0.6% doanh thu"
90177C,DROP DIAMANTE EARRINGS CRYSTAL,3,"Gia trung binh, tan suat mua trung binh, chiem 0.6% doanh thu"
90177D,DROP DIAMANTE EARRINGS PURPLE,1,"Gia cao, tan suat mua thap, chiem 1.1% doanh thu"
90177E,DROP DIAMANTE EARRINGS GREEN,3,"Gia trung binh, tan suat mua trung binh, chiem 0.6% doanh thu"
90178A,AMBER CHUNKY GLASS+BEAD NECKLACE,1,"Gia cao, tan suat mua thap, chiem 1.1% doanh thu"
90179A,AMBER FINE BEAD NECKLACE W TASSEL,1,"Gia cao, tan suat mua thap, chiem 1.1% doanh thu"
90179C,BLACK FINE BEAD NECKLACE W TASSEL,3,"Gia trung binh, tan suat mua trung binh, chiem 0.6% doanh thu"
90180A,BLACK+WHITE NECKLACE W TASSEL,1,"Gia cao, tan suat mua thap, chiem 1.1% doanh thu"
90180B,PURPLE AMETHYST NECKLACE W TASSEL,1,"Gia cao, tan suat mua thap, chiem 1.1% doanh thu"
90181A,AMBER GLASS/SHELL/PEARL NECKLACE,3,"Gia trung binh, tan suat mua trung binh, chiem 0.6% doanh thu"
90181B,AMETHYST GLASS/SHELL/PEARL NECKLACE,1,"Gia cao, tan suat mua thap, chiem 1.1% doanh thu"
90182A,AMBER 3 BEAD DROP EARRINGS,1,"Gia cao, tan suat mua thap, chiem 1.1% doanh thu"
90182B,AMETHYST 3 BEAD DROP EARRINGS,1,"Gia cao, tan suat mua thap, chiem 1.1% doanh thu"
90182C,BLACK 3 BEAD DROP EARRINGS,3,"Gia trung binh, tan suat mua trung binh, chiem 0.6% doanh thu"
90183A,AMBER DROP EARRINGS W LONG BEADS,3,"Gia trung binh, tan suat mua trung binh, chiem 0.6% doanh thu"
90183B,AMETHYST DROP EARRINGS W LONG BEADS,1,"Gia cao, tan suat mua thap, chiem 1.1% doanh thu"
90183C,BLACK DROP EARRINGS W LONG BEADS,3,"Gia trung binh, tan suat mua trung binh, chiem 0.6% doanh thu"
90184A,AMBER CHUNKY BEAD BRACELET W STRAP,1,"Gia cao, tan suat mua thap, chiem 1.1% doanh thu"
90184B,AMETHYST CHUNKY BEAD BRACELET W STR,1,"Gia cao, tan suat mua thap, chiem 1.1% doanh thu"
90184C,BLACK CHUNKY BEAD BRACELET W STRAP,1,"Gia cao, tan suat mua thap, chiem 1.1% doanh thu"
90185A,AMBER DIAMANTE EXPANDABLE RING,1,"Gia cao, tan suat mua thap, chiem 1.1% doanh thu"
90185B,AMETHYST DIAMANTE EXPANDABLE RING,3,"Gia trung binh, tan suat mua trung binh, chiem 0.6% doanh thu"
90185C,BLACK DIAMANTE EXPANDABLE RING,1,"Gia cao, tan suat mua thap, chiem 1.1% doanh thu"
90185D,CRYSTAL DIAMANTE EXPANDABLE RING,1,"Gia cao, tan suat mua thap, chiem 1.1% doanh thu"
90186A,AMETHYST HOOP EARRING FLORAL LEAF,1,"Gia cao, tan suat mua thap, chiem 1.1% doanh thu"
90186B,CRYSTAL HOOP EARRING FLORAL LEAF,1,"Gia cao, tan suat mua thap, chiem 1.1% doanh thu"
90187B,GREEN DROP EARRINGS W BEAD CLUSTER,3,"Gia trung binh, tan suat mua trung binh, chiem 0.6% doanh thu"
90188,DROP EARRINGS W FLOWER & LEAF,3,"Gia trung binh, tan suat mua trung binh, chiem 0.6% doanh thu"
90190A,SILVER/CRYSTAL DROP EARRINGS W LEAF,3,"Gia trung binh, tan suat mua trung binh, chiem 0.6% doanh thu"
90190B,GOLD/AMBER DROP EARRINGS W LEAF,3,"Gia trung binh, tan suat mua trung binh, chiem 0.6% doanh thu"
90190C,SILVER/AMETHYST DROP EARRINGS LEAF,3,"Gia trung binh, tan suat mua trung binh, chiem 0.6% doanh thu"
90191,SILVER LARIAT 40CM,1,"Gia cao, tan suat mua thap, chiem 1.1% doanh thu"
90192,JADE DROP EARRINGS W FILIGREE,3,"Gia trung binh, tan suat mua trung binh, chiem 0.6% doanh thu"
90194,SILVER LARIAT BLACK STONE EARRINGS,1,"Gia cao, tan suat mua thap, chiem 1.1% doanh thu"
90195A,PURPLE GEMSTONE BRACELET,1,"Gia cao, tan suat mua thap, chiem 1.1% doanh thu"
90196A,PURPLE GEMSTONE NECKLACE 45CM,1,"Gia cao, tan suat mua thap, chiem 1.1% doanh thu"
90196B,BLACK GEMSTONE NECKLACE 45CM,1,"Gia cao, tan suat mua thap, chiem 1.1% doanh thu"
90197B,BLACK GLASS BRACELET W HEART CHARMS,3,"Gia trung binh, tan suat mua trung binh, chiem 0.6% doanh thu"
90198A,VINTAGE ROSE BEAD BRACELET RASPBERR,3,"Gia trung binh, tan suat mua trung binh, chiem 0.6% doanh thu"
90198B,VINTAGE ROSE BEAD BRACELET BLACK,1,"Gia cao, tan suat mua thap, chiem 1.1% doanh thu"
90199A,5 STRAND GLASS NECKLACE BLACK,1,"Gia cao, tan suat mua thap, chiem 1.1% doanh thu"
90199B,5 STRAND GLASS NECKLACE AMETHYST,3,"Gia trung binh, tan suat mua trung binh, chiem 0.6% doanh thu"
90199C,5 STRAND GLASS NECKLACE CRYSTAL,1,"Gia cao, tan suat mua thap, chiem 1.1% doanh thu"
90199D,5 STRAND GLASS NECKLACE AMBER,1,"Gia cao, tan suat mua thap, chiem 1.1% doanh thu"
90200A,PURPLE SWEETHEART BRACELET,3,"Gia trung binh, tan suat mua trung binh, chiem 0.6% doanh thu"
90200B,BLACK SWEETHEART BRACELET,1,"Gia cao, tan suat mua thap, chiem 1.1% doanh thu"
90200C,BLUE SWEETHEART BRACELET,3,"Gia trung binh, tan suat mua trung binh, chiem 0.6% doanh thu"
90200D,PINK SWEETHEART BRACELET,0,"Gia cao, tan suat mua cao, chiem 21.0% doanh thu"
90200E,GREEN SWEETHEART BRACELET,0,"Gia cao, tan suat mua cao, chiem 21.0% doanh thu"
90201A,PURPLE ENAMEL FLOWER RING,1,"Gia cao, tan suat mua thap, chiem 1.1% doanh thu"
90201B,BLACK ENAMEL FLOWER RING,1,"Gia cao, tan suat mua thap, chiem 1.1% doanh thu"
90201C,RED ENAMEL FLOWER RING,1,"Gia cao, tan suat mua thap, chiem 1.1% doanh thu"
90201D,GREEN ENAMEL FLOWER RING,3,"Gia trung binh, tan suat mua trung binh, chiem 0.6% doanh thu"
90202A,PURPLE ENAMEL FLOWER HAIR TIE,3,"Gia trung binh, tan suat mua trung binh, chiem 0.6% doanh thu"
90202B,WHITE ENAMEL FLOWER HAIR TIE,3,"Gia trung binh, tan suat mua trung binh, chiem 0.6% doanh thu"
90202C,GREEN ENAMEL FLOWER HAIR TIE,3,"Gia trung binh, tan suat mua trung binh, chiem 0.6% doanh thu"
90202D,PINK ENAMEL FLOWER HAIR TIE,3,"Gia trung binh, tan suat mua trung binh, chiem 0.6% doanh thu"
90204,PAIR OF ENAMEL BUTTERFLY HAIRCLIP,1,"Gia cao, tan suat mua thap, chiem 1.1% doanh thu"
90205A,LARGE MINT DIAMANTE HAIRSLIDE,1,"Gia cao, tan suat mua thap, chiem 1.1% doanh thu"
90205C,LARGE CRYSTAL DIAMANTE HAIRSLIDE,3,"Gia trung binh, tan suat mua trung binh, chiem 0.6% doanh thu"
90206A,GOLD DIAMANTE STAR BROOCH,3,"Gia trung binh, tan suat mua trung binh, chiem 0.6% doanh thu"
90206C,CRYSTAL DIAMANTE STAR BROOCH,3,"Gia trung binh, tan suat mua trung binh, chiem 0.6% doanh thu"
90208,PAIR OF PINK FLOWER CLUSTER SLIDE,3,"Gia trung binh, tan suat mua trung binh, chiem 0.6% doanh thu"
90209B,GREEN ENAMEL+GLASS HAIR COMB,3,"Gia trung binh, tan suat mua trung binh, chiem 0.6% doanh thu"
90209C,PINK ENAMEL+GLASS HAIR COMB,2,"Gia thap, tan suat mua trung binh, chiem 6.1% doanh thu"
90210A,GREY ACRYLIC FACETED BANGLE,3,"Gia trung binh, tan suat mua trung binh, chiem 0.6% doanh thu"
90210B,CLEAR ACRYLIC FACETED BANGLE,1,"Gia cao, tan suat mua thap, chiem 1.1% doanh thu"
90210C,RED   ACRYLIC FACETED BANGLE,2,"Gia thap, tan suat mua trung binh, chiem 6.1% doanh thu"
90210D,PURPLE ACRYLIC FACETED BANGLE,2,"Gia thap, tan suat mua trung binh, chiem 6.1% doanh thu"
90211A,DIAMOND LAS VEGAS NECKLACE 45CM,1,"Gia cao, tan suat mua thap, chiem 1.1% doanh thu"
90211B,JET BLACK LAS VEGAS NECKLACE 45CM,1,"Gia cao, tan suat mua thap, chiem 1.1% doanh thu"
90212B,JET BLACK LAS VEGAS BRACELET ROUND,3,"Gia trung binh, tan suat mua trung binh, chiem 0.6% doanh thu"
90214A,"LETTER ""A"" BLING KEY RING",3,"Gia trung binh, tan suat mua trung binh, chiem 0.6% doanh thu"
90214B,"LETTER ""B"" BLING KEY RING",3,"Gia trung binh, tan suat mua trung binh, chiem 0.6% doanh thu"
90214C,"LETTER ""C"" BLING KEY RING",3,"Gia trung binh, tan suat mua trung binh, chiem 0.6% doanh thu"
90214D,"LETTER ""D"" BLING KEY RING",3,"Gia trung binh, tan suat mua trung binh, chiem 0.6% doanh thu"
90214E,"LETTER ""E"" BLING KEY RING",3,"Gia trung binh, tan suat mua trung binh, chiem 0.6% doanh thu"
90214F,"LETTER ""F"" BLING KEY RING",3,"Gia trung binh, tan suat mua trung binh, chiem 0.6% doanh thu"
90214G,"LETTER ""G"" BLING KEY RING",3,"Gia trung binh, tan suat mua trung binh, chiem 0.6% doanh thu"
90214H,"LETTER ""H"" BLING KEY RING",3,"Gia trung binh, tan suat mua trung binh, chiem 0.6% doanh thu"
90214I,"LETTER ""I"" BLING KEY RING",3,"Gia trung binh, tan suat mua trung binh, chiem 0.6% doanh thu"
90214J,"LETTER ""J"" BLING KEY RING",3,"Gia trung binh, tan suat mua trung binh, chiem 0.6% doanh thu"
90214K,"LETTER ""K"" BLING KEY RING",3,"Gia trung binh, tan suat mua trung binh, chiem 0.6% doanh thu"
90214L,"LETTER ""L"" BLING KEY RING",3,"Gia trung binh, tan suat mua trung binh, chiem 0.6% doanh thu"
90214M,"LETTER ""M"" BLING KEY RING",3,"Gia trung binh, tan suat mua trung binh, chiem 0.6% doanh thu"
90214N,"LETTER ""N"" BLING KEY RING",3,"Gia trung binh, tan suat mua trung binh, chiem 0.6% doanh thu"
90214O,"LETTER ""O"" BLING KEY RING",3,"Gia trung binh, tan suat mua trung binh, chiem 0.6% doanh thu"
90214P,"LETTER ""P"" BLING KEY RING",3,"Gia trung binh, tan suat mua trung binh, chiem 0.6% doanh thu"
90214R,"LETTER ""R"" BLING KEY RING",3,"Gia trung binh, tan suat mua trung binh, chiem 0.6% doanh thu"
90214S,"LETTER ""S"" BLING KEY RING",3,"Gia trung binh, tan suat mua trung binh, chiem 0.6% doanh thu"
90214T,"LETTER ""T"" BLING KEY RING",3,"Gia trung binh, tan suat mua trung binh, chiem 0.6% doanh thu"
90214V,"LETTER ""V"" BLING KEY RING",3,"Gia trung binh, tan suat mua trung binh, chiem 0.6% doanh thu"
90214W,"LETTER ""W"" BLING KEY RING",3,"Gia trung binh, tan suat mua trung binh, chiem 0.6% doanh thu"
90214Y,"LETTER ""Y"" BLING KEY RING",1,"Gia cao, tan suat mua thap, chiem 1.1% doanh thu"
90214Z,"LETTER ""Z"" BLING KEY RING",3,"Gia trung binh, tan suat mua trung binh, chiem 0.6% doanh thu"
C2,CARRIAGE,0,"Gia cao, tan suat mua cao, chiem 21.0% doanh thu"
DCGSSBOY,BOYS PARTY BAG,1,"Gia cao, tan suat mua thap, chiem 1.1% doanh thu"
DCGSSGIRL,GIRLS PARTY BAG,1,"Gia cao, tan suat mua thap, chiem 1.1% doanh thu"
gift_0001_10,Dotcomgiftshop Gift Voucher 10.00,1,"Gia cao, tan suat mua thap, chiem 1.1% doanh thu"
gift_0001_20,Dotcomgiftshop Gift Voucher 20.00,1,"Gia cao, tan suat mua thap, chiem 1.1% doanh thu"
gift_0001_30,Dotcomgiftshop Gift Voucher 30.00,1,"Gia cao, tan suat mua thap, chiem 1.1% doanh thu"
