StockCode,Description,cum,ten_cum
10002,INFLATABLE POLITICAL GLOBE ,2,"Hang theo mua, dot bien, so luong lon"
10080,GROOVY CACTUS INFLATABLE,2,"Hang theo mua, dot bien, so luong lon"
10120,DOGGY RUBBER,2,"Hang theo mua, dot bien, so luong lon"
10124A,SPOTS ON RED BOOKCOVER TAPE,1,"Hang cao cap, gia tri cao, it lap lai"
10125,MINI FUNKY DESIGN TAPES,2,"Hang theo mua, dot bien, so luong lon"
10133,COLOURING PENCILS BROWN TUBE,4,"Hang trung binh, on dinh quanh nam"
10135,COLOURING PENCILS BROWN TUBE,4,"Hang trung binh, on dinh quanh nam"
11001,ASSTD DESIGN RACING CAR PEN,4,"Hang trung binh, on dinh quanh nam"
15030,FAN BLACK FRAME ,2,"Hang theo mua, dot bien, so luong lon"
15034,PAPER POCKET TRAVELING FAN ,4,"Hang trung binh, on dinh quanh nam"
15036,ASSORTED COLOURS SILK FAN,4,"Hang trung binh, on dinh quanh nam"
15039,SANDALWOOD FAN,4,"Hang trung binh, on dinh quanh nam"
15044A,PINK PAPER PARASOL ,0,"Hang ban chay, gia thap, mua thuong xuyen"
15044B,BLUE PAPER PARASOL ,0,"Hang ban chay, gia thap, mua thuong xuyen"
15044C,PURPLE PAPER PARASOL,0,"Hang ban chay, gia thap, mua thuong xuyen"
15044D,RED PAPER PARASOL,2,"Hang theo mua, dot bien, so luong lon"
15056BL,EDWARDIAN PARASOL BLACK,4,"Hang trung binh, on dinh quanh nam"
15056N,EDWARDIAN PARASOL NATURAL,4,"Hang trung binh, on dinh quanh nam"
15056P,EDWARDIAN PARASOL PINK,0,"Hang ban chay, gia thap, mua thuong xuyen"
15056bl,EDWARDIAN PARASOL BLACK,1,"Hang cao cap, gia tri cao, it lap lai"
15056n,EDWARDIAN PARASOL NATURAL,1,"Hang cao cap, gia tri cao, it lap lai"
15056p,EDWARDIAN PARASOL PINK,1,"Hang cao cap, gia tri cao, it lap lai"
15058A,BLUE POLKADOT GARDEN PARASOL,0,"Hang ban chay, gia thap, mua thuong xuyen"
15058B,PINK POLKADOT GARDEN PARASOL,0,"Hang ban chay, gia thap, mua thuong xuyen"
15058C,ICE CREAM DESIGN GARDEN PARASOL,0,"Hang ban chay, gia thap, mua thuong xuyen"
15060B,FAIRY CAKE DESIGN UMBRELLA,0,"Hang ban chay, gia thap, mua thuong xuyen"
16008,SMALL FOLDING SCISSOR(POINTED EDGE),2,"Hang theo mua, dot bien, so luong lon"
16011,ANIMAL STICKERS,2,"Hang theo mua, dot bien, so luong lon"
16012,FOOD/DRINK SPONGE STICKERS,2,"Hang theo mua, dot bien, so luong lon"
16014,SMALL CHINESE STYLE SCISSOR,4,"Hang trung binh, on dinh quanh nam"
16015,MEDIUM CHINESE STYLE SCISSOR,2,"Hang theo mua, dot bien, so luong lon"
16016,LARGE CHINESE STYLE SCISSOR,2,"Hang theo mua, dot bien, so luong lon"
16020C,CLEAR STATIONERY BOX SET ,3,"Hang moi/it nguoi biet, doanh thu thap"
16045,POPART WOODEN PENCILS ASST,4,"Hang trung binh, on dinh quanh nam"
16046,TEATIME PEN CASE & PENS,1,"Hang cao cap, gia tri cao, it lap lai"
16048,TEATIME ROUND PENCIL SHARPENER ,2,"Hang theo mua, dot bien, so luong lon"
16049,TEATIME GEL PENS ASST,2,"Hang theo mua, dot bien, so luong lon"
16052,TEATIME PUSH DOWN RUBBER,2,"Hang theo mua, dot bien, so luong lon"
16054,POPART RECT PENCIL SHARPENER ASST,2,"Hang theo mua, dot bien, so luong lon"
16156L,"WRAP, CAROUSEL",2,"Hang theo mua, dot bien, so luong lon"
16156S,WRAP PINK FAIRY CAKES ,4,"Hang trung binh, on dinh quanh nam"
16161G,WRAP BAD HAIR DAY,2,"Hang theo mua, dot bien, so luong lon"
16161P,WRAP ENGLISH ROSE ,4,"Hang trung binh, on dinh quanh nam"
16161U,WRAP SUKI AND FRIENDS,4,"Hang trung binh, on dinh quanh nam"
16162L,THE KING GIFT BAG,1,"Hang cao cap, gia tri cao, it lap lai"
16162M,THE KING GIFT BAG 25x24x12cm,1,"Hang cao cap, gia tri cao, it lap lai"
16168M,FUNKY MONKEY GIFT BAG MEDIUM,2,"Hang theo mua, dot bien, so luong lon"
16169E,WRAP 50'S  CHRISTMAS,4,"Hang trung binh, on dinh quanh nam"
16169K,WRAP FOLK ART,1,"Hang cao cap, gia tri cao, it lap lai"
16169M,WRAP DAISY CARPET ,2,"Hang theo mua, dot bien, so luong lon"
16207A,PINK STRAWBERRY HANDBAG ,3,"Hang moi/it nguoi biet, doanh thu thap"
16207B,PINK HEART RED HANDBAG,3,"Hang moi/it nguoi biet, doanh thu thap"
16216,LETTER SHAPE PENCIL SHARPENER,2,"Hang theo mua, dot bien, so luong lon"
16218,CARTOON  PENCIL SHARPENERS,2,"Hang theo mua, dot bien, so luong lon"
16219,HOUSE SHAPE PENCIL SHARPENER,2,"Hang theo mua, dot bien, so luong lon"
16225,RATTLE SNAKE EGGS,2,"Hang theo mua, dot bien, so luong lon"
16235,RECYCLED PENCIL WITH RABBIT ERASER,4,"Hang trung binh, on dinh quanh nam"
16236,KITTY PENCIL ERASERS,2,"Hang theo mua, dot bien, so luong lon"
16237,SLEEPING CAT ERASERS,4,"Hang trung binh, on dinh quanh nam"
16238,PARTY TIME PENCIL ERASERS,2,"Hang theo mua, dot bien, so luong lon"
16248B,BLUE HOLE PUNCH,1,"Hang cao cap, gia tri cao, it lap lai"
16254,TRANSPARENT ACRYLIC TAPE DISPENSER,1,"Hang cao cap, gia tri cao, it lap lai"
16258A,SWIRLY CIRCULAR RUBBERS IN BAG,2,"Hang theo mua, dot bien, so luong lon"
16259,PIECE OF CAMO STATIONERY SET,2,"Hang theo mua, dot bien, so luong lon"
17003,BROCADE RING PURSE ,4,"Hang trung binh, on dinh quanh nam"
17011F,ORIGAMI SANDLEWOOD INCENSE+FLOWER,1,"Hang cao cap, gia tri cao, it lap lai"
17012A,ORIGAMI VANILLA INCENSE/CANDLE SET ,2,"Hang theo mua, dot bien, so luong lon"
17012B,ORIGAMI JASMINE INCENSE/CANDLE SET,2,"Hang theo mua, dot bien, so luong lon"
17012C,ORIGAMI LAVENDER INCENSE/CANDL SET ,2,"Hang theo mua, dot bien, so luong lon"
17012D,ORIGAMI ROSE INCENSE/CANDLE SET ,2,"Hang theo mua, dot bien, so luong lon"
17012E,ORIGAMI OPIUM INCENSE/CANDLE SET ,3,"Hang moi/it nguoi biet, doanh thu thap"
17012F,ORIGAMI SANDLEWOOD INCENSE/CAND SET,2,"Hang theo mua, dot bien, so luong lon"
17013D,ORIGAMI ROSE INCENSE IN TUBE,2,"Hang theo mua, dot bien, so luong lon"
17014A,ORIGAMI VANILLA INCENSE CONES,2,"Hang theo mua, dot bien, so luong lon"
17021,NAMASTE SWAGAT INCENSE,2,"Hang theo mua, dot bien, so luong lon"
17038,PORCELAIN BUDAH INCENSE HOLDER,2,"Hang theo mua, dot bien, so luong lon"
17084A,TRANQUILITY MASALA INCENSE,2,"Hang theo mua, dot bien, so luong lon"
17084J,LOVE POTION MASALA INCENSE,2,"Hang theo mua, dot bien, so luong lon"
17084N,FAIRY DREAMS INCENSE ,2,"Hang theo mua, dot bien, so luong lon"
17084P,DRAGONS BLOOD INCENSE,2,"Hang theo mua, dot bien, so luong lon"
17084R,ASSORTED INCENSE PACK,2,"Hang theo mua, dot bien, so luong lon"
17090A,LAVENDER INCENSE 40 CONES IN TIN,2,"Hang theo mua, dot bien, so luong lon"
17090D,VANILLA INCENSE 40 CONES IN TIN,1,"Hang cao cap, gia tri cao, it lap lai"
17091A,LAVENDER INCENSE IN TIN,2,"Hang theo mua, dot bien, so luong lon"
17091J,VANILLA INCENSE IN TIN,2,"Hang theo mua, dot bien, so luong lon"
17096,ASSORTED LAQUERED INCENSE HOLDERS,2,"Hang theo mua, dot bien, so luong lon"
17107D,"FLOWER FAIRY,5 SUMMER B'DRAW LINERS",0,"Hang ban chay, gia thap, mua thuong xuyen"
17109D,FLOWER FAIRY INCENSE BOUQUET,1,"Hang cao cap, gia tri cao, it lap lai"
17129F,BLUE GLASS GEMS IN BAG,2,"Hang theo mua, dot bien, so luong lon"
17136A,BLUE STONES ON WIRE FOR CANDLE,2,"Hang theo mua, dot bien, so luong lon"
17164B,ASS COL SMALL SAND GECKO P'WEIGHT,1,"Hang cao cap, gia tri cao, it lap lai"
17165D,ASS COL LARGE SAND FROG P'WEIGHT,1,"Hang cao cap, gia tri cao, it lap lai"
18007,ESSENTIAL BALM 3.5g TIN IN ENVELOPE,2,"Hang theo mua, dot bien, so luong lon"
18094C,WHITE AND BLUE CERAMIC OIL BURNER,2,"Hang theo mua, dot bien, so luong lon"
18097C,WHITE TALL PORCELAIN T-LIGHT HOLDER,2,"Hang theo mua, dot bien, so luong lon"
18098C,PORCELAIN BUTTERFLY OIL BURNER,0,"Hang ban chay, gia thap, mua thuong xuyen"
18098c,PORCELAIN BUTTERFLY OIL BURNER,1,"Hang cao cap, gia tri cao, it lap lai"
20615,BLUE POLKADOT PASSPORT COVER,0,"Hang ban chay, gia thap, mua thuong xuyen"
20616,CHERRY BLOSSOM PASSPORT COVER,3,"Hang moi/it nguoi biet, doanh thu thap"
20617,FIRST CLASS PASSPORT COVER ,1,"Hang cao cap, gia tri cao, it lap lai"
20618,QUEEN OF THE SKIES PASSPORT COVER ,3,"Hang moi/it nguoi biet, doanh thu thap"
20619,TROPICAL PASSPORT COVER ,3,"Hang moi/it nguoi biet, doanh thu thap"
20622,VIPPASSPORT COVER ,2,"Hang theo mua, dot bien, so luong lon"
20652,BLUE POLKADOT LUGGAGE TAG ,2,"Hang theo mua, dot bien, so luong lon"
20653,CHERRY BLOSSOM LUGGAGE TAG,3,"Hang moi/it nguoi biet, doanh thu thap"
20654,FIRST CLASS LUGGAGE TAG ,2,"Hang theo mua, dot bien, so luong lon"
20655,QUEEN OF SKIES LUGGAGE TAG,3,"Hang moi/it nguoi biet, doanh thu thap"
20657,TROPICAL LUGGAGE TAG,1,"Hang cao cap, gia tri cao, it lap lai"
20658,RED RETROSPOT LUGGAGE TAG,2,"Hang theo mua, dot bien, so luong lon"
20659,ECONOMY LUGGAGE TAG,3,"Hang moi/it nguoi biet, doanh thu thap"
20661,BLUE POLKADOT PURSE ,3,"Hang moi/it nguoi biet, doanh thu thap"
20662,FIRST CLASS HOLIDAY PURSE ,3,"Hang moi/it nguoi biet, doanh thu thap"
20663,QUEEN OF THE SKIES HOLIDAY PURSE ,3,"Hang moi/it nguoi biet, doanh thu thap"
20664,TROPICAL HOLIDAY PURSE ,3,"Hang moi/it nguoi biet, doanh thu thap"
20665,RED RETROSPOT PURSE ,0,"Hang ban chay, gia thap, mua thuong xuyen"
20666,ECONOMY HOLIDAY PURSE,3,"Hang moi/it nguoi biet, doanh thu thap"
20667,CHERRY BLOSSOM PURSE,3,"Hang moi/it nguoi biet, doanh thu thap"
20668,DISCO BALL CHRISTMAS DECORATION,4,"Hang trung binh, on dinh quanh nam"
20669,RED HEART LUGGAGE TAG,0,"Hang ban chay, gia thap, mua thuong xuyen"
20670,VIP HOLIDAY PURSE,1,"Hang cao cap, gia tri cao, it lap lai"
20674,GREEN POLKADOT BOWL,4,"Hang trung binh, on dinh quanh nam"
20675,BLUE POLKADOT BOWL,4,"Hang trung binh, on dinh quanh nam"
20676,RED RETROSPOT BOWL,4,"Hang trung binh, on dinh quanh nam"
20677,PINK POLKADOT BOWL,4,"Hang trung binh, on dinh quanh nam"
20679,EDWARDIAN PARASOL RED,0,"Hang ban chay, gia thap, mua thuong xuyen"
20681,PINK POLKADOT CHILDRENS UMBRELLA,0,"Hang ban chay, gia thap, mua thuong xuyen"
20682,RED RETROSPOT CHILDRENS UMBRELLA,0,"Hang ban chay, gia thap, mua thuong xuyen"
20684,STRAWBERRY DREAM CHILDS UMBRELLA,1,"Hang cao cap, gia tri cao, it lap lai"
20685,DOORMAT RED RETROSPOT,4,"Hang trung binh, on dinh quanh nam"
20686,DOLLY MIXTURE CHILDREN'S UMBRELLA,0,"Hang ban chay, gia thap, mua thuong xuyen"
20694,FLORAL PINK MONSTER,1,"Hang cao cap, gia tri cao, it lap lai"
20696,FLORAL SOFT CAR TOY,3,"Hang moi/it nguoi biet, doanh thu thap"
20697,LITTLE GREEN MONSTER SOFT TOY,1,"Hang cao cap, gia tri cao, it lap lai"
20698,LITTLE PINK MONSTER SOFT TOY,1,"Hang cao cap, gia tri cao, it lap lai"
20699,MOUSEY LONG LEGS SOFT TOY,3,"Hang moi/it nguoi biet, doanh thu thap"
20700,GREEN CAT FLORAL CUSHION COVER ,3,"Hang moi/it nguoi biet, doanh thu thap"
20701,PINK CAT FLORAL CUSHION COVER ,3,"Hang moi/it nguoi biet, doanh thu thap"
20702,PINK PADDED MOBILE,0,"Hang ban chay, gia thap, mua thuong xuyen"
20704,MR ROBOT SOFT TOY,0,"Hang ban chay, gia thap, mua thuong xuyen"
20705,MRS ROBOT SOFT TOY,0,"Hang ban chay, gia thap, mua thuong xuyen"
20707,CRAZY DAISY HEART DECORATION,3,"Hang moi/it nguoi biet, doanh thu thap"
20711,JUMBO BAG TOYS ,4,"Hang trung binh, on dinh quanh nam"
20712,JUMBO BAG WOODLAND ANIMALS,4,"Hang trung binh, on dinh quanh nam"
20713,JUMBO BAG OWLS,4,"Hang trung binh, on dinh quanh nam"
20716,PARTY FOOD SHOPPER BAG,2,"Hang theo mua, dot bien, so luong lon"
20717,STRAWBERRY SHOPPER BAG,4,"Hang trung binh, on dinh quanh nam"
20718,RED RETROSPOT SHOPPER BAG,4,"Hang trung binh, on dinh quanh nam"
20719,WOODLAND CHARLOTTE BAG,4,"Hang trung binh, on dinh quanh nam"
20723,STRAWBERRY CHARLOTTE BAG,4,"Hang trung binh, on dinh quanh nam"
20724,RED RETROSPOT CHARLOTTE BAG,4,"Hang trung binh, on dinh quanh nam"
20725,LUNCH BAG RED RETROSPOT,4,"Hang trung binh, on dinh quanh nam"
20726,LUNCH BAG WOODLAND,4,"Hang trung binh, on dinh quanh nam"
20727,LUNCH BAG  BLACK SKULL.,4,"Hang trung binh, on dinh quanh nam"
20728,LUNCH BAG CARS BLUE,4,"Hang trung binh, on dinh quanh nam"
20731,POSY CANDY BAG,2,"Hang theo mua, dot bien, so luong lon"
20733,GOLD MINI TAPE MEASURE ,2,"Hang theo mua, dot bien, so luong lon"
20734,SILVER MINI TAPE MEASURE ,1,"Hang cao cap, gia tri cao, it lap lai"
20735,BLACK MINI TAPE MEASURE ,3,"Hang moi/it nguoi biet, doanh thu thap"
20748,KENSINGTON COFFEE SET,0,"Hang ban chay, gia thap, mua thuong xuyen"
20749,ASSORTED COLOUR MINI CASES,0,"Hang ban chay, gia thap, mua thuong xuyen"
20750,RED RETROSPOT MINI CASES,0,"Hang ban chay, gia thap, mua thuong xuyen"
20751,FUNKY WASHING UP GLOVES ASSORTED,0,"Hang ban chay, gia thap, mua thuong xuyen"
20752,BLUE POLKADOT WASHING UP GLOVES,0,"Hang ban chay, gia thap, mua thuong xuyen"
20754,RETROSPOT RED WASHING UP GLOVES,4,"Hang trung binh, on dinh quanh nam"
20755,BLUE PAISLEY POCKET BOOK,2,"Hang theo mua, dot bien, so luong lon"
20756,GREEN FERN POCKET BOOK,1,"Hang cao cap, gia tri cao, it lap lai"
20757,RED DAISY POCKET BOOK ,2,"Hang theo mua, dot bien, so luong lon"
20758,ABSTRACT CIRCLES POCKET BOOK,2,"Hang theo mua, dot bien, so luong lon"
20759,CHRYSANTHEMUM POCKET BOOK ,1,"Hang cao cap, gia tri cao, it lap lai"
20760,GARDEN PATH POCKET BOOK,1,"Hang cao cap, gia tri cao, it lap lai"
20761,BLUE PAISLEY SKETCHBOOK,0,"Hang ban chay, gia thap, mua thuong xuyen"
20762,GREEN FERN SKETCHBOOK ,0,"Hang ban chay, gia thap, mua thuong xuyen"
20763,DAISY SKETCHBOOK ,1,"Hang cao cap, gia tri cao, it lap lai"
20764,ABSTRACT CIRCLES SKETCHBOOK ,0,"Hang ban chay, gia thap, mua thuong xuyen"
20765,CHRYSANTHEMUM SKETCHBOOK ,0,"Hang ban chay, gia thap, mua thuong xuyen"
20766,GARDEN PATH SKETCHBOOK,0,"Hang ban chay, gia thap, mua thuong xuyen"
20767,BLUE PAISLEY JOURNAL ,0,"Hang ban chay, gia thap, mua thuong xuyen"
20768,GREEN FERN JOURNAL ,0,"Hang ban chay, gia thap, mua thuong xuyen"
20769,DAISY JOURNAL ,1,"Hang cao cap, gia tri cao, it lap lai"
20770,ABSTRACT CIRCLE JOURNAL ,0,"Hang ban chay, gia thap, mua thuong xuyen"
20771,CHRYSANTHEMUM  JOURNAL,1,"Hang cao cap, gia tri cao, it lap lai"
20772,GARDEN PATH JOURNAL,0,"Hang ban chay, gia thap, mua thuong xuyen"
20773,BLUE PAISLEY NOTEBOOK,1,"Hang cao cap, gia tri cao, it lap lai"
20774,GREEN FERN NOTEBOOK,1,"Hang cao cap, gia tri cao, it lap lai"
20775,DAISY NOTEBOOK ,3,"Hang moi/it nguoi biet, doanh thu thap"
20777,CHRYSANTHEMUM NOTEBOOK,0,"Hang ban chay, gia thap, mua thuong xuyen"
20778,GARDEN PATH NOTEBOOK ,1,"Hang cao cap, gia tri cao, it lap lai"
20780,BLACK EAR MUFF HEADPHONES,1,"Hang cao cap, gia tri cao, it lap lai"
20781,GOLD EAR MUFF HEADPHONES,1,"Hang cao cap, gia tri cao, it lap lai"
20782,CAMOUFLAGE EAR MUFF HEADPHONES,1,"Hang cao cap, gia tri cao, it lap lai"
20785,FUSCHIA RETRO BAR STOOL,1,"Hang cao cap, gia tri cao, it lap lai"
20794,BLUE  TILE HOOK,1,"Hang cao cap, gia tri cao, it lap lai"
20795,LARGE BLUE PROVENCAL CERAMIC BALL,1,"Hang cao cap, gia tri cao, it lap lai"
20796,SMALL BLUE PROVENCAL CERAMIC BALL,1,"Hang cao cap, gia tri cao, it lap lai"
20798,CLEAR MILKSHAKE GLASS,1,"Hang cao cap, gia tri cao, it lap lai"
20801,LARGE PINK GLASS SUNDAE DISH,2,"Hang theo mua, dot bien, so luong lon"
20802,SMALL GLASS SUNDAE DISH CLEAR,2,"Hang theo mua, dot bien, so luong lon"
20803,SMALL PINK GLASS SUNDAE DISH,2,"Hang theo mua, dot bien, so luong lon"
20818,GOLD TEDDY BEAR,1,"Hang cao cap, gia tri cao, it lap lai"
20819,SILVER TEDDY BEAR,1,"Hang cao cap, gia tri cao, it lap lai"
20821,GOLDIE LOOKING MIRROR,1,"Hang cao cap, gia tri cao, it lap lai"
20823,GOLD WINE GOBLET,2,"Hang theo mua, dot bien, so luong lon"
20826,SILVER APERITIF GLASS,2,"Hang theo mua, dot bien, so luong lon"
20828,GLITTER BUTTERFLY CLIPS,0,"Hang ban chay, gia thap, mua thuong xuyen"
20829,GLITTER HANGING BUTTERFLY STRING,4,"Hang trung binh, on dinh quanh nam"
20830,SILVER PHOTO FRAME,1,"Hang cao cap, gia tri cao, it lap lai"
20831,GOLD PHOTO FRAME,2,"Hang theo mua, dot bien, so luong lon"
20832,RED FLOCK LOVE HEART PHOTO FRAME,2,"Hang theo mua, dot bien, so luong lon"
20835,FRENCH LATTICE CUSHION COVER ,1,"Hang cao cap, gia tri cao, it lap lai"
20836,FRENCH PAISLEY CUSHION COVER,2,"Hang theo mua, dot bien, so luong lon"
20837,FRENCH FLORAL CUSHION COVER ,2,"Hang theo mua, dot bien, so luong lon"
20838,FRENCH LATTICE CUSHION COVER ,2,"Hang theo mua, dot bien, so luong lon"
20839,FRENCH PAISLEY CUSHION COVER ,0,"Hang ban chay, gia thap, mua thuong xuyen"
20840,FRENCH FLORAL CUSHION COVER ,2,"Hang theo mua, dot bien, so luong lon"
20845,ZINC HEART LATTICE 2 WALL PLANTER,1,"Hang cao cap, gia tri cao, it lap lai"
20846,ZINC HEART LATTICE T-LIGHT HOLDER,2,"Hang theo mua, dot bien, so luong lon"
20847,ZINC HEART LATTICE CHARGER LARGE,1,"Hang cao cap, gia tri cao, it lap lai"
20848,ZINC HEART LATTICE CHARGER SMALL,1,"Hang cao cap, gia tri cao, it lap lai"
20851,ZINC HEART LATTICE TRAY OVAL ,1,"Hang cao cap, gia tri cao, it lap lai"
20854,BLUE PATCH PURSE PINK HEART,2,"Hang theo mua, dot bien, so luong lon"
20856,DENIM PATCH PURSE PINK BUTTERFLY,2,"Hang theo mua, dot bien, so luong lon"
20857,BLUE ROSE PATCH PURSE PINK BUTTERFL,1,"Hang cao cap, gia tri cao, it lap lai"
20866,BLUE ROSE FABRIC MIRROR,2,"Hang theo mua, dot bien, so luong lon"
20867,PINK ROSE FABRIC MIRROR,2,"Hang theo mua, dot bien, so luong lon"
20868,SILVER FABRIC MIRROR,2,"Hang theo mua, dot bien, so luong lon"
20869,GOLD FABRIC MIRROR,2,"Hang theo mua, dot bien, so luong lon"
20878,SET/9 CHRISTMAS T-LIGHTS SCENTED ,1,"Hang cao cap, gia tri cao, it lap lai"
20886,BOX OF 9 PEBBLE CANDLES,0,"Hang ban chay, gia thap, mua thuong xuyen"
20893,HANGING BAUBLE T-LIGHT HOLDER SMALL,2,"Hang theo mua, dot bien, so luong lon"
20894,HANGING BAUBLE T-LIGHT HOLDER LARGE,1,"Hang cao cap, gia tri cao, it lap lai"
20897,VINTAGE NOTEBOOK PARIS DAYS,2,"Hang theo mua, dot bien, so luong lon"
20898,VINTAGE NOTEBOOK TRAVELOGUE,3,"Hang moi/it nguoi biet, doanh thu thap"
20901,VINTAGE KEEPSAKE BOX PINK FLOWER,3,"Hang moi/it nguoi biet, doanh thu thap"
20902,VINTAGE KEEPSAKE BOX PARIS DAYS,3,"Hang moi/it nguoi biet, doanh thu thap"
20903,VINTAGE KEEPSAKE BOX TRAVELOGUE,3,"Hang moi/it nguoi biet, doanh thu thap"
20914,SET/5 RED RETROSPOT LID GLASS BOWLS,4,"Hang trung binh, on dinh quanh nam"
20931,BLUE POT PLANT CANDLE ,0,"Hang ban chay, gia thap, mua thuong xuyen"
20932,PINK POT PLANT CANDLE,0,"Hang ban chay, gia thap, mua thuong xuyen"
20933,YELLOW POT PLANT CANDLE,1,"Hang cao cap, gia tri cao, it lap lai"
20934,SET/3 POT PLANT CANDLES,1,"Hang cao cap, gia tri cao, it lap lai"
20936,FORKED CACTUS CANDLE,1,"Hang cao cap, gia tri cao, it lap lai"
20941,FROG CANDLE,1,"Hang cao cap, gia tri cao, it lap lai"
20956,PORCELAIN T-LIGHT HOLDERS ASSORTED,2,"Hang theo mua, dot bien, so luong lon"
20960,WATERMELON BATH SPONGE,1,"Hang cao cap, gia tri cao, it lap lai"
20961,STRAWBERRY BATH SPONGE ,4,"Hang trung binh, on dinh quanh nam"
20963,APPLE BATH SPONGE,4,"Hang trung binh, on dinh quanh nam"
20966,SANDWICH BATH SPONGE,2,"Hang theo mua, dot bien, so luong lon"
20967,GREY FLORAL FELTCRAFT SHOULDER BAG,0,"Hang ban chay, gia thap, mua thuong xuyen"
20969,RED FLORAL FELTCRAFT SHOULDER BAG,4,"Hang trung binh, on dinh quanh nam"
20970,PINK FLORAL FELTCRAFT SHOULDER BAG,0,"Hang ban chay, gia thap, mua thuong xuyen"
20971,PINK BLUE FELT CRAFT TRINKET BOX,4,"Hang trung binh, on dinh quanh nam"
20972,PINK CREAM FELT CRAFT TRINKET BOX ,4,"Hang trung binh, on dinh quanh nam"
20973,12 PENCIL SMALL TUBE WOODLAND,4,"Hang trung binh, on dinh quanh nam"
20974,12 PENCILS SMALL TUBE SKULL,4,"Hang trung binh, on dinh quanh nam"
20975,12 PENCILS SMALL TUBE RED RETROSPOT,4,"Hang trung binh, on dinh quanh nam"
20977,36 PENCILS TUBE WOODLAND,4,"Hang trung binh, on dinh quanh nam"
20978,36 PENCILS TUBE SKULLS,4,"Hang trung binh, on dinh quanh nam"
20979,36 PENCILS TUBE RED RETROSPOT,4,"Hang trung binh, on dinh quanh nam"
20980,36 PENCILS TUBE POSY,1,"Hang cao cap, gia tri cao, it lap lai"
20981,12 PENCILS TALL TUBE WOODLAND,4,"Hang trung binh, on dinh quanh nam"
20982,12 PENCILS TALL TUBE SKULLS,4,"Hang trung binh, on dinh quanh nam"
20983,12 PENCILS TALL TUBE RED RETROSPOT,4,"Hang trung binh, on dinh quanh nam"
20984,12 PENCILS TALL TUBE POSY,4,"Hang trung binh, on dinh quanh nam"
20985,HEART CALCULATOR,4,"Hang trung binh, on dinh quanh nam"
20986,BLUE CALCULATOR RULER,2,"Hang theo mua, dot bien, so luong lon"
20992,JAZZ HEARTS PURSE NOTEBOOK,4,"Hang trung binh, on dinh quanh nam"
20996,JAZZ HEARTS ADDRESS BOOK,4,"Hang trung binh, on dinh quanh nam"
20997,ROSE DU SUD CUSHION COVER ,3,"Hang moi/it nguoi biet, doanh thu thap"
20998,ROSE DU SUD OVEN GLOVE,0,"Hang ban chay, gia thap, mua thuong xuyen"
21000,ROSE DU SUD COSMETICS BAG,3,"Hang moi/it nguoi biet, doanh thu thap"
21001,ROSE DU SUD WASHBAG ,3,"Hang moi/it nguoi biet, doanh thu thap"
21002,ROSE DU SUD DRAWSTRING BAG,3,"Hang moi/it nguoi biet, doanh thu thap"
21003,ROSE DU SUD CUSHION COVER,3,"Hang moi/it nguoi biet, doanh thu thap"
21012,ANTIQUE ALL GLASS CANDLESTICK,0,"Hang ban chay, gia thap, mua thuong xuyen"
21014,SWISS CHALET TREE DECORATION ,2,"Hang theo mua, dot bien, so luong lon"
21015,DARK BIRD HOUSE TREE DECORATION,2,"Hang theo mua, dot bien, so luong lon"
21018,BIRD BOX CHRISTMAS TREE DECORATION,1,"Hang cao cap, gia tri cao, it lap lai"
21025,SPACE FROG,3,"Hang moi/it nguoi biet, doanh thu thap"
21026,SPACE OWL,2,"Hang theo mua, dot bien, so luong lon"
21027,NINJA RABBIT PINK,2,"Hang theo mua, dot bien, so luong lon"
21028,NINJA RABBIT BLACK,3,"Hang moi/it nguoi biet, doanh thu thap"
21030,SPACE CADET RED,2,"Hang theo mua, dot bien, so luong lon"
21031,SPACE CADET BLACK,1,"Hang cao cap, gia tri cao, it lap lai"
21032,SPACE CADET WHITE,1,"Hang cao cap, gia tri cao, it lap lai"
21033,JUMBO BAG CHARLIE AND LOLA TOYS,4,"Hang trung binh, on dinh quanh nam"
21034,REX CASH+CARRY JUMBO SHOPPER,4,"Hang trung binh, on dinh quanh nam"
21035,SET/2 RED RETROSPOT TEA TOWELS ,4,"Hang trung binh, on dinh quanh nam"
21038,SET/4 MODERN VINTAGE COTTON NAPKINS,1,"Hang cao cap, gia tri cao, it lap lai"
21039,RED RETROSPOT SHOPPING BAG,0,"Hang ban chay, gia thap, mua thuong xuyen"
21040,MODERN VINTAGE COTTON SHOPPING BAG,1,"Hang cao cap, gia tri cao, it lap lai"
21041,RED RETROSPOT OVEN GLOVE DOUBLE,0,"Hang ban chay, gia thap, mua thuong xuyen"
21042,RED RETROSPOT APRON ,0,"Hang ban chay, gia thap, mua thuong xuyen"
21043,APRON MODERN VINTAGE COTTON,0,"Hang ban chay, gia thap, mua thuong xuyen"
21051,RIBBONS PURSE ,2,"Hang theo mua, dot bien, so luong lon"
21054,NURSE'S BAG SOFT TOY,0,"Hang ban chay, gia thap, mua thuong xuyen"
21055,TOOL BOX SOFT TOY ,0,"Hang ban chay, gia thap, mua thuong xuyen"
21056,DOCTOR'S BAG SOFT TOY,0,"Hang ban chay, gia thap, mua thuong xuyen"
21058,PARTY INVITES WOODLAND,2,"Hang theo mua, dot bien, so luong lon"
21059,PARTY INVITES DINOSAURS,2,"Hang theo mua, dot bien, so luong lon"
21060,PARTY INVITES BALLOON GIRL,2,"Hang theo mua, dot bien, so luong lon"
21061,PARTY INVITES FOOTBALL,2,"Hang theo mua, dot bien, so luong lon"
21062,PARTY INVITES SPACEMAN,2,"Hang theo mua, dot bien, so luong lon"
21063,PARTY INVITES JAZZ HEARTS,2,"Hang theo mua, dot bien, so luong lon"
21064,BOOM BOX SPEAKER BOYS,0,"Hang ban chay, gia thap, mua thuong xuyen"
21065,BOOM BOX SPEAKER GIRLS,0,"Hang ban chay, gia thap, mua thuong xuyen"
21066,VINTAGE RED MUG,2,"Hang theo mua, dot bien, so luong lon"
21067,VINTAGE RED TEATIME MUG,2,"Hang theo mua, dot bien, so luong lon"
21068,VINTAGE BILLBOARD LOVE/HATE MUG,4,"Hang trung binh, on dinh quanh nam"
21069,VINTAGE BILLBOARD TEA MUG,4,"Hang trung binh, on dinh quanh nam"
21070,VINTAGE BILLBOARD MUG ,2,"Hang theo mua, dot bien, so luong lon"
21071,VINTAGE BILLBOARD DRINK ME MUG,2,"Hang theo mua, dot bien, so luong lon"
21078,SET/20 STRAWBERRY PAPER NAPKINS ,4,"Hang trung binh, on dinh quanh nam"
21080,SET/20 RED RETROSPOT PAPER NAPKINS ,4,"Hang trung binh, on dinh quanh nam"
21082,SET/20 FRUIT SALAD PAPER NAPKINS ,1,"Hang cao cap, gia tri cao, it lap lai"
21084,SET/6 COLLAGE PAPER CUPS,4,"Hang trung binh, on dinh quanh nam"
21086,SET/6 RED SPOTTY PAPER CUPS,4,"Hang trung binh, on dinh quanh nam"
21087,SET/6 POSIES PAPER CUPS,2,"Hang theo mua, dot bien, so luong lon"
21088,SET/6 FRUIT SALAD PAPER CUPS,2,"Hang theo mua, dot bien, so luong lon"
21089,SET/6 GREEN SPRING PAPER CUPS,2,"Hang theo mua, dot bien, so luong lon"
21090,SET/6 COLLAGE PAPER PLATES,4,"Hang trung binh, on dinh quanh nam"
21094,SET/6 RED SPOTTY PAPER PLATES,4,"Hang trung binh, on dinh quanh nam"
21095,SET/6 POSIES PAPER PLATES,2,"Hang theo mua, dot bien, so luong lon"
21096,SET/6 FRUIT SALAD  PAPER PLATES,2,"Hang theo mua, dot bien, so luong lon"
21098,CHRISTMAS TOILET ROLL,4,"Hang trung binh, on dinh quanh nam"
21100,CHARLIE AND LOLA CHARLOTTE BAG,3,"Hang moi/it nguoi biet, doanh thu thap"
21106,CREAM SLICE FLANNEL CHOCOLATE SPOT ,0,"Hang ban chay, gia thap, mua thuong xuyen"
21107,CREAM SLICE FLANNEL PINK SPOT ,4,"Hang trung binh, on dinh quanh nam"
21108,FAIRY CAKE FLANNEL ASSORTED COLOUR,4,"Hang trung binh, on dinh quanh nam"
21109,"LARGE CAKE TOWEL, CHOCOLATE SPOTS",0,"Hang ban chay, gia thap, mua thuong xuyen"
21110,LARGE CAKE TOWEL PINK SPOTS,0,"Hang ban chay, gia thap, mua thuong xuyen"
21111,"SWISS ROLL TOWEL, CHOCOLATE  SPOTS",2,"Hang theo mua, dot bien, so luong lon"
21112,"SWISS ROLL TOWEL, PINK  SPOTS",4,"Hang trung binh, on dinh quanh nam"
21114,LAVENDER SCENTED FABRIC HEART,4,"Hang trung binh, on dinh quanh nam"
21115,ROSE CARAVAN DOORSTOP,0,"Hang ban chay, gia thap, mua thuong xuyen"
21116,OWL DOORSTOP,0,"Hang ban chay, gia thap, mua thuong xuyen"
21117,BLOND DOLL DOORSTOP,1,"Hang cao cap, gia tri cao, it lap lai"
21121,SET/10 RED POLKADOT PARTY CANDLES,4,"Hang trung binh, on dinh quanh nam"
21122,SET/10 PINK POLKADOT PARTY CANDLES,4,"Hang trung binh, on dinh quanh nam"
21123,SET/10 IVORY POLKADOT PARTY CANDLES,2,"Hang theo mua, dot bien, so luong lon"
21124,SET/10 BLUE POLKADOT PARTY CANDLES,4,"Hang trung binh, on dinh quanh nam"
21125,SET 6 FOOTBALL CELEBRATION CANDLES,2,"Hang theo mua, dot bien, so luong lon"
21126,SET OF 6 GIRLS CELEBRATION CANDLES,2,"Hang theo mua, dot bien, so luong lon"
21128,GOLD FISHING GNOME,0,"Hang ban chay, gia thap, mua thuong xuyen"
21129,SILVER FISHING GNOME ,1,"Hang cao cap, gia tri cao, it lap lai"
21131,GOLD STANDING GNOME,1,"Hang cao cap, gia tri cao, it lap lai"
21132,SILVER STANDING GNOME   ,1,"Hang cao cap, gia tri cao, it lap lai"
21135,VICTORIAN  METAL POSTCARD SPRING,4,"Hang trung binh, on dinh quanh nam"
21136,PAINTED METAL PEARS ASSORTED,4,"Hang trung binh, on dinh quanh nam"
21137,BLACK RECORD COVER FRAME,4,"Hang trung binh, on dinh quanh nam"
21143,ANTIQUE GLASS HEART DECORATION ,2,"Hang theo mua, dot bien, so luong lon"
21145,ANTIQUE GLASS PLACE SETTING,2,"Hang theo mua, dot bien, so luong lon"
21147,JINGLE BELLS TREE DECORATION,3,"Hang moi/it nguoi biet, doanh thu thap"
21154,RED RETROSPOT OVEN GLOVE ,4,"Hang trung binh, on dinh quanh nam"
21155,RED RETROSPOT PEG BAG,4,"Hang trung binh, on dinh quanh nam"
21156,RETROSPOT CHILDRENS APRON,4,"Hang trung binh, on dinh quanh nam"
21157,RED RETROSPOT WASHBAG,1,"Hang cao cap, gia tri cao, it lap lai"
21158,MOODY GIRL DOOR HANGER ,4,"Hang trung binh, on dinh quanh nam"
21159,MOODY BOY  DOOR HANGER ,2,"Hang theo mua, dot bien, so luong lon"
21161,KEEP OUT BOYS DOOR HANGER ,2,"Hang theo mua, dot bien, so luong lon"
21162,TOXIC AREA  DOOR HANGER ,4,"Hang trung binh, on dinh quanh nam"
21163,DO NOT TOUCH MY STUFF DOOR HANGER ,2,"Hang theo mua, dot bien, so luong lon"
21164,HOME SWEET HOME METAL SIGN ,4,"Hang trung binh, on dinh quanh nam"
21165,BEWARE OF THE CAT METAL SIGN ,4,"Hang trung binh, on dinh quanh nam"
21166,COOK WITH WINE METAL SIGN ,4,"Hang trung binh, on dinh quanh nam"
21167,WHITE SAGE INCENSE,2,"Hang theo mua, dot bien, so luong lon"
21169,YOU'RE CONFUSING ME METAL SIGN ,4,"Hang trung binh, on dinh quanh nam"
21171,BATHROOM METAL SIGN ,2,"Hang theo mua, dot bien, so luong lon"
21172,PARTY METAL SIGN ,4,"Hang trung binh, on dinh quanh nam"
21174,POTTERING IN THE SHED METAL SIGN,4,"Hang trung binh, on dinh quanh nam"
21175,GIN + TONIC DIET METAL SIGN,4,"Hang trung binh, on dinh quanh nam"
21179,NO JUNK MAIL METAL SIGN,4,"Hang trung binh, on dinh quanh nam"
21181,PLEASE ONE PERSON METAL SIGN,4,"Hang trung binh, on dinh quanh nam"
21187,WHITE BELL HONEYCOMB PAPER GARLAND ,2,"Hang theo mua, dot bien, so luong lon"
21188,3D HEARTS  HONEYCOMB PAPER GARLAND,0,"Hang ban chay, gia thap, mua thuong xuyen"
21189,WHITE HONEYCOMB PAPER GARLAND ,0,"Hang ban chay, gia thap, mua thuong xuyen"
21190,PINK HEARTS PAPER GARLAND,2,"Hang theo mua, dot bien, so luong lon"
21191,LARGE WHITE HONEYCOMB PAPER BELL  ,0,"Hang ban chay, gia thap, mua thuong xuyen"
21192,WHITE BELL HONEYCOMB PAPER ,2,"Hang theo mua, dot bien, so luong lon"
21194,PINK  HONEYCOMB PAPER FAN,2,"Hang theo mua, dot bien, so luong lon"
21195,PINK  HONEYCOMB PAPER BALL ,2,"Hang theo mua, dot bien, so luong lon"
21196,ROUND WHITE CONFETTI IN TUBE,1,"Hang cao cap, gia tri cao, it lap lai"
21197,MULTICOLOUR  CONFETTI IN TUBE,2,"Hang theo mua, dot bien, so luong lon"
21198,WHITE HEART CONFETTI IN TUBE,2,"Hang theo mua, dot bien, so luong lon"
21199,PINK  HEART CONFETTI IN TUBE,2,"Hang theo mua, dot bien, so luong lon"
21200,MULTICOLOUR HONEYCOMB PAPER GARLAND,2,"Hang theo mua, dot bien, so luong lon"
21201,TROPICAL  HONEYCOMB PAPER GARLAND ,4,"Hang trung binh, on dinh quanh nam"
21202,DOLLY HONEYCOMB GARLAND,2,"Hang theo mua, dot bien, so luong lon"
21204,DAISIES  HONEYCOMB GARLAND ,2,"Hang theo mua, dot bien, so luong lon"
21205,MULTICOLOUR 3D BALLS GARLAND,0,"Hang ban chay, gia thap, mua thuong xuyen"
21206,STRAWBERRY HONEYCOMB  GARLAND ,2,"Hang theo mua, dot bien, so luong lon"
21207,SKULL AND CROSSBONES  GARLAND ,2,"Hang theo mua, dot bien, so luong lon"
21208,PASTEL COLOUR HONEYCOMB FAN,2,"Hang theo mua, dot bien, so luong lon"
21209,MULTICOLOUR HONEYCOMB FAN,2,"Hang theo mua, dot bien, so luong lon"
21210,SET OF 72 RETROSPOT PAPER  DOILIES,4,"Hang trung binh, on dinh quanh nam"
21211,SET OF 72 SKULL PAPER  DOILIES,2,"Hang theo mua, dot bien, so luong lon"
21212,PACK OF 72 RETROSPOT CAKE CASES,4,"Hang trung binh, on dinh quanh nam"
21213,PACK OF 72 SKULL CAKE CASES,4,"Hang trung binh, on dinh quanh nam"
21215,IVORY PAPER CUP CAKE CASES ,2,"Hang theo mua, dot bien, so luong lon"
21216,"SET 3 RETROSPOT TEA,COFFEE,SUGAR",0,"Hang ban chay, gia thap, mua thuong xuyen"
21217,RED RETROSPOT ROUND CAKE TINS,0,"Hang ban chay, gia thap, mua thuong xuyen"
21218,RED SPOTTY BISCUIT TIN,4,"Hang trung binh, on dinh quanh nam"
21219,SET/4 BADGES BALLOON GIRL,2,"Hang theo mua, dot bien, so luong lon"
21220,SET/4 BADGES DOGS,2,"Hang theo mua, dot bien, so luong lon"
21221,SET/4 BADGES CUTE CREATURES,2,"Hang theo mua, dot bien, so luong lon"
21222,SET/4 BADGES BEETLES,2,"Hang theo mua, dot bien, so luong lon"
21224,SET/4 SKULL BADGES,2,"Hang theo mua, dot bien, so luong lon"
21226,POCKET MIRROR WOODLAND,3,"Hang moi/it nguoi biet, doanh thu thap"
21231,SWEETHEART CERAMIC TRINKET BOX,4,"Hang trung binh, on dinh quanh nam"
21232,STRAWBERRY CERAMIC TRINKET BOX,4,"Hang trung binh, on dinh quanh nam"
21238,RED RETROSPOT CUP,4,"Hang trung binh, on dinh quanh nam"
21239,PINK  POLKADOT CUP,4,"Hang trung binh, on dinh quanh nam"
21240,BLUE POLKADOT CUP,4,"Hang trung binh, on dinh quanh nam"
21242,RED RETROSPOT PLATE ,4,"Hang trung binh, on dinh quanh nam"
21243,PINK  POLKADOT PLATE ,4,"Hang trung binh, on dinh quanh nam"
21244,BLUE POLKADOT PLATE ,4,"Hang trung binh, on dinh quanh nam"
21245,GREEN POLKADOT PLATE ,4,"Hang trung binh, on dinh quanh nam"
21246,RED RETROSPOT BIG BOWL,0,"Hang ban chay, gia thap, mua thuong xuyen"
21248,DOOR HANGER  MUM + DADS ROOM,0,"Hang ban chay, gia thap, mua thuong xuyen"
21249,WOODLAND  HEIGHT CHART STICKERS ,0,"Hang ban chay, gia thap, mua thuong xuyen"
21250,SET OF SKULL WALL STICKERS,1,"Hang cao cap, gia tri cao, it lap lai"
21251,DINOSAUR HEIGHT CHART STICKER SET,0,"Hang ban chay, gia thap, mua thuong xuyen"
21253,SET OF PICTURE FRAME  STICKERS,3,"Hang moi/it nguoi biet, doanh thu thap"
21257,VICTORIAN SEWING BOX MEDIUM,0,"Hang ban chay, gia thap, mua thuong xuyen"
21258,VICTORIAN SEWING BOX LARGE,0,"Hang ban chay, gia thap, mua thuong xuyen"
21259,VICTORIAN SEWING BOX SMALL ,0,"Hang ban chay, gia thap, mua thuong xuyen"
21260,FIRST AID TIN,4,"Hang trung binh, on dinh quanh nam"
21261,GREEN GOOSE FEATHER CHRISTMAS TREE ,0,"Hang ban chay, gia thap, mua thuong xuyen"
21262,WHITE GOOSE FEATHER CHRISTMAS TREE ,0,"Hang ban chay, gia thap, mua thuong xuyen"
21263,GREEN GOOSE FEATHER TREE 60CM,2,"Hang theo mua, dot bien, so luong lon"
21264,WHITE GOOSE FEATHER TREE 60CM ,2,"Hang theo mua, dot bien, so luong lon"
21265,PINK GOOSE FEATHER TREE 60CM,2,"Hang theo mua, dot bien, so luong lon"
21269,ANTIQUE CREAM CUTLERY SHELF ,1,"Hang cao cap, gia tri cao, it lap lai"
21270,ANTIQUE CREAM CUTLERY CUPBOARD,1,"Hang cao cap, gia tri cao, it lap lai"
21272,SALLE DE BAIN HOOK,2,"Hang theo mua, dot bien, so luong lon"
21275,ZINC TOP  2 DOOR WOODEN SHELF ,1,"Hang cao cap, gia tri cao, it lap lai"
21277,FRENCH STYLE EMBOSSED HEART CABINET,1,"Hang cao cap, gia tri cao, it lap lai"
21278,VINTAGE KITCHEN PRINT PUDDINGS,1,"Hang cao cap, gia tri cao, it lap lai"
21279,VINTAGE KITCHEN PRINT FRUITS,1,"Hang cao cap, gia tri cao, it lap lai"
21280,VINTAGE KITCHEN PRINT VEGETABLES,1,"Hang cao cap, gia tri cao, it lap lai"
21281,VINTAGE KITCHEN PRINT SEAFOOD,1,"Hang cao cap, gia tri cao, it lap lai"
21284,RETROSPOT CANDLE  SMALL,2,"Hang theo mua, dot bien, so luong lon"
21285,RETROSPOT CANDLE  MEDIUM,2,"Hang theo mua, dot bien, so luong lon"
21286,RETROSPOT CANDLE  LARGE,2,"Hang theo mua, dot bien, so luong lon"
21287,SCENTED VELVET LOUNGE CANDLE ,2,"Hang theo mua, dot bien, so luong lon"
21288,STRIPEY CHOCOLATE NESTING BOXES,0,"Hang ban chay, gia thap, mua thuong xuyen"
21289,LARGE STRIPES CHOCOLATE GIFT BAG,2,"Hang theo mua, dot bien, so luong lon"
21291,SMALL POLKADOT CHOCOLATE GIFT BAG ,2,"Hang theo mua, dot bien, so luong lon"
21292,SMALL STRIPES CHOCOLATE GIFT BAG ,2,"Hang theo mua, dot bien, so luong lon"
21293,MIRRORED DOVE WALL DECORATION,1,"Hang cao cap, gia tri cao, it lap lai"
21294,ETCHED GLASS COASTER,2,"Hang theo mua, dot bien, so luong lon"
21306,SET/4 DAISY MIRROR MAGNETS,2,"Hang theo mua, dot bien, so luong lon"
21307,SET/4 BUTTERFLY MIRROR MAGNETS,1,"Hang cao cap, gia tri cao, it lap lai"
21311,SET/4 BIRD MIRROR MAGNETS ,2,"Hang theo mua, dot bien, so luong lon"
21313,GLASS HEART T-LIGHT HOLDER ,4,"Hang trung binh, on dinh quanh nam"
21314,SMALL GLASS HEART TRINKET POT,4,"Hang trung binh, on dinh quanh nam"
21316,SMALL CHUNKY GLASS ROMAN  BOWL,2,"Hang theo mua, dot bien, so luong lon"
21317,GLASS SPHERE CANDLE STAND MEDIUM,0,"Hang ban chay, gia thap, mua thuong xuyen"
21318,GLASS CHALICE BLUE SMALL ,2,"Hang theo mua, dot bien, so luong lon"
21319,GLASS CHALICE GREEN  SMALL ,2,"Hang theo mua, dot bien, so luong lon"
21320,GLASS CHALICE GREEN  LARGE ,2,"Hang theo mua, dot bien, so luong lon"
21324,HANGING MEDINA LANTERN SMALL,1,"Hang cao cap, gia tri cao, it lap lai"
21326,AGED GLASS SILVER T-LIGHT HOLDER,4,"Hang trung binh, on dinh quanh nam"
21327,SKULLS WRITING SET ,0,"Hang ban chay, gia thap, mua thuong xuyen"
21328,BALLOONS  WRITING SET ,0,"Hang ban chay, gia thap, mua thuong xuyen"
21329,DINOSAURS  WRITING SET ,0,"Hang ban chay, gia thap, mua thuong xuyen"
21331,MOROCCAN BEATEN METAL DISH LARGE,1,"Hang cao cap, gia tri cao, it lap lai"
21332,MOROCCAN BEATEN METAL MIRROR,1,"Hang cao cap, gia tri cao, it lap lai"
21333,CLASSIC WHITE FRAME,1,"Hang cao cap, gia tri cao, it lap lai"
21336,GOLD WASHBAG,3,"Hang moi/it nguoi biet, doanh thu thap"
21340,CLASSIC METAL BIRDCAGE PLANT HOLDER,0,"Hang ban chay, gia thap, mua thuong xuyen"
21344,MOROCCAN BEATEN METAL DISH,1,"Hang cao cap, gia tri cao, it lap lai"
21348,PINK SPOTS CHOCOLATE NESTING BOXES ,2,"Hang theo mua, dot bien, so luong lon"
21349,IVY HEART WREATH,1,"Hang cao cap, gia tri cao, it lap lai"
21351,CINAMMON & ORANGE WREATH,0,"Hang ban chay, gia thap, mua thuong xuyen"
21352,EUCALYPTUS & PINECONE  WREATH,0,"Hang ban chay, gia thap, mua thuong xuyen"
21354,TOAST ITS - BEST MUM,2,"Hang theo mua, dot bien, so luong lon"
21355,TOAST ITS - I LOVE YOU ,2,"Hang theo mua, dot bien, so luong lon"
21356,TOAST ITS - FAIRY FLOWER,2,"Hang theo mua, dot bien, so luong lon"
21357,TOAST ITS - DINOSAUR,1,"Hang cao cap, gia tri cao, it lap lai"
21358,TOAST ITS - HAPPY BIRTHDAY,2,"Hang theo mua, dot bien, so luong lon"
21359,RELAX LARGE WOOD LETTERS,0,"Hang ban chay, gia thap, mua thuong xuyen"
21360,JOY LARGE WOOD LETTERS,1,"Hang cao cap, gia tri cao, it lap lai"
21361,LOVE LARGE WOOD LETTERS ,0,"Hang ban chay, gia thap, mua thuong xuyen"
21363,HOME SMALL WOOD LETTERS,0,"Hang ban chay, gia thap, mua thuong xuyen"
21364,PEACE SMALL WOOD LETTERS,1,"Hang cao cap, gia tri cao, it lap lai"
21365,MIRRORED WALL ART STARS,2,"Hang theo mua, dot bien, so luong lon"
21366,MIRRORED WALL ART PHOTO FRAMES,3,"Hang moi/it nguoi biet, doanh thu thap"
21367,MIRRORED WALL ART GENTS,2,"Hang theo mua, dot bien, so luong lon"
21368,MIRRORED WALL ART LADIES,2,"Hang theo mua, dot bien, so luong lon"
21369,MIRRORED WALL ART SPLODGES,1,"Hang cao cap, gia tri cao, it lap lai"
21370,MIRRORED WALL ART FOXY,1,"Hang cao cap, gia tri cao, it lap lai"
21371,MIRRORED WALL ART POPPIES,2,"Hang theo mua, dot bien, so luong lon"
21372,MIRRORED WALL ART TABLE LAMP,1,"Hang cao cap, gia tri cao, it lap lai"
21373,MIRRORED WALL ART SNOWFLAKES,2,"Hang theo mua, dot bien, so luong lon"
21374,MIRRORED WALL ART SKULLS,2,"Hang theo mua, dot bien, so luong lon"
21375,LARGE CAMPHOR WOOD FIELD MUSHROOM ,1,"Hang cao cap, gia tri cao, it lap lai"
21376,LARGE  TALL CAMPHOR WOOD TOADSTOOL ,1,"Hang cao cap, gia tri cao, it lap lai"
21377,SMALL CAMPHOR WOOD FIELD  MUSHROOM,1,"Hang cao cap, gia tri cao, it lap lai"
21378,SMALL TALL CAMPHOR WOOD TOADSTOOL,1,"Hang cao cap, gia tri cao, it lap lai"
21379,CAMPHOR WOOD PORTOBELLO MUSHROOM,2,"Hang theo mua, dot bien, so luong lon"
21380,WOODEN HAPPY BIRTHDAY GARLAND,4,"Hang trung binh, on dinh quanh nam"
21381,MINI WOODEN HAPPY BIRTHDAY GARLAND,4,"Hang trung binh, on dinh quanh nam"
21382,SET/4 SPRING FLOWER DECORATION,2,"Hang theo mua, dot bien, so luong lon"
21383,PACK OF 12 STICKY BUNNIES,2,"Hang theo mua, dot bien, so luong lon"
21385,IVORY HANGING DECORATION  HEART,4,"Hang trung binh, on dinh quanh nam"
21386,IVORY HANGING DECORATION  EGG,2,"Hang theo mua, dot bien, so luong lon"
21389,IVORY HANGING DECORATION  BIRD,2,"Hang theo mua, dot bien, so luong lon"
21390,FILIGRIS HEART WITH BUTTERFLY,4,"Hang trung binh, on dinh quanh nam"
21391,FRENCH LAVENDER SCENT HEART,2,"Hang theo mua, dot bien, so luong lon"
21392,RED POLKADOT PUDDING BOWL,1,"Hang cao cap, gia tri cao, it lap lai"
21393,BLUE POLKADOT PUDDING BOWL,1,"Hang cao cap, gia tri cao, it lap lai"
21394,RED POLKADOT BEAKER ,4,"Hang trung binh, on dinh quanh nam"
21395,BLUE POLKADOT BEAKER ,2,"Hang theo mua, dot bien, so luong lon"
21397,BLUE POLKADOT EGG CUP ,2,"Hang theo mua, dot bien, so luong lon"
21398,RED POLKADOT COFFEE  MUG,2,"Hang theo mua, dot bien, so luong lon"
21399,BLUE POLKADOT COFFEE MUG,2,"Hang theo mua, dot bien, so luong lon"
21400,RED PUDDING SPOON,2,"Hang theo mua, dot bien, so luong lon"
21401,BLUE PUDDING SPOON,2,"Hang theo mua, dot bien, so luong lon"
21402,RED  EGG  SPOON,2,"Hang theo mua, dot bien, so luong lon"
21403,BLUE EGG  SPOON,2,"Hang theo mua, dot bien, so luong lon"
21407,BROWN CHECK CAT DOORSTOP ,0,"Hang ban chay, gia thap, mua thuong xuyen"
21408,SPOTTY PINK DUCK DOORSTOP,0,"Hang ban chay, gia thap, mua thuong xuyen"
21411,GINGHAM HEART  DOORSTOP RED,0,"Hang ban chay, gia thap, mua thuong xuyen"
21413,PERIWINKLE T-LIGHT HOLDER,1,"Hang cao cap, gia tri cao, it lap lai"
21415,CLAM SHELL SMALL ,2,"Hang theo mua, dot bien, so luong lon"
21417,COCKLE SHELL DISH,2,"Hang theo mua, dot bien, so luong lon"
21418,STARFISH SOAP DISH,1,"Hang cao cap, gia tri cao, it lap lai"
21420,OYSTER TRINKET BOX,1,"Hang cao cap, gia tri cao, it lap lai"
21421,PORCELAIN ROSE LARGE ,2,"Hang theo mua, dot bien, so luong lon"
21422,PORCELAIN ROSE SMALL,2,"Hang theo mua, dot bien, so luong lon"
21424,WOODLAND STORAGE BOX LARGE ,0,"Hang ban chay, gia thap, mua thuong xuyen"
21425,SKULLS STORAGE BOX LARGE,1,"Hang cao cap, gia tri cao, it lap lai"
21426,WOODLAND STORAGE BOX SMALL,2,"Hang theo mua, dot bien, so luong lon"
21427,SKULLS STORAGE BOX SMALL,1,"Hang cao cap, gia tri cao, it lap lai"
21428,SET3 BOOK BOX GREEN GINGHAM FLOWER ,0,"Hang ban chay, gia thap, mua thuong xuyen"
21429,RED GINGHAM ROSE JEWELLERY BOX,4,"Hang trung binh, on dinh quanh nam"
21430,SET/3 RED GINGHAM ROSE STORAGE BOX,4,"Hang trung binh, on dinh quanh nam"
21439,BASKET OF TOADSTOOLS,4,"Hang trung binh, on dinh quanh nam"
21441,BLUE BIRDHOUSE DECORATION,2,"Hang theo mua, dot bien, so luong lon"
21442,GREEN BIRDHOUSE DECORATION,2,"Hang theo mua, dot bien, so luong lon"
21445,12 PINK ROSE PEG PLACE SETTINGS,2,"Hang theo mua, dot bien, so luong lon"
21446,12 RED ROSE PEG PLACE SETTINGS,2,"Hang theo mua, dot bien, so luong lon"
21447,12 IVORY ROSE PEG PLACE SETTINGS,2,"Hang theo mua, dot bien, so luong lon"
21448,12 DAISY PEGS IN WOOD BOX,2,"Hang theo mua, dot bien, so luong lon"
21452,TOADSTOOL MONEY BOX,0,"Hang ban chay, gia thap, mua thuong xuyen"
21454,PAINTED PINK RABBIT ,2,"Hang theo mua, dot bien, so luong lon"
21455,PAINTED YELLOW WOODEN DAISY,2,"Hang theo mua, dot bien, so luong lon"
21456,2 PICTURE BOOK EGGS EASTER CHICKS,2,"Hang theo mua, dot bien, so luong lon"
21457,2 PICTURE BOOK EGGS EASTER DUCKS,1,"Hang cao cap, gia tri cao, it lap lai"
21458,2 PICTURE BOOK EGGS EASTER BUNNY,2,"Hang theo mua, dot bien, so luong lon"
21459,YELLOW EASTER EGG HUNT START POST,1,"Hang cao cap, gia tri cao, it lap lai"
21460,GREEN EASTER EGG HUNT START POST,1,"Hang cao cap, gia tri cao, it lap lai"
21461,BLUE EASTER EGG HUNT START POST,1,"Hang cao cap, gia tri cao, it lap lai"
21462,"NURSERY A,B,C PAINTED LETTERS",0,"Hang ban chay, gia thap, mua thuong xuyen"
21463,MIRRORED DISCO BALL ,0,"Hang ban chay, gia thap, mua thuong xuyen"
21464,DISCO BALL ROTATOR BATTERY OPERATED,0,"Hang ban chay, gia thap, mua thuong xuyen"
21465,PINK FLOWER CROCHET FOOD COVER,0,"Hang ban chay, gia thap, mua thuong xuyen"
21466,RED FLOWER CROCHET FOOD COVER,0,"Hang ban chay, gia thap, mua thuong xuyen"
21467,CHERRY CROCHET FOOD COVER,0,"Hang ban chay, gia thap, mua thuong xuyen"
21468,BUTTERFLY CROCHET FOOD COVER,0,"Hang ban chay, gia thap, mua thuong xuyen"
21469,POLKA DOT RAFFIA FOOD COVER,0,"Hang ban chay, gia thap, mua thuong xuyen"
21470,FLOWER VINE RAFFIA FOOD COVER,0,"Hang ban chay, gia thap, mua thuong xuyen"
21471,STRAWBERRY RAFFIA FOOD COVER,0,"Hang ban chay, gia thap, mua thuong xuyen"
21472,LADYBIRD + BEE RAFFIA FOOD COVER,0,"Hang ban chay, gia thap, mua thuong xuyen"
21473,SWEETHEART CREAM STEEL TABLE RECT,1,"Hang cao cap, gia tri cao, it lap lai"
21476,STEEL SWEETHEART ROUND TABLE CREAM,1,"Hang cao cap, gia tri cao, it lap lai"
21479,WHITE SKULL HOT WATER BOTTLE ,4,"Hang trung binh, on dinh quanh nam"
21481,FAWN BLUE HOT WATER BOTTLE,4,"Hang trung binh, on dinh quanh nam"
21484,CHICK GREY HOT WATER BOTTLE,0,"Hang ban chay, gia thap, mua thuong xuyen"
21485,RETROSPOT HEART HOT WATER BOTTLE,4,"Hang trung binh, on dinh quanh nam"
21486,PINK HEART DOTS HOT WATER BOTTLE,1,"Hang cao cap, gia tri cao, it lap lai"
21488,RED WHITE SCARF  HOT WATER BOTTLE,3,"Hang moi/it nguoi biet, doanh thu thap"
21494,ROTATING LEAVES T-LIGHT HOLDER,4,"Hang trung binh, on dinh quanh nam"
21495,SKULLS AND CROSSBONES WRAP,4,"Hang trung binh, on dinh quanh nam"
21497,FANCY FONTS BIRTHDAY WRAP,4,"Hang trung binh, on dinh quanh nam"
21498,RED RETROSPOT WRAP ,4,"Hang trung binh, on dinh quanh nam"
21499,BLUE POLKADOT WRAP,4,"Hang trung binh, on dinh quanh nam"
21500,PINK POLKADOT WRAP ,4,"Hang trung binh, on dinh quanh nam"
21503,TOYBOX  WRAP ,2,"Hang theo mua, dot bien, so luong lon"
21504,SKULLS GREETING CARD,2,"Hang theo mua, dot bien, so luong lon"
21506,"FANCY FONT BIRTHDAY CARD, ",4,"Hang trung binh, on dinh quanh nam"
21507,"ELEPHANT, BIRTHDAY CARD, ",4,"Hang trung binh, on dinh quanh nam"
21508,VINTAGE KID DOLLY CARD ,4,"Hang trung binh, on dinh quanh nam"
21509,COWBOYS AND INDIANS BIRTHDAY CARD ,4,"Hang trung binh, on dinh quanh nam"
21518,BANK ACCOUNT  GREETING  CARD ,2,"Hang theo mua, dot bien, so luong lon"
21519,GIN & TONIC DIET GREETING CARD ,4,"Hang trung binh, on dinh quanh nam"
21520,BOOZE & WOMEN GREETING CARD ,2,"Hang theo mua, dot bien, so luong lon"
21523,DOORMAT FANCY FONT HOME SWEET HOME,4,"Hang trung binh, on dinh quanh nam"
21524,DOORMAT SPOTTY HOME SWEET HOME,0,"Hang ban chay, gia thap, mua thuong xuyen"
21527,RED RETROSPOT TRADITIONAL TEAPOT ,0,"Hang ban chay, gia thap, mua thuong xuyen"
21528,DAIRY MAID TRADITIONAL TEAPOT ,0,"Hang ban chay, gia thap, mua thuong xuyen"
21530,DAIRY MAID TOASTRACK,2,"Hang theo mua, dot bien, so luong lon"
21531,RED RETROSPOT SUGAR JAM BOWL,4,"Hang trung binh, on dinh quanh nam"
21533,RETROSPOT LARGE MILK JUG,0,"Hang ban chay, gia thap, mua thuong xuyen"
21534,DAIRY MAID LARGE MILK JUG,0,"Hang ban chay, gia thap, mua thuong xuyen"
21535,RED RETROSPOT SMALL MILK JUG,4,"Hang trung binh, on dinh quanh nam"
21537,RED RETROSPOT PUDDING BOWL,0,"Hang ban chay, gia thap, mua thuong xuyen"
21539,RED RETROSPOT BUTTER DISH,0,"Hang ban chay, gia thap, mua thuong xuyen"
21544,SKULLS  WATER TRANSFER TATTOOS ,4,"Hang trung binh, on dinh quanh nam"
21547,CERAMIC BIRDHOUSE CRESTED TIT SMALL,1,"Hang cao cap, gia tri cao, it lap lai"
21555,CERAMIC STRAWBERRY TRINKET TRAY,3,"Hang moi/it nguoi biet, doanh thu thap"
21556,CERAMIC STRAWBERRY MONEY BOX,4,"Hang trung binh, on dinh quanh nam"
21557,SET OF 6 FUNKY BEAKERS,0,"Hang ban chay, gia thap, mua thuong xuyen"
21558,SKULL LUNCH BOX WITH CUTLERY ,4,"Hang trung binh, on dinh quanh nam"
21559,STRAWBERRY LUNCH BOX WITH CUTLERY,4,"Hang trung binh, on dinh quanh nam"
21561,DINOSAUR LUNCH BOX WITH CUTLERY,4,"Hang trung binh, on dinh quanh nam"
21562,HAWAIIAN GRASS SKIRT ,2,"Hang theo mua, dot bien, so luong lon"
21563,RED HEART SHAPE LOVE BUCKET ,4,"Hang trung binh, on dinh quanh nam"
21564,PINK  HEART SHAPE LOVE BUCKET ,4,"Hang trung binh, on dinh quanh nam"
21576,LETS GO SHOPPING COTTON TOTE BAG,0,"Hang ban chay, gia thap, mua thuong xuyen"
21577,SAVE THE PLANET COTTON TOTE BAG,0,"Hang ban chay, gia thap, mua thuong xuyen"
21578,WOODLAND DESIGN  COTTON TOTE BAG,0,"Hang ban chay, gia thap, mua thuong xuyen"
21579,LOLITA  DESIGN  COTTON TOTE BAG,0,"Hang ban chay, gia thap, mua thuong xuyen"
21580,RABBIT  DESIGN  COTTON TOTE BAG,0,"Hang ban chay, gia thap, mua thuong xuyen"
21581,SKULLS  DESIGN  COTTON TOTE BAG,0,"Hang ban chay, gia thap, mua thuong xuyen"
21584,RETROSPOT SMALL TUBE MATCHES,4,"Hang trung binh, on dinh quanh nam"
21586,KINGS CHOICE GIANT TUBE MATCHES,2,"Hang theo mua, dot bien, so luong lon"
21587,COSY HOUR GIANT TUBE MATCHES,2,"Hang theo mua, dot bien, so luong lon"
21588,RETROSPOT GIANT TUBE MATCHES,4,"Hang trung binh, on dinh quanh nam"
21591,COSY HOUR CIGAR BOX MATCHES ,4,"Hang trung binh, on dinh quanh nam"
21592,RETROSPOT CIGAR BOX MATCHES ,4,"Hang trung binh, on dinh quanh nam"
21609,SET 12 LAVENDER  BOTANICAL T-LIGHTS,2,"Hang theo mua, dot bien, so luong lon"
21613,S/12 VANILLA  BOTANICAL T-LIGHTS,2,"Hang theo mua, dot bien, so luong lon"
21614,SET OF 12 ROSE BOTANICAL T-LIGHTS,1,"Hang cao cap, gia tri cao, it lap lai"
21615,4 LAVENDER BOTANICAL DINNER CANDLES,2,"Hang theo mua, dot bien, so luong lon"
21616,4 PEAR BOTANICAL DINNER CANDLES,2,"Hang theo mua, dot bien, so luong lon"
21617,4 LILY  BOTANICAL DINNER CANDLES,0,"Hang ban chay, gia thap, mua thuong xuyen"
21618,4 WILDFLOWER BOTANICAL CANDLES,0,"Hang ban chay, gia thap, mua thuong xuyen"
21619,4 VANILLA BOTANICAL CANDLES,4,"Hang trung binh, on dinh quanh nam"
21620,SET OF 4 ROSE BOTANICAL CANDLES,0,"Hang ban chay, gia thap, mua thuong xuyen"
21621,VINTAGE UNION JACK BUNTING,4,"Hang trung binh, on dinh quanh nam"
21622,VINTAGE UNION JACK CUSHION COVER,0,"Hang ban chay, gia thap, mua thuong xuyen"
21623,VINTAGE UNION JACK MEMOBOARD,4,"Hang trung binh, on dinh quanh nam"
21624,VINTAGE UNION JACK DOORSTOP,0,"Hang ban chay, gia thap, mua thuong xuyen"
21625,VINTAGE UNION JACK APRON,0,"Hang ban chay, gia thap, mua thuong xuyen"
21626,VINTAGE UNION JACK PENNANT,2,"Hang theo mua, dot bien, so luong lon"
21627,ELEPHANT CARNIVAL POUFFE,0,"Hang ban chay, gia thap, mua thuong xuyen"
21628,TRIANGULAR POUFFE VINTAGE ,0,"Hang ban chay, gia thap, mua thuong xuyen"
21629,SQUARE FLOOR CUSHION VINTAGE RED,0,"Hang ban chay, gia thap, mua thuong xuyen"
21630,FLOOR CUSHION ELEPHANT CARNIVAL,0,"Hang ban chay, gia thap, mua thuong xuyen"
21631,HIPPY CHIC DECORATIVE PARASOL,0,"Hang ban chay, gia thap, mua thuong xuyen"
21632,VINTAGE PINK DECORATIVE PARASOL,3,"Hang moi/it nguoi biet, doanh thu thap"
21633,SUNFLOWER DECORATIVE PARASOL,0,"Hang ban chay, gia thap, mua thuong xuyen"
21634,ASSORTED MINI MADRAS NOTEBOOK,2,"Hang theo mua, dot bien, so luong lon"
21635,MADRAS NOTEBOOK LARGE ,2,"Hang theo mua, dot bien, so luong lon"
21636,MADRAS NOTEBOOK MEDIUM,2,"Hang theo mua, dot bien, so luong lon"
21637,ASSORTED SANSKRIT MINI NOTEBOOK,2,"Hang theo mua, dot bien, so luong lon"
21638,ASSORTED TUTTI FRUTTI NOTEBOOK,2,"Hang theo mua, dot bien, so luong lon"
21640,ASSORTED TUTTI FRUTTI  FOB NOTEBOOK,2,"Hang theo mua, dot bien, so luong lon"
21641,ASSORTED TUTTI FRUTTI KEYRING BALL,2,"Hang theo mua, dot bien, so luong lon"
21642,ASSORTED TUTTI FRUTTI PEN,2,"Hang theo mua, dot bien, so luong lon"
21643,ASSORTED TUTTI FRUTTI MIRROR,2,"Hang theo mua, dot bien, so luong lon"
21644,ASSORTED TUTTI FRUTTI HEART BOX,2,"Hang theo mua, dot bien, so luong lon"
21647,ASSORTED TUTTI FRUTTI LARGE PURSE,1,"Hang cao cap, gia tri cao, it lap lai"
21648,ASSORTED TUTTI FRUTTI SMALL PURSE,2,"Hang theo mua, dot bien, so luong lon"
21650,ASSORTED TUTTI FRUTTI BRACELET,2,"Hang theo mua, dot bien, so luong lon"
21651,HANGING GLASS ETCHED TEALIGHT,2,"Hang theo mua, dot bien, so luong lon"
21654,RIDGED GLASS FINGER BOWL,2,"Hang theo mua, dot bien, so luong lon"
21656,RIDGED GLASS POSY VASE ,2,"Hang theo mua, dot bien, so luong lon"
21657,MILK BOTTLE WITH GLASS STOPPER ,1,"Hang cao cap, gia tri cao, it lap lai"
21658,GLASS  BEURRE DISH,0,"Hang ban chay, gia thap, mua thuong xuyen"
21662,VINTAGE GLASS COFFEE CADDY,0,"Hang ban chay, gia thap, mua thuong xuyen"
21664,RIDGED GLASS STORAGE JAR CREAM LID,1,"Hang cao cap, gia tri cao, it lap lai"
21666,RIDGED GLASS T-LIGHT HOLDER,2,"Hang theo mua, dot bien, so luong lon"
21668,RED STRIPE CERAMIC DRAWER KNOB,4,"Hang trung binh, on dinh quanh nam"
21669,BLUE STRIPE CERAMIC DRAWER KNOB,4,"Hang trung binh, on dinh quanh nam"
21670,BLUE SPOT CERAMIC DRAWER KNOB,4,"Hang trung binh, on dinh quanh nam"
21671,RED SPOT CERAMIC DRAWER KNOB,4,"Hang trung binh, on dinh quanh nam"
21672,WHITE SPOT RED CERAMIC DRAWER KNOB,4,"Hang trung binh, on dinh quanh nam"
21673,WHITE SPOT BLUE CERAMIC DRAWER KNOB,4,"Hang trung binh, on dinh quanh nam"
21675,BUTTERFLIES STICKERS,2,"Hang theo mua, dot bien, so luong lon"
21676,FLOWERS  STICKERS,2,"Hang theo mua, dot bien, so luong lon"
21677,HEARTS  STICKERS,2,"Hang theo mua, dot bien, so luong lon"
21678,PAISLEY PATTERN  STICKERS,1,"Hang cao cap, gia tri cao, it lap lai"
21679,SKULLS  STICKERS,2,"Hang theo mua, dot bien, so luong lon"
21680,WOODLAND  STICKERS,2,"Hang theo mua, dot bien, so luong lon"
21682,LARGE MEDINA STAMPED METAL BOWL ,0,"Hang ban chay, gia thap, mua thuong xuyen"
21683,MEDIUM MEDINA STAMPED METAL BOWL ,0,"Hang ban chay, gia thap, mua thuong xuyen"
21684,SMALL MEDINA STAMPED METAL BOWL ,2,"Hang theo mua, dot bien, so luong lon"
21686,MEDINA STAMPED METAL STOOL,0,"Hang ban chay, gia thap, mua thuong xuyen"
21688,SILVER PLATE CANDLE BOWL SMALL,0,"Hang ban chay, gia thap, mua thuong xuyen"
21689,SILVER VANILLA  FLOWER CANDLE POT,1,"Hang cao cap, gia tri cao, it lap lai"
21690,SILVER  CANDLEPOT JARDIN ,1,"Hang cao cap, gia tri cao, it lap lai"
21692,SILVER LATTICE VANILLA CANDLE POT,1,"Hang cao cap, gia tri cao, it lap lai"
21693,SMALL HAMMERED SILVER CANDLEPOT ,0,"Hang ban chay, gia thap, mua thuong xuyen"
21694,SMALL REGAL  SILVER CANDLEPOT ,2,"Hang theo mua, dot bien, so luong lon"
21695,SMALL SILVER FLOWER CANDLE POT,2,"Hang theo mua, dot bien, so luong lon"
21696,SMALL SILVER TRELLIS CANDLEPOT,2,"Hang theo mua, dot bien, so luong lon"
21698,MOCK LOBSTER FRIDGE MAGNET,2,"Hang theo mua, dot bien, so luong lon"
21700,BIG DOUGHNUT FRIDGE MAGNETS,4,"Hang trung binh, on dinh quanh nam"
21703,BAG 125g SWIRLY MARBLES,4,"Hang trung binh, on dinh quanh nam"
21704,BAG 250g SWIRLY MARBLES,4,"Hang trung binh, on dinh quanh nam"
21705,BAG 500g SWIRLY MARBLES,4,"Hang trung binh, on dinh quanh nam"
21706,FOLDING UMBRELLA RED/WHITE POLKADOT,0,"Hang ban chay, gia thap, mua thuong xuyen"
21707,FOLDING UMBRELLA BLACKBLUE POLKADOT,0,"Hang ban chay, gia thap, mua thuong xuyen"
21708,FOLDING UMBRELLA CREAM POLKADOT,0,"Hang ban chay, gia thap, mua thuong xuyen"
21709,FOLDING UMBRELLA CHOCOLATE POLKADOT,0,"Hang ban chay, gia thap, mua thuong xuyen"
21710,FOLDING UMBRELLA PINKWHITE POLKADOT,0,"Hang ban chay, gia thap, mua thuong xuyen"
21711,FOLDING UMBRELLA WHITE/RED POLKADOT,0,"Hang ban chay, gia thap, mua thuong xuyen"
21713,CITRONELLA CANDLE FLOWERPOT,0,"Hang ban chay, gia thap, mua thuong xuyen"
21714,CITRONELLA CANDLE GARDEN POT,4,"Hang trung binh, on dinh quanh nam"
21715,GIRLS VINTAGE TIN SEASIDE BUCKET,4,"Hang trung binh, on dinh quanh nam"
21716,BOYS VINTAGE TIN SEASIDE BUCKET,4,"Hang trung binh, on dinh quanh nam"
21717,EASTER TIN BUCKET,2,"Hang theo mua, dot bien, so luong lon"
21718,RED METAL BEACH SPADE ,4,"Hang trung binh, on dinh quanh nam"
21719,LOVELY BONBON STICKER SHEET,2,"Hang theo mua, dot bien, so luong lon"
21720,CAKE SHOP  STICKER SHEET,1,"Hang cao cap, gia tri cao, it lap lai"
21721,CANDY SHOP  STICKER SHEET,2,"Hang theo mua, dot bien, so luong lon"
21722,SWEET PUDDING STICKER SHEET,3,"Hang moi/it nguoi biet, doanh thu thap"
21723,ALPHABET HEARTS STICKER SHEET,2,"Hang theo mua, dot bien, so luong lon"
21724,PANDA AND BUNNIES STICKER SHEET,2,"Hang theo mua, dot bien, so luong lon"
21725,SWEETIES  STICKERS,2,"Hang theo mua, dot bien, so luong lon"
21726,MULTI HEARTS  STICKERS,2,"Hang theo mua, dot bien, so luong lon"
21730,GLASS STAR FROSTED T-LIGHT HOLDER,0,"Hang ban chay, gia thap, mua thuong xuyen"
21731,RED TOADSTOOL LED NIGHT LIGHT,4,"Hang trung binh, on dinh quanh nam"
21733,RED HANGING HEART T-LIGHT HOLDER,4,"Hang trung binh, on dinh quanh nam"
21735,TWO DOOR CURIO CABINET,0,"Hang ban chay, gia thap, mua thuong xuyen"
21736,GOLD SCROLL GLASS T-LIGHT HOLDER,2,"Hang theo mua, dot bien, so luong lon"
21738,COSY SLIPPER SHOES SMALL  RED ,1,"Hang cao cap, gia tri cao, it lap lai"
21739,COSY SLIPPER SHOES SMALL GREEN,0,"Hang ban chay, gia thap, mua thuong xuyen"
21741,COSY SLIPPER SHOES LARGE GREEN,0,"Hang ban chay, gia thap, mua thuong xuyen"
21742,LARGE ROUND WICKER PLATTER ,0,"Hang ban chay, gia thap, mua thuong xuyen"
21743,STAR PORTABLE TABLE LIGHT ,2,"Hang theo mua, dot bien, so luong lon"
21744,SNOWFLAKE PORTABLE TABLE LIGHT ,0,"Hang ban chay, gia thap, mua thuong xuyen"
21745,GAOLERS KEYS DECORATIVE GARDEN ,0,"Hang ban chay, gia thap, mua thuong xuyen"
21746,SMALL RED RETROSPOT WINDMILL,4,"Hang trung binh, on dinh quanh nam"
21747,SMALL SKULL WINDMILL,2,"Hang theo mua, dot bien, so luong lon"
21749,LARGE RED RETROSPOT WINDMILL,4,"Hang trung binh, on dinh quanh nam"
21750,LARGE SKULL WINDMILL,1,"Hang cao cap, gia tri cao, it lap lai"
21754,HOME BUILDING BLOCK WORD,0,"Hang ban chay, gia thap, mua thuong xuyen"
21755,LOVE BUILDING BLOCK WORD,0,"Hang ban chay, gia thap, mua thuong xuyen"
21756,BATH BUILDING BLOCK WORD,0,"Hang ban chay, gia thap, mua thuong xuyen"
21758,VINTAGE SHELLS PRINT,1,"Hang cao cap, gia tri cao, it lap lai"
21761,WOOD AND GLASS MEDICINE CABINET,1,"Hang cao cap, gia tri cao, it lap lai"
21770,OPEN CLOSED METAL SIGN,4,"Hang trung binh, on dinh quanh nam"
21773,DECORATIVE ROSE BATHROOM BOTTLE,2,"Hang theo mua, dot bien, so luong lon"
21774,DECORATIVE CATS BATHROOM BOTTLE,2,"Hang theo mua, dot bien, so luong lon"
21775,DECORATIVE FLORE BATHROOM BOTTLE,0,"Hang ban chay, gia thap, mua thuong xuyen"
21777,RECIPE BOX WITH METAL HEART,1,"Hang cao cap, gia tri cao, it lap lai"
21781,MA CAMPAGNE CUTLERY BOX,0,"Hang ban chay, gia thap, mua thuong xuyen"
21784,SHOE SHINE BOX ,0,"Hang ban chay, gia thap, mua thuong xuyen"
21785,RAIN PONCHO ,2,"Hang theo mua, dot bien, so luong lon"
21786,POLKADOT RAIN HAT ,4,"Hang trung binh, on dinh quanh nam"
21787,RAIN PONCHO RETROSPOT,4,"Hang trung binh, on dinh quanh nam"
21788,KIDS RAIN MAC BLUE,2,"Hang theo mua, dot bien, so luong lon"
21789,KIDS RAIN MAC PINK,2,"Hang theo mua, dot bien, so luong lon"
21790,VINTAGE SNAP CARDS,4,"Hang trung binh, on dinh quanh nam"
21791,VINTAGE HEADS AND TAILS CARD GAME ,4,"Hang trung binh, on dinh quanh nam"
21792,CLASSIC FRENCH STYLE BASKET GREEN ,0,"Hang ban chay, gia thap, mua thuong xuyen"
21793,CLASSIC FRENCH STYLE BASKET BROWN,0,"Hang ban chay, gia thap, mua thuong xuyen"
21794,CLASSIC FRENCH STYLE BASKET NATURAL,0,"Hang ban chay, gia thap, mua thuong xuyen"
21801,CHRISTMAS TREE DECORATION WITH BELL,2,"Hang theo mua, dot bien, so luong lon"
21802,CHRISTMAS TREE HEART DECORATION,2,"Hang theo mua, dot bien, so luong lon"
21803,CHRISTMAS TREE STAR DECORATION,4,"Hang trung binh, on dinh quanh nam"
21804,WHITE CHRISTMAS GARLAND STARS TREES,0,"Hang ban chay, gia thap, mua thuong xuyen"
21807,WHITE CHRISTMAS STAR DECORATION,2,"Hang theo mua, dot bien, so luong lon"
21808,"CHRISTMAS GARLAND STARS,TREES",0,"Hang ban chay, gia thap, mua thuong xuyen"
21809,CHRISTMAS HANGING TREE WITH BELL,4,"Hang trung binh, on dinh quanh nam"
21810,CHRISTMAS HANGING STAR WITH BELL,4,"Hang trung binh, on dinh quanh nam"
21811,CHRISTMAS HANGING HEART WITH BELL,4,"Hang trung binh, on dinh quanh nam"
21812,GARLAND WITH HEARTS AND BELLS,0,"Hang ban chay, gia thap, mua thuong xuyen"
21813,GARLAND WITH STARS AND BELLS,0,"Hang ban chay, gia thap, mua thuong xuyen"
21814,HEART T-LIGHT HOLDER ,1,"Hang cao cap, gia tri cao, it lap lai"
21815,STAR  T-LIGHT HOLDER ,2,"Hang theo mua, dot bien, so luong lon"
21816,CHRISTMAS TREE T-LIGHT HOLDER,1,"Hang cao cap, gia tri cao, it lap lai"
21817,GLITTER CHRISTMAS TREE,2,"Hang theo mua, dot bien, so luong lon"
21818,GLITTER CHRISTMAS HEART ,4,"Hang trung binh, on dinh quanh nam"
21819,GLITTER CHRISTMAS STAR ,4,"Hang trung binh, on dinh quanh nam"
21820,GLITTER HEART GARLAND WITH BELLS ,0,"Hang ban chay, gia thap, mua thuong xuyen"
21821,GLITTER STAR GARLAND WITH BELLS ,0,"Hang ban chay, gia thap, mua thuong xuyen"
21822,GLITTER CHRISTMAS TREE WITH BELLS,2,"Hang theo mua, dot bien, so luong lon"
21823,PAINTED METAL HEART WITH HOLLY BELL,2,"Hang theo mua, dot bien, so luong lon"
21824,PAINTED METAL STAR WITH HOLLY BELLS,2,"Hang theo mua, dot bien, so luong lon"
21826,EIGHT PIECE DINOSAUR SET,1,"Hang cao cap, gia tri cao, it lap lai"
21828,EIGHT PIECE SNAKE  SET,2,"Hang theo mua, dot bien, so luong lon"
21829,DINOSAUR KEYRINGS ASSORTED,4,"Hang trung binh, on dinh quanh nam"
21830,ASSORTED CREEPY CRAWLIES,2,"Hang theo mua, dot bien, so luong lon"
21832,CHOCOLATE CALCULATOR,0,"Hang ban chay, gia thap, mua thuong xuyen"
21833,CAMOUFLAGE LED TORCH,4,"Hang trung binh, on dinh quanh nam"
21841,BABY MOUSE RED GINGHAM DRESS,1,"Hang cao cap, gia tri cao, it lap lai"
21843,RED RETROSPOT CAKE STAND,0,"Hang ban chay, gia thap, mua thuong xuyen"
21844,RED RETROSPOT MUG,4,"Hang trung binh, on dinh quanh nam"
21845,DAIRY MAID STRIPE MUG,2,"Hang theo mua, dot bien, so luong lon"
21846,PINK DIAMANTE PEN IN GIFT BOX,3,"Hang moi/it nguoi biet, doanh thu thap"
21847,GREEN  DIAMANTE PEN IN GIFT BOX,3,"Hang moi/it nguoi biet, doanh thu thap"
21849,SILVER DIAMANTE PEN IN GIFT BOX,3,"Hang moi/it nguoi biet, doanh thu thap"
21850,BLUE  DIAMANTE PEN IN GIFT BOX,3,"Hang moi/it nguoi biet, doanh thu thap"
21851,LILAC DIAMANTE PEN IN GIFT BOX,3,"Hang moi/it nguoi biet, doanh thu thap"
21864,UNION JACK FLAG PASSPORT COVER ,0,"Hang ban chay, gia thap, mua thuong xuyen"
21865,PINK UNION JACK  PASSPORT COVER ,0,"Hang ban chay, gia thap, mua thuong xuyen"
21866,UNION JACK FLAG LUGGAGE TAG,0,"Hang ban chay, gia thap, mua thuong xuyen"
21867,PINK UNION JACK  LUGGAGE TAG,0,"Hang ban chay, gia thap, mua thuong xuyen"
21868,POTTING SHED TEA MUG,4,"Hang trung binh, on dinh quanh nam"
21870,I CAN ONLY PLEASE ONE PERSON MUG,4,"Hang trung binh, on dinh quanh nam"
21871,SAVE THE PLANET MUG,4,"Hang trung binh, on dinh quanh nam"
21872,GLAMOROUS  MUG,4,"Hang trung binh, on dinh quanh nam"
21873,IF YOU CAN'T STAND THE HEAT MUG,4,"Hang trung binh, on dinh quanh nam"
21874,GIN AND TONIC MUG,4,"Hang trung binh, on dinh quanh nam"
21875,KINGS CHOICE MUG,4,"Hang trung binh, on dinh quanh nam"
21876,POTTERING MUG,4,"Hang trung binh, on dinh quanh nam"
21877,HOME SWEET HOME MUG,4,"Hang trung binh, on dinh quanh nam"
21878,PACK OF 6 SANDCASTLE FLAGS ASSORTED,4,"Hang trung binh, on dinh quanh nam"
21879,HEARTS GIFT TAPE,2,"Hang theo mua, dot bien, so luong lon"
21880,RED RETROSPOT TAPE,4,"Hang trung binh, on dinh quanh nam"
21881,CUTE CATS TAPE,2,"Hang theo mua, dot bien, so luong lon"
21882,SKULLS TAPE,2,"Hang theo mua, dot bien, so luong lon"
21883,STARS GIFT TAPE ,2,"Hang theo mua, dot bien, so luong lon"
21884,CAKES AND BOWS GIFT  TAPE,2,"Hang theo mua, dot bien, so luong lon"
21888,BINGO SET,4,"Hang trung binh, on dinh quanh nam"
21889,WOODEN BOX OF DOMINOES,4,"Hang trung binh, on dinh quanh nam"
21890,S/6 WOODEN SKITTLES IN COTTON BAG,0,"Hang ban chay, gia thap, mua thuong xuyen"
21891,TRADITIONAL WOODEN SKIPPING ROPE,4,"Hang trung binh, on dinh quanh nam"
21892,TRADITIONAL WOODEN CATCH CUP GAME ,4,"Hang trung binh, on dinh quanh nam"
21894,POTTING SHED SEED ENVELOPES,0,"Hang ban chay, gia thap, mua thuong xuyen"
21896,POTTING SHED TWINE,4,"Hang trung binh, on dinh quanh nam"
21898,POTTING SHED ROSE CANDLE,2,"Hang theo mua, dot bien, so luong lon"
21899,"KEY FOB , GARAGE DESIGN",4,"Hang trung binh, on dinh quanh nam"
21900,"KEY FOB , SHED",4,"Hang trung binh, on dinh quanh nam"
21901,"KEY FOB , BACK DOOR ",4,"Hang trung binh, on dinh quanh nam"
21902,"KEY FOB , FRONT  DOOR ",4,"Hang trung binh, on dinh quanh nam"
21903,MAN FLU METAL SIGN,4,"Hang trung binh, on dinh quanh nam"
21904,HOUSE WRECKING METAL SIGN ,1,"Hang cao cap, gia tri cao, it lap lai"
21905,MORE BUTTER METAL SIGN ,2,"Hang theo mua, dot bien, so luong lon"
21906,PHARMACIE FIRST AID TIN,0,"Hang ban chay, gia thap, mua thuong xuyen"
21907,I'M ON HOLIDAY METAL SIGN,4,"Hang trung binh, on dinh quanh nam"
21908,CHOCOLATE THIS WAY METAL SIGN,4,"Hang trung binh, on dinh quanh nam"
21910,WAY OUT METAL SIGN ,1,"Hang cao cap, gia tri cao, it lap lai"
21911,GARDEN METAL SIGN ,1,"Hang cao cap, gia tri cao, it lap lai"
21912,VINTAGE SNAKES & LADDERS,4,"Hang trung binh, on dinh quanh nam"
21913,VINTAGE SEASIDE JIGSAW PUZZLES,0,"Hang ban chay, gia thap, mua thuong xuyen"
21914,BLUE HARMONICA IN BOX ,4,"Hang trung binh, on dinh quanh nam"
21915,RED  HARMONICA IN BOX ,4,"Hang trung binh, on dinh quanh nam"
21916,SET 12 RETRO WHITE CHALK STICKS,4,"Hang trung binh, on dinh quanh nam"
21917,SET 12 KIDS  WHITE CHALK STICKS,4,"Hang trung binh, on dinh quanh nam"
21918,SET 12 KIDS COLOUR  CHALK STICKS,4,"Hang trung binh, on dinh quanh nam"
21922,UNION STRIPE WITH FRINGE  HAMMOCK,0,"Hang ban chay, gia thap, mua thuong xuyen"
21925,UNION STRIPE CUSHION COVER ,2,"Hang theo mua, dot bien, so luong lon"
21926,RED/CREAM STRIPE CUSHION COVER ,2,"Hang theo mua, dot bien, so luong lon"
21927,BLUE/CREAM STRIPE CUSHION COVER ,2,"Hang theo mua, dot bien, so luong lon"
21928,JUMBO BAG SCANDINAVIAN PAISLEY,4,"Hang trung binh, on dinh quanh nam"
21929,JUMBO BAG PINK VINTAGE PAISLEY,4,"Hang trung binh, on dinh quanh nam"
21930,JUMBO STORAGE BAG SKULLS,4,"Hang trung binh, on dinh quanh nam"
21931,JUMBO STORAGE BAG SUKI,4,"Hang trung binh, on dinh quanh nam"
21932,SCANDINAVIAN PAISLEY PICNIC BAG,4,"Hang trung binh, on dinh quanh nam"
21933,PINK VINTAGE PAISLEY PICNIC BAG,4,"Hang trung binh, on dinh quanh nam"
21934,SKULL SHOULDER BAG,4,"Hang trung binh, on dinh quanh nam"
21935,SUKI  SHOULDER BAG,4,"Hang trung binh, on dinh quanh nam"
21936,RED RETROSPOT PICNIC BAG,4,"Hang trung binh, on dinh quanh nam"
21937,STRAWBERRY   PICNIC BAG,4,"Hang trung binh, on dinh quanh nam"
21942,SKULLS DESIGN FLANNEL,3,"Hang moi/it nguoi biet, doanh thu thap"
21943,CAKES AND RABBITS DESIGN FLANNEL ,3,"Hang moi/it nguoi biet, doanh thu thap"
21944,KITTENS DESIGN FLANNEL,2,"Hang theo mua, dot bien, so luong lon"
21945,STRAWBERRIES  DESIGN FLANNEL ,2,"Hang theo mua, dot bien, so luong lon"
21946,PARTY TIME DESIGN FLANNEL,3,"Hang moi/it nguoi biet, doanh thu thap"
21947,SET OF 6 HEART CHOPSTICKS,2,"Hang theo mua, dot bien, so luong lon"
21948,SET OF 6 CAKE CHOPSTICKS,2,"Hang theo mua, dot bien, so luong lon"
21949,SET OF 6 STRAWBERRY CHOPSTICKS,2,"Hang theo mua, dot bien, so luong lon"
21955,DOORMAT UNION JACK GUNS AND ROSES,0,"Hang ban chay, gia thap, mua thuong xuyen"
21967,PACK OF 12 SKULL TISSUES,4,"Hang trung binh, on dinh quanh nam"
21972,SET OF 36 DINOSAUR PAPER DOILIES,2,"Hang theo mua, dot bien, so luong lon"
21973,SET OF 36 MUSHROOM PAPER DOILIES,2,"Hang theo mua, dot bien, so luong lon"
21974,SET OF 36 PAISLEY FLOWER DOILIES,4,"Hang trung binh, on dinh quanh nam"
21975,PACK OF 60 DINOSAUR CAKE CASES,4,"Hang trung binh, on dinh quanh nam"
21976,PACK OF 60 MUSHROOM CAKE CASES,4,"Hang trung binh, on dinh quanh nam"
21977,PACK OF 60 PINK PAISLEY CAKE CASES,4,"Hang trung binh, on dinh quanh nam"
21980,PACK OF 12 RED RETROSPOT TISSUES ,4,"Hang trung binh, on dinh quanh nam"
21981,PACK OF 12 WOODLAND TISSUES ,4,"Hang trung binh, on dinh quanh nam"
21982,PACK OF 12 SUKI TISSUES ,4,"Hang trung binh, on dinh quanh nam"
21983,PACK OF 12 BLUE PAISLEY TISSUES ,4,"Hang trung binh, on dinh quanh nam"
21984,PACK OF 12 PINK PAISLEY TISSUES ,4,"Hang trung binh, on dinh quanh nam"
21985,PACK OF 12 HEARTS DESIGN TISSUES ,4,"Hang trung binh, on dinh quanh nam"
21986,PACK OF 12 PINK POLKADOT TISSUES,4,"Hang trung binh, on dinh quanh nam"
21987,PACK OF 6 SKULL PAPER CUPS,4,"Hang trung binh, on dinh quanh nam"
21988,PACK OF 6 SKULL PAPER PLATES,4,"Hang trung binh, on dinh quanh nam"
21989,PACK OF 20 SKULL PAPER NAPKINS,4,"Hang trung binh, on dinh quanh nam"
21990,MODERN FLORAL STATIONERY SET,4,"Hang trung binh, on dinh quanh nam"
21991,BOHEMIAN COLLAGE STATIONERY SET,0,"Hang ban chay, gia thap, mua thuong xuyen"
21992,VINTAGE PAISLEY STATIONERY SET,4,"Hang trung binh, on dinh quanh nam"
21993,FLORAL FOLK STATIONERY SET,4,"Hang trung binh, on dinh quanh nam"
22021,BLUE FELT EASTER EGG BASKET,2,"Hang theo mua, dot bien, so luong lon"
22023,EMPIRE BIRTHDAY CARD,2,"Hang theo mua, dot bien, so luong lon"
22024,RAINY LADIES BIRTHDAY CARD,4,"Hang trung binh, on dinh quanh nam"
22025,RING OF ROSES BIRTHDAY CARD,2,"Hang theo mua, dot bien, so luong lon"
22026,BANQUET BIRTHDAY  CARD  ,2,"Hang theo mua, dot bien, so luong lon"
22027,TEA PARTY BIRTHDAY CARD,4,"Hang trung binh, on dinh quanh nam"
22028,PENNY FARTHING BIRTHDAY CARD,4,"Hang trung binh, on dinh quanh nam"
22029,SPACEBOY BIRTHDAY CARD,4,"Hang trung binh, on dinh quanh nam"
22030,SWALLOWS GREETING CARD,4,"Hang trung binh, on dinh quanh nam"
22031,BOTANICAL LAVENDER BIRTHDAY CARD,2,"Hang theo mua, dot bien, so luong lon"
22032,BOTANICAL LILY GREETING CARD,2,"Hang theo mua, dot bien, so luong lon"
22033,BOTANICAL ROSE GREETING CARD,2,"Hang theo mua, dot bien, so luong lon"
22035,VINTAGE CARAVAN GREETING CARD ,2,"Hang theo mua, dot bien, so luong lon"
22037,ROBOT BIRTHDAY CARD,4,"Hang trung binh, on dinh quanh nam"
22038,BOTANICAL LAVENDER GIFT WRAP ,2,"Hang theo mua, dot bien, so luong lon"
22039,BOTANICAL LILY GIFT WRAP,2,"Hang theo mua, dot bien, so luong lon"
22040,BOTANICAL ROSE GIFT WRAP,2,"Hang theo mua, dot bien, so luong lon"
22041,"RECORD FRAME 7"" SINGLE SIZE ",4,"Hang trung binh, on dinh quanh nam"
22042,CHRISTMAS CARD SINGING ANGEL,2,"Hang theo mua, dot bien, so luong lon"
22043,CHRISTMAS CARD SCREEN PRINT ,2,"Hang theo mua, dot bien, so luong lon"
22044,CHRISTMAS CARD STACK OF PRESENTS,2,"Hang theo mua, dot bien, so luong lon"
22045,SPACEBOY GIFT WRAP,4,"Hang trung binh, on dinh quanh nam"
22046,TEA PARTY  WRAPPING PAPER ,2,"Hang theo mua, dot bien, so luong lon"
22047,EMPIRE GIFT WRAP,4,"Hang trung binh, on dinh quanh nam"
22048,BIRTHDAY BANQUET GIFT WRAP,2,"Hang theo mua, dot bien, so luong lon"
22049,WRAP CHRISTMAS SCREEN PRINT,2,"Hang theo mua, dot bien, so luong lon"
22050,PINK PAISLEY ROSE GIFT WRAP,2,"Hang theo mua, dot bien, so luong lon"
22051,BLUE SCANDINAVIAN PAISLEY WRAP,2,"Hang theo mua, dot bien, so luong lon"
22052,VINTAGE CARAVAN GIFT WRAP,2,"Hang theo mua, dot bien, so luong lon"
22053,EMPIRE DESIGN ROSETTE,4,"Hang trung binh, on dinh quanh nam"
22055,MINI CAKE STAND  HANGING STRAWBERY,4,"Hang trung binh, on dinh quanh nam"
22057,CERAMIC PLATE STRAWBERRY DESIGN,2,"Hang theo mua, dot bien, so luong lon"
22059,CERAMIC STRAWBERRY DESIGN MUG,4,"Hang trung binh, on dinh quanh nam"
22060,LARGE CAKE STAND HANGING HEARTS,0,"Hang ban chay, gia thap, mua thuong xuyen"
22061,LARGE CAKE STAND  HANGING STRAWBERY,0,"Hang ban chay, gia thap, mua thuong xuyen"
22062,CERAMIC BOWL WITH LOVE HEART DESIGN,2,"Hang theo mua, dot bien, so luong lon"
22063,CERAMIC BOWL WITH STRAWBERRY DESIGN,0,"Hang ban chay, gia thap, mua thuong xuyen"
22064,PINK DOUGHNUT TRINKET POT ,4,"Hang trung binh, on dinh quanh nam"
22065,CHRISTMAS PUDDING TRINKET POT ,4,"Hang trung binh, on dinh quanh nam"
22066,LOVE HEART TRINKET POT,4,"Hang trung binh, on dinh quanh nam"
22067,CHOC TRUFFLE GOLD TRINKET POT ,2,"Hang theo mua, dot bien, so luong lon"
22068,BLACK PIRATE TREASURE CHEST,0,"Hang ban chay, gia thap, mua thuong xuyen"
22069,BROWN  PIRATE TREASURE CHEST ,0,"Hang ban chay, gia thap, mua thuong xuyen"
22070,SMALL RED RETROSPOT MUG IN BOX ,4,"Hang trung binh, on dinh quanh nam"
22071,SMALL WHITE RETROSPOT MUG IN BOX ,2,"Hang theo mua, dot bien, so luong lon"
22072,RED RETROSPOT TEA CUP AND SAUCER ,0,"Hang ban chay, gia thap, mua thuong xuyen"
22073,RED RETROSPOT STORAGE JAR,0,"Hang ban chay, gia thap, mua thuong xuyen"
22074,6 RIBBONS SHIMMERING PINKS ,4,"Hang trung binh, on dinh quanh nam"
22075,6 RIBBONS ELEGANT CHRISTMAS ,4,"Hang trung binh, on dinh quanh nam"
22076,6 RIBBONS EMPIRE  ,4,"Hang trung binh, on dinh quanh nam"
22077,6 RIBBONS RUSTIC CHARM,4,"Hang trung binh, on dinh quanh nam"
22078,RIBBON REEL LACE DESIGN ,4,"Hang trung binh, on dinh quanh nam"
22079,RIBBON REEL HEARTS DESIGN ,4,"Hang trung binh, on dinh quanh nam"
22080,RIBBON REEL POLKADOTS ,4,"Hang trung binh, on dinh quanh nam"
22081,RIBBON REEL FLORA + FAUNA ,0,"Hang ban chay, gia thap, mua thuong xuyen"
22082,RIBBON REEL STRIPES DESIGN ,4,"Hang trung binh, on dinh quanh nam"
22083,PAPER CHAIN KIT RETROSPOT,4,"Hang trung binh, on dinh quanh nam"
22084,PAPER CHAIN KIT EMPIRE,4,"Hang trung binh, on dinh quanh nam"
22085,PAPER CHAIN KIT SKULLS ,0,"Hang ban chay, gia thap, mua thuong xuyen"
22086,PAPER CHAIN KIT 50'S CHRISTMAS ,4,"Hang trung binh, on dinh quanh nam"
22087,PAPER BUNTING WHITE LACE,4,"Hang trung binh, on dinh quanh nam"
22088,PAPER BUNTING COLOURED LACE,4,"Hang trung binh, on dinh quanh nam"
22089,PAPER BUNTING VINTAGE PAISLEY,0,"Hang ban chay, gia thap, mua thuong xuyen"
22090,PAPER BUNTING RETROSPOT,4,"Hang trung binh, on dinh quanh nam"
22091,EMPIRE TISSUE BOX,4,"Hang trung binh, on dinh quanh nam"
22092,BLUE PAISLEY TISSUE BOX,2,"Hang theo mua, dot bien, so luong lon"
22093,MOTORING TISSUE BOX,4,"Hang trung binh, on dinh quanh nam"
22094,RED RETROSPOT TISSUE BOX,4,"Hang trung binh, on dinh quanh nam"
22095,LADS ONLY TISSUE BOX,4,"Hang trung binh, on dinh quanh nam"
22096,PINK PAISLEY SQUARE TISSUE BOX ,2,"Hang theo mua, dot bien, so luong lon"
22097,SWALLOW SQUARE TISSUE BOX,4,"Hang trung binh, on dinh quanh nam"
22098,BOUDOIR SQUARE TISSUE BOX,4,"Hang trung binh, on dinh quanh nam"
22099,CARAVAN SQUARE TISSUE BOX,4,"Hang trung binh, on dinh quanh nam"
22100,SKULLS SQUARE TISSUE BOX,2,"Hang theo mua, dot bien, so luong lon"
22101,MIRROR MOSAIC VOTIVE HOLDER,2,"Hang theo mua, dot bien, so luong lon"
22102,MIRROR MOSAIC T-LIGHT HOLDER ,2,"Hang theo mua, dot bien, so luong lon"
22103,MIRROR MOSAIC T-LIGHT HOLDER ROUND,2,"Hang theo mua, dot bien, so luong lon"
22104,MIRROR MOSAIC CANDLE PLATE,3,"Hang moi/it nguoi biet, doanh thu thap"
22105,MIRROR MOSAIC GOBLET CANDLE HOLDER,2,"Hang theo mua, dot bien, so luong lon"
22106,MIRROR MOSAIC HURRICANE LAMP ,2,"Hang theo mua, dot bien, so luong lon"
22107,PIZZA PLATE IN BOX,0,"Hang ban chay, gia thap, mua thuong xuyen"
22108,PING! MICROWAVE PLATE,3,"Hang moi/it nguoi biet, doanh thu thap"
22109,FULL ENGLISH BREAKFAST PLATE,0,"Hang ban chay, gia thap, mua thuong xuyen"
22110,BIRD HOUSE HOT WATER BOTTLE,0,"Hang ban chay, gia thap, mua thuong xuyen"
22111,SCOTTIE DOG HOT WATER BOTTLE,4,"Hang trung binh, on dinh quanh nam"
22112,CHOCOLATE HOT WATER BOTTLE,4,"Hang trung binh, on dinh quanh nam"
22113,GREY HEART HOT WATER BOTTLE,4,"Hang trung binh, on dinh quanh nam"
22114,HOT WATER BOTTLE TEA AND SYMPATHY,4,"Hang trung binh, on dinh quanh nam"
22115,METAL SIGN EMPIRE TEA,4,"Hang trung binh, on dinh quanh nam"
22116,METAL SIGN HIS DINNER IS SERVED,2,"Hang theo mua, dot bien, so luong lon"
22117,METAL SIGN HER DINNER IS SERVED ,4,"Hang trung binh, on dinh quanh nam"
22118,JOY WOODEN BLOCK LETTERS,0,"Hang ban chay, gia thap, mua thuong xuyen"
22119,PEACE WOODEN BLOCK LETTERS,0,"Hang ban chay, gia thap, mua thuong xuyen"
22120,WELCOME  WOODEN BLOCK LETTERS,0,"Hang ban chay, gia thap, mua thuong xuyen"
22121,NOEL WOODEN BLOCK LETTERS ,0,"Hang ban chay, gia thap, mua thuong xuyen"
22123,PING MICROWAVE APRON,0,"Hang ban chay, gia thap, mua thuong xuyen"
22124,SET OF 2 TEA TOWELS PING MICROWAVE,3,"Hang moi/it nguoi biet, doanh thu thap"
22127,PARTY CONES CARNIVAL ASSORTED,2,"Hang theo mua, dot bien, so luong lon"
22128,PARTY CONES CANDY ASSORTED,4,"Hang trung binh, on dinh quanh nam"
22129,PARTY CONES CANDY TREE DECORATION,2,"Hang theo mua, dot bien, so luong lon"
22130,PARTY CONE CHRISTMAS DECORATION ,4,"Hang trung binh, on dinh quanh nam"
22131,FOOD CONTAINER SET 3 LOVE HEART ,4,"Hang trung binh, on dinh quanh nam"
22132,RED LOVE HEART SHAPE CUP,2,"Hang theo mua, dot bien, so luong lon"
22133,PINK LOVE HEART SHAPE CUP,2,"Hang theo mua, dot bien, so luong lon"
22134,LADLE LOVE HEART RED ,2,"Hang theo mua, dot bien, so luong lon"
22135,LADLE LOVE HEART PINK,3,"Hang moi/it nguoi biet, doanh thu thap"
22136,LOVE HEART SOCK HANGER,2,"Hang theo mua, dot bien, so luong lon"
22137,BATHROOM SET LOVE HEART DESIGN,1,"Hang cao cap, gia tri cao, it lap lai"
22138,BAKING SET 9 PIECE RETROSPOT ,4,"Hang trung binh, on dinh quanh nam"
22139,RETROSPOT TEA SET CERAMIC 11 PC ,4,"Hang trung binh, on dinh quanh nam"
22141,CHRISTMAS CRAFT TREE TOP ANGEL,4,"Hang trung binh, on dinh quanh nam"
22142,CHRISTMAS CRAFT WHITE FAIRY ,4,"Hang trung binh, on dinh quanh nam"
22144,CHRISTMAS CRAFT LITTLE FRIENDS,4,"Hang trung binh, on dinh quanh nam"
22147,FELTCRAFT BUTTERFLY HEARTS,4,"Hang trung binh, on dinh quanh nam"
22148,EASTER CRAFT 4 CHICKS ,4,"Hang trung binh, on dinh quanh nam"
22149,FELTCRAFT 6 FLOWER FRIENDS,4,"Hang trung binh, on dinh quanh nam"
22150,3 STRIPEY MICE FELTCRAFT,4,"Hang trung binh, on dinh quanh nam"
22151,PLACE SETTING WHITE HEART,4,"Hang trung binh, on dinh quanh nam"
22152,PLACE SETTING WHITE STAR,4,"Hang trung binh, on dinh quanh nam"
22153,ANGEL DECORATION STARS ON DRESS,4,"Hang trung binh, on dinh quanh nam"
22154,ANGEL DECORATION 3 BUTTONS ,4,"Hang trung binh, on dinh quanh nam"
22155,STAR DECORATION RUSTIC,4,"Hang trung binh, on dinh quanh nam"
22156,HEART DECORATION WITH PEARLS ,4,"Hang trung binh, on dinh quanh nam"
22157,ANGEL DECORATION WITH LACE PADDED,2,"Hang theo mua, dot bien, so luong lon"
22158,3 HEARTS HANGING DECORATION RUSTIC,4,"Hang trung binh, on dinh quanh nam"
22161,HEART DECORATION RUSTIC HANGING ,4,"Hang trung binh, on dinh quanh nam"
22162,HEART GARLAND RUSTIC PADDED,0,"Hang ban chay, gia thap, mua thuong xuyen"
22163,HEART STRING MEMO HOLDER HANGING,2,"Hang theo mua, dot bien, so luong lon"
22164,STRING OF STARS CARD HOLDER,1,"Hang cao cap, gia tri cao, it lap lai"
22165,"DIAMANTE HEART SHAPED WALL MIRROR, ",0,"Hang ban chay, gia thap, mua thuong xuyen"
22166,WALL MIRROR RECTANGLE DIAMANTE PINK,0,"Hang ban chay, gia thap, mua thuong xuyen"
22167, OVAL WALL MIRROR DIAMANTE ,0,"Hang ban chay, gia thap, mua thuong xuyen"
22168,ORGANISER WOOD ANTIQUE WHITE ,0,"Hang ban chay, gia thap, mua thuong xuyen"
22169,FAMILY ALBUM WHITE PICTURE FRAME,0,"Hang ban chay, gia thap, mua thuong xuyen"
22170,PICTURE FRAME WOOD TRIPLE PORTRAIT,0,"Hang ban chay, gia thap, mua thuong xuyen"
22171,3 HOOK PHOTO SHELF ANTIQUE WHITE,0,"Hang ban chay, gia thap, mua thuong xuyen"
22173,METAL 4 HOOK HANGER FRENCH CHATEAU,4,"Hang trung binh, on dinh quanh nam"
22174,PHOTO CUBE,4,"Hang trung binh, on dinh quanh nam"
22175,PINK OWL SOFT TOY,0,"Hang ban chay, gia thap, mua thuong xuyen"
22176,BLUE OWL SOFT TOY,0,"Hang ban chay, gia thap, mua thuong xuyen"
22178,VICTORIAN GLASS HANGING T-LIGHT,4,"Hang trung binh, on dinh quanh nam"
22179,SET 10 LIGHTS NIGHT OWL,0,"Hang ban chay, gia thap, mua thuong xuyen"
22180,RETROSPOT LAMP,0,"Hang ban chay, gia thap, mua thuong xuyen"
22181,SNOWSTORM PHOTO FRAME FRIDGE MAGNET,2,"Hang theo mua, dot bien, so luong lon"
22182,CAKE STAND VICTORIAN FILIGREE SMALL,0,"Hang ban chay, gia thap, mua thuong xuyen"
22183,CAKE STAND VICTORIAN FILIGREE MED,3,"Hang moi/it nguoi biet, doanh thu thap"
22184,CAKE STAND VICTORIAN FILIGREE LARGE,3,"Hang moi/it nguoi biet, doanh thu thap"
22185,SLATE TILE NATURAL HANGING,4,"Hang trung binh, on dinh quanh nam"
22186,RED STAR CARD HOLDER,0,"Hang ban chay, gia thap, mua thuong xuyen"
22187,GREEN CHRISTMAS TREE CARD HOLDER,0,"Hang ban chay, gia thap, mua thuong xuyen"
22188,BLACK HEART CARD HOLDER,4,"Hang trung binh, on dinh quanh nam"
22189,CREAM HEART CARD HOLDER,4,"Hang trung binh, on dinh quanh nam"
22190,LOCAL CAFE MUG,2,"Hang theo mua, dot bien, so luong lon"
22191,IVORY DINER WALL CLOCK,0,"Hang ban chay, gia thap, mua thuong xuyen"
22192,BLUE DINER WALL CLOCK,0,"Hang ban chay, gia thap, mua thuong xuyen"
22193,RED DINER WALL CLOCK,0,"Hang ban chay, gia thap, mua thuong xuyen"
22194,BLACK DINER WALL CLOCK,0,"Hang ban chay, gia thap, mua thuong xuyen"
22195,LARGE HEART MEASURING SPOONS,4,"Hang trung binh, on dinh quanh nam"
22196,SMALL HEART MEASURING SPOONS,4,"Hang trung binh, on dinh quanh nam"
22197,SMALL POPCORN HOLDER,4,"Hang trung binh, on dinh quanh nam"
22198,LARGE POPCORN HOLDER ,2,"Hang theo mua, dot bien, so luong lon"
22199,FRYING PAN RED RETROSPOT,0,"Hang ban chay, gia thap, mua thuong xuyen"
22200,FRYING PAN PINK POLKADOT,0,"Hang ban chay, gia thap, mua thuong xuyen"
22201,FRYING PAN BLUE POLKADOT,0,"Hang ban chay, gia thap, mua thuong xuyen"
22202,MILK PAN PINK POLKADOT,1,"Hang cao cap, gia tri cao, it lap lai"
22203,MILK PAN RED RETROSPOT,0,"Hang ban chay, gia thap, mua thuong xuyen"
22204,MILK PAN BLUE POLKADOT,0,"Hang ban chay, gia thap, mua thuong xuyen"
22206,"MUG , DOTCOMGIFTSHOP.COM ",1,"Hang cao cap, gia tri cao, it lap lai"
22207,FRYING PAN UNION FLAG,0,"Hang ban chay, gia thap, mua thuong xuyen"
22208,WOOD STAMP SET THANK YOU,4,"Hang trung binh, on dinh quanh nam"
22209,WOOD STAMP SET HAPPY BIRTHDAY,2,"Hang theo mua, dot bien, so luong lon"
22210,WOOD STAMP SET BEST WISHES,2,"Hang theo mua, dot bien, so luong lon"
22211,WOOD STAMP SET FLOWERS,2,"Hang theo mua, dot bien, so luong lon"
22212,FOUR HOOK  WHITE LOVEBIRDS,4,"Hang trung binh, on dinh quanh nam"
22214,CANDLE PLATE LACE WHITE,0,"Hang ban chay, gia thap, mua thuong xuyen"
22215,CAKE STAND WHITE TWO TIER LACE,0,"Hang ban chay, gia thap, mua thuong xuyen"
22216,T-LIGHT HOLDER WHITE LACE,2,"Hang theo mua, dot bien, so luong lon"
22217,T-LIGHT HOLDER HANGING LACE,2,"Hang theo mua, dot bien, so luong lon"
22219,LOVEBIRD HANGING DECORATION WHITE ,4,"Hang trung binh, on dinh quanh nam"
22220,CAKE STAND LOVEBIRD 2 TIER WHITE,0,"Hang ban chay, gia thap, mua thuong xuyen"
22221,CAKE STAND LOVEBIRD 2 TIER PINK,0,"Hang ban chay, gia thap, mua thuong xuyen"
22222,CAKE PLATE LOVEBIRD WHITE,0,"Hang ban chay, gia thap, mua thuong xuyen"
22223,CAKE PLATE LOVEBIRD PINK,0,"Hang ban chay, gia thap, mua thuong xuyen"
22224,WHITE LOVEBIRD LANTERN,0,"Hang ban chay, gia thap, mua thuong xuyen"
22227,HANGING HEART MIRROR DECORATION ,4,"Hang trung binh, on dinh quanh nam"
22228,BUNNY WOODEN PAINTED WITH BIRD ,2,"Hang theo mua, dot bien, so luong lon"
22229,BUNNY WOODEN PAINTED WITH FLOWER ,2,"Hang theo mua, dot bien, so luong lon"
22230,JIGSAW TREE WITH WATERING CAN,2,"Hang theo mua, dot bien, so luong lon"
22231,JIGSAW TREE WITH BIRDHOUSE,2,"Hang theo mua, dot bien, so luong lon"
22232,JIGSAW TOADSTOOLS 3 PIECE,2,"Hang theo mua, dot bien, so luong lon"
22233,JIGSAW RABBIT AND BIRDHOUSE,2,"Hang theo mua, dot bien, so luong lon"
22236,CAKE STAND 3 TIER MAGIC GARDEN,0,"Hang ban chay, gia thap, mua thuong xuyen"
22241,GARLAND WOODEN HAPPY EASTER,4,"Hang trung binh, on dinh quanh nam"
22242,5 HOOK HANGER MAGIC TOADSTOOL,2,"Hang theo mua, dot bien, so luong lon"
22243,5 HOOK HANGER RED MAGIC TOADSTOOL,4,"Hang trung binh, on dinh quanh nam"
22244,3 HOOK HANGER MAGIC GARDEN,4,"Hang trung binh, on dinh quanh nam"
22245,"HOOK, 1 HANGER ,MAGIC GARDEN",2,"Hang theo mua, dot bien, so luong lon"
22246,MAGIC GARDEN FELT GARLAND ,0,"Hang ban chay, gia thap, mua thuong xuyen"
22247,BUNNY DECORATION MAGIC GARDEN,2,"Hang theo mua, dot bien, so luong lon"
22248,DECORATION  PINK CHICK MAGIC GARDEN,2,"Hang theo mua, dot bien, so luong lon"
22249,DECORATION WHITE CHICK MAGIC GARDEN,2,"Hang theo mua, dot bien, so luong lon"
22250,DECORATION  BUTTERFLY  MAGIC GARDEN,2,"Hang theo mua, dot bien, so luong lon"
22251,BIRDHOUSE DECORATION MAGIC GARDEN,2,"Hang theo mua, dot bien, so luong lon"
22252,BIRDCAGE DECORATION TEALIGHT HOLDER,2,"Hang theo mua, dot bien, so luong lon"
22254,FELT TOADSTOOL LARGE,2,"Hang theo mua, dot bien, so luong lon"
22255,FELT TOADSTOOL  SMALL,2,"Hang theo mua, dot bien, so luong lon"
22256,FELT FARM ANIMAL CHICKEN,2,"Hang theo mua, dot bien, so luong lon"
22257,FELT FARM ANIMAL SHEEP,2,"Hang theo mua, dot bien, so luong lon"
22258,FELT FARM ANIMAL RABBIT,2,"Hang theo mua, dot bien, so luong lon"
22259,FELT FARM ANIMAL HEN,2,"Hang theo mua, dot bien, so luong lon"
22260,FELT EGG COSY BLUE RABBIT ,2,"Hang theo mua, dot bien, so luong lon"
22261,FELT EGG COSY WHITE RABBIT ,2,"Hang theo mua, dot bien, so luong lon"
22262,FELT EGG COSY CHICKEN,2,"Hang theo mua, dot bien, so luong lon"
22263,FELT EGG COSY LADYBIRD ,2,"Hang theo mua, dot bien, so luong lon"
22264,FELT FARM ANIMAL WHITE BUNNY ,2,"Hang theo mua, dot bien, so luong lon"
22265,EASTER DECORATION NATURAL CHICK,2,"Hang theo mua, dot bien, so luong lon"
22266,EASTER DECORATION HANGING BUNNY,2,"Hang theo mua, dot bien, so luong lon"
22267,EASTER DECORATION EGG BUNNY ,2,"Hang theo mua, dot bien, so luong lon"
22268,EASTER DECORATION SITTING BUNNY,4,"Hang trung binh, on dinh quanh nam"
22269,EGG CUP NATURAL CHICKEN,2,"Hang theo mua, dot bien, so luong lon"
22270,HAPPY EASTER HANGING DECORATION,0,"Hang ban chay, gia thap, mua thuong xuyen"
22271,FELTCRAFT DOLL ROSIE,4,"Hang trung binh, on dinh quanh nam"
22272,FELTCRAFT DOLL MARIA,0,"Hang ban chay, gia thap, mua thuong xuyen"
22273,FELTCRAFT DOLL MOLLY,4,"Hang trung binh, on dinh quanh nam"
22274,FELTCRAFT DOLL EMILY,0,"Hang ban chay, gia thap, mua thuong xuyen"
22276,WASH BAG VINTAGE ROSE PAISLEY,0,"Hang ban chay, gia thap, mua thuong xuyen"
22277,COSMETIC BAG VINTAGE ROSE PAISLEY,0,"Hang ban chay, gia thap, mua thuong xuyen"
22278,OVERNIGHT BAG VINTAGE ROSE PAISLEY,0,"Hang ban chay, gia thap, mua thuong xuyen"
22279,POCKET BAG BLUE PAISLEY RED SPOT,2,"Hang theo mua, dot bien, so luong lon"
22280,POCKET BAG PINK PAISELY BROWN SPOT,2,"Hang theo mua, dot bien, so luong lon"
22281,EASTER TREE YELLOW BIRDS,0,"Hang ban chay, gia thap, mua thuong xuyen"
22282,12 EGG HOUSE PAINTED WOOD,0,"Hang ban chay, gia thap, mua thuong xuyen"
22283,6 EGG HOUSE PAINTED WOOD,0,"Hang ban chay, gia thap, mua thuong xuyen"
22284,HEN HOUSE DECORATION,2,"Hang theo mua, dot bien, so luong lon"
22285,"DECORATION HEN ON NEST, HANGING",2,"Hang theo mua, dot bien, so luong lon"
22286,"DECORATION , WOBBLY RABBIT , METAL ",2,"Hang theo mua, dot bien, so luong lon"
22287,"DECORATION , WOBBLY CHICKEN, METAL ",2,"Hang theo mua, dot bien, so luong lon"
22288,HANGING METAL RABBIT DECORATION,2,"Hang theo mua, dot bien, so luong lon"
22289,HANGING METAL CHICKEN DECORATION,2,"Hang theo mua, dot bien, so luong lon"
22291,HANGING CHICK CREAM DECORATION,2,"Hang theo mua, dot bien, so luong lon"
22292,HANGING CHICK  YELLOW DECORATION,4,"Hang trung binh, on dinh quanh nam"
22293,HANGING CHICK GREEN DECORATION,2,"Hang theo mua, dot bien, so luong lon"
22294,HEART FILIGREE DOVE  SMALL,4,"Hang trung binh, on dinh quanh nam"
22295,HEART FILIGREE DOVE LARGE,4,"Hang trung binh, on dinh quanh nam"
22296,HEART IVORY TRELLIS LARGE,4,"Hang trung binh, on dinh quanh nam"
22297,HEART IVORY TRELLIS SMALL,4,"Hang trung binh, on dinh quanh nam"
22299,PIG KEYRING WITH LIGHT & SOUND ,2,"Hang theo mua, dot bien, so luong lon"
22300,COFFEE MUG DOG + BALL DESIGN,4,"Hang trung binh, on dinh quanh nam"
22301,COFFEE MUG CAT + BIRD DESIGN,4,"Hang trung binh, on dinh quanh nam"
22302,COFFEE MUG PEARS  DESIGN,4,"Hang trung binh, on dinh quanh nam"
22303,COFFEE MUG APPLES DESIGN,4,"Hang trung binh, on dinh quanh nam"
22304,COFFEE MUG BLUE PAISLEY DESIGN,2,"Hang theo mua, dot bien, so luong lon"
22305,COFFEE MUG PINK PAISLEY DESIGN,2,"Hang theo mua, dot bien, so luong lon"
22306,SILVER MUG BONE CHINA TREE OF LIFE,2,"Hang theo mua, dot bien, so luong lon"
22307,GOLD MUG BONE CHINA TREE OF LIFE,2,"Hang theo mua, dot bien, so luong lon"
22308,TEA COSY BLUE STRIPE,0,"Hang ban chay, gia thap, mua thuong xuyen"
22309,TEA COSY RED  STRIPE,0,"Hang ban chay, gia thap, mua thuong xuyen"
22310,IVORY KNITTED MUG COSY ,2,"Hang theo mua, dot bien, so luong lon"
22311,OFFICE MUG WARMER BLACK+SILVER ,4,"Hang trung binh, on dinh quanh nam"
22312,OFFICE MUG WARMER POLKADOT,0,"Hang ban chay, gia thap, mua thuong xuyen"
22313,OFFICE MUG WARMER PINK,2,"Hang theo mua, dot bien, so luong lon"
22314,OFFICE MUG WARMER CHOC+BLUE,0,"Hang ban chay, gia thap, mua thuong xuyen"
22315,200 RED + WHITE BENDY STRAWS,2,"Hang theo mua, dot bien, so luong lon"
22316,200 BENDY SKULL STRAWS,2,"Hang theo mua, dot bien, so luong lon"
22317,FIVE CATS HANGING DECORATION,0,"Hang ban chay, gia thap, mua thuong xuyen"
22318,FIVE HEART HANGING DECORATION,0,"Hang ban chay, gia thap, mua thuong xuyen"
22319,HAIRCLIPS FORTIES FABRIC ASSORTED,2,"Hang theo mua, dot bien, so luong lon"
22320,BIRDS MOBILE VINTAGE DESIGN,0,"Hang ban chay, gia thap, mua thuong xuyen"
22321,BIRD DECORATION RED RETROSPOT,2,"Hang theo mua, dot bien, so luong lon"
22322,BIRD DECORATION GREEN POLKADOT,2,"Hang theo mua, dot bien, so luong lon"
22324,BLUE POLKADOT KIDS BAG,0,"Hang ban chay, gia thap, mua thuong xuyen"
22325,MOBILE VINTAGE HEARTS ,0,"Hang ban chay, gia thap, mua thuong xuyen"
22326,ROUND SNACK BOXES SET OF4 WOODLAND ,4,"Hang trung binh, on dinh quanh nam"
22327,ROUND SNACK BOXES SET OF 4 SKULLS,0,"Hang ban chay, gia thap, mua thuong xuyen"
22328,ROUND SNACK BOXES SET OF 4 FRUITS ,4,"Hang trung binh, on dinh quanh nam"
22329,ROUND CONTAINER SET OF 5 RETROSPOT,4,"Hang trung binh, on dinh quanh nam"
22331,WOODLAND PARTY BAG + STICKER SET,4,"Hang trung binh, on dinh quanh nam"
22332,SKULLS PARTY BAG + STICKER SET,4,"Hang trung binh, on dinh quanh nam"
22333,RETROSPOT PARTY BAG + STICKER SET,4,"Hang trung binh, on dinh quanh nam"
22334,DINOSAUR PARTY BAG + STICKER SET,2,"Hang theo mua, dot bien, so luong lon"
22335,HEART DECORATION PAINTED ZINC ,4,"Hang trung binh, on dinh quanh nam"
22336,DOVE DECORATION PAINTED ZINC ,2,"Hang theo mua, dot bien, so luong lon"
22337,ANGEL DECORATION PAINTED ZINC ,2,"Hang theo mua, dot bien, so luong lon"
22338,STAR DECORATION PAINTED ZINC ,4,"Hang trung binh, on dinh quanh nam"
22339,CHRISTMAS TREE PAINTED ZINC ,2,"Hang theo mua, dot bien, so luong lon"
22340,NOEL GARLAND PAINTED ZINC ,2,"Hang theo mua, dot bien, so luong lon"
22341,LOVE GARLAND PAINTED ZINC ,2,"Hang theo mua, dot bien, so luong lon"
22342,HOME GARLAND PAINTED ZINC ,2,"Hang theo mua, dot bien, so luong lon"
22343,PARTY PIZZA DISH RED RETROSPOT,2,"Hang theo mua, dot bien, so luong lon"
22344,PARTY PIZZA DISH PINK POLKADOT,2,"Hang theo mua, dot bien, so luong lon"
22345,PARTY PIZZA DISH BLUE POLKADOT,2,"Hang theo mua, dot bien, so luong lon"
22346,PARTY PIZZA DISH GREEN POLKADOT,2,"Hang theo mua, dot bien, so luong lon"
22348,TEA BAG PLATE RED RETROSPOT,4,"Hang trung binh, on dinh quanh nam"
22349,DOG BOWL CHASING BALL DESIGN,4,"Hang trung binh, on dinh quanh nam"
22350,ILLUSTRATED CAT BOWL ,4,"Hang trung binh, on dinh quanh nam"
22352,LUNCH BOX WITH CUTLERY RETROSPOT ,4,"Hang trung binh, on dinh quanh nam"
22353,LUNCH BOX WITH CUTLERY FAIRY CAKES ,1,"Hang cao cap, gia tri cao, it lap lai"
22354,RETROSPOT PADDED SEAT CUSHION,0,"Hang ban chay, gia thap, mua thuong xuyen"
22355,CHARLOTTE BAG SUKI DESIGN,4,"Hang trung binh, on dinh quanh nam"
22356,CHARLOTTE BAG PINK POLKADOT,4,"Hang trung binh, on dinh quanh nam"
22357,KINGS CHOICE BISCUIT TIN,0,"Hang ban chay, gia thap, mua thuong xuyen"
22358,KINGS CHOICE TEA CADDY ,0,"Hang ban chay, gia thap, mua thuong xuyen"
22359,GLASS JAR KINGS CHOICE,0,"Hang ban chay, gia thap, mua thuong xuyen"
22360,GLASS JAR ENGLISH CONFECTIONERY,0,"Hang ban chay, gia thap, mua thuong xuyen"
22361,GLASS JAR DAISY FRESH COTTON WOOL,0,"Hang ban chay, gia thap, mua thuong xuyen"
22362,GLASS JAR PEACOCK BATH SALTS,0,"Hang ban chay, gia thap, mua thuong xuyen"
22363,GLASS JAR MARMALADE ,0,"Hang ban chay, gia thap, mua thuong xuyen"
22364,GLASS JAR DIGESTIVE BISCUITS,0,"Hang ban chay, gia thap, mua thuong xuyen"
22365,DOORMAT RESPECTABLE HOUSE,0,"Hang ban chay, gia thap, mua thuong xuyen"
22366,DOORMAT AIRMAIL ,0,"Hang ban chay, gia thap, mua thuong xuyen"
22367,CHILDRENS APRON SPACEBOY DESIGN,4,"Hang trung binh, on dinh quanh nam"
22371,AIRLINE BAG VINTAGE TOKYO 78,0,"Hang ban chay, gia thap, mua thuong xuyen"
22372,AIRLINE BAG VINTAGE WORLD CHAMPION ,0,"Hang ban chay, gia thap, mua thuong xuyen"
22374,AIRLINE BAG VINTAGE JET SET RED,0,"Hang ban chay, gia thap, mua thuong xuyen"
22375,AIRLINE BAG VINTAGE JET SET BROWN,0,"Hang ban chay, gia thap, mua thuong xuyen"
22376,AIRLINE BAG VINTAGE JET SET WHITE,0,"Hang ban chay, gia thap, mua thuong xuyen"
22377,BOTTLE BAG RETROSPOT ,4,"Hang trung binh, on dinh quanh nam"
22378,WALL TIDY RETROSPOT ,4,"Hang trung binh, on dinh quanh nam"
22379,RECYCLING BAG RETROSPOT ,4,"Hang trung binh, on dinh quanh nam"
22380,TOY TIDY SPACEBOY  ,0,"Hang ban chay, gia thap, mua thuong xuyen"
22381,TOY TIDY PINK POLKADOT,4,"Hang trung binh, on dinh quanh nam"
22382,LUNCH BAG SPACEBOY DESIGN ,4,"Hang trung binh, on dinh quanh nam"
22383,LUNCH BAG SUKI  DESIGN ,4,"Hang trung binh, on dinh quanh nam"
22384,LUNCH BAG PINK POLKADOT,4,"Hang trung binh, on dinh quanh nam"
22385,JUMBO BAG SPACEBOY DESIGN,4,"Hang trung binh, on dinh quanh nam"
22386,JUMBO BAG PINK POLKADOT,4,"Hang trung binh, on dinh quanh nam"
22389,PAPERWEIGHT SAVE THE PLANET,2,"Hang theo mua, dot bien, so luong lon"
22390,PAPERWEIGHT CHILDHOOD MEMORIES,2,"Hang theo mua, dot bien, so luong lon"
22391,PAPERWEIGHT HOME SWEET HOME,2,"Hang theo mua, dot bien, so luong lon"
22393,PAPERWEIGHT VINTAGE COLLAGE,2,"Hang theo mua, dot bien, so luong lon"
22394,PAPERWEIGHT KINGS CHOICE ,2,"Hang theo mua, dot bien, so luong lon"
22395,PAPERWEIGHT VINTAGE PAISLEY,2,"Hang theo mua, dot bien, so luong lon"
22396,MAGNETS PACK OF 4 RETRO PHOTO,2,"Hang theo mua, dot bien, so luong lon"
22398,MAGNETS PACK OF 4 SWALLOWS,4,"Hang trung binh, on dinh quanh nam"
22399,MAGNETS PACK OF 4 CHILDHOOD MEMORY,2,"Hang theo mua, dot bien, so luong lon"
22400,MAGNETS PACK OF 4 HOME SWEET HOME,2,"Hang theo mua, dot bien, so luong lon"
22402,MAGNETS PACK OF 4 VINTAGE COLLAGE,4,"Hang trung binh, on dinh quanh nam"
22403,MAGNETS PACK OF 4 VINTAGE LABELS ,2,"Hang theo mua, dot bien, so luong lon"
22405,MONEY BOX POCKET MONEY DESIGN,2,"Hang theo mua, dot bien, so luong lon"
22406,MONEY BOX KINGS CHOICE DESIGN,2,"Hang theo mua, dot bien, so luong lon"
22407,MONEY BOX FIRST ADE DESIGN,1,"Hang cao cap, gia tri cao, it lap lai"
22408,MONEY BOX CONFECTIONERY DESIGN,2,"Hang theo mua, dot bien, so luong lon"
22409,MONEY BOX BISCUITS DESIGN,2,"Hang theo mua, dot bien, so luong lon"
22410,MONEY BOX HOUSEKEEPING DESIGN,2,"Hang theo mua, dot bien, so luong lon"
22411,JUMBO SHOPPER VINTAGE RED PAISLEY,4,"Hang trung binh, on dinh quanh nam"
22412,METAL SIGN NEIGHBOURHOOD WITCH ,4,"Hang trung binh, on dinh quanh nam"
22413,METAL SIGN TAKE IT OR LEAVE IT ,4,"Hang trung binh, on dinh quanh nam"
22414,DOORMAT NEIGHBOURHOOD WITCH ,0,"Hang ban chay, gia thap, mua thuong xuyen"
22415,WHITE TISSUE REAM,1,"Hang cao cap, gia tri cao, it lap lai"
22416,SET OF 36 DOILIES SPACEBOY DESIGN ,2,"Hang theo mua, dot bien, so luong lon"
22417,PACK OF 60 SPACEBOY CAKE CASES,4,"Hang trung binh, on dinh quanh nam"
22418,10 COLOUR SPACEBOY PEN,4,"Hang trung binh, on dinh quanh nam"
22419,LIPSTICK PEN RED,4,"Hang trung binh, on dinh quanh nam"
22420,LIPSTICK PEN BABY PINK,2,"Hang theo mua, dot bien, so luong lon"
22421,LIPSTICK PEN FUSCHIA,4,"Hang trung binh, on dinh quanh nam"
22422,TOOTHPASTE TUBE PEN,2,"Hang theo mua, dot bien, so luong lon"
22423,REGENCY CAKESTAND 3 TIER,4,"Hang trung binh, on dinh quanh nam"
22424,ENAMEL BREAD BIN CREAM,0,"Hang ban chay, gia thap, mua thuong xuyen"
22425,ENAMEL COLANDER CREAM,0,"Hang ban chay, gia thap, mua thuong xuyen"
22426,ENAMEL WASH BOWL CREAM,0,"Hang ban chay, gia thap, mua thuong xuyen"
22427,ENAMEL FLOWER JUG CREAM,0,"Hang ban chay, gia thap, mua thuong xuyen"
22428,ENAMEL FIRE BUCKET CREAM,0,"Hang ban chay, gia thap, mua thuong xuyen"
22429,ENAMEL MEASURING JUG CREAM,0,"Hang ban chay, gia thap, mua thuong xuyen"
22430,ENAMEL WATERING CAN CREAM,0,"Hang ban chay, gia thap, mua thuong xuyen"
22431,WATERING CAN BLUE ELEPHANT,4,"Hang trung binh, on dinh quanh nam"
22432,WATERING CAN PINK BUNNY,4,"Hang trung binh, on dinh quanh nam"
22433,WATERING CAN GREEN DINOSAUR,4,"Hang trung binh, on dinh quanh nam"
22434,BALLOON PUMP WITH 10 BALLOONS,2,"Hang theo mua, dot bien, so luong lon"
22435,SET OF 9 HEART SHAPED BALLOONS,4,"Hang trung binh, on dinh quanh nam"
22436,12 COLOURED PARTY BALLOONS,4,"Hang trung binh, on dinh quanh nam"
22437,SET OF 9 BLACK SKULL BALLOONS,4,"Hang trung binh, on dinh quanh nam"
22438,BALLOON ART MAKE YOUR OWN FLOWERS,2,"Hang theo mua, dot bien, so luong lon"
22439,6 ROCKET BALLOONS ,4,"Hang trung binh, on dinh quanh nam"
22440,BALLOON WATER BOMB PACK OF 35,4,"Hang trung binh, on dinh quanh nam"
22441,GROW YOUR OWN BASIL IN ENAMEL MUG,0,"Hang ban chay, gia thap, mua thuong xuyen"
22442,GROW YOUR OWN FLOWERS SET OF 3,0,"Hang ban chay, gia thap, mua thuong xuyen"
22443,GROW YOUR OWN HERBS SET OF 3,0,"Hang ban chay, gia thap, mua thuong xuyen"
22444,GROW YOUR OWN PLANT IN A CAN ,2,"Hang theo mua, dot bien, so luong lon"
22445,PENCIL CASE LIFE IS BEAUTIFUL,0,"Hang ban chay, gia thap, mua thuong xuyen"
22446,PIN CUSHION BABUSHKA PINK,0,"Hang ban chay, gia thap, mua thuong xuyen"
22447,PIN CUSHION BABUSHKA BLUE,0,"Hang ban chay, gia thap, mua thuong xuyen"
22448,PIN CUSHION BABUSHKA RED,0,"Hang ban chay, gia thap, mua thuong xuyen"
22449,SILK PURSE BABUSHKA PINK,0,"Hang ban chay, gia thap, mua thuong xuyen"
22450,SILK PURSE BABUSHKA BLUE,0,"Hang ban chay, gia thap, mua thuong xuyen"
22451,SILK PURSE BABUSHKA RED,0,"Hang ban chay, gia thap, mua thuong xuyen"
22452,MEASURING TAPE BABUSHKA PINK,0,"Hang ban chay, gia thap, mua thuong xuyen"
22453,MEASURING TAPE BABUSHKA BLUE,0,"Hang ban chay, gia thap, mua thuong xuyen"
22454,MEASURING TAPE BABUSHKA RED,2,"Hang theo mua, dot bien, so luong lon"
22456,NATURAL SLATE CHALKBOARD LARGE ,0,"Hang ban chay, gia thap, mua thuong xuyen"
22457,NATURAL SLATE HEART CHALKBOARD ,4,"Hang trung binh, on dinh quanh nam"
22458,CAST IRON HOOK GARDEN FORK,2,"Hang theo mua, dot bien, so luong lon"
22459,CAST IRON HOOK GARDEN TROWEL,2,"Hang theo mua, dot bien, so luong lon"
22460,EMBOSSED GLASS TEALIGHT HOLDER,4,"Hang trung binh, on dinh quanh nam"
22461,SAVOY ART DECO CLOCK,0,"Hang ban chay, gia thap, mua thuong xuyen"
22464,HANGING METAL HEART LANTERN,4,"Hang trung binh, on dinh quanh nam"
22465,HANGING METAL STAR LANTERN,4,"Hang trung binh, on dinh quanh nam"
22466,FAIRY TALE COTTAGE NIGHTLIGHT,4,"Hang trung binh, on dinh quanh nam"
22467,GUMBALL COAT RACK,4,"Hang trung binh, on dinh quanh nam"
22468,BABUSHKA LIGHTS STRING OF 10,0,"Hang ban chay, gia thap, mua thuong xuyen"
22469,HEART OF WICKER SMALL,4,"Hang trung binh, on dinh quanh nam"
22470,HEART OF WICKER LARGE,4,"Hang trung binh, on dinh quanh nam"
22471,TV DINNER TRAY AIR HOSTESS ,0,"Hang ban chay, gia thap, mua thuong xuyen"
22472,TV DINNER TRAY DOLLY GIRL,0,"Hang ban chay, gia thap, mua thuong xuyen"
22473,TV DINNER TRAY VINTAGE PAISLEY,0,"Hang ban chay, gia thap, mua thuong xuyen"
22474,SPACEBOY TV DINNER TRAY,0,"Hang ban chay, gia thap, mua thuong xuyen"
22475,SKULL DESIGN TV DINNER TRAY,0,"Hang ban chay, gia thap, mua thuong xuyen"
22476,EMPIRE UNION JACK TV DINNER TRAY,4,"Hang trung binh, on dinh quanh nam"
22477,WATERING CAN GARDEN MARKER,4,"Hang trung binh, on dinh quanh nam"
22478,BIRDHOUSE GARDEN MARKER ,4,"Hang trung binh, on dinh quanh nam"
22479,DAISY GARDEN MARKER,2,"Hang theo mua, dot bien, so luong lon"
22480,RED TEA TOWEL CLASSIC DESIGN,2,"Hang theo mua, dot bien, so luong lon"
22481,BLACK TEA TOWEL CLASSIC DESIGN,2,"Hang theo mua, dot bien, so luong lon"
22482,BLUE TEA TOWEL CLASSIC DESIGN,2,"Hang theo mua, dot bien, so luong lon"
22483,RED GINGHAM TEDDY BEAR ,0,"Hang ban chay, gia thap, mua thuong xuyen"
22485,SET OF 2 WOODEN MARKET CRATES,0,"Hang ban chay, gia thap, mua thuong xuyen"
22486,PLASMATRONIC LAMP,1,"Hang cao cap, gia tri cao, it lap lai"
22487,WHITE WOOD GARDEN PLANT LADDER,0,"Hang ban chay, gia thap, mua thuong xuyen"
22488,NATURAL SLATE RECTANGLE CHALKBOARD,4,"Hang trung binh, on dinh quanh nam"
22489,PACK OF 12 TRADITIONAL CRAYONS,4,"Hang trung binh, on dinh quanh nam"
22491,PACK OF 12 COLOURED PENCILS,4,"Hang trung binh, on dinh quanh nam"
22492,MINI PAINT SET VINTAGE ,4,"Hang trung binh, on dinh quanh nam"
22493,PAINT YOUR OWN CANVAS SET,4,"Hang trung binh, on dinh quanh nam"
22494,EMERGENCY FIRST AID TIN ,4,"Hang trung binh, on dinh quanh nam"
22495,SET OF 2 ROUND TINS CAMEMBERT ,0,"Hang ban chay, gia thap, mua thuong xuyen"
22496,SET OF 2 ROUND TINS DUTCH CHEESE,0,"Hang ban chay, gia thap, mua thuong xuyen"
22497,SET OF 2 TINS VINTAGE BATHROOM ,0,"Hang ban chay, gia thap, mua thuong xuyen"
22498,WOODEN REGATTA BUNTING,0,"Hang ban chay, gia thap, mua thuong xuyen"
22499,WOODEN UNION JACK BUNTING,0,"Hang ban chay, gia thap, mua thuong xuyen"
22500,SET OF 2 TINS JARDIN DE PROVENCE,0,"Hang ban chay, gia thap, mua thuong xuyen"
22501,PICNIC BASKET WICKER LARGE,0,"Hang ban chay, gia thap, mua thuong xuyen"
22502,PICNIC BASKET WICKER SMALL,0,"Hang ban chay, gia thap, mua thuong xuyen"
22503,CABIN BAG VINTAGE PAISLEY,0,"Hang ban chay, gia thap, mua thuong xuyen"
22504,CABIN BAG VINTAGE RETROSPOT,0,"Hang ban chay, gia thap, mua thuong xuyen"
22505,MEMO BOARD COTTAGE DESIGN,0,"Hang ban chay, gia thap, mua thuong xuyen"
22507,MEMO BOARD RETROSPOT  DESIGN,4,"Hang trung binh, on dinh quanh nam"
22508,DOORSTOP RETROSPOT HEART,4,"Hang trung binh, on dinh quanh nam"
22509,SEWING BOX RETROSPOT DESIGN ,0,"Hang ban chay, gia thap, mua thuong xuyen"
22510,GINGHAM BABUSHKA DOORSTOP,2,"Hang theo mua, dot bien, so luong lon"
22511,RETROSPOT BABUSHKA DOORSTOP,2,"Hang theo mua, dot bien, so luong lon"
22512,DOORSTOP RACING CAR DESIGN,1,"Hang cao cap, gia tri cao, it lap lai"
22513,DOORSTOP FOOTBALL DESIGN,0,"Hang ban chay, gia thap, mua thuong xuyen"
22514,CHILDS GARDEN SPADE BLUE,0,"Hang ban chay, gia thap, mua thuong xuyen"
22515,CHILDS GARDEN SPADE PINK,0,"Hang ban chay, gia thap, mua thuong xuyen"
22516,CHILDS GARDEN RAKE BLUE,0,"Hang ban chay, gia thap, mua thuong xuyen"
22517,CHILDS GARDEN RAKE PINK,0,"Hang ban chay, gia thap, mua thuong xuyen"
22518,CHILDS GARDEN BRUSH BLUE,0,"Hang ban chay, gia thap, mua thuong xuyen"
22519,CHILDS GARDEN BRUSH PINK,0,"Hang ban chay, gia thap, mua thuong xuyen"
22520,CHILDS GARDEN TROWEL BLUE ,2,"Hang theo mua, dot bien, so luong lon"
22521,CHILDS GARDEN TROWEL PINK,2,"Hang theo mua, dot bien, so luong lon"
22522,CHILDS GARDEN FORK BLUE ,2,"Hang theo mua, dot bien, so luong lon"
22523,CHILDS GARDEN FORK PINK,2,"Hang theo mua, dot bien, so luong lon"
22524,CHILDRENS GARDEN GLOVES BLUE,2,"Hang theo mua, dot bien, so luong lon"
22525,CHILDRENS GARDEN GLOVES PINK,2,"Hang theo mua, dot bien, so luong lon"
22526,WHEELBARROW FOR CHILDREN ,0,"Hang ban chay, gia thap, mua thuong xuyen"
22529,MAGIC DRAWING SLATE GO TO THE FAIR ,2,"Hang theo mua, dot bien, so luong lon"
22530,MAGIC DRAWING SLATE DOLLY GIRL ,4,"Hang trung binh, on dinh quanh nam"
22531,MAGIC DRAWING SLATE CIRCUS PARADE  ,4,"Hang trung binh, on dinh quanh nam"
22532,MAGIC DRAWING SLATE LEAP FROG ,2,"Hang theo mua, dot bien, so luong lon"
22533,MAGIC DRAWING SLATE BAKE A CAKE ,2,"Hang theo mua, dot bien, so luong lon"
22534,MAGIC DRAWING SLATE SPACEBOY ,4,"Hang trung binh, on dinh quanh nam"
22535,MAGIC DRAWING SLATE BUNNIES ,2,"Hang theo mua, dot bien, so luong lon"
22536,MAGIC DRAWING SLATE PURDEY,4,"Hang trung binh, on dinh quanh nam"
22537,MAGIC DRAWING SLATE DINOSAUR,4,"Hang trung binh, on dinh quanh nam"
22538,MINI JIGSAW GO TO THE FAIR,2,"Hang theo mua, dot bien, so luong lon"
22539,MINI JIGSAW DOLLY GIRL,4,"Hang trung binh, on dinh quanh nam"
22540,MINI JIGSAW CIRCUS PARADE ,2,"Hang theo mua, dot bien, so luong lon"
22541,MINI JIGSAW LEAP FROG,2,"Hang theo mua, dot bien, so luong lon"
22543,MINI JIGSAW BAKE A CAKE ,2,"Hang theo mua, dot bien, so luong lon"
22544,MINI JIGSAW SPACEBOY,4,"Hang trung binh, on dinh quanh nam"
22545,MINI JIGSAW BUNNIES,2,"Hang theo mua, dot bien, so luong lon"
22546,MINI JIGSAW PURDEY,2,"Hang theo mua, dot bien, so luong lon"
22547,MINI JIGSAW DINOSAUR ,2,"Hang theo mua, dot bien, so luong lon"
22548,HEADS AND TAILS SPORTING FUN,4,"Hang trung binh, on dinh quanh nam"
22549,PICTURE DOMINOES,4,"Hang trung binh, on dinh quanh nam"
22550,HOLIDAY FUN LUDO,4,"Hang trung binh, on dinh quanh nam"
22551,PLASTERS IN TIN SPACEBOY,4,"Hang trung binh, on dinh quanh nam"
22553,PLASTERS IN TIN SKULLS,4,"Hang trung binh, on dinh quanh nam"
22554,PLASTERS IN TIN WOODLAND ANIMALS,4,"Hang trung binh, on dinh quanh nam"
22555,PLASTERS IN TIN STRONGMAN,4,"Hang trung binh, on dinh quanh nam"
22556,PLASTERS IN TIN CIRCUS PARADE ,4,"Hang trung binh, on dinh quanh nam"
22557,PLASTERS IN TIN VINTAGE PAISLEY ,4,"Hang trung binh, on dinh quanh nam"
22558,CLOTHES PEGS RETROSPOT PACK 24 ,4,"Hang trung binh, on dinh quanh nam"
22559,SEASIDE FLYING DISC,2,"Hang theo mua, dot bien, so luong lon"
22560,TRADITIONAL MODELLING CLAY,4,"Hang trung binh, on dinh quanh nam"
22561,WOODEN SCHOOL COLOURING SET,4,"Hang trung binh, on dinh quanh nam"
22562,MONSTERS STENCIL CRAFT,4,"Hang trung binh, on dinh quanh nam"
22563,HAPPY STENCIL CRAFT,4,"Hang trung binh, on dinh quanh nam"
22564,ALPHABET STENCIL CRAFT,4,"Hang trung binh, on dinh quanh nam"
22565,FELTCRAFT HAIRBANDS PINK AND WHITE ,2,"Hang theo mua, dot bien, so luong lon"
22566,FELTCRAFT HAIRBAND PINK AND PURPLE,2,"Hang theo mua, dot bien, so luong lon"
22567,20 DOLLY PEGS RETROSPOT,4,"Hang trung binh, on dinh quanh nam"
22568,FELTCRAFT CUSHION OWL,4,"Hang trung binh, on dinh quanh nam"
22569,FELTCRAFT CUSHION BUTTERFLY,4,"Hang trung binh, on dinh quanh nam"
22570,FELTCRAFT CUSHION RABBIT,4,"Hang trung binh, on dinh quanh nam"
22571,ROCKING HORSE RED CHRISTMAS ,4,"Hang trung binh, on dinh quanh nam"
22572,ROCKING HORSE GREEN CHRISTMAS ,4,"Hang trung binh, on dinh quanh nam"
22573,STAR WOODEN CHRISTMAS DECORATION,4,"Hang trung binh, on dinh quanh nam"
22574,HEART WOODEN CHRISTMAS DECORATION,4,"Hang trung binh, on dinh quanh nam"
22575,METAL MERRY CHRISTMAS WREATH,2,"Hang theo mua, dot bien, so luong lon"
22576,SWALLOW WOODEN CHRISTMAS DECORATION,4,"Hang trung binh, on dinh quanh nam"
22577,WOODEN HEART CHRISTMAS SCANDINAVIAN,4,"Hang trung binh, on dinh quanh nam"
22578,WOODEN STAR CHRISTMAS SCANDINAVIAN,4,"Hang trung binh, on dinh quanh nam"
22579,WOODEN TREE CHRISTMAS SCANDINAVIAN,4,"Hang trung binh, on dinh quanh nam"
22580,ADVENT CALENDAR GINGHAM SACK,0,"Hang ban chay, gia thap, mua thuong xuyen"
22581,WOOD STOCKING CHRISTMAS SCANDISPOT,4,"Hang trung binh, on dinh quanh nam"
22582,PACK OF 6 SWEETIE GIFT BOXES,4,"Hang trung binh, on dinh quanh nam"
22583,PACK OF 6 HANDBAG GIFT BOXES,0,"Hang ban chay, gia thap, mua thuong xuyen"
22584,PACK OF 6 PANNETONE GIFT BOXES,4,"Hang trung binh, on dinh quanh nam"
22585,PACK OF 6 BIRDY GIFT TAGS,4,"Hang trung binh, on dinh quanh nam"
22586,FELTCRAFT HAIRBAND PINK AND BLUE,2,"Hang theo mua, dot bien, so luong lon"
22587,FELTCRAFT HAIRBAND RED AND BLUE,2,"Hang theo mua, dot bien, so luong lon"
22588,CARD HOLDER GINGHAM HEART,0,"Hang ban chay, gia thap, mua thuong xuyen"
22589,CARDHOLDER GINGHAM STAR,0,"Hang ban chay, gia thap, mua thuong xuyen"
22591,CARDHOLDER GINGHAM CHRISTMAS TREE,0,"Hang ban chay, gia thap, mua thuong xuyen"
22592,CARDHOLDER HOLLY WREATH METAL,0,"Hang ban chay, gia thap, mua thuong xuyen"
22593,CHRISTMAS GINGHAM STAR,4,"Hang trung binh, on dinh quanh nam"
22594,CHRISTMAS GINGHAM TREE,4,"Hang trung binh, on dinh quanh nam"
22595,CHRISTMAS GINGHAM HEART,4,"Hang trung binh, on dinh quanh nam"
22596,CHRISTMAS STAR WISH LIST CHALKBOARD,4,"Hang trung binh, on dinh quanh nam"
22597,CHRISTMAS MUSICAL ZINC HEART ,4,"Hang trung binh, on dinh quanh nam"
22598,CHRISTMAS MUSICAL ZINC TREE,2,"Hang theo mua, dot bien, so luong lon"
22599,CHRISTMAS MUSICAL ZINC STAR,2,"Hang theo mua, dot bien, so luong lon"
22600,CHRISTMAS RETROSPOT STAR WOOD,4,"Hang trung binh, on dinh quanh nam"
22601,CHRISTMAS RETROSPOT ANGEL WOOD,4,"Hang trung binh, on dinh quanh nam"
22602,CHRISTMAS RETROSPOT HEART WOOD,4,"Hang trung binh, on dinh quanh nam"
22603,CHRISTMAS RETROSPOT TREE WOOD,4,"Hang trung binh, on dinh quanh nam"
22604,SET OF 4 NAPKIN CHARMS CUTLERY,4,"Hang trung binh, on dinh quanh nam"
22605,WOODEN CROQUET GARDEN SET,0,"Hang ban chay, gia thap, mua thuong xuyen"
22606,WOODEN SKITTLES GARDEN SET,0,"Hang ban chay, gia thap, mua thuong xuyen"
22607,WOODEN ROUNDERS GARDEN SET ,0,"Hang ban chay, gia thap, mua thuong xuyen"
22608,PENS ASSORTED FUNKY JEWELED ,4,"Hang trung binh, on dinh quanh nam"
22609,PENS ASSORTED SPACEBALL,4,"Hang trung binh, on dinh quanh nam"
22610,PENS ASSORTED FUNNY FACE,4,"Hang trung binh, on dinh quanh nam"
22611,VINTAGE UNION JACK SHOPPING BAG,0,"Hang ban chay, gia thap, mua thuong xuyen"
22613,PACK OF 20 SPACEBOY NAPKINS,4,"Hang trung binh, on dinh quanh nam"
22614,PACK OF 12 SPACEBOY TISSUES,4,"Hang trung binh, on dinh quanh nam"
22615,PACK OF 12 CIRCUS PARADE TISSUES ,2,"Hang theo mua, dot bien, so luong lon"
22616,PACK OF 12 LONDON TISSUES ,4,"Hang trung binh, on dinh quanh nam"
22617,BAKING SET SPACEBOY DESIGN,4,"Hang trung binh, on dinh quanh nam"
22618,COOKING SET RETROSPOT,0,"Hang ban chay, gia thap, mua thuong xuyen"
22619,SET OF 6 SOLDIER SKITTLES,4,"Hang trung binh, on dinh quanh nam"
22620,4 TRADITIONAL SPINNING TOPS,4,"Hang trung binh, on dinh quanh nam"
22621,TRADITIONAL KNITTING NANCY,4,"Hang trung binh, on dinh quanh nam"
22622,BOX OF VINTAGE ALPHABET BLOCKS,0,"Hang ban chay, gia thap, mua thuong xuyen"
22623,BOX OF VINTAGE JIGSAW BLOCKS ,0,"Hang ban chay, gia thap, mua thuong xuyen"
22624,IVORY KITCHEN SCALES,0,"Hang ban chay, gia thap, mua thuong xuyen"
22625,RED KITCHEN SCALES,0,"Hang ban chay, gia thap, mua thuong xuyen"
22626,BLACK KITCHEN SCALES,0,"Hang ban chay, gia thap, mua thuong xuyen"
22627,MINT KITCHEN SCALES,0,"Hang ban chay, gia thap, mua thuong xuyen"
22628,PICNIC BOXES SET OF 3 RETROSPOT ,0,"Hang ban chay, gia thap, mua thuong xuyen"
22629,SPACEBOY LUNCH BOX ,4,"Hang trung binh, on dinh quanh nam"
22630,DOLLY GIRL LUNCH BOX,4,"Hang trung binh, on dinh quanh nam"
22631,CIRCUS PARADE LUNCH BOX ,4,"Hang trung binh, on dinh quanh nam"
22632,HAND WARMER RED POLKA DOT,4,"Hang trung binh, on dinh quanh nam"
22633,HAND WARMER UNION JACK,4,"Hang trung binh, on dinh quanh nam"
22634,CHILDS BREAKFAST SET SPACEBOY ,0,"Hang ban chay, gia thap, mua thuong xuyen"
22635,CHILDS BREAKFAST SET DOLLY GIRL ,0,"Hang ban chay, gia thap, mua thuong xuyen"
22636,CHILDS BREAKFAST SET CIRCUS PARADE,0,"Hang ban chay, gia thap, mua thuong xuyen"
22637,PIGGY BANK RETROSPOT ,4,"Hang trung binh, on dinh quanh nam"
22638,SET OF 4 NAPKIN CHARMS CROWNS ,2,"Hang theo mua, dot bien, so luong lon"
22639,SET OF 4 NAPKIN CHARMS HEARTS,0,"Hang ban chay, gia thap, mua thuong xuyen"
22640,SET OF 4 NAPKIN CHARMS 3 KEYS ,2,"Hang theo mua, dot bien, so luong lon"
22641,SET OF 4 NAPKIN CHARMS INSTRUMENT,2,"Hang theo mua, dot bien, so luong lon"
22642,SET OF 4 NAPKIN CHARMS STARS   ,2,"Hang theo mua, dot bien, so luong lon"
22643,SET OF 4 NAPKIN CHARMS LEAVES   ,2,"Hang theo mua, dot bien, so luong lon"
22644,CERAMIC CHERRY CAKE MONEY BANK,4,"Hang trung binh, on dinh quanh nam"
22645,CERAMIC HEART FAIRY CAKE MONEY BANK,4,"Hang trung binh, on dinh quanh nam"
22646,CERAMIC STRAWBERRY CAKE MONEY BANK,4,"Hang trung binh, on dinh quanh nam"
22647,CERAMIC LOVE HEART MONEY BANK,2,"Hang theo mua, dot bien, so luong lon"
22649,STRAWBERRY FAIRY CAKE TEAPOT,0,"Hang ban chay, gia thap, mua thuong xuyen"
22650,CERAMIC PIRATE CHEST MONEY BANK,2,"Hang theo mua, dot bien, so luong lon"
22651,GENTLEMAN SHIRT REPAIR KIT ,4,"Hang trung binh, on dinh quanh nam"
22652,TRAVEL SEWING KIT,4,"Hang trung binh, on dinh quanh nam"
22653,BUTTON BOX ,4,"Hang trung binh, on dinh quanh nam"
22654,DELUXE SEWING KIT ,0,"Hang ban chay, gia thap, mua thuong xuyen"
22655,VINTAGE RED KITCHEN CABINET,0,"Hang ban chay, gia thap, mua thuong xuyen"
22656,VINTAGE BLUE KITCHEN CABINET,0,"Hang ban chay, gia thap, mua thuong xuyen"
22659,LUNCH BOX I LOVE LONDON,4,"Hang trung binh, on dinh quanh nam"
22660,DOORMAT I LOVE LONDON,0,"Hang ban chay, gia thap, mua thuong xuyen"
22661,CHARLOTTE BAG DOLLY GIRL DESIGN,4,"Hang trung binh, on dinh quanh nam"
22662,LUNCH BAG DOLLY GIRL DESIGN,4,"Hang trung binh, on dinh quanh nam"
22663,JUMBO BAG DOLLY GIRL DESIGN,4,"Hang trung binh, on dinh quanh nam"
22664,TOY TIDY DOLLY GIRL DESIGN,0,"Hang ban chay, gia thap, mua thuong xuyen"
22665,RECIPE BOX BLUE SKETCHBOOK DESIGN,0,"Hang ban chay, gia thap, mua thuong xuyen"
22666,RECIPE BOX PANTRY YELLOW DESIGN,4,"Hang trung binh, on dinh quanh nam"
22667,RECIPE BOX RETROSPOT ,4,"Hang trung binh, on dinh quanh nam"
22668,PINK BABY BUNTING,4,"Hang trung binh, on dinh quanh nam"
22669,RED BABY BUNTING ,0,"Hang ban chay, gia thap, mua thuong xuyen"
22670,FRENCH WC SIGN BLUE METAL,4,"Hang trung binh, on dinh quanh nam"
22671,FRENCH LAUNDRY SIGN BLUE METAL,4,"Hang trung binh, on dinh quanh nam"
22672,FRENCH BATHROOM SIGN BLUE METAL,4,"Hang trung binh, on dinh quanh nam"
22673,FRENCH GARDEN SIGN BLUE METAL,2,"Hang theo mua, dot bien, so luong lon"
22674,FRENCH TOILET SIGN BLUE METAL,4,"Hang trung binh, on dinh quanh nam"
22675,FRENCH KITCHEN SIGN BLUE METAL,4,"Hang trung binh, on dinh quanh nam"
22676,FRENCH BLUE METAL DOOR SIGN 1,4,"Hang trung binh, on dinh quanh nam"
22677,FRENCH BLUE METAL DOOR SIGN 2,2,"Hang theo mua, dot bien, so luong lon"
22678,FRENCH BLUE METAL DOOR SIGN 3,2,"Hang theo mua, dot bien, so luong lon"
22679,FRENCH BLUE METAL DOOR SIGN 4,0,"Hang ban chay, gia thap, mua thuong xuyen"
22680,FRENCH BLUE METAL DOOR SIGN 5,2,"Hang theo mua, dot bien, so luong lon"
22681,FRENCH BLUE METAL DOOR SIGN 6,2,"Hang theo mua, dot bien, so luong lon"
22682,FRENCH BLUE METAL DOOR SIGN 7,2,"Hang theo mua, dot bien, so luong lon"
22683,FRENCH BLUE METAL DOOR SIGN 8,2,"Hang theo mua, dot bien, so luong lon"
22684,FRENCH BLUE METAL DOOR SIGN 9,2,"Hang theo mua, dot bien, so luong lon"
22685,FRENCH BLUE METAL DOOR SIGN 0,2,"Hang theo mua, dot bien, so luong lon"
22686,FRENCH BLUE METAL DOOR SIGN No,2,"Hang theo mua, dot bien, so luong lon"
22687,DOORMAT CHRISTMAS VILLAGE,0,"Hang ban chay, gia thap, mua thuong xuyen"
22688,DOORMAT PEACE ON EARTH BLUE,2,"Hang theo mua, dot bien, so luong lon"
22689,DOORMAT MERRY CHRISTMAS RED ,0,"Hang ban chay, gia thap, mua thuong xuyen"
22690,DOORMAT HOME SWEET HOME BLUE ,4,"Hang trung binh, on dinh quanh nam"
22691,DOORMAT WELCOME SUNRISE,0,"Hang ban chay, gia thap, mua thuong xuyen"
22692,DOORMAT WELCOME TO OUR HOME,0,"Hang ban chay, gia thap, mua thuong xuyen"
22693,GROW A FLYTRAP OR SUNFLOWER IN TIN,4,"Hang trung binh, on dinh quanh nam"
22694,WICKER STAR ,4,"Hang trung binh, on dinh quanh nam"
22695,WICKER WREATH SMALL,2,"Hang theo mua, dot bien, so luong lon"
22696,WICKER WREATH LARGE,0,"Hang ban chay, gia thap, mua thuong xuyen"
22697,GREEN REGENCY TEACUP AND SAUCER,4,"Hang trung binh, on dinh quanh nam"
22698,PINK REGENCY TEACUP AND SAUCER,4,"Hang trung binh, on dinh quanh nam"
22699,ROSES REGENCY TEACUP AND SAUCER ,4,"Hang trung binh, on dinh quanh nam"
22700,BLACK AND WHITE DOG BOWL,2,"Hang theo mua, dot bien, so luong lon"
22701,PINK DOG BOWL,0,"Hang ban chay, gia thap, mua thuong xuyen"
22702,BLACK AND WHITE CAT BOWL,2,"Hang theo mua, dot bien, so luong lon"
22703,PINK CAT BOWL,0,"Hang ban chay, gia thap, mua thuong xuyen"
22704,WRAP RED APPLES ,4,"Hang trung binh, on dinh quanh nam"
22705,WRAP GREEN PEARS ,2,"Hang theo mua, dot bien, so luong lon"
22706,WRAP COWBOYS  ,2,"Hang theo mua, dot bien, so luong lon"
22707,WRAP MONSTER FUN ,2,"Hang theo mua, dot bien, so luong lon"
22708,WRAP DOLLY GIRL,2,"Hang theo mua, dot bien, so luong lon"
22709,WRAP WEDDING DAY,2,"Hang theo mua, dot bien, so luong lon"
22710,WRAP I LOVE LONDON ,4,"Hang trung binh, on dinh quanh nam"
22711,WRAP CIRCUS PARADE,4,"Hang trung binh, on dinh quanh nam"
22712,CARD DOLLY GIRL ,4,"Hang trung binh, on dinh quanh nam"
22713,CARD I LOVE LONDON ,4,"Hang trung binh, on dinh quanh nam"
22714,CARD BIRTHDAY COWBOY,4,"Hang trung binh, on dinh quanh nam"
22715,CARD WEDDING DAY,2,"Hang theo mua, dot bien, so luong lon"
22716,CARD CIRCUS PARADE,4,"Hang trung binh, on dinh quanh nam"
22717,CARD DOG AND BALL ,2,"Hang theo mua, dot bien, so luong lon"
22718,CARD CAT AND TREE ,2,"Hang theo mua, dot bien, so luong lon"
22719,GUMBALL MONOCHROME COAT RACK,2,"Hang theo mua, dot bien, so luong lon"
22720,SET OF 3 CAKE TINS PANTRY DESIGN ,4,"Hang trung binh, on dinh quanh nam"
22721,SET OF 3 CAKE TINS SKETCHBOOK,0,"Hang ban chay, gia thap, mua thuong xuyen"
22722,SET OF 6 SPICE TINS PANTRY DESIGN,4,"Hang trung binh, on dinh quanh nam"
22723,SET OF 6 HERB TINS SKETCHBOOK,0,"Hang ban chay, gia thap, mua thuong xuyen"
22725,ALARM CLOCK BAKELIKE CHOCOLATE,0,"Hang ban chay, gia thap, mua thuong xuyen"
22726,ALARM CLOCK BAKELIKE GREEN,4,"Hang trung binh, on dinh quanh nam"
22727,ALARM CLOCK BAKELIKE RED ,4,"Hang trung binh, on dinh quanh nam"
22728,ALARM CLOCK BAKELIKE PINK,4,"Hang trung binh, on dinh quanh nam"
22729,ALARM CLOCK BAKELIKE ORANGE,4,"Hang trung binh, on dinh quanh nam"
22730,ALARM CLOCK BAKELIKE IVORY,4,"Hang trung binh, on dinh quanh nam"
22731,3D CHRISTMAS STAMPS STICKERS ,4,"Hang trung binh, on dinh quanh nam"
22732,3D VINTAGE CHRISTMAS STICKERS ,4,"Hang trung binh, on dinh quanh nam"
22733,3D TRADITIONAL CHRISTMAS STICKERS,4,"Hang trung binh, on dinh quanh nam"
22734,SET OF 6 RIBBONS VINTAGE CHRISTMAS,4,"Hang trung binh, on dinh quanh nam"
22735,RIBBON REEL SOCKS AND MITTENS,0,"Hang ban chay, gia thap, mua thuong xuyen"
22736,RIBBON REEL MAKING SNOWMEN ,4,"Hang trung binh, on dinh quanh nam"
22737,RIBBON REEL CHRISTMAS PRESENT ,0,"Hang ban chay, gia thap, mua thuong xuyen"
22738,RIBBON REEL SNOWY VILLAGE,4,"Hang trung binh, on dinh quanh nam"
22739,RIBBON REEL CHRISTMAS SOCK BAUBLE,4,"Hang trung binh, on dinh quanh nam"
22740,POLKADOT PEN,4,"Hang trung binh, on dinh quanh nam"
22741,FUNKY DIVA PEN,4,"Hang trung binh, on dinh quanh nam"
22742,MAKE YOUR OWN PLAYTIME CARD KIT,2,"Hang theo mua, dot bien, so luong lon"
22743,MAKE YOUR OWN FLOWERPOWER CARD KIT,0,"Hang ban chay, gia thap, mua thuong xuyen"
22744,MAKE YOUR OWN MONSOON CARD KIT,0,"Hang ban chay, gia thap, mua thuong xuyen"
22745,POPPY'S PLAYHOUSE BEDROOM ,4,"Hang trung binh, on dinh quanh nam"
22746,POPPY'S PLAYHOUSE LIVINGROOM ,4,"Hang trung binh, on dinh quanh nam"
22747,POPPY'S PLAYHOUSE BATHROOM,0,"Hang ban chay, gia thap, mua thuong xuyen"
22748,POPPY'S PLAYHOUSE KITCHEN,4,"Hang trung binh, on dinh quanh nam"
22749,FELTCRAFT PRINCESS CHARLOTTE DOLL,4,"Hang trung binh, on dinh quanh nam"
22750,FELTCRAFT PRINCESS LOLA DOLL,4,"Hang trung binh, on dinh quanh nam"
22751,FELTCRAFT PRINCESS OLIVIA DOLL,4,"Hang trung binh, on dinh quanh nam"
22752,SET 7 BABUSHKA NESTING BOXES,0,"Hang ban chay, gia thap, mua thuong xuyen"
22753,SMALL YELLOW BABUSHKA NOTEBOOK ,2,"Hang theo mua, dot bien, so luong lon"
22754,SMALL RED BABUSHKA NOTEBOOK ,4,"Hang trung binh, on dinh quanh nam"
22755,SMALL PURPLE BABUSHKA NOTEBOOK ,4,"Hang trung binh, on dinh quanh nam"
22756,LARGE YELLOW BABUSHKA NOTEBOOK ,2,"Hang theo mua, dot bien, so luong lon"
22757,LARGE RED BABUSHKA NOTEBOOK ,2,"Hang theo mua, dot bien, so luong lon"
22758,LARGE PURPLE BABUSHKA NOTEBOOK  ,4,"Hang trung binh, on dinh quanh nam"
22759,SET OF 3 NOTEBOOKS IN PARCEL,4,"Hang trung binh, on dinh quanh nam"
22760,"TRAY, BREAKFAST IN BED",0,"Hang ban chay, gia thap, mua thuong xuyen"
22761,CHEST 7 DRAWER MA CAMPAGNE,1,"Hang cao cap, gia tri cao, it lap lai"
22762,CUPBOARD 3 DRAWER MA CAMPAGNE,0,"Hang ban chay, gia thap, mua thuong xuyen"
22763,KEY CABINET MA CAMPAGNE,0,"Hang ban chay, gia thap, mua thuong xuyen"
22765,NEWSPAPER STAND,1,"Hang cao cap, gia tri cao, it lap lai"
22766,PHOTO FRAME CORNICE,4,"Hang trung binh, on dinh quanh nam"
22767,TRIPLE PHOTO FRAME CORNICE ,0,"Hang ban chay, gia thap, mua thuong xuyen"
22768,FAMILY PHOTO FRAME CORNICE,0,"Hang ban chay, gia thap, mua thuong xuyen"
22769,CHALKBOARD KITCHEN ORGANISER,1,"Hang cao cap, gia tri cao, it lap lai"
22770,MIRROR CORNICE,0,"Hang ban chay, gia thap, mua thuong xuyen"
22771,CLEAR DRAWER KNOB ACRYLIC EDWARDIAN,4,"Hang trung binh, on dinh quanh nam"
22772,PINK DRAWER KNOB ACRYLIC EDWARDIAN,4,"Hang trung binh, on dinh quanh nam"
22773,GREEN DRAWER KNOB ACRYLIC EDWARDIAN,4,"Hang trung binh, on dinh quanh nam"
22774,RED DRAWER KNOB ACRYLIC EDWARDIAN,4,"Hang trung binh, on dinh quanh nam"
22775,PURPLE DRAWERKNOB ACRYLIC EDWARDIAN,4,"Hang trung binh, on dinh quanh nam"
22776,SWEETHEART CAKESTAND 3 TIER,0,"Hang ban chay, gia thap, mua thuong xuyen"
22777,GLASS BELL JAR LARGE,0,"Hang ban chay, gia thap, mua thuong xuyen"
22778,GLASS CLOCHE SMALL,0,"Hang ban chay, gia thap, mua thuong xuyen"
22779,WOODEN OWLS LIGHT GARLAND ,4,"Hang trung binh, on dinh quanh nam"
22780,LIGHT GARLAND BUTTERFILES PINK,4,"Hang trung binh, on dinh quanh nam"
22781,GUMBALL MAGAZINE RACK,0,"Hang ban chay, gia thap, mua thuong xuyen"
22782,SET 3 WICKER STORAGE BASKETS ,0,"Hang ban chay, gia thap, mua thuong xuyen"
22783,SET 3 WICKER OVAL BASKETS W LIDS,0,"Hang ban chay, gia thap, mua thuong xuyen"
22784,LANTERN CREAM GAZEBO ,0,"Hang ban chay, gia thap, mua thuong xuyen"
22785,SQUARECUSHION COVER PINK UNION FLAG,0,"Hang ban chay, gia thap, mua thuong xuyen"
22786,CUSHION COVER PINK UNION JACK,0,"Hang ban chay, gia thap, mua thuong xuyen"
22788,BROCANTE COAT RACK,0,"Hang ban chay, gia thap, mua thuong xuyen"
22789,T-LIGHT HOLDER SWEETHEART HANGING,0,"Hang ban chay, gia thap, mua thuong xuyen"
22791,T-LIGHT GLASS FLUTED ANTIQUE,4,"Hang trung binh, on dinh quanh nam"
22792,FLUTED ANTIQUE CANDLE HOLDER,4,"Hang trung binh, on dinh quanh nam"
22794,SWEETHEART WIRE MAGAZINE RACK,0,"Hang ban chay, gia thap, mua thuong xuyen"
22795,SWEETHEART RECIPE BOOK STAND,0,"Hang ban chay, gia thap, mua thuong xuyen"
22796,PHOTO FRAME 3 CLASSIC HANGING,0,"Hang ban chay, gia thap, mua thuong xuyen"
22797,CHEST OF DRAWERS GINGHAM HEART ,0,"Hang ban chay, gia thap, mua thuong xuyen"
22798,ANTIQUE GLASS DRESSING TABLE POT,4,"Hang trung binh, on dinh quanh nam"
22799,SWEETHEART WIRE FRUIT BOWL,0,"Hang ban chay, gia thap, mua thuong xuyen"
22800,ANTIQUE TALL SWIRLGLASS TRINKET POT,0,"Hang ban chay, gia thap, mua thuong xuyen"
22801,ANTIQUE GLASS PEDESTAL BOWL,0,"Hang ban chay, gia thap, mua thuong xuyen"
22802,FAUX FUR CHOCOLATE THROW,0,"Hang ban chay, gia thap, mua thuong xuyen"
22803,IVORY EMBROIDERED QUILT ,0,"Hang ban chay, gia thap, mua thuong xuyen"
22804,CANDLEHOLDER PINK HANGING HEART,4,"Hang trung binh, on dinh quanh nam"
22805,BLUE DRAWER KNOB ACRYLIC EDWARDIAN,4,"Hang trung binh, on dinh quanh nam"
22806,SET OF 6 T-LIGHTS WEDDING CAKE ,2,"Hang theo mua, dot bien, so luong lon"
22807,SET OF 6 T-LIGHTS TOADSTOOLS,0,"Hang ban chay, gia thap, mua thuong xuyen"
22808,SET OF 6 T-LIGHTS EASTER CHICKS,0,"Hang ban chay, gia thap, mua thuong xuyen"
22809,SET OF 6 T-LIGHTS SANTA,0,"Hang ban chay, gia thap, mua thuong xuyen"
22810,SET OF 6 T-LIGHTS SNOWMEN,0,"Hang ban chay, gia thap, mua thuong xuyen"
22811,SET OF 6 T-LIGHTS CACTI ,2,"Hang theo mua, dot bien, so luong lon"
22812,PACK 3 BOXES CHRISTMAS PANNETONE,4,"Hang trung binh, on dinh quanh nam"
22813,PACK 3 BOXES BIRD PANNETONE ,4,"Hang trung binh, on dinh quanh nam"
22814,CARD PARTY GAMES ,4,"Hang trung binh, on dinh quanh nam"
22815,CARD PSYCHEDELIC APPLES,4,"Hang trung binh, on dinh quanh nam"
22816,CARD MOTORBIKE SANTA,4,"Hang trung binh, on dinh quanh nam"
22817,CARD SUKI BIRTHDAY,4,"Hang trung binh, on dinh quanh nam"
22818,CARD CHRISTMAS VILLAGE,4,"Hang trung binh, on dinh quanh nam"
22819,"BIRTHDAY CARD, RETRO SPOT",4,"Hang trung binh, on dinh quanh nam"
22820,GIFT BAG BIRTHDAY,2,"Hang theo mua, dot bien, so luong lon"
22821,GIFT BAG PSYCHEDELIC APPLES,2,"Hang theo mua, dot bien, so luong lon"
22822,CREAM WALL PLANTER HEART SHAPED,0,"Hang ban chay, gia thap, mua thuong xuyen"
22823,CHEST NATURAL WOOD 20 DRAWERS,0,"Hang ban chay, gia thap, mua thuong xuyen"
22824,3 TIER SWEETHEART GARDEN SHELF,0,"Hang ban chay, gia thap, mua thuong xuyen"
22825,DECORATIVE PLANT POT WITH FRIEZE,1,"Hang cao cap, gia tri cao, it lap lai"
22826,LOVE SEAT ANTIQUE WHITE METAL,0,"Hang ban chay, gia thap, mua thuong xuyen"
22827,RUSTIC  SEVENTEEN DRAWER SIDEBOARD,0,"Hang ban chay, gia thap, mua thuong xuyen"
22828,REGENCY MIRROR WITH SHUTTERS,1,"Hang cao cap, gia tri cao, it lap lai"
22829,SWEETHEART WIRE WALL TIDY,0,"Hang ban chay, gia thap, mua thuong xuyen"
22830,UTILTY CABINET WITH HOOKS,0,"Hang ban chay, gia thap, mua thuong xuyen"
22831,WHITE BROCANTE SOAP DISH,0,"Hang ban chay, gia thap, mua thuong xuyen"
22832,BROCANTE SHELF WITH HOOKS,0,"Hang ban chay, gia thap, mua thuong xuyen"
22833,HALL CABINET WITH 3 DRAWERS,0,"Hang ban chay, gia thap, mua thuong xuyen"
22834,HAND WARMER BABUSHKA DESIGN,4,"Hang trung binh, on dinh quanh nam"
22835,HOT WATER BOTTLE I AM SO POORLY,4,"Hang trung binh, on dinh quanh nam"
22837,HOT WATER BOTTLE BABUSHKA ,0,"Hang ban chay, gia thap, mua thuong xuyen"
22838,3 TIER CAKE TIN RED AND CREAM,0,"Hang ban chay, gia thap, mua thuong xuyen"
22839,3 TIER CAKE TIN GREEN AND CREAM,0,"Hang ban chay, gia thap, mua thuong xuyen"
22840,ROUND CAKE TIN VINTAGE RED,0,"Hang ban chay, gia thap, mua thuong xuyen"
22841,ROUND CAKE TIN VINTAGE GREEN,0,"Hang ban chay, gia thap, mua thuong xuyen"
22842,BISCUIT TIN VINTAGE RED,0,"Hang ban chay, gia thap, mua thuong xuyen"
22843,BISCUIT TIN VINTAGE GREEN,0,"Hang ban chay, gia thap, mua thuong xuyen"
22844,VINTAGE CREAM DOG FOOD CONTAINER,0,"Hang ban chay, gia thap, mua thuong xuyen"
22845,VINTAGE CREAM CAT FOOD CONTAINER,0,"Hang ban chay, gia thap, mua thuong xuyen"
22846,BREAD BIN DINER STYLE RED ,0,"Hang ban chay, gia thap, mua thuong xuyen"
22847,BREAD BIN DINER STYLE IVORY,0,"Hang ban chay, gia thap, mua thuong xuyen"
22848,BREAD BIN DINER STYLE PINK,0,"Hang ban chay, gia thap, mua thuong xuyen"
22849,BREAD BIN DINER STYLE MINT,0,"Hang ban chay, gia thap, mua thuong xuyen"
22851,SET 20 NAPKINS FAIRY CAKES DESIGN ,4,"Hang trung binh, on dinh quanh nam"
22852,DOG BOWL VINTAGE CREAM,0,"Hang ban chay, gia thap, mua thuong xuyen"
22853,CAT BOWL VINTAGE CREAM,0,"Hang ban chay, gia thap, mua thuong xuyen"
22854,CREAM SWEETHEART EGG HOLDER,0,"Hang ban chay, gia thap, mua thuong xuyen"
22855,FINE WICKER HEART ,4,"Hang trung binh, on dinh quanh nam"
22856,ASSORTED EASTER DECORATIONS  BELLS,2,"Hang theo mua, dot bien, so luong lon"
22857,ASSORTED EASTER GIFT TAGS,2,"Hang theo mua, dot bien, so luong lon"
22858,EASTER TIN KEEPSAKE,4,"Hang trung binh, on dinh quanh nam"
22859,EASTER TIN BUNNY BOUQUET,4,"Hang trung binh, on dinh quanh nam"
22860,EASTER TIN CHICKS PINK DAISY,2,"Hang theo mua, dot bien, so luong lon"
22861,EASTER TIN CHICKS IN GARDEN,2,"Hang theo mua, dot bien, so luong lon"
22862,LOVE HEART NAPKIN BOX ,0,"Hang ban chay, gia thap, mua thuong xuyen"
22863,SOAP DISH BROCANTE,0,"Hang ban chay, gia thap, mua thuong xuyen"
22865,HAND WARMER OWL DESIGN,4,"Hang trung binh, on dinh quanh nam"
22866,HAND WARMER SCOTTY DOG DESIGN,4,"Hang trung binh, on dinh quanh nam"
22867,HAND WARMER BIRD DESIGN,4,"Hang trung binh, on dinh quanh nam"
22868,NUMBER TILE COTTAGE GARDEN 0 ,1,"Hang cao cap, gia tri cao, it lap lai"
22869,NUMBER TILE COTTAGE GARDEN 1,1,"Hang cao cap, gia tri cao, it lap lai"
22870,NUMBER TILE COTTAGE GARDEN 2,1,"Hang cao cap, gia tri cao, it lap lai"
22871,NUMBER TILE COTTAGE GARDEN 3 ,1,"Hang cao cap, gia tri cao, it lap lai"
22872,NUMBER TILE COTTAGE GARDEN 4,1,"Hang cao cap, gia tri cao, it lap lai"
22873,NUMBER TILE COTTAGE GARDEN 5,1,"Hang cao cap, gia tri cao, it lap lai"
22874,NUMBER TILE COTTAGE GARDEN 6,1,"Hang cao cap, gia tri cao, it lap lai"
22875,NUMBER TILE COTTAGE GARDEN 7,1,"Hang cao cap, gia tri cao, it lap lai"
22876,NUMBER TILE COTTAGE GARDEN 8,1,"Hang cao cap, gia tri cao, it lap lai"
22877,NUMBER TILE COTTAGE GARDEN 9,1,"Hang cao cap, gia tri cao, it lap lai"
22878,NUMBER TILE COTTAGE GARDEN No,3,"Hang moi/it nguoi biet, doanh thu thap"
22879,NUMBER TILE VINTAGE FONT 0,1,"Hang cao cap, gia tri cao, it lap lai"
22880,NUMBER TILE VINTAGE FONT 1,3,"Hang moi/it nguoi biet, doanh thu thap"
22881,NUMBER TILE VINTAGE FONT 2,3,"Hang moi/it nguoi biet, doanh thu thap"
22882,NUMBER TILE VINTAGE FONT 3,3,"Hang moi/it nguoi biet, doanh thu thap"
22883,NUMBER TILE VINTAGE FONT 4,3,"Hang moi/it nguoi biet, doanh thu thap"
22884,NUMBER TILE VINTAGE FONT 5,3,"Hang moi/it nguoi biet, doanh thu thap"
22885,NUMBER TILE VINTAGE FONT 6 ,1,"Hang cao cap, gia tri cao, it lap lai"
22886,NUMBER TILE VINTAGE FONT 7,3,"Hang moi/it nguoi biet, doanh thu thap"
22887,NUMBER TILE VINTAGE FONT 8,1,"Hang cao cap, gia tri cao, it lap lai"
22888,NUMBER TILE VINTAGE FONT 9 ,3,"Hang moi/it nguoi biet, doanh thu thap"
22889,NUMBER TILE VINTAGE FONT No ,3,"Hang moi/it nguoi biet, doanh thu thap"
22890,NOVELTY BISCUITS CAKE STAND 3 TIER,0,"Hang ban chay, gia thap, mua thuong xuyen"
22891,TEA FOR ONE POLKADOT,0,"Hang ban chay, gia thap, mua thuong xuyen"
22892,SET OF SALT AND PEPPER TOADSTOOLS,4,"Hang trung binh, on dinh quanh nam"
22893,MINI CAKE STAND T-LIGHT HOLDER,2,"Hang theo mua, dot bien, so luong lon"
22894,TABLECLOTH RED APPLES DESIGN ,0,"Hang ban chay, gia thap, mua thuong xuyen"
22895,SET OF 2 TEA TOWELS APPLE AND PEARS,4,"Hang trung binh, on dinh quanh nam"
22896,PEG BAG APPLES DESIGN,4,"Hang trung binh, on dinh quanh nam"
22897,OVEN MITT APPLES DESIGN,4,"Hang trung binh, on dinh quanh nam"
22898,CHILDRENS APRON APPLES DESIGN,4,"Hang trung binh, on dinh quanh nam"
22899,CHILDREN'S APRON DOLLY GIRL ,4,"Hang trung binh, on dinh quanh nam"
22900, SET 2 TEA TOWELS I LOVE LONDON ,4,"Hang trung binh, on dinh quanh nam"
22902,TOTE BAG I LOVE LONDON,4,"Hang trung binh, on dinh quanh nam"
22903,CALENDAR FAMILY FAVOURITES,0,"Hang ban chay, gia thap, mua thuong xuyen"
22904,CALENDAR PAPER CUT DESIGN,4,"Hang trung binh, on dinh quanh nam"
22905,CALENDAR IN SEASON DESIGN,0,"Hang ban chay, gia thap, mua thuong xuyen"
22906,12 MESSAGE CARDS WITH ENVELOPES,4,"Hang trung binh, on dinh quanh nam"
22907,PACK OF 20 NAPKINS PANTRY DESIGN,4,"Hang trung binh, on dinh quanh nam"
22908,PACK OF 20 NAPKINS RED APPLES,4,"Hang trung binh, on dinh quanh nam"
22909,SET OF 20 VINTAGE CHRISTMAS NAPKINS,4,"Hang trung binh, on dinh quanh nam"
22910,PAPER CHAIN KIT VINTAGE CHRISTMAS,4,"Hang trung binh, on dinh quanh nam"
22911,PAPER CHAIN KIT LONDON,0,"Hang ban chay, gia thap, mua thuong xuyen"
22912,YELLOW COAT RACK PARIS FASHION,0,"Hang ban chay, gia thap, mua thuong xuyen"
22913,RED COAT RACK PARIS FASHION,0,"Hang ban chay, gia thap, mua thuong xuyen"
22914,BLUE COAT RACK PARIS FASHION,0,"Hang ban chay, gia thap, mua thuong xuyen"
22915,ASSORTED BOTTLE TOP  MAGNETS ,4,"Hang trung binh, on dinh quanh nam"
22916,HERB MARKER THYME,4,"Hang trung binh, on dinh quanh nam"
22917,HERB MARKER ROSEMARY,4,"Hang trung binh, on dinh quanh nam"
22918,HERB MARKER PARSLEY,4,"Hang trung binh, on dinh quanh nam"
22919,HERB MARKER MINT,4,"Hang trung binh, on dinh quanh nam"
22920,HERB MARKER BASIL,4,"Hang trung binh, on dinh quanh nam"
22921,HERB MARKER CHIVES ,4,"Hang trung binh, on dinh quanh nam"
22922,FRIDGE MAGNETS US DINER ASSORTED,2,"Hang theo mua, dot bien, so luong lon"
22923,FRIDGE MAGNETS LES ENFANTS ASSORTED,2,"Hang theo mua, dot bien, so luong lon"
22924,FRIDGE MAGNETS LA VIE EN ROSE,2,"Hang theo mua, dot bien, so luong lon"
22925,BLUE GIANT GARDEN THERMOMETER,0,"Hang ban chay, gia thap, mua thuong xuyen"
22926,IVORY GIANT GARDEN THERMOMETER,0,"Hang ban chay, gia thap, mua thuong xuyen"
22927,GREEN GIANT GARDEN THERMOMETER,0,"Hang ban chay, gia thap, mua thuong xuyen"
22928,YELLOW GIANT GARDEN THERMOMETER,0,"Hang ban chay, gia thap, mua thuong xuyen"
22929,SCHOOL DESK AND CHAIR ,1,"Hang cao cap, gia tri cao, it lap lai"
22930,BAKING MOULD HEART MILK CHOCOLATE,4,"Hang trung binh, on dinh quanh nam"
22931,BAKING MOULD HEART WHITE CHOCOLATE,4,"Hang trung binh, on dinh quanh nam"
22932,BAKING MOULD TOFFEE CUP CHOCOLATE,2,"Hang theo mua, dot bien, so luong lon"
22933,BAKING MOULD EASTER EGG MILK CHOC,4,"Hang trung binh, on dinh quanh nam"
22934,BAKING MOULD EASTER EGG WHITE CHOC,2,"Hang theo mua, dot bien, so luong lon"
22935,BAKING MOULD ROSE MILK CHOCOLATE,2,"Hang theo mua, dot bien, so luong lon"
22936,BAKING MOULD ROSE WHITE CHOCOLATE,0,"Hang ban chay, gia thap, mua thuong xuyen"
22937,BAKING MOULD CHOCOLATE CUPCAKES,0,"Hang ban chay, gia thap, mua thuong xuyen"
22938,CUPCAKE LACE PAPER SET 6,4,"Hang trung binh, on dinh quanh nam"
22939,APRON APPLE DELIGHT,0,"Hang ban chay, gia thap, mua thuong xuyen"
22940,FELTCRAFT CHRISTMAS FAIRY,4,"Hang trung binh, on dinh quanh nam"
22941,CHRISTMAS LIGHTS 10 REINDEER,0,"Hang ban chay, gia thap, mua thuong xuyen"
22942,CHRISTMAS LIGHTS 10 SANTAS ,0,"Hang ban chay, gia thap, mua thuong xuyen"
22943,CHRISTMAS LIGHTS 10 VINTAGE BAUBLES,0,"Hang ban chay, gia thap, mua thuong xuyen"
22944,CHRISTMAS METAL POSTCARD WITH BELLS,4,"Hang trung binh, on dinh quanh nam"
22945,CHRISTMAS METAL TAGS ASSORTED ,4,"Hang trung binh, on dinh quanh nam"
22946,WOODEN ADVENT CALENDAR CREAM,0,"Hang ban chay, gia thap, mua thuong xuyen"
22947,WOODEN ADVENT CALENDAR RED,0,"Hang ban chay, gia thap, mua thuong xuyen"
22948,METAL DECORATION NAUGHTY CHILDREN ,4,"Hang trung binh, on dinh quanh nam"
22949,36 DOILIES DOLLY GIRL,2,"Hang theo mua, dot bien, so luong lon"
22950,36 DOILIES VINTAGE CHRISTMAS,4,"Hang trung binh, on dinh quanh nam"
22951,60 CAKE CASES DOLLY GIRL DESIGN,4,"Hang trung binh, on dinh quanh nam"
22952,60 CAKE CASES VINTAGE CHRISTMAS,4,"Hang trung binh, on dinh quanh nam"
22953,BIRTHDAY PARTY CORDON BARRIER TAPE,2,"Hang theo mua, dot bien, so luong lon"
22954,HEN PARTY CORDON BARRIER TAPE,2,"Hang theo mua, dot bien, so luong lon"
22955,36 FOIL STAR CAKE CASES ,4,"Hang trung binh, on dinh quanh nam"
22956,36 FOIL HEART CAKE CASES,4,"Hang trung binh, on dinh quanh nam"
22957,SET 3 PAPER VINTAGE CHICK PAPER EGG,4,"Hang trung binh, on dinh quanh nam"
22959,WRAP CHRISTMAS VILLAGE,4,"Hang trung binh, on dinh quanh nam"
22960,JAM MAKING SET WITH JARS,4,"Hang trung binh, on dinh quanh nam"
22961,JAM MAKING SET PRINTED,4,"Hang trung binh, on dinh quanh nam"
22962,JAM JAR WITH PINK LID,4,"Hang trung binh, on dinh quanh nam"
22963,JAM JAR WITH GREEN LID,4,"Hang trung binh, on dinh quanh nam"
22964,3 PIECE SPACEBOY COOKIE CUTTER SET,4,"Hang trung binh, on dinh quanh nam"
22965,3 TRADITIONAL COOKIE CUTTERS  SET,4,"Hang trung binh, on dinh quanh nam"
22966,GINGERBREAD MAN COOKIE CUTTER,4,"Hang trung binh, on dinh quanh nam"
22967,SET 3 SONG BIRD PAPER EGGS ASSORTED,4,"Hang trung binh, on dinh quanh nam"
22968,ROSE COTTAGE KEEPSAKE BOX ,0,"Hang ban chay, gia thap, mua thuong xuyen"
22969,HOMEMADE JAM SCENTED CANDLES,4,"Hang trung binh, on dinh quanh nam"
22970,LONDON BUS COFFEE MUG,4,"Hang trung binh, on dinh quanh nam"
22971,QUEENS GUARD COFFEE MUG,4,"Hang trung binh, on dinh quanh nam"
22972,CHILDREN'S SPACEBOY MUG,4,"Hang trung binh, on dinh quanh nam"
22973,CHILDREN'S CIRCUS PARADE MUG,4,"Hang trung binh, on dinh quanh nam"
22974,CHILDRENS DOLLY GIRL MUG,4,"Hang trung binh, on dinh quanh nam"
22975,SPACEBOY CHILDRENS EGG CUP,4,"Hang trung binh, on dinh quanh nam"
22976,CIRCUS PARADE CHILDRENS EGG CUP ,2,"Hang theo mua, dot bien, so luong lon"
22977,DOLLY GIRL CHILDRENS EGG CUP,2,"Hang theo mua, dot bien, so luong lon"
22978,PANTRY ROLLING PIN,4,"Hang trung binh, on dinh quanh nam"
22979,PANTRY WASHING UP BRUSH,4,"Hang trung binh, on dinh quanh nam"
22980,PANTRY SCRUBBING BRUSH,4,"Hang trung binh, on dinh quanh nam"
22981,PANTRY APPLE CORER,2,"Hang theo mua, dot bien, so luong lon"
22982,PANTRY PASTRY BRUSH,4,"Hang trung binh, on dinh quanh nam"
22983,CARD BILLBOARD FONT,4,"Hang trung binh, on dinh quanh nam"
22984,CARD GINGHAM ROSE ,4,"Hang trung binh, on dinh quanh nam"
22985,"WRAP, BILLBOARD FONTS DESIGN",4,"Hang trung binh, on dinh quanh nam"
22986,GINGHAM ROSE WRAP,4,"Hang trung binh, on dinh quanh nam"
22987,WRAP SUMMER ROSE DESIGN,2,"Hang theo mua, dot bien, so luong lon"
22988,SOLDIERS EGG CUP ,4,"Hang trung binh, on dinh quanh nam"
22989,SET 2 PANTRY DESIGN TEA TOWELS,4,"Hang trung binh, on dinh quanh nam"
22990,COTTON APRON PANTRY DESIGN,0,"Hang ban chay, gia thap, mua thuong xuyen"
22991,GIRAFFE WOODEN RULER,4,"Hang trung binh, on dinh quanh nam"
22992,REVOLVER WOODEN RULER ,4,"Hang trung binh, on dinh quanh nam"
22993,SET OF 4 PANTRY JELLY MOULDS,4,"Hang trung binh, on dinh quanh nam"
22994,TRAVEL CARD WALLET RETROSPOT,4,"Hang trung binh, on dinh quanh nam"
22995,TRAVEL CARD WALLET SUKI,4,"Hang trung binh, on dinh quanh nam"
22996,TRAVEL CARD WALLET VINTAGE TICKET,4,"Hang trung binh, on dinh quanh nam"
22997,TRAVEL CARD WALLET UNION JACK,4,"Hang trung binh, on dinh quanh nam"
22998,TRAVEL CARD WALLET KEEP CALM,4,"Hang trung binh, on dinh quanh nam"
22999,TRAVEL CARD WALLET RETRO PETALS,4,"Hang trung binh, on dinh quanh nam"
23000,TRAVEL CARD WALLET TRANSPORT,4,"Hang trung binh, on dinh quanh nam"
23002,TRAVEL CARD WALLET SKULLS,4,"Hang trung binh, on dinh quanh nam"
23003,TRAVEL CARD WALLET VINTAGE ROSE ,2,"Hang theo mua, dot bien, so luong lon"
23004,TRAVEL CARD WALLET PANTRY,4,"Hang trung binh, on dinh quanh nam"
23005,TRAVEL CARD WALLET I LOVE LONDON,4,"Hang trung binh, on dinh quanh nam"
23006,TRAVEL CARD WALLET FLOWER MEADOW,2,"Hang theo mua, dot bien, so luong lon"
23007, SPACEBOY BABY GIFT SET,0,"Hang ban chay, gia thap, mua thuong xuyen"
23008,DOLLY GIRL BABY GIFT SET,0,"Hang ban chay, gia thap, mua thuong xuyen"
23009,I LOVE LONDON BABY GIFT SET,0,"Hang ban chay, gia thap, mua thuong xuyen"
23010,CIRCUS PARADE BABY GIFT SET,0,"Hang ban chay, gia thap, mua thuong xuyen"
23012,GLASS APOTHECARY BOTTLE PERFUME,0,"Hang ban chay, gia thap, mua thuong xuyen"
23013,GLASS APOTHECARY BOTTLE TONIC,0,"Hang ban chay, gia thap, mua thuong xuyen"
23014,GLASS APOTHECARY BOTTLE ELIXIR,0,"Hang ban chay, gia thap, mua thuong xuyen"
23015,CORDIAL GLASS JUG,1,"Hang cao cap, gia tri cao, it lap lai"
23016,GLASS TWIST BON BON JAR,1,"Hang cao cap, gia tri cao, it lap lai"
23017,APOTHECARY MEASURING JAR,1,"Hang cao cap, gia tri cao, it lap lai"
23018,LARGE APOTHECARY MEASURING JAR ,1,"Hang cao cap, gia tri cao, it lap lai"
23019,SMALL APOTHECARY MEASURING JAR ,0,"Hang ban chay, gia thap, mua thuong xuyen"
23020,GLASS  SONGBIRD STORAGE JAR,0,"Hang ban chay, gia thap, mua thuong xuyen"
23021,GLASS BONNE JAM JAR,1,"Hang cao cap, gia tri cao, it lap lai"
23022,SMALL BONNE JAM JAR  T-LIGHT HOLDER,2,"Hang theo mua, dot bien, so luong lon"
23023,RIDGED BONNE JAM JAR T-LIGHT HOLDER,2,"Hang theo mua, dot bien, so luong lon"
23024,LARGE BONNE JAM JAR  T-LIGHT HOLDER,2,"Hang theo mua, dot bien, so luong lon"
23025,DRAWER KNOB VINTAGE GLASS BALL,2,"Hang theo mua, dot bien, so luong lon"
23026,DRAWER KNOB VINTAGE GLASS STAR,2,"Hang theo mua, dot bien, so luong lon"
23027,DRAWER KNOB VINTAGE GLASS HEXAGON,2,"Hang theo mua, dot bien, so luong lon"
23028,DRAWER KNOB CRACKLE GLAZE BLUE,4,"Hang trung binh, on dinh quanh nam"
23029,DRAWER KNOB CRACKLE GLAZE GREEN,4,"Hang trung binh, on dinh quanh nam"
23031,DRAWER KNOB CRACKLE GLAZE PINK,4,"Hang trung binh, on dinh quanh nam"
23032,DRAWER KNOB CRACKLE GLAZE IVORY,4,"Hang trung binh, on dinh quanh nam"
23033,DRAWER KNOB CERAMIC RED,2,"Hang theo mua, dot bien, so luong lon"
23034,DRAWER KNOB CERAMIC BLACK,2,"Hang theo mua, dot bien, so luong lon"
23035,DRAWER KNOB CERAMIC IVORY,4,"Hang trung binh, on dinh quanh nam"
23036,T-LIGHT HOLDER SILVER PETIT FOUR ,2,"Hang theo mua, dot bien, so luong lon"
23037,CANDLE HOLDER SILVER MADELINE,2,"Hang theo mua, dot bien, so luong lon"
23038,T-LIGHT HOLDER SILVER SAUCER,1,"Hang cao cap, gia tri cao, it lap lai"
23039,T-LIGHT HOLDER SILVER HEART HANDLE,2,"Hang theo mua, dot bien, so luong lon"
23040,PAPER LANTERN 9 POINT SNOW STAR ,0,"Hang ban chay, gia thap, mua thuong xuyen"
23041,PAPER LANTERN 9 POINT SNOW STAR,0,"Hang ban chay, gia thap, mua thuong xuyen"
23042,PAPER LANTERN 7 POINT SNOW STAR,0,"Hang ban chay, gia thap, mua thuong xuyen"
23043,PAPER LANTERN 9 POINT HOLLY STAR 40,1,"Hang cao cap, gia tri cao, it lap lai"
23044,PAPER LANTERN 9 POINT HOLLY STAR S,1,"Hang cao cap, gia tri cao, it lap lai"
23045,PAPER LANTERN 5 POINT STAR MOON 30,1,"Hang cao cap, gia tri cao, it lap lai"
23046,PAPER LANTERN 9 POINT DELUXE STAR,2,"Hang theo mua, dot bien, so luong lon"
23047,PAPER LANTERN 5 POINT SEQUIN STAR,1,"Hang cao cap, gia tri cao, it lap lai"
23048,SET OF 10 LANTERNS FAIRY LIGHT STAR,0,"Hang ban chay, gia thap, mua thuong xuyen"
23049,RECYCLED ACAPULCO MAT RED,0,"Hang ban chay, gia thap, mua thuong xuyen"
23050,RECYCLED ACAPULCO MAT GREEN,0,"Hang ban chay, gia thap, mua thuong xuyen"
23051,RECYCLED ACAPULCO MAT BLUE,0,"Hang ban chay, gia thap, mua thuong xuyen"
23052,RECYCLED ACAPULCO MAT TURQUOISE,0,"Hang ban chay, gia thap, mua thuong xuyen"
23053,RECYCLED ACAPULCO MAT PINK,0,"Hang ban chay, gia thap, mua thuong xuyen"
23054,RECYCLED ACAPULCO MAT LAVENDER,0,"Hang ban chay, gia thap, mua thuong xuyen"
23055,IVORY CHANDELIER T-LIGHT HOLDER,2,"Hang theo mua, dot bien, so luong lon"
23056,FLOWERS CHANDELIER T-LIGHT HOLDER,2,"Hang theo mua, dot bien, so luong lon"
23057,GEMSTONE CHANDELIER T-LIGHT HOLDER,2,"Hang theo mua, dot bien, so luong lon"
23058,CHRISTMAS HANGING SNOWFLAKE,2,"Hang theo mua, dot bien, so luong lon"
23060,HEART BEADED TRELLIS DECORATION,2,"Hang theo mua, dot bien, so luong lon"
23061,VINTAGE EMBOSSED HEART,2,"Hang theo mua, dot bien, so luong lon"
23064,CINDERELLA CHANDELIER ,0,"Hang ban chay, gia thap, mua thuong xuyen"
23065,LARGE DECO JEWELLERY STAND,0,"Hang ban chay, gia thap, mua thuong xuyen"
23066,SMALL DECO JEWELLERY STAND,0,"Hang ban chay, gia thap, mua thuong xuyen"
23067,HANGING ENGRAVED METAL HEART,0,"Hang ban chay, gia thap, mua thuong xuyen"
23068,ALUMINIUM STAMPED HEART,0,"Hang ban chay, gia thap, mua thuong xuyen"
23069,EDWARDIAN PHOTO FRAME,1,"Hang cao cap, gia tri cao, it lap lai"
23070,EDWARDIAN HEART PHOTO FRAME,0,"Hang ban chay, gia thap, mua thuong xuyen"
23071,MARIE ANTOIENETT TRINKET BOX GOLD,2,"Hang theo mua, dot bien, so luong lon"
23072,MARIE ANTOINETTE TRINKET BOX SILVER,0,"Hang ban chay, gia thap, mua thuong xuyen"
23073,GEORGIAN TRINKET BOX,0,"Hang ban chay, gia thap, mua thuong xuyen"
23074,EMBOSSED HEART TRINKET BOX,2,"Hang theo mua, dot bien, so luong lon"
23075,DOUBLE CERAMIC PARLOUR HOOK,0,"Hang ban chay, gia thap, mua thuong xuyen"
23076,ICE CREAM SUNDAE LIP GLOSS,4,"Hang trung binh, on dinh quanh nam"
23077,DOUGHNUT LIP GLOSS ,4,"Hang trung binh, on dinh quanh nam"
23078,ICE CREAM PEN LIP GLOSS ,4,"Hang trung binh, on dinh quanh nam"
23079,TOADSTOOL BEDSIDE LIGHT ,0,"Hang ban chay, gia thap, mua thuong xuyen"
23080,RED METAL BOX TOP SECRET,0,"Hang ban chay, gia thap, mua thuong xuyen"
23081,GREEN METAL BOX ARMY SUPPLIES,0,"Hang ban chay, gia thap, mua thuong xuyen"
23082,SET 6 PAPER TABLE LANTERN HEARTS ,4,"Hang trung binh, on dinh quanh nam"
23083,SET 6 PAPER TABLE LANTERN STARS ,4,"Hang trung binh, on dinh quanh nam"
23084,RABBIT NIGHT LIGHT,4,"Hang trung binh, on dinh quanh nam"
23085,ANTIQUE SILVER BAUBLE LAMP  ,0,"Hang ban chay, gia thap, mua thuong xuyen"
23086,ZINC  STAR T-LIGHT HOLDER ,2,"Hang theo mua, dot bien, so luong lon"
23087,ZINC  HEART T-LIGHT HOLDER,2,"Hang theo mua, dot bien, so luong lon"
23088,ZINC HEART FLOWER T-LIGHT HOLDER,2,"Hang theo mua, dot bien, so luong lon"
23089,GLASS BON BON JAR,4,"Hang trung binh, on dinh quanh nam"
23090,VINTAGE GLASS T-LIGHT HOLDER,4,"Hang trung binh, on dinh quanh nam"
23091,ZINC HERB GARDEN CONTAINER,0,"Hang ban chay, gia thap, mua thuong xuyen"
23092,LARGE ANTIQUE WHITE PHOTO FRAME,0,"Hang ban chay, gia thap, mua thuong xuyen"
23093,SMALL PARISIENNE HEART PHOTO FRAME ,4,"Hang trung binh, on dinh quanh nam"
23094,LE GRAND TRAY CHIC SET,0,"Hang ban chay, gia thap, mua thuong xuyen"
23096,PETIT TRAY CHIC,4,"Hang trung binh, on dinh quanh nam"
23099,FRENCH CARRIAGE LANTERN,0,"Hang ban chay, gia thap, mua thuong xuyen"
23100,SILVER BELLS TABLE DECORATION,4,"Hang trung binh, on dinh quanh nam"
23101,SILVER STARS TABLE DECORATION,4,"Hang trung binh, on dinh quanh nam"
23102,SILVER HEARTS TABLE DECORATION,4,"Hang trung binh, on dinh quanh nam"
23103,BELL HEART DECORATION,4,"Hang trung binh, on dinh quanh nam"
23104,IVORY PANTRY HANGING LAMP ,0,"Hang ban chay, gia thap, mua thuong xuyen"
23106,ZINC HEARTS PLANT POT HOLDER,0,"Hang ban chay, gia thap, mua thuong xuyen"
23107,WHITE WIRE PLANT POT HOLDER,0,"Hang ban chay, gia thap, mua thuong xuyen"
23108,SET OF 10 LED DOLLY LIGHTS,4,"Hang trung binh, on dinh quanh nam"
23109,LED TEA LIGHTS,4,"Hang trung binh, on dinh quanh nam"
23110,PARISIENNE KEY CABINET ,0,"Hang ban chay, gia thap, mua thuong xuyen"
23111,PARISIENNE SEWING BOX,0,"Hang ban chay, gia thap, mua thuong xuyen"
23112,PARISIENNE CURIO CABINET,0,"Hang ban chay, gia thap, mua thuong xuyen"
23113,PANTRY CHOPPING BOARD,4,"Hang trung binh, on dinh quanh nam"
23114,VINTAGE LEAF CHOPPING BOARD  ,0,"Hang ban chay, gia thap, mua thuong xuyen"
23115,RED APPLES CHOPPING BOARD   ,0,"Hang ban chay, gia thap, mua thuong xuyen"
23116,VEGETABLE GARDEN CHOPPING BOARD,1,"Hang cao cap, gia tri cao, it lap lai"
23117,POPPY FIELDS CHOPPING BOARD,0,"Hang ban chay, gia thap, mua thuong xuyen"
23118,PARISIENNE JEWELLERY DRAWER ,0,"Hang ban chay, gia thap, mua thuong xuyen"
23119,PACK OF 6 LARGE FRUIT STRAWS ,4,"Hang trung binh, on dinh quanh nam"
23120,PACK OF 6 SMALL FRUIT STRAWS,2,"Hang theo mua, dot bien, so luong lon"
23121,PACK OF 6 COCKTAIL PARASOL STRAWS,4,"Hang trung binh, on dinh quanh nam"
23122,PARTY CHARMS 50 PIECES,4,"Hang trung binh, on dinh quanh nam"
23123,COCKTAIL SWORDS 50 PIECES,2,"Hang theo mua, dot bien, so luong lon"
23124,18PC WOODEN CUTLERY SET DISPOSABLE,2,"Hang theo mua, dot bien, so luong lon"
23125,6PC WOOD PLATE SET DISPOSABLE,2,"Hang theo mua, dot bien, so luong lon"
23126,DOLLCRAFT GIRL AMELIE KIT,0,"Hang ban chay, gia thap, mua thuong xuyen"
23127,DOLLCRAFT GIRL NICOLE,0,"Hang ban chay, gia thap, mua thuong xuyen"
23128,FELTCRAFT BOY JEAN-PAUL KIT,0,"Hang ban chay, gia thap, mua thuong xuyen"
23129,HEART SHAPED HOLLY WREATH,0,"Hang ban chay, gia thap, mua thuong xuyen"
23130,MISTLETOE HEART WREATH GREEN,0,"Hang ban chay, gia thap, mua thuong xuyen"
23131,MISTLETOE HEART WREATH CREAM,4,"Hang trung binh, on dinh quanh nam"
23132,SMALL IVORY HEART WALL ORGANISER,0,"Hang ban chay, gia thap, mua thuong xuyen"
23133,LARGE IVORY HEART WALL ORGANISER,0,"Hang ban chay, gia thap, mua thuong xuyen"
23134,LARGE ZINC HEART WALL ORGANISER,4,"Hang trung binh, on dinh quanh nam"
23135,SMALL ZINC HEART WALL ORGANISER,4,"Hang trung binh, on dinh quanh nam"
23136,IVORY WIRE SWEETHEART LETTER TRAY,0,"Hang ban chay, gia thap, mua thuong xuyen"
23137,ZINC WIRE SWEETHEART LETTER TRAY,1,"Hang cao cap, gia tri cao, it lap lai"
23138,SINGLE WIRE HOOK IVORY HEART,2,"Hang theo mua, dot bien, so luong lon"
23139,SINGLE WIRE HOOK PINK HEART,2,"Hang theo mua, dot bien, so luong lon"
23140,TRIPLE WIRE HOOK IVORY HEART,0,"Hang ban chay, gia thap, mua thuong xuyen"
23141,TRIPLE WIRE HOOK PINK HEART,1,"Hang cao cap, gia tri cao, it lap lai"
23142,IVORY WIRE KITCHEN ORGANISER,0,"Hang ban chay, gia thap, mua thuong xuyen"
23143,ZINC WIRE KITCHEN ORGANISER,1,"Hang cao cap, gia tri cao, it lap lai"
23144,ZINC T-LIGHT HOLDER STARS SMALL,4,"Hang trung binh, on dinh quanh nam"
23145,ZINC T-LIGHT HOLDER STAR LARGE,4,"Hang trung binh, on dinh quanh nam"
23146,TRIPLE HOOK ANTIQUE IVORY ROSE,0,"Hang ban chay, gia thap, mua thuong xuyen"
23147,SINGLE ANTIQUE ROSE HOOK IVORY,4,"Hang trung binh, on dinh quanh nam"
23148,MINIATURE ANTIQUE ROSE HOOK IVORY,4,"Hang trung binh, on dinh quanh nam"
23149,ANTIQUE IVORY WIRE BOWL SMALL,1,"Hang cao cap, gia tri cao, it lap lai"
23150,IVORY SWEETHEART SOAP DISH,0,"Hang ban chay, gia thap, mua thuong xuyen"
23151,ZINC SWEETHEART SOAP DISH,1,"Hang cao cap, gia tri cao, it lap lai"
23152,IVORY SWEETHEART WIRE LETTER RACK ,0,"Hang ban chay, gia thap, mua thuong xuyen"
23153,ZINC SWEETHEART WIRE LETTER RACK,0,"Hang ban chay, gia thap, mua thuong xuyen"
23154,SET OF 4 JAM JAR MAGNETS,4,"Hang trung binh, on dinh quanh nam"
23155,KNICKERBOCKERGLORY MAGNET ASSORTED ,4,"Hang trung binh, on dinh quanh nam"
23156,SET OF 5 MINI GROCERY MAGNETS,4,"Hang trung binh, on dinh quanh nam"
23157,SET OF 6 NATIVITY MAGNETS ,4,"Hang trung binh, on dinh quanh nam"
23158,SET OF 5 LUCKY CAT MAGNETS ,4,"Hang trung binh, on dinh quanh nam"
23159,SET OF 5 PANCAKE DAY MAGNETS,4,"Hang trung binh, on dinh quanh nam"
23160,REGENCY TEA SPOON,2,"Hang theo mua, dot bien, so luong lon"
23161,REGENCY CAKE FORK,4,"Hang trung binh, on dinh quanh nam"
23162,REGENCY TEA STRAINER,4,"Hang trung binh, on dinh quanh nam"
23163,REGENCY SUGAR TONGS,4,"Hang trung binh, on dinh quanh nam"
23164,REGENCY CAKE SLICE,0,"Hang ban chay, gia thap, mua thuong xuyen"
23165,LARGE CERAMIC TOP STORAGE JAR,4,"Hang trung binh, on dinh quanh nam"
23166,MEDIUM CERAMIC TOP STORAGE JAR,4,"Hang trung binh, on dinh quanh nam"
23167,SMALL CERAMIC TOP STORAGE JAR ,4,"Hang trung binh, on dinh quanh nam"
23168,CLASSIC SUGAR DISPENSER,4,"Hang trung binh, on dinh quanh nam"
23169,CLASSIC GLASS SWEET JAR,0,"Hang ban chay, gia thap, mua thuong xuyen"
23170,REGENCY TEA PLATE ROSES ,4,"Hang trung binh, on dinh quanh nam"
23171,REGENCY TEA PLATE GREEN ,4,"Hang trung binh, on dinh quanh nam"
23172,REGENCY TEA PLATE PINK,4,"Hang trung binh, on dinh quanh nam"
23173,REGENCY TEAPOT ROSES ,4,"Hang trung binh, on dinh quanh nam"
23174,REGENCY SUGAR BOWL GREEN,4,"Hang trung binh, on dinh quanh nam"
23175,REGENCY MILK JUG PINK ,4,"Hang trung binh, on dinh quanh nam"
23176,ABC TREASURE BOOK BOX ,4,"Hang trung binh, on dinh quanh nam"
23177,TREASURE ISLAND BOOK BOX,4,"Hang trung binh, on dinh quanh nam"
23178,JAM CLOCK MAGNET,0,"Hang ban chay, gia thap, mua thuong xuyen"
23179,CLOCK MAGNET MUM'S KITCHEN,2,"Hang theo mua, dot bien, so luong lon"
23180,MUM'S KITCHEN CLOCK,0,"Hang ban chay, gia thap, mua thuong xuyen"
23181,BULL DOG BOTTLE TOP WALL CLOCK,0,"Hang ban chay, gia thap, mua thuong xuyen"
23182,TOILET SIGN OCCUPIED OR VACANT,4,"Hang trung binh, on dinh quanh nam"
23183,MOTHER'S KITCHEN SPOON REST ,0,"Hang ban chay, gia thap, mua thuong xuyen"
23184,BULL DOG BOTTLE OPENER,0,"Hang ban chay, gia thap, mua thuong xuyen"
23185,FRENCH STYLE STORAGE JAR JAM,2,"Hang theo mua, dot bien, so luong lon"
23186,FRENCH STYLE STORAGE JAR CAFE ,2,"Hang theo mua, dot bien, so luong lon"
23187,FRENCH STYLE STORAGE JAR BONBONS,2,"Hang theo mua, dot bien, so luong lon"
23188,VINTAGE  2 METER FOLDING RULER,4,"Hang trung binh, on dinh quanh nam"
23189,SET OF 12 FORK CANDLES,4,"Hang trung binh, on dinh quanh nam"
23190,BUNDLE OF 3 SCHOOL EXERCISE BOOKS  ,4,"Hang trung binh, on dinh quanh nam"
23191,BUNDLE OF 3 RETRO NOTE BOOKS,4,"Hang trung binh, on dinh quanh nam"
23192,BUNDLE OF 3 ALPHABET EXERCISE BOOKS,4,"Hang trung binh, on dinh quanh nam"
23193,BUFFALO BILL TREASURE BOOK BOX,4,"Hang trung binh, on dinh quanh nam"
23194,GYMKHANNA TREASURE BOOK BOX,4,"Hang trung binh, on dinh quanh nam"
23196,RETRO LEAVES MAGNETIC NOTEPAD,4,"Hang trung binh, on dinh quanh nam"
23197,SKETCHBOOK MAGNETIC SHOPPING LIST,4,"Hang trung binh, on dinh quanh nam"
23198,PANTRY MAGNETIC  SHOPPING LIST,4,"Hang trung binh, on dinh quanh nam"
23199,JUMBO BAG APPLES,4,"Hang trung binh, on dinh quanh nam"
23200,JUMBO BAG PEARS,4,"Hang trung binh, on dinh quanh nam"
23201,JUMBO BAG ALPHABET,4,"Hang trung binh, on dinh quanh nam"
23202,JUMBO BAG VINTAGE LEAF,4,"Hang trung binh, on dinh quanh nam"
23203,JUMBO BAG DOILEY PATTERNS,4,"Hang trung binh, on dinh quanh nam"
23204,CHARLOTTE BAG APPLES DESIGN,4,"Hang trung binh, on dinh quanh nam"
23205,CHARLOTTE BAG VINTAGE ALPHABET ,4,"Hang trung binh, on dinh quanh nam"
23206,LUNCH BAG APPLE DESIGN,4,"Hang trung binh, on dinh quanh nam"
23207,LUNCH BAG ALPHABET DESIGN,4,"Hang trung binh, on dinh quanh nam"
23208,LUNCH BAG VINTAGE LEAF DESIGN,4,"Hang trung binh, on dinh quanh nam"
23209,LUNCH BAG DOILEY PATTERN ,4,"Hang trung binh, on dinh quanh nam"
23210,WHITE ROCKING HORSE HAND PAINTED,4,"Hang trung binh, on dinh quanh nam"
23211,RED ROCKING HORSE HAND PAINTED,4,"Hang trung binh, on dinh quanh nam"
23212,HEART WREATH DECORATION WITH BELL,4,"Hang trung binh, on dinh quanh nam"
23213,STAR WREATH DECORATION WITH BELL,4,"Hang trung binh, on dinh quanh nam"
23214,JINGLE BELL HEART ANTIQUE GOLD,2,"Hang theo mua, dot bien, so luong lon"
23215,JINGLE BELL HEART ANTIQUE SILVER,4,"Hang trung binh, on dinh quanh nam"
23216,LAUREL HEART ANTIQUE GOLD,2,"Hang theo mua, dot bien, so luong lon"
23217,LAUREL HEART ANTIQUE SILVER,2,"Hang theo mua, dot bien, so luong lon"
23218,LAUREL STAR ANTIQUE GOLD,2,"Hang theo mua, dot bien, so luong lon"
23219,LAUREL STAR ANTIQUE SILVER ,2,"Hang theo mua, dot bien, so luong lon"
23220,REINDEER HEART DECORATION GOLD,2,"Hang theo mua, dot bien, so luong lon"
23221,REINDEER HEART DECORATION SILVER,4,"Hang trung binh, on dinh quanh nam"
23222,CHRISTMAS TREE HANGING GOLD,2,"Hang theo mua, dot bien, so luong lon"
23223,CHRISTMAS TREE HANGING SILVER ,2,"Hang theo mua, dot bien, so luong lon"
23224,CHERUB HEART DECORATION GOLD,2,"Hang theo mua, dot bien, so luong lon"
23225,CHERUB HEART DECORATION SILVER ,2,"Hang theo mua, dot bien, so luong lon"
23226,FILIGREE HEART DAISY WHITE,2,"Hang theo mua, dot bien, so luong lon"
23227,FILIGREE HEART BUTTERFLY WHITE ,4,"Hang trung binh, on dinh quanh nam"
23228,FILIGREE HEART BIRD WHITE ,4,"Hang trung binh, on dinh quanh nam"
23229,VINTAGE DONKEY TAIL GAME ,4,"Hang trung binh, on dinh quanh nam"
23230,WRAP ALPHABET DESIGN,4,"Hang trung binh, on dinh quanh nam"
23231,WRAP DOILEY DESIGN,4,"Hang trung binh, on dinh quanh nam"
23232,WRAP VINTAGE PETALS  DESIGN,4,"Hang trung binh, on dinh quanh nam"
23233,WRAP POPPIES  DESIGN,4,"Hang trung binh, on dinh quanh nam"
23234,BISCUIT TIN VINTAGE CHRISTMAS,4,"Hang trung binh, on dinh quanh nam"
23235,STORAGE TIN VINTAGE LEAF,0,"Hang ban chay, gia thap, mua thuong xuyen"
23236,DOILEY STORAGE TIN,4,"Hang trung binh, on dinh quanh nam"
23237,SET OF 4 KNICK KNACK TINS LEAVES ,0,"Hang ban chay, gia thap, mua thuong xuyen"
23238,SET OF 4 KNICK KNACK TINS LONDON ,4,"Hang trung binh, on dinh quanh nam"
23239,SET OF 4 KNICK KNACK TINS POPPIES,0,"Hang ban chay, gia thap, mua thuong xuyen"
23240,SET OF 4 KNICK KNACK TINS DOILEY ,4,"Hang trung binh, on dinh quanh nam"
23241,TREASURE TIN GYMKHANA DESIGN,4,"Hang trung binh, on dinh quanh nam"
23242,TREASURE TIN BUFFALO BILL ,4,"Hang trung binh, on dinh quanh nam"
23243,SET OF TEA COFFEE SUGAR TINS PANTRY,4,"Hang trung binh, on dinh quanh nam"
23244,ROUND STORAGE TIN VINTAGE LEAF,2,"Hang theo mua, dot bien, so luong lon"
23245,SET OF 3 REGENCY CAKE TINS,4,"Hang trung binh, on dinh quanh nam"
23247,BISCUIT TIN 50'S CHRISTMAS,4,"Hang trung binh, on dinh quanh nam"
23249,VINTAGE RED ENAMEL TRIM PLATE,2,"Hang theo mua, dot bien, so luong lon"
23250,VINTAGE RED TRIM ENAMEL BOWL ,2,"Hang theo mua, dot bien, so luong lon"
23251,VINTAGE RED ENAMEL TRIM MUG ,4,"Hang trung binh, on dinh quanh nam"
23252,VINTAGE RED ENAMEL TRIM JUG ,0,"Hang ban chay, gia thap, mua thuong xuyen"
23253,16 PIECE CUTLERY SET PANTRY DESIGN,0,"Hang ban chay, gia thap, mua thuong xuyen"
23254,CHILDRENS CUTLERY DOLLY GIRL ,4,"Hang trung binh, on dinh quanh nam"
23255,CHILDRENS CUTLERY CIRCUS PARADE,0,"Hang ban chay, gia thap, mua thuong xuyen"
23256,CHILDRENS CUTLERY SPACEBOY ,4,"Hang trung binh, on dinh quanh nam"
23263,SET OF 3 WOODEN HEART DECORATIONS,4,"Hang trung binh, on dinh quanh nam"
23264,SET OF 3 WOODEN SLEIGH DECORATIONS,4,"Hang trung binh, on dinh quanh nam"
23265,SET OF 3 WOODEN TREE DECORATIONS,4,"Hang trung binh, on dinh quanh nam"
23266,SET OF 3 WOODEN STOCKING DECORATION,4,"Hang trung binh, on dinh quanh nam"
23267,SET OF 4 SANTA PLACE SETTINGS,2,"Hang theo mua, dot bien, so luong lon"
23268,SET OF 2 CERAMIC CHRISTMAS REINDEER,4,"Hang trung binh, on dinh quanh nam"
23269,SET OF 2 CERAMIC CHRISTMAS TREES,2,"Hang theo mua, dot bien, so luong lon"
23270,SET OF 2 CERAMIC PAINTED HEARTS ,4,"Hang trung binh, on dinh quanh nam"
23271,CHRISTMAS TABLE CANDLE SILVER SPIKE,2,"Hang theo mua, dot bien, so luong lon"
23272,TREE T-LIGHT HOLDER WILLIE WINKIE,2,"Hang theo mua, dot bien, so luong lon"
23273,HEART T-LIGHT HOLDER WILLIE WINKIE,2,"Hang theo mua, dot bien, so luong lon"
23274,STAR T-LIGHT HOLDER WILLIE WINKIE,4,"Hang trung binh, on dinh quanh nam"
23275,SET OF 3 HANGING OWLS OLLIE BEAK,4,"Hang trung binh, on dinh quanh nam"
23280,FOLDING BUTTERFLY MIRROR HOT PINK ,4,"Hang trung binh, on dinh quanh nam"
23281,FOLDING BUTTERFLY MIRROR RED  ,2,"Hang theo mua, dot bien, so luong lon"
23282,FOLDING BUTTERFLY MIRROR IVORY ,2,"Hang theo mua, dot bien, so luong lon"
23283,DOORMAT VINTAGE LEAVES DESIGN ,0,"Hang ban chay, gia thap, mua thuong xuyen"
23284,DOORMAT KEEP CALM AND COME IN,4,"Hang trung binh, on dinh quanh nam"
23285,PINK VINTAGE SPOT BEAKER,4,"Hang trung binh, on dinh quanh nam"
23286,BLUE VINTAGE SPOT BEAKER,4,"Hang trung binh, on dinh quanh nam"
23287,RED VINTAGE SPOT BEAKER,4,"Hang trung binh, on dinh quanh nam"
23288,GREEN VINTAGE SPOT BEAKER,4,"Hang trung binh, on dinh quanh nam"
23289,DOLLY GIRL CHILDRENS BOWL,4,"Hang trung binh, on dinh quanh nam"
23290,SPACEBOY CHILDRENS BOWL,4,"Hang trung binh, on dinh quanh nam"
23291,DOLLY GIRL CHILDRENS CUP,4,"Hang trung binh, on dinh quanh nam"
23292,SPACE BOY CHILDRENS CUP,4,"Hang trung binh, on dinh quanh nam"
23293,SET OF 12 FAIRY CAKE BAKING CASES,4,"Hang trung binh, on dinh quanh nam"
23294,SET OF 6 SNACK LOAF BAKING CASES,4,"Hang trung binh, on dinh quanh nam"
23295,SET OF 12 MINI LOAF BAKING CASES,4,"Hang trung binh, on dinh quanh nam"
23296,SET OF 6 TEA TIME BAKING CASES,4,"Hang trung binh, on dinh quanh nam"
23297,SET 40 HEART SHAPE PETIT FOUR CASES,4,"Hang trung binh, on dinh quanh nam"
23298,SPOTTY BUNTING,4,"Hang trung binh, on dinh quanh nam"
23299,FOOD COVER WITH BEADS SET 2 ,0,"Hang ban chay, gia thap, mua thuong xuyen"
23300,GARDENERS KNEELING PAD CUP OF TEA ,4,"Hang trung binh, on dinh quanh nam"
23301,GARDENERS KNEELING PAD KEEP CALM ,4,"Hang trung binh, on dinh quanh nam"
23302,KNEELING MAT HOUSEWORK  DESIGN,4,"Hang trung binh, on dinh quanh nam"
23303,SET 4 PICNIC CUTLERY FONDANT,1,"Hang cao cap, gia tri cao, it lap lai"
23304,SET 4 PICNIC CUTLERY CHERRY ,1,"Hang cao cap, gia tri cao, it lap lai"
23305,SET 4 PICNIC CUTLERY BLUEBERRY,1,"Hang cao cap, gia tri cao, it lap lai"
23306,SET OF 36 DOILIES PANTRY DESIGN,4,"Hang trung binh, on dinh quanh nam"
23307,SET OF 60 PANTRY DESIGN CAKE CASES ,4,"Hang trung binh, on dinh quanh nam"
23308,SET OF 60 VINTAGE LEAF CAKE CASES ,4,"Hang trung binh, on dinh quanh nam"
23309,SET OF 60 I LOVE LONDON CAKE CASES ,4,"Hang trung binh, on dinh quanh nam"
23310,BUBBLEGUM RING ASSORTED,4,"Hang trung binh, on dinh quanh nam"
23311,VINTAGE CHRISTMAS STOCKING ,4,"Hang trung binh, on dinh quanh nam"
23312,VINTAGE CHRISTMAS GIFT SACK,4,"Hang trung binh, on dinh quanh nam"
23313,VINTAGE CHRISTMAS BUNTING,4,"Hang trung binh, on dinh quanh nam"
23314,VINTAGE CHRISTMAS TABLECLOTH,0,"Hang ban chay, gia thap, mua thuong xuyen"
23315,IVORY REFECTORY CLOCK,0,"Hang ban chay, gia thap, mua thuong xuyen"
23316,RED REFECTORY CLOCK ,0,"Hang ban chay, gia thap, mua thuong xuyen"
23317,BLUE REFECTORY CLOCK ,0,"Hang ban chay, gia thap, mua thuong xuyen"
23318,BOX OF 6 MINI VINTAGE CRACKERS,4,"Hang trung binh, on dinh quanh nam"
23319,BOX OF 6 MINI 50'S CRACKERS,4,"Hang trung binh, on dinh quanh nam"
23320,GIANT 50'S CHRISTMAS CRACKER,4,"Hang trung binh, on dinh quanh nam"
23321,SMALL WHITE HEART OF WICKER,4,"Hang trung binh, on dinh quanh nam"
23322,LARGE WHITE HEART OF WICKER,4,"Hang trung binh, on dinh quanh nam"
23323,WHITE WICKER STAR ,4,"Hang trung binh, on dinh quanh nam"
23324,RUSTIC STRAWBERRY JAMPOT LARGE ,2,"Hang theo mua, dot bien, so luong lon"
23325,RUSTIC STRAWBERRY JAMPOT SMALL,2,"Hang theo mua, dot bien, so luong lon"
23326,HANGING MINI COLOURED BOTTLES,4,"Hang trung binh, on dinh quanh nam"
23327,HANGING CLEAR MINI BOTTLE,2,"Hang theo mua, dot bien, so luong lon"
23328,SET 6 SCHOOL MILK BOTTLES IN CRATE,4,"Hang trung binh, on dinh quanh nam"
23329,DECORATIVE WICKER HEART LARGE,4,"Hang trung binh, on dinh quanh nam"
23330,DECORATIVE WICKER HEART MEDIUM,4,"Hang trung binh, on dinh quanh nam"
23331,DECORATIVE WICKER HEART SMALL,2,"Hang theo mua, dot bien, so luong lon"
23332,IVORY WICKER HEART LARGE,4,"Hang trung binh, on dinh quanh nam"
23333,IVORY WICKER HEART MEDIUM,4,"Hang trung binh, on dinh quanh nam"
23334,IVORY WICKER HEART SMALL,4,"Hang trung binh, on dinh quanh nam"
23335,EGG FRYING PAN IVORY ,0,"Hang ban chay, gia thap, mua thuong xuyen"
23336,EGG FRYING PAN PINK ,0,"Hang ban chay, gia thap, mua thuong xuyen"
23337,EGG FRYING PAN MINT ,0,"Hang ban chay, gia thap, mua thuong xuyen"
23338,EGG FRYING PAN RED ,0,"Hang ban chay, gia thap, mua thuong xuyen"
23339,EGG FRYING PAN BLUE ,0,"Hang ban chay, gia thap, mua thuong xuyen"
23340,VINTAGE CHRISTMAS CAKE FRILL,4,"Hang trung binh, on dinh quanh nam"
23341,PINK DINER WALL CLOCK,0,"Hang ban chay, gia thap, mua thuong xuyen"
23342,MINT DINER WALL CLOCK,0,"Hang ban chay, gia thap, mua thuong xuyen"
23343,JUMBO BAG VINTAGE CHRISTMAS ,4,"Hang trung binh, on dinh quanh nam"
23344,JUMBO BAG 50'S CHRISTMAS ,4,"Hang trung binh, on dinh quanh nam"
23345, DOLLY GIRL BEAKER,4,"Hang trung binh, on dinh quanh nam"
23346,SPACEBOY BEAKER,4,"Hang trung binh, on dinh quanh nam"
23347,I LOVE LONDON BEAKER,2,"Hang theo mua, dot bien, so luong lon"
23348,CHILDRENS TOY COOKING UTENSIL SET,0,"Hang ban chay, gia thap, mua thuong xuyen"
23349,ROLL WRAP VINTAGE CHRISTMAS,4,"Hang trung binh, on dinh quanh nam"
23350,ROLL WRAP VINTAGE SPOT ,4,"Hang trung binh, on dinh quanh nam"
23351,ROLL WRAP 50'S CHRISTMAS,4,"Hang trung binh, on dinh quanh nam"
23352,ROLL WRAP 50'S RED CHRISTMAS ,4,"Hang trung binh, on dinh quanh nam"
23353,6 GIFT TAGS VINTAGE CHRISTMAS ,4,"Hang trung binh, on dinh quanh nam"
23354,6 GIFT TAGS 50'S CHRISTMAS ,4,"Hang trung binh, on dinh quanh nam"
23355,HOT WATER BOTTLE KEEP CALM,4,"Hang trung binh, on dinh quanh nam"
23356,LOVE HOT WATER BOTTLE,4,"Hang trung binh, on dinh quanh nam"
23357,HOT WATER BOTTLE SEX BOMB,0,"Hang ban chay, gia thap, mua thuong xuyen"
23358,HOT STUFF HOT WATER BOTTLE,0,"Hang ban chay, gia thap, mua thuong xuyen"
23359,SET OF 12 T-LIGHTS VINTAGE DOILEY,2,"Hang theo mua, dot bien, so luong lon"
23360,SET 8 CANDLES VINTAGE DOILEY,4,"Hang trung binh, on dinh quanh nam"
23365,SET 12 COLOUR PENCILS LOVE LONDON,4,"Hang trung binh, on dinh quanh nam"
23366,SET 12 COLOURING PENCILS DOILY,4,"Hang trung binh, on dinh quanh nam"
23367,SET 12 COLOUR PENCILS SPACEBOY ,4,"Hang trung binh, on dinh quanh nam"
23368,SET 12 COLOUR PENCILS DOLLY GIRL ,4,"Hang trung binh, on dinh quanh nam"
23369,SET 36 COLOUR PENCILS LOVE LONDON,4,"Hang trung binh, on dinh quanh nam"
23370,SET 36 COLOUR PENCILS DOILEY,4,"Hang trung binh, on dinh quanh nam"
23371,SET 36 COLOUR PENCILS SPACEBOY ,4,"Hang trung binh, on dinh quanh nam"
23372,SET 36 COLOUR PENCILS DOLLY GIRL,4,"Hang trung binh, on dinh quanh nam"
23373,VINTAGE CHRISTMAS PAPER GIFT BAG,2,"Hang theo mua, dot bien, so luong lon"
23374,RED SPOT PAPER GIFT BAG,4,"Hang trung binh, on dinh quanh nam"
23375,50'S CHRISTMAS PAPER GIFT BAG,2,"Hang theo mua, dot bien, so luong lon"
23376,PACK OF 12 VINTAGE CHRISTMAS TISSUE,4,"Hang trung binh, on dinh quanh nam"
23377,PACK OF 12 DOLLY GIRL TISSUES,2,"Hang theo mua, dot bien, so luong lon"
23378,PACK OF 12 50'S CHRISTMAS TISSUES,4,"Hang trung binh, on dinh quanh nam"
23379,PACK OF 12 RED APPLE TISSUES,2,"Hang theo mua, dot bien, so luong lon"
23380,PACK OF 12 VINTAGE DOILY TISSUES,4,"Hang trung binh, on dinh quanh nam"
23381,PACK OF 12 VINTAGE LEAF TISSUES ,2,"Hang theo mua, dot bien, so luong lon"
23382,BOX OF 6 CHRISTMAS CAKE DECORATIONS,4,"Hang trung binh, on dinh quanh nam"
23388,WOODLAND MINI BACKPACK,0,"Hang ban chay, gia thap, mua thuong xuyen"
23389,SPACEBOY MINI BACKPACK,0,"Hang ban chay, gia thap, mua thuong xuyen"
23390,DOLLY GIRL MINI BACKPACK,0,"Hang ban chay, gia thap, mua thuong xuyen"
23391, I LOVE LONDON MINI BACKPACK,0,"Hang ban chay, gia thap, mua thuong xuyen"
23392,SPACEBOY ROCKET LOLLY MAKERS,2,"Hang theo mua, dot bien, so luong lon"
23393,HOME SWEET HOME CUSHION COVER ,0,"Hang ban chay, gia thap, mua thuong xuyen"
23394,POSTE FRANCE CUSHION COVER,0,"Hang ban chay, gia thap, mua thuong xuyen"
23395,BELLE JARDINIERE CUSHION COVER,0,"Hang ban chay, gia thap, mua thuong xuyen"
23396,BUTTERFLY CUSHION COVER,0,"Hang ban chay, gia thap, mua thuong xuyen"
23397,FOOT STOOL HOME SWEET HOME ,0,"Hang ban chay, gia thap, mua thuong xuyen"
23398,HANGING HEART BONHEUR,2,"Hang theo mua, dot bien, so luong lon"
23399,HOME SWEET HOME HANGING HEART,4,"Hang trung binh, on dinh quanh nam"
23400,SHELF WITH 4 HOOKS HOME SWEET HOME,0,"Hang ban chay, gia thap, mua thuong xuyen"
23401,RUSTIC MIRROR WITH LACE HEART,0,"Hang ban chay, gia thap, mua thuong xuyen"
23402,HOME SWEEET HOME 3 PEG HANGER ,0,"Hang ban chay, gia thap, mua thuong xuyen"
23403,LETTER HOLDER HOME SWEET HOME,0,"Hang ban chay, gia thap, mua thuong xuyen"
23404,HOME SWEET HOME BLACKBOARD,0,"Hang ban chay, gia thap, mua thuong xuyen"
23405,HOME SWEET HOME 2 DRAWER CABINET,0,"Hang ban chay, gia thap, mua thuong xuyen"
23406,HOME SWEET HOME KEY HOLDER,0,"Hang ban chay, gia thap, mua thuong xuyen"
23407,SET OF 2 TRAYS HOME SWEET HOME,0,"Hang ban chay, gia thap, mua thuong xuyen"
23408,PHOTO FRAME LINEN AND LACE SMALL,0,"Hang ban chay, gia thap, mua thuong xuyen"
23409,PHOTO FRAME LINEN AND LACE LARGE,0,"Hang ban chay, gia thap, mua thuong xuyen"
23410,CURIO CABINET LINEN AND LACE ,1,"Hang cao cap, gia tri cao, it lap lai"
23411, TRELLIS COAT RACK,0,"Hang ban chay, gia thap, mua thuong xuyen"
23412,HEART MIRROR ANTIQUE WHITE,0,"Hang ban chay, gia thap, mua thuong xuyen"
23413,VINTAGE COFFEE GRINDER BOX,0,"Hang ban chay, gia thap, mua thuong xuyen"
23414,ZINC BOX SIGN HOME,0,"Hang ban chay, gia thap, mua thuong xuyen"
23415,HOME SWEET HOME HOOK,2,"Hang theo mua, dot bien, so luong lon"
23416,CHAMBRE HOOK,2,"Hang theo mua, dot bien, so luong lon"
23417,BATHROOM HOOK,2,"Hang theo mua, dot bien, so luong lon"
23418,LAVENDER TOILETTE BOTTLE,2,"Hang theo mua, dot bien, so luong lon"
23419,HOME SWEET HOME BOTTLE ,0,"Hang ban chay, gia thap, mua thuong xuyen"
23420,PANTRY HOOK TEA STRAINER ,2,"Hang theo mua, dot bien, so luong lon"
23421,PANTRY HOOK SPATULA,2,"Hang theo mua, dot bien, so luong lon"
23422,PANTRY HOOK BALLOON WHISK ,0,"Hang ban chay, gia thap, mua thuong xuyen"
23423,PANTRY 3 HOOK ROLLING PIN HANGER,0,"Hang ban chay, gia thap, mua thuong xuyen"
23424,GINGHAM RECIPE BOOK BOX,0,"Hang ban chay, gia thap, mua thuong xuyen"
23425,STORAGE TIN HOME SWEET HOME,0,"Hang ban chay, gia thap, mua thuong xuyen"
23426,METAL SIGN DROP YOUR PANTS,4,"Hang trung binh, on dinh quanh nam"
23427,STOOL HOME SWEET HOME ,0,"Hang ban chay, gia thap, mua thuong xuyen"
23428,IVORY RETRO KITCHEN WALL CLOCK,0,"Hang ban chay, gia thap, mua thuong xuyen"
23429,RED RETRO KITCHEN WALL CLOCK,1,"Hang cao cap, gia tri cao, it lap lai"
23430,BLUE RETRO KITCHEN WALL CLOCK,1,"Hang cao cap, gia tri cao, it lap lai"
23431,NATURAL HANGING QUILTED HEARTS ,2,"Hang theo mua, dot bien, so luong lon"
23432,PRETTY HANGING QUILTED HEARTS,2,"Hang theo mua, dot bien, so luong lon"
23433,HANGING QUILTED PATCHWORK APPLES,2,"Hang theo mua, dot bien, so luong lon"
23434,3 RAFFIA RIBBONS 50'S CHRISTMAS ,4,"Hang trung binh, on dinh quanh nam"
23435,3 RAFFIA RIBBONS VINTAGE CHRISTMAS,2,"Hang theo mua, dot bien, so luong lon"
23436,GIFT BAG LARGE VINTAGE CHRISTMAS,4,"Hang trung binh, on dinh quanh nam"
23437, 50'S CHRISTMAS GIFT BAG LARGE,4,"Hang trung binh, on dinh quanh nam"
23438, RED SPOT GIFT BAG LARGE,4,"Hang trung binh, on dinh quanh nam"
23439,HAND WARMER RED LOVE HEART,4,"Hang trung binh, on dinh quanh nam"
23440,PAINT YOUR OWN EGGS IN CRATE,2,"Hang theo mua, dot bien, so luong lon"
23442,12 HANGING EGGS HAND PAINTED,1,"Hang cao cap, gia tri cao, it lap lai"
23444,Next Day Carriage,0,"Hang ban chay, gia thap, mua thuong xuyen"
23445,ICE CREAM BUBBLES,4,"Hang trung binh, on dinh quanh nam"
23451,SQUARE MINI PORTRAIT FRAME,2,"Hang theo mua, dot bien, so luong lon"
23452,HEART MINI PORTRAIT FRAME,0,"Hang ban chay, gia thap, mua thuong xuyen"
23453,OVAL  MINI PORTRAIT FRAME,2,"Hang theo mua, dot bien, so luong lon"
23454,SET OF 3 MINI HANGING PORTRAITS,0,"Hang ban chay, gia thap, mua thuong xuyen"
23455,SMALL PARLOUR PICTURE FRAME,2,"Hang theo mua, dot bien, so luong lon"
23456,MEDIUM PARLOUR PICTURE FRAME ,0,"Hang ban chay, gia thap, mua thuong xuyen"
23457,LARGE PARLOUR PICTURE FRAME,0,"Hang ban chay, gia thap, mua thuong xuyen"
23458,DOLLY CABINET 3 DRAWERS ,1,"Hang cao cap, gia tri cao, it lap lai"
23459,DOLLY CABINET 2 DRAWERS ,1,"Hang cao cap, gia tri cao, it lap lai"
23460,SWEETHEART WALL TIDY ,0,"Hang ban chay, gia thap, mua thuong xuyen"
23461,SWEETHEART BIRD HOUSE,4,"Hang trung binh, on dinh quanh nam"
23462,ROCOCO WALL MIRROR WHITE,0,"Hang ban chay, gia thap, mua thuong xuyen"
23463,VINTAGE ZINC WATERING CAN,1,"Hang cao cap, gia tri cao, it lap lai"
23464,VINTAGE ZINC WATERING CAN SMALL,1,"Hang cao cap, gia tri cao, it lap lai"
23465,TUSCAN VILLA FEEDING STATION,1,"Hang cao cap, gia tri cao, it lap lai"
23466,TUSCAN VILLA DOVECOTE,1,"Hang cao cap, gia tri cao, it lap lai"
23467,VINTAGE ZINC PLANTER  ,1,"Hang cao cap, gia tri cao, it lap lai"
23468,TUSCAN VILLA BIRD TABLE ,1,"Hang cao cap, gia tri cao, it lap lai"
23469,CARD HOLDER LOVE BIRD SMALL,0,"Hang ban chay, gia thap, mua thuong xuyen"
23470,CARD HOLDER LOVE BIRD LARGE ,0,"Hang ban chay, gia thap, mua thuong xuyen"
23471,SIX DRAWER OFFICE TIDY,1,"Hang cao cap, gia tri cao, it lap lai"
23472, NINE DRAWER OFFICE TIDY,0,"Hang ban chay, gia thap, mua thuong xuyen"
23473,WOODLAND SMALL RED FELT HEART,2,"Hang theo mua, dot bien, so luong lon"
23474,WOODLAND SMALL BLUE FELT HEART,2,"Hang theo mua, dot bien, so luong lon"
23475,WOODLAND SMALL PINK FELT HEART,2,"Hang theo mua, dot bien, so luong lon"
23476,WOODLAND LARGE RED FELT HEART,2,"Hang theo mua, dot bien, so luong lon"
23477,WOODLAND LARGE BLUE FELT HEART,1,"Hang cao cap, gia tri cao, it lap lai"
23478,WOODLAND LARGE PINK FELT HEART,2,"Hang theo mua, dot bien, so luong lon"
23479,WIRE EGG BASKET ,0,"Hang ban chay, gia thap, mua thuong xuyen"
23480,MINI LIGHTS WOODLAND MUSHROOMS,4,"Hang trung binh, on dinh quanh nam"
23481,PEARLISED IVORY HEART SMALL ,2,"Hang theo mua, dot bien, so luong lon"
23482,PEARLISED IVORY HEART LARGE ,2,"Hang theo mua, dot bien, so luong lon"
23483,HANGING  BUTTERFLY T-LIGHT HOLDER,2,"Hang theo mua, dot bien, so luong lon"
23484,HEART TRELLISTRIPLE T-LIGHT HOLDER,0,"Hang ban chay, gia thap, mua thuong xuyen"
23485,BOTANICAL GARDENS WALL CLOCK ,0,"Hang ban chay, gia thap, mua thuong xuyen"
23486,ANTIQUE HEART SHELF UNIT,0,"Hang ban chay, gia thap, mua thuong xuyen"
23487,SWEET HEART CAKE CARRIER,0,"Hang ban chay, gia thap, mua thuong xuyen"
23489,"GARLAND, VINTAGE BELLS",0,"Hang ban chay, gia thap, mua thuong xuyen"
23490,T-LIGHT HOLDER HANGING LOVE BIRD,0,"Hang ban chay, gia thap, mua thuong xuyen"
23491,VINTAGE JINGLE BELLS HEART,0,"Hang ban chay, gia thap, mua thuong xuyen"
23492,VINTAGE JINGLE BELLS WREATH,1,"Hang cao cap, gia tri cao, it lap lai"
23493,VINTAGE DOILY TRAVEL SEWING KIT,4,"Hang trung binh, on dinh quanh nam"
23494,VINTAGE DOILY DELUXE SEWING KIT ,0,"Hang ban chay, gia thap, mua thuong xuyen"
23495,SET OF 3 PANTRY WOODEN SPOONS,2,"Hang theo mua, dot bien, so luong lon"
23496,PANTRY KITCHEN THERMOMETER ,1,"Hang cao cap, gia tri cao, it lap lai"
23497,CLASSIC CHROME BICYCLE BELL ,4,"Hang trung binh, on dinh quanh nam"
23498,CLASSIC BICYCLE CLIPS ,4,"Hang trung binh, on dinh quanh nam"
23499,SET 12 VINTAGE DOILY CHALK ,2,"Hang theo mua, dot bien, so luong lon"
23500,KEY RING BASEBALL BOOT ASSORTED ,4,"Hang trung binh, on dinh quanh nam"
23501,KEY RING BASEBALL BOOT UNION JACK,4,"Hang trung binh, on dinh quanh nam"
23502,PLAYING CARDS VINTAGE DOILEY ,2,"Hang theo mua, dot bien, so luong lon"
23503,PLAYING CARDS KEEP CALM & CARRY ON,4,"Hang trung binh, on dinh quanh nam"
23504,PLAYING CARDS JUBILEE UNION JACK,4,"Hang trung binh, on dinh quanh nam"
23505,PLAYING CARDS I LOVE LONDON ,4,"Hang trung binh, on dinh quanh nam"
23506,MINI PLAYING CARDS SPACEBOY ,4,"Hang trung binh, on dinh quanh nam"
23507,MINI PLAYING CARDS BUFFALO BILL ,4,"Hang trung binh, on dinh quanh nam"
23508,MINI PLAYING CARDS DOLLY GIRL ,4,"Hang trung binh, on dinh quanh nam"
23509,MINI PLAYING CARDS FUN FAIR ,2,"Hang theo mua, dot bien, so luong lon"
23510,MINI PLAYING CARDS GYMKHANA,4,"Hang trung binh, on dinh quanh nam"
23511,EMBROIDERED RIBBON REEL EMILY ,2,"Hang theo mua, dot bien, so luong lon"
23512,EMBROIDERED RIBBON REEL ROSIE,2,"Hang theo mua, dot bien, so luong lon"
23513,EMBROIDERED RIBBON REEL SUSIE ,2,"Hang theo mua, dot bien, so luong lon"
23514,EMBROIDERED RIBBON REEL SALLY ,2,"Hang theo mua, dot bien, so luong lon"
23515,EMBROIDERED RIBBON REEL DAISY ,2,"Hang theo mua, dot bien, so luong lon"
23516,EMBROIDERED RIBBON REEL SOPHIE  ,2,"Hang theo mua, dot bien, so luong lon"
23517,EMBROIDERED RIBBON REEL REBECCA ,0,"Hang ban chay, gia thap, mua thuong xuyen"
23518,EMBROIDERED RIBBON REEL RACHEL ,2,"Hang theo mua, dot bien, so luong lon"
23519,EMBROIDERED RIBBON REEL CLAIRE,2,"Hang theo mua, dot bien, so luong lon"
23520,EMBROIDERED RIBBON REEL RUBY ,2,"Hang theo mua, dot bien, so luong lon"
23521,CAT AND BIRD WALL ART,2,"Hang theo mua, dot bien, so luong lon"
23522,DOG AND BALL WALL ART,2,"Hang theo mua, dot bien, so luong lon"
23523,TREASURE AHOY WALL ART,2,"Hang theo mua, dot bien, so luong lon"
23524,HORSE & PONY WALL ART,2,"Hang theo mua, dot bien, so luong lon"
23525,BUFFALO BILL WALL ART ,2,"Hang theo mua, dot bien, so luong lon"
23526,DOG LICENCE WALL ART,0,"Hang ban chay, gia thap, mua thuong xuyen"
23527,ANIMALS AND NATURE WALL ART,2,"Hang theo mua, dot bien, so luong lon"
23528,SPACEBOY WALL ART,2,"Hang theo mua, dot bien, so luong lon"
23529,DOLLY GIRL WALL ART,2,"Hang theo mua, dot bien, so luong lon"
23530,WALL ART ONLY ONE PERSON ,4,"Hang trung binh, on dinh quanh nam"
23531,WALL ART BIG LOVE ,0,"Hang ban chay, gia thap, mua thuong xuyen"
23532,WALL ART WORK REST AND PLAY  ,2,"Hang theo mua, dot bien, so luong lon"
23533,WALL ART GARDEN HAVEN ,0,"Hang ban chay, gia thap, mua thuong xuyen"
23534,STOP FOR TEA WALL ART,0,"Hang ban chay, gia thap, mua thuong xuyen"
23535,BICYCLE SAFTEY WALL ART,0,"Hang ban chay, gia thap, mua thuong xuyen"
23536,VILLAGE SHOW WALL ART,0,"Hang ban chay, gia thap, mua thuong xuyen"
23537,I LOVE LONDON WALL ART,0,"Hang ban chay, gia thap, mua thuong xuyen"
23538,WALL ART VINTAGE HEART,2,"Hang theo mua, dot bien, so luong lon"
23539,WALL ART LOVES' SECRET ,0,"Hang ban chay, gia thap, mua thuong xuyen"
23540,WALL ART THE MAGIC FOREST ,2,"Hang theo mua, dot bien, so luong lon"
23541,WALL ART CLASSIC PUDDINGS ,0,"Hang ban chay, gia thap, mua thuong xuyen"
23542,70'S ALPHABET WALL ART,0,"Hang ban chay, gia thap, mua thuong xuyen"
23543,KEEP CALM WALL ART ,4,"Hang trung binh, on dinh quanh nam"
23544,WALL ART MID CENTURY MODERN ,2,"Hang theo mua, dot bien, so luong lon"
23545,WRAP RED DOILEY,2,"Hang theo mua, dot bien, so luong lon"
23546,WRAP PAISLEY PARK ,4,"Hang trung binh, on dinh quanh nam"
23547,WRAP FLOWER SHOP  ,2,"Hang theo mua, dot bien, so luong lon"
23548,WRAP MAGIC FOREST ,2,"Hang theo mua, dot bien, so luong lon"
23549,WRAP BIRD GARDEN ,2,"Hang theo mua, dot bien, so luong lon"
23550,WRAP ALPHABET POSTER  ,2,"Hang theo mua, dot bien, so luong lon"
23551,PACK OF 12 PAISLEY PARK TISSUES ,2,"Hang theo mua, dot bien, so luong lon"
23552,BICYCLE PUNCTURE REPAIR KIT ,4,"Hang trung binh, on dinh quanh nam"
23553,LANDMARK FRAME CAMDEN TOWN ,0,"Hang ban chay, gia thap, mua thuong xuyen"
23554,LANDMARK FRAME OXFORD STREET,0,"Hang ban chay, gia thap, mua thuong xuyen"
23555,LANDMARK FRAME NOTTING HILL ,0,"Hang ban chay, gia thap, mua thuong xuyen"
23556,LANDMARK FRAME COVENT GARDEN ,0,"Hang ban chay, gia thap, mua thuong xuyen"
23557,LANDMARK FRAME BAKER STREET ,0,"Hang ban chay, gia thap, mua thuong xuyen"
23558,LANDMARK FRAME LONDON BRIDGE ,0,"Hang ban chay, gia thap, mua thuong xuyen"
23559,WOODLAND BUNNIES LOLLY MAKERS,0,"Hang ban chay, gia thap, mua thuong xuyen"
23560,SET OF 6 RIBBONS COUNTRY STYLE,2,"Hang theo mua, dot bien, so luong lon"
23561,SET OF 6 RIBBONS PARTY,2,"Hang theo mua, dot bien, so luong lon"
23562,SET OF 6 RIBBONS PERFECTLY PRETTY  ,2,"Hang theo mua, dot bien, so luong lon"
23564,EGG CUP MILKMAID INGRID,2,"Hang theo mua, dot bien, so luong lon"
23565,EGG CUP MILKMAID HELGA ,2,"Hang theo mua, dot bien, so luong lon"
23566,EGG CUP MILKMAID HEIDI,2,"Hang theo mua, dot bien, so luong lon"
23567,EGG CUP HENRIETTA HEN PINK,2,"Hang theo mua, dot bien, so luong lon"
23568,EGG CUP HENRIETTA HEN CREAM ,2,"Hang theo mua, dot bien, so luong lon"
23569,TRADTIONAL ALPHABET STAMP SET,0,"Hang ban chay, gia thap, mua thuong xuyen"
23570,TRADITIONAL PICK UP STICKS GAME ,4,"Hang trung binh, on dinh quanh nam"
23571,TRADITIONAL NAUGHTS & CROSSES,4,"Hang trung binh, on dinh quanh nam"
23574,PACKING CHARGE,1,"Hang cao cap, gia tri cao, it lap lai"
23575,SNACK TRAY PAISLEY PARK,2,"Hang theo mua, dot bien, so luong lon"
23576,SNACK TRAY RED VINTAGE DOILY,2,"Hang theo mua, dot bien, so luong lon"
23578,SNACK TRAY RED GINGHAM,1,"Hang cao cap, gia tri cao, it lap lai"
23579,SNACK TRAY I LOVE LONDON,2,"Hang theo mua, dot bien, so luong lon"
23580,SNACK TRAY HAPPY FOREST  ,1,"Hang cao cap, gia tri cao, it lap lai"
23581,JUMBO BAG PAISLEY PARK,4,"Hang trung binh, on dinh quanh nam"
23582,VINTAGE DOILY JUMBO BAG RED ,4,"Hang trung binh, on dinh quanh nam"
23583,LUNCH BAG PAISLEY PARK  ,4,"Hang trung binh, on dinh quanh nam"
23597,PAPER BUNTING PAISLEY PARK,2,"Hang theo mua, dot bien, so luong lon"
23598,PAPER BUNTING VINTAGE PARTY,2,"Hang theo mua, dot bien, so luong lon"
23603,SET 10 CARD KRAFT REINDEER 17084,1,"Hang cao cap, gia tri cao, it lap lai"
23607,SET 10 CARDS HATS & STOCKINGS 17081,1,"Hang cao cap, gia tri cao, it lap lai"
23611,SET 10 CARDS RED RIDING HOOD 17214,1,"Hang cao cap, gia tri cao, it lap lai"
23613,SET 10 XMAS CARDS & BADGES 17070,1,"Hang cao cap, gia tri cao, it lap lai"
23614,SET 10 CARDS 12 DAYS WRAP  17058,1,"Hang cao cap, gia tri cao, it lap lai"
23616,SET 10 CARDS JINGLE BELLS 17217,1,"Hang cao cap, gia tri cao, it lap lai"
23620,SET 10 CARDS PERFECT POST 17090,1,"Hang cao cap, gia tri cao, it lap lai"
23623,SET 10 CARD CHRISTMAS WELCOME 17112,1,"Hang cao cap, gia tri cao, it lap lai"
23626,SET 10 CARDS DINKY TREE 17076,1,"Hang cao cap, gia tri cao, it lap lai"
23629,SET 10 CARDS DRESSING UP 17077,1,"Hang cao cap, gia tri cao, it lap lai"
23632,SET 10 CARDS CHEERFUL ROBIN 17065,1,"Hang cao cap, gia tri cao, it lap lai"
23634,SET 10 CARDS XMAS CHOIR 17068,1,"Hang cao cap, gia tri cao, it lap lai"
23636,SET 10 CARDS WISHING TREE 17116,1,"Hang cao cap, gia tri cao, it lap lai"
23637,SET 10 CARDS OUT OF ORDER 17216,1,"Hang cao cap, gia tri cao, it lap lai"
23640,SET 10 CARDS SCOTTIE DOG 17211,1,"Hang cao cap, gia tri cao, it lap lai"
23644,SET 10 CARDS CHRISTMAS TREE 16955,1,"Hang cao cap, gia tri cao, it lap lai"
23646,SET 10 CARDS JINGLE BELLS 16957,1,"Hang cao cap, gia tri cao, it lap lai"
23660,HENRIETTA HEN MUG ,2,"Hang theo mua, dot bien, so luong lon"
23661,MILK MAIDS MUG ,2,"Hang theo mua, dot bien, so luong lon"
23681,LUNCH BAG RED VINTAGE DOILY,4,"Hang trung binh, on dinh quanh nam"
23691,KEEP CALM BIRTHDAY WRAP,2,"Hang theo mua, dot bien, so luong lon"
23694,PAISLEY PARK CARD,2,"Hang theo mua, dot bien, so luong lon"
23695,DOILY THANK YOU CARD,2,"Hang theo mua, dot bien, so luong lon"
23697,A PRETTY THANK YOU CARD,2,"Hang theo mua, dot bien, so luong lon"
35001G,HAND OPEN SHAPE GOLD,2,"Hang theo mua, dot bien, so luong lon"
35001W,HAND OPEN SHAPE DECO.WHITE,2,"Hang theo mua, dot bien, so luong lon"
35004B,SET OF 3 BLACK FLYING DUCKS,0,"Hang ban chay, gia thap, mua thuong xuyen"
35004C,SET OF 3 COLOURED  FLYING DUCKS,2,"Hang theo mua, dot bien, so luong lon"
35004G,SET OF 3 GOLD FLYING DUCKS,1,"Hang cao cap, gia tri cao, it lap lai"
35095A,BLUE VICTORIAN FABRIC OVAL BOX,2,"Hang theo mua, dot bien, so luong lon"
35095B,RED VICTORIAN FABRIC OVAL BOX,2,"Hang theo mua, dot bien, so luong lon"
35241,ENAMEL BLUE RIM BISCUIT BIN,0,"Hang ban chay, gia thap, mua thuong xuyen"
35265,COLOURFUL FLOWER FRUIT BOWL,1,"Hang cao cap, gia tri cao, it lap lai"
35400,WOODEN BOX ADVENT CALENDAR ,1,"Hang cao cap, gia tri cao, it lap lai"
35443,RASTA IN BATH W SPLIFF ASHTRAY,1,"Hang cao cap, gia tri cao, it lap lai"
35471D,SET OF 3 BIRD LIGHT PINK FEATHER ,4,"Hang trung binh, on dinh quanh nam"
35598B,BLACK CHRISTMAS TREE 60CM,2,"Hang theo mua, dot bien, so luong lon"
35598D,PINK/WHITE CHRISTMAS TREE 60CM,2,"Hang theo mua, dot bien, so luong lon"
35599B,BLACK CHRISTMAS TREE 120CM,2,"Hang theo mua, dot bien, so luong lon"
35599D,PINK AND WHITE CHRISTMAS TREE 120CM,2,"Hang theo mua, dot bien, so luong lon"
35607B,BLACK FEATHER CHRISTMAS DECORATION,2,"Hang theo mua, dot bien, so luong lon"
35637A,IVORY STRING CURTAIN WITH POLE ,2,"Hang theo mua, dot bien, so luong lon"
35637C,PINK STRING CURTAIN WITH POLE,1,"Hang cao cap, gia tri cao, it lap lai"
35638A,PINK AND BLACK STRING CURTAIN,1,"Hang cao cap, gia tri cao, it lap lai"
35638B,PINK/BLUE STRING CURTAIN ,1,"Hang cao cap, gia tri cao, it lap lai"
35646,VINTAGE BEAD PINK EVENING BAG,2,"Hang theo mua, dot bien, so luong lon"
35648,VINTAGE BEAD PINK PURSE ,2,"Hang theo mua, dot bien, so luong lon"
35649,VINTAGE BEAD COSMETIC BAG ,3,"Hang moi/it nguoi biet, doanh thu thap"
35651,VINTAGE BEAD PINK SCARF ,2,"Hang theo mua, dot bien, so luong lon"
35653,VINTAGE BEAD NOTEBOOK,3,"Hang moi/it nguoi biet, doanh thu thap"
35809A,ENAMEL PINK TEA CONTAINER,2,"Hang theo mua, dot bien, so luong lon"
35809a,ENAMEL PINK TEA CONTAINER,1,"Hang cao cap, gia tri cao, it lap lai"
35810A,ENAMEL PINK COFFEE CONTAINER,2,"Hang theo mua, dot bien, so luong lon"
35810B,ENAMEL BLUE RIM COFFEE CONTAINER,2,"Hang theo mua, dot bien, so luong lon"
35815P,"ACRYLIC JEWEL SNOWFLAKE, PINK",2,"Hang theo mua, dot bien, so luong lon"
35818P,"ACRYLIC JEWEL ICICLE, PINK",2,"Hang theo mua, dot bien, so luong lon"
35819B,"ACRYLIC HANGING JEWEL,BLUE",2,"Hang theo mua, dot bien, so luong lon"
35819P,"ACRYLIC HANGING JEWEL,PINK",2,"Hang theo mua, dot bien, so luong lon"
35833P,4 PINK FLOCK CHRISTMAS BALLS,1,"Hang cao cap, gia tri cao, it lap lai"
35911A,MULTICOLOUR RABBIT EGG WARMER,2,"Hang theo mua, dot bien, so luong lon"
35911B,PINK/FLOWER RABBIT EGG WARMER ,2,"Hang theo mua, dot bien, so luong lon"
35912B,WHITE/PINK CHICK DECORATION,2,"Hang theo mua, dot bien, so luong lon"
35913B,WHITE/PINK CHICK EASTER DECORATION,1,"Hang cao cap, gia tri cao, it lap lai"
35914,PINK CHICK EGG WARMER + EGG CUP,2,"Hang theo mua, dot bien, so luong lon"
35915B,BLUE KNITTED HEN ,2,"Hang theo mua, dot bien, so luong lon"
35915C,PEACH KNITTED HEN ,3,"Hang moi/it nguoi biet, doanh thu thap"
35916A,YELLOW FELT HANGING HEART W FLOWER,3,"Hang moi/it nguoi biet, doanh thu thap"
35916B,BLUE FELT HANGING HEART W FLOWER,3,"Hang moi/it nguoi biet, doanh thu thap"
35916C,PINK FELT HANGING HEART W FLOWER,3,"Hang moi/it nguoi biet, doanh thu thap"
35920,FOUR RABBIT EASTER DECORATIONS,1,"Hang cao cap, gia tri cao, it lap lai"
35921,EASTER BUNNY HANGING GARLAND,1,"Hang cao cap, gia tri cao, it lap lai"
35922,EASTER BUNNY WREATH,1,"Hang cao cap, gia tri cao, it lap lai"
35923,CANDY HEART HANGING DECORATION,2,"Hang theo mua, dot bien, so luong lon"
35924,HANGING FAIRY CAKE DECORATION,2,"Hang theo mua, dot bien, so luong lon"
35933,PINK STOCKING CHRISTMAS DECORATION,2,"Hang theo mua, dot bien, so luong lon"
35953,FOLKART STAR CHRISTMAS DECORATIONS,4,"Hang trung binh, on dinh quanh nam"
35954,SMALL FOLKART STAR CHRISTMAS DEC,2,"Hang theo mua, dot bien, so luong lon"
35957,SMALLFOLKART BAUBLE CHRISTMAS DEC,2,"Hang theo mua, dot bien, so luong lon"
35961,FOLKART ZINC HEART CHRISTMAS DEC,4,"Hang trung binh, on dinh quanh nam"
35964,FOLKART CLIP ON STARS,2,"Hang theo mua, dot bien, so luong lon"
35965,FOLKART HEART NAPKIN RINGS,2,"Hang theo mua, dot bien, so luong lon"
35967,FOLK ART METAL STAR T-LIGHT HOLDER,2,"Hang theo mua, dot bien, so luong lon"
35968,FOLK ART METAL HEART T-LIGHT HOLDER,2,"Hang theo mua, dot bien, so luong lon"
35970,ZINC FOLKART SLEIGH BELLS,4,"Hang trung binh, on dinh quanh nam"
35971,ROSE FOLKART HEART DECORATIONS,2,"Hang theo mua, dot bien, so luong lon"
35972,DAISY FOLKART HEART DECORATION,1,"Hang cao cap, gia tri cao, it lap lai"
37327,ASSTD MULTICOLOUR CIRCLES MUG,2,"Hang theo mua, dot bien, so luong lon"
37333,"RETRO ""TEA FOR ONE"" ",1,"Hang cao cap, gia tri cao, it lap lai"
37340,MULTICOLOUR SPRING FLOWER MUG,4,"Hang trung binh, on dinh quanh nam"
37342,POLKADOT COFFEE CUP & SAUCER PINK,2,"Hang theo mua, dot bien, so luong lon"
37343,POLKADOT MUG PINK ,1,"Hang cao cap, gia tri cao, it lap lai"
37370,RETRO COFFEE MUGS ASSORTED,4,"Hang trung binh, on dinh quanh nam"
37413,ICON MUG REVOLUTIONARY,2,"Hang theo mua, dot bien, so luong lon"
37444A,YELLOW BREAKFAST CUP AND SAUCER,1,"Hang cao cap, gia tri cao, it lap lai"
37444C,PINK BREAKFAST CUP AND SAUCER ,1,"Hang cao cap, gia tri cao, it lap lai"
37446,MINI CAKE STAND WITH HANGING CAKES,4,"Hang trung binh, on dinh quanh nam"
37447,CERAMIC CAKE DESIGN SPOTTED PLATE,2,"Hang theo mua, dot bien, so luong lon"
37448,CERAMIC CAKE DESIGN SPOTTED MUG,4,"Hang trung binh, on dinh quanh nam"
37449,CERAMIC CAKE STAND + HANGING CAKES,0,"Hang ban chay, gia thap, mua thuong xuyen"
37450,CERAMIC CAKE BOWL + HANGING CAKES,0,"Hang ban chay, gia thap, mua thuong xuyen"
37462E,"PET MUG, GOLDFISH",3,"Hang moi/it nguoi biet, doanh thu thap"
37467,PIG MUG IN TWO COLOUR DESIGNS,2,"Hang theo mua, dot bien, so luong lon"
37468,HARDMAN MUG 3 ASSORTED,1,"Hang cao cap, gia tri cao, it lap lai"
37475,SET/4 COLOURFUL MIXING BOWLS,0,"Hang ban chay, gia thap, mua thuong xuyen"
37476,CONDIMENT TRAY 4 BOWLS AND 4 SPOONS,1,"Hang cao cap, gia tri cao, it lap lai"
37479B,CUBIC MUG FLOCK BLUE ON BROWN,2,"Hang theo mua, dot bien, so luong lon"
37479P,CUBIC MUG FLOCK PINK ON BROWN,2,"Hang theo mua, dot bien, so luong lon"
37482P,CUBIC MUG PINK POLKADOT,2,"Hang theo mua, dot bien, so luong lon"
37489A,YELLOW/PINK FLOWER DESIGN BIG MUG,1,"Hang cao cap, gia tri cao, it lap lai"
37489B,BLUE/YELLOW FLOWER DESIGN BIG MUG,1,"Hang cao cap, gia tri cao, it lap lai"
37489C,GREEN/BLUE FLOWER DESIGN BIG MUG,1,"Hang cao cap, gia tri cao, it lap lai"
37489D,PINK/GREEN FLOWER DESIGN BIG MUG,1,"Hang cao cap, gia tri cao, it lap lai"
37495,FAIRY CAKE BIRTHDAY CANDLE SET,0,"Hang ban chay, gia thap, mua thuong xuyen"
37500,TEA TIME TEAPOT IN GIFT BOX,0,"Hang ban chay, gia thap, mua thuong xuyen"
37501,TEA TIME TEA SET IN GIFT BOX,0,"Hang ban chay, gia thap, mua thuong xuyen"
40001,WHITE BAMBOO RIBS LAMPSHADE,2,"Hang theo mua, dot bien, so luong lon"
40003,WHITE BAMBOO RIBS LAMPSHADE,2,"Hang theo mua, dot bien, so luong lon"
40016,CHINESE DRAGON PAPER LANTERNS,4,"Hang trung binh, on dinh quanh nam"
40046A,RED DAISY PAPER LAMPSHADE,1,"Hang cao cap, gia tri cao, it lap lai"
44089C,LILAC GAUZE BUTTERFLY LAMPSHADE,1,"Hang cao cap, gia tri cao, it lap lai"
44092B,BLUE WHITE PLASTIC RINGS LAMPSHADE,1,"Hang cao cap, gia tri cao, it lap lai"
44092C,PURPLE/COPPER HANGING LAMPSHADE,1,"Hang cao cap, gia tri cao, it lap lai"
44234,ASSORTED CIRCULAR MOBILE,2,"Hang theo mua, dot bien, so luong lon"
44235,ASS COL CIRCLE MOBILE ,2,"Hang theo mua, dot bien, so luong lon"
44236,PINK/PURPLE CIRCLE CURTAIN,1,"Hang cao cap, gia tri cao, it lap lai"
46000M,POLYESTER FILLER PAD 45x45cm,2,"Hang theo mua, dot bien, so luong lon"
46000P,POLYESTER FILLER PAD 65CMx65CM,1,"Hang cao cap, gia tri cao, it lap lai"
46000R,POLYESTER FILLER PAD 45x30cm,1,"Hang cao cap, gia tri cao, it lap lai"
46000S,POLYESTER FILLER PAD 40x40cm,4,"Hang trung binh, on dinh quanh nam"
46000U,POLYESTER FILLER PAD 30CMx30CM,1,"Hang cao cap, gia tri cao, it lap lai"
46118,FUNKY MONKEY CUSHION COVER,2,"Hang theo mua, dot bien, so luong lon"
46126A,ELVIS WALLHANGING / CURTAIN,1,"Hang cao cap, gia tri cao, it lap lai"
46138B,BLUE CHENILLE SHAGGY CUSHION COVER ,1,"Hang cao cap, gia tri cao, it lap lai"
46775D,SUNSET COLOUR CHUNKY KNITTED THROW,3,"Hang moi/it nguoi biet, doanh thu thap"
46776A,WOVEN BUBBLE GUM CUSHION COVER,3,"Hang moi/it nguoi biet, doanh thu thap"
46776B,WOVEN BERRIES CUSHION COVER ,3,"Hang moi/it nguoi biet, doanh thu thap"
46776C,WOVEN FROST CUSHION COVER,3,"Hang moi/it nguoi biet, doanh thu thap"
46776D,WOVEN SUNSET CUSHION COVER ,3,"Hang moi/it nguoi biet, doanh thu thap"
46776E,WOVEN CANDY CUSHION COVER ,3,"Hang moi/it nguoi biet, doanh thu thap"
46776F,WOVEN ROSE GARDEN CUSHION COVER ,3,"Hang moi/it nguoi biet, doanh thu thap"
47013C,WINE BOTTLE DRESSING DARK BLUE,1,"Hang cao cap, gia tri cao, it lap lai"
47021G,SET/6 BEAD COASTERS GAUZE BAG GOLD,2,"Hang theo mua, dot bien, so luong lon"
47310M,"SMALL POP BOX,FUNKY MONKEY",3,"Hang moi/it nguoi biet, doanh thu thap"
47341A,FUSCHIA TABLE RUN FLOWER ,1,"Hang cao cap, gia tri cao, it lap lai"
47341B,BLUE TABLE RUN FLOWER,1,"Hang cao cap, gia tri cao, it lap lai"
47343A,FUSCHIA FLOWER PURSE WITH BEADS,2,"Hang theo mua, dot bien, so luong lon"
47344B,BLUE FLOWER DES PURSE,1,"Hang cao cap, gia tri cao, it lap lai"
47348A,FUSCHIA VOILE POINTY SHOE DEC,1,"Hang cao cap, gia tri cao, it lap lai"
47351B,BLUE  VOILE LAMPSHADE,2,"Hang theo mua, dot bien, so luong lon"
47367B,PAIR PADDED HANGERS PINK CHECK,3,"Hang moi/it nguoi biet, doanh thu thap"
47369A,PINK GREEN EMBROIDERY COSMETIC BAG,3,"Hang moi/it nguoi biet, doanh thu thap"
47369B,BLUE GREEN EMBROIDERY COSMETIC BAG,3,"Hang moi/it nguoi biet, doanh thu thap"
47420,ASSORTED COLOUR SUCTION CUP HOOK,2,"Hang theo mua, dot bien, so luong lon"
47421,ASSORTED COLOUR LIZARD SUCTION HOOK,2,"Hang theo mua, dot bien, so luong lon"
47422,ASSORTED MONKEY SUCTION CUP HOOK,2,"Hang theo mua, dot bien, so luong lon"
47469,ASSORTED SHAPES PHOTO CLIP SILVER ,2,"Hang theo mua, dot bien, so luong lon"
47471,RAINBOW PEGS PHOTO CLIP STRING,2,"Hang theo mua, dot bien, so luong lon"
47480,HANGING PHOTO CLIP ROPE LADDER,2,"Hang theo mua, dot bien, so luong lon"
47481,50CM METAL STRING WITH  7 CLIPS,2,"Hang theo mua, dot bien, so luong lon"
47503A,ASS FLORAL PRINT MULTI SCREWDRIVER,4,"Hang trung binh, on dinh quanh nam"
47503H,ASS FLORAL PRINT SPIRIT LEVEL ,1,"Hang cao cap, gia tri cao, it lap lai"
47504H,ENGLISH ROSE SPIRIT LEVEL ,2,"Hang theo mua, dot bien, so luong lon"
47504K,ENGLISH ROSE GARDEN SECATEURS,4,"Hang trung binh, on dinh quanh nam"
47518F,ICON PLACEMAT POP ART ELVIS,2,"Hang theo mua, dot bien, so luong lon"
47518f,ICON PLACEMAT POP ART ELVIS,1,"Hang cao cap, gia tri cao, it lap lai"
47559B,TEA TIME OVEN GLOVE,4,"Hang trung binh, on dinh quanh nam"
47559b,TEA TIME OVEN GLOVE,1,"Hang cao cap, gia tri cao, it lap lai"
47563A,RETRO LONGBOARD IRONING BOARD COVER,0,"Hang ban chay, gia thap, mua thuong xuyen"
47566,PARTY BUNTING,4,"Hang trung binh, on dinh quanh nam"
47566B,TEA TIME PARTY BUNTING,4,"Hang trung binh, on dinh quanh nam"
47566b,TEA TIME PARTY BUNTING,1,"Hang cao cap, gia tri cao, it lap lai"
47567B,TEA TIME KITCHEN APRON,0,"Hang ban chay, gia thap, mua thuong xuyen"
47570B,TEA TIME TABLE CLOTH,0,"Hang ban chay, gia thap, mua thuong xuyen"
47574A,ENGLISH ROSE SCENTED HANGING FLOWER,2,"Hang theo mua, dot bien, so luong lon"
47578A,ENGLISH ROSE SMALL SCENTED FLOWER,2,"Hang theo mua, dot bien, so luong lon"
47580,TEA TIME DES TEA COSY,0,"Hang ban chay, gia thap, mua thuong xuyen"
47585A,PINK FAIRY CAKE CUSHION COVER,0,"Hang ban chay, gia thap, mua thuong xuyen"
47586A,PINK FAIRY CAKE CUSHION COVER,1,"Hang cao cap, gia tri cao, it lap lai"
47590A,BLUE HAPPY BIRTHDAY BUNTING,4,"Hang trung binh, on dinh quanh nam"
47590B,PINK HAPPY BIRTHDAY BUNTING,4,"Hang trung binh, on dinh quanh nam"
47590b,PINK HAPPY BIRTHDAY BUNTING,1,"Hang cao cap, gia tri cao, it lap lai"
47591B,SCOTTIES CHILDRENS APRON,3,"Hang moi/it nguoi biet, doanh thu thap"
47591D,PINK FAIRY CAKE CHILDRENS APRON,4,"Hang trung binh, on dinh quanh nam"
47591d,PINK FAIRY CAKE CHILDRENS APRON,1,"Hang cao cap, gia tri cao, it lap lai"
47593A,CAROUSEL PONIES BABY BIB,1,"Hang cao cap, gia tri cao, it lap lai"
47593B,SCOTTIE DOGS BABY BIB,4,"Hang trung binh, on dinh quanh nam"
47594A,CAROUSEL DESIGN WASHBAG,1,"Hang cao cap, gia tri cao, it lap lai"
47594B,SCOTTIES DESIGN WASHBAG,2,"Hang theo mua, dot bien, so luong lon"
47599A,PINK PARTY BAGS,4,"Hang trung binh, on dinh quanh nam"
47599B,BLUE PARTY BAGS ,4,"Hang trung binh, on dinh quanh nam"
48111,DOORMAT 3 SMILEY CATS,0,"Hang ban chay, gia thap, mua thuong xuyen"
48116,DOORMAT MULTICOLOUR STRIPE,4,"Hang trung binh, on dinh quanh nam"
48129,DOORMAT TOPIARY,0,"Hang ban chay, gia thap, mua thuong xuyen"
48138,DOORMAT UNION FLAG,4,"Hang trung binh, on dinh quanh nam"
48173C,DOORMAT BLACK FLOCK ,4,"Hang trung binh, on dinh quanh nam"
48173c,DOORMAT BLACK FLOCK ,1,"Hang cao cap, gia tri cao, it lap lai"
48184,DOORMAT ENGLISH ROSE ,4,"Hang trung binh, on dinh quanh nam"
48185,DOORMAT FAIRY CAKE,4,"Hang trung binh, on dinh quanh nam"
48187,DOORMAT NEW ENGLAND,4,"Hang trung binh, on dinh quanh nam"
48188,DOORMAT WELCOME PUPPIES,4,"Hang trung binh, on dinh quanh nam"
48189,DOORMAT FRIENDSHIP ,1,"Hang cao cap, gia tri cao, it lap lai"
48194,DOORMAT HEARTS,4,"Hang trung binh, on dinh quanh nam"
51008,AFGHAN SLIPPER SOCK PAIR,2,"Hang theo mua, dot bien, so luong lon"
51014A,"FEATHER PEN,HOT PINK",4,"Hang trung binh, on dinh quanh nam"
51014C,"FEATHER PEN,COAL BLACK",4,"Hang trung binh, on dinh quanh nam"
51014L,"FEATHER PEN,LIGHT PINK",4,"Hang trung binh, on dinh quanh nam"
51020A,SUMMER FUN DESIGN SHOWER CAP,2,"Hang theo mua, dot bien, so luong lon"
51020B,STRIPY DESIGN SHOWER CAP,2,"Hang theo mua, dot bien, so luong lon"
62018,SOMBRERO ,4,"Hang trung binh, on dinh quanh nam"
62043B,BLUE CHECK BAG W HANDLE 34X20CM,1,"Hang cao cap, gia tri cao, it lap lai"
62086A,PINK RETRO BIG FLOWER BAG,1,"Hang cao cap, gia tri cao, it lap lai"
62094B,TURQ ICE CREAM BUM BAG ,3,"Hang moi/it nguoi biet, doanh thu thap"
62096A,PINK/YELLOW FLOWERS HANDBAG,2,"Hang theo mua, dot bien, so luong lon"
70006,LOVE HEART POCKET WARMER,4,"Hang trung binh, on dinh quanh nam"
70007,HI TEC ALPINE HAND WARMER,2,"Hang theo mua, dot bien, so luong lon"
71038,WHITE HANGING BEADS CANDLE HOLDER,0,"Hang ban chay, gia thap, mua thuong xuyen"
71050,SMALL SINGLE FLAME CANDLE HOLDER,1,"Hang cao cap, gia tri cao, it lap lai"
71053,WHITE METAL LANTERN,4,"Hang trung binh, on dinh quanh nam"
71101E,STANDING FAIRY POLE SUPPORT ,2,"Hang theo mua, dot bien, so luong lon"
71143,SILVER BOOK MARK WITH BEADS,3,"Hang moi/it nguoi biet, doanh thu thap"
71270,PHOTO CLIP LINE,2,"Hang theo mua, dot bien, so luong lon"
71279,PINK GLASS CANDLEHOLDER,0,"Hang ban chay, gia thap, mua thuong xuyen"
71403,"PINK/WHITE ""KEEP CLEAN"" BULLET BIN",1,"Hang cao cap, gia tri cao, it lap lai"
71406C,BLACK ORANGE SQUEEZER,2,"Hang theo mua, dot bien, so luong lon"
71459,HANGING JAM JAR T-LIGHT HOLDER,4,"Hang trung binh, on dinh quanh nam"
71477,COLOUR GLASS. STAR T-LIGHT HOLDER,4,"Hang trung binh, on dinh quanh nam"
71495A,CD WALL TIDY BLUE OFFICE,2,"Hang theo mua, dot bien, so luong lon"
71495B,CD WALL TIDY RED FLOWERS,2,"Hang theo mua, dot bien, so luong lon"
71496A,A4 WALL TIDY BLUE OFFICE,2,"Hang theo mua, dot bien, so luong lon"
71510,SQUARE METAL CANDLEHOLDER BASE,1,"Hang cao cap, gia tri cao, it lap lai"
72051S,BAG OF SILVER STONES,2,"Hang theo mua, dot bien, so luong lon"
72122,COFFEE SCENT PILLAR CANDLE,2,"Hang theo mua, dot bien, so luong lon"
72127,COLUMBIAN CANDLE ROUND ,2,"Hang theo mua, dot bien, so luong lon"
72128,COLUMBIAN CANDLE ROUND,2,"Hang theo mua, dot bien, so luong lon"
72130,COLUMBIAN CANDLE ROUND,2,"Hang theo mua, dot bien, so luong lon"
72131,COLUMBIAN CANDLE RECTANGLE,2,"Hang theo mua, dot bien, so luong lon"
72132,COLUMBIAN CUBE CANDLE,1,"Hang cao cap, gia tri cao, it lap lai"
72133,COLUMBIAN CANDLE RECTANGLE,1,"Hang cao cap, gia tri cao, it lap lai"
72134,COLUMBIAN  CUBE CANDLE ,2,"Hang theo mua, dot bien, so luong lon"
72140E,BEST DAD CANDLE LETTERS,1,"Hang cao cap, gia tri cao, it lap lai"
72225C,LAVENDER SCENT CAKE CANDLE,2,"Hang theo mua, dot bien, so luong lon"
72232,FENG SHUI PILLAR CANDLE,2,"Hang theo mua, dot bien, so luong lon"
72349B,SET/6 PURPLE BUTTERFLY T-LIGHTS,2,"Hang theo mua, dot bien, so luong lon"
72349b,SET/6 PURPLE BUTTERFLY T-LIGHTS,1,"Hang cao cap, gia tri cao, it lap lai"
72351A,SET/6 TURQUOISE BUTTERFLY T-LIGHTS,4,"Hang trung binh, on dinh quanh nam"
72351B,SET/6 PINK  BUTTERFLY T-LIGHTS,4,"Hang trung binh, on dinh quanh nam"
72351a,SET/6 TURQUOISE BUTTERFLY T-LIGHTS,1,"Hang cao cap, gia tri cao, it lap lai"
72369A,PINK CLEAR GLASS CANDLE PLATE,1,"Hang cao cap, gia tri cao, it lap lai"
72586,SET OF 6 HALLOWEEN GHOST T-LIGHTS,2,"Hang theo mua, dot bien, so luong lon"
72598,SET/12 TAPER CANDLES,2,"Hang theo mua, dot bien, so luong lon"
72709,IVORY SCULPTED RND CANDLE ,1,"Hang cao cap, gia tri cao, it lap lai"
72741,GRAND CHOCOLATECANDLE,4,"Hang trung binh, on dinh quanh nam"
72760B,VINTAGE CREAM 3 BASKET CAKE STAND,0,"Hang ban chay, gia thap, mua thuong xuyen"
72780,BLACK SILOUETTE CANDLE PLATE,2,"Hang theo mua, dot bien, so luong lon"
72799C,PINK PILLAR CANDLE SILVER FLOCK,1,"Hang cao cap, gia tri cao, it lap lai"
72799E,IVORY PILLAR CANDLE SILVER FLOCK,2,"Hang theo mua, dot bien, so luong lon"
72799F,IVORY PILLAR CANDLE GOLD FLOCK,2,"Hang theo mua, dot bien, so luong lon"
72800B, 4 PURPLE FLOCK DINNER CANDLES,1,"Hang cao cap, gia tri cao, it lap lai"
72800C,4 PINK DINNER CANDLE SILVER FLOCK,1,"Hang cao cap, gia tri cao, it lap lai"
72800D,4 BLUE DINNER CANDLES SILVER FLOCK,1,"Hang cao cap, gia tri cao, it lap lai"
72800E,4 IVORY DINNER CANDLES SILVER FLOCK,0,"Hang ban chay, gia thap, mua thuong xuyen"
72801C,4 ROSE PINK DINNER CANDLES,2,"Hang theo mua, dot bien, so luong lon"
72801D,4 SKY BLUE DINNER CANDLES,1,"Hang cao cap, gia tri cao, it lap lai"
72801G,4 BURGUNDY WINE DINNER CANDLES,1,"Hang cao cap, gia tri cao, it lap lai"
72801c,4 ROSE PINK DINNER CANDLES,1,"Hang cao cap, gia tri cao, it lap lai"
72801d,4 SKY BLUE DINNER CANDLES,1,"Hang cao cap, gia tri cao, it lap lai"
72802A,ROSE SCENT CANDLE IN JEWELLED BOX,0,"Hang ban chay, gia thap, mua thuong xuyen"
72802B,OCEAN SCENT CANDLE IN JEWELLED BOX,4,"Hang trung binh, on dinh quanh nam"
72802C,VANILLA SCENT CANDLE JEWELLED BOX,4,"Hang trung binh, on dinh quanh nam"
72803A,ROSE SCENT CANDLE JEWELLED DRAWER,2,"Hang theo mua, dot bien, so luong lon"
72807A,SET/3 ROSE CANDLE IN JEWELLED BOX,0,"Hang ban chay, gia thap, mua thuong xuyen"
72807B,SET/3 OCEAN SCENT CANDLE JEWEL BOX,0,"Hang ban chay, gia thap, mua thuong xuyen"
72807C,SET/3 VANILLA SCENTED CANDLE IN BOX,0,"Hang ban chay, gia thap, mua thuong xuyen"
72807a,SET/3 ROSE CANDLE IN JEWELLED BOX,1,"Hang cao cap, gia tri cao, it lap lai"
72807c,SET/3 VANILLA SCENTED CANDLE IN BOX,1,"Hang cao cap, gia tri cao, it lap lai"
72811,SMALL ZINC/GLASS CANDLEHOLDER,1,"Hang cao cap, gia tri cao, it lap lai"
72812,LARGE ZINC GLASS CANDLEHOLDER,3,"Hang moi/it nguoi biet, doanh thu thap"
72816,SET/3 CHRISTMAS DECOUPAGE CANDLES,2,"Hang theo mua, dot bien, so luong lon"
72817,SET OF 2 CHRISTMAS DECOUPAGE CANDLE,2,"Hang theo mua, dot bien, so luong lon"
72818,CHRISTMAS DECOUPAGE CANDLE,2,"Hang theo mua, dot bien, so luong lon"
72819,CUPID DESIGN SCENTED CANDLES,2,"Hang theo mua, dot bien, so luong lon"
75011,BLUE DAISY MOBILE,2,"Hang theo mua, dot bien, so luong lon"
75013B,"STRING OF 8 BUTTERFLIES,PINK",1,"Hang cao cap, gia tri cao, it lap lai"
75049L,LARGE CIRCULAR MIRROR MOBILE,4,"Hang trung binh, on dinh quanh nam"
75131,METAL TUBE CHIME ON BAMBOO,2,"Hang theo mua, dot bien, so luong lon"
75172,PAINTED SEA SHELL METAL WINDCHIME,2,"Hang theo mua, dot bien, so luong lon"
75178,ASSTD COL BUTTERFLY/CRYSTAL W/CHIME,2,"Hang theo mua, dot bien, so luong lon"
77101A,UNION FLAG WINDSOCK,2,"Hang theo mua, dot bien, so luong lon"
78033,FLAG OF ST GEORGE CHAIR,1,"Hang cao cap, gia tri cao, it lap lai"
78034B,BLUE NETTING STORAGE HANGER,1,"Hang cao cap, gia tri cao, it lap lai"
78124,MAGAZINE RACK GEBRA ASSORTED ,2,"Hang theo mua, dot bien, so luong lon"
79000,MOROCCAN TEA GLASS,4,"Hang trung binh, on dinh quanh nam"
79026B,"S/4 ICON COASTER,ELVIS LIVES",1,"Hang cao cap, gia tri cao, it lap lai"
79030D,"TUMBLER, BAROQUE",2,"Hang theo mua, dot bien, so luong lon"
79030G,"TUMBLER, NEW ENGLAND",2,"Hang theo mua, dot bien, so luong lon"
79051A,SMOKEY GREY COLOUR D.O.F. GLASS,2,"Hang theo mua, dot bien, so luong lon"
79063C,"RETRO PILL BOX KEY CHAIN,THE KING",2,"Hang theo mua, dot bien, so luong lon"
79063D,"RETRO PILL BOX , REVOLUTIONARY",2,"Hang theo mua, dot bien, so luong lon"
79066K,RETRO MOD TRAY,2,"Hang theo mua, dot bien, so luong lon"
79066k,RETRO MOD TRAY,1,"Hang cao cap, gia tri cao, it lap lai"
79067,CORONA MEXICAN TRAY,0,"Hang ban chay, gia thap, mua thuong xuyen"
79071B,ENGLISH ROSE METAL WASTE BIN,1,"Hang cao cap, gia tri cao, it lap lai"
79144B,PAINTED LIGHTBULB STAR+ MOON,3,"Hang moi/it nguoi biet, doanh thu thap"
79144C,PAINTED LIGHTBULB RAINBOW DESIGN,3,"Hang moi/it nguoi biet, doanh thu thap"
79149B,SILICON STAR BULB  BLUE,1,"Hang cao cap, gia tri cao, it lap lai"
79160,HEART SHAPE WIRELESS DOORBELL,2,"Hang theo mua, dot bien, so luong lon"
79163,BLACK CHAMPAGNE GLASS,2,"Hang theo mua, dot bien, so luong lon"
79164,BLACK WINE GLASS,2,"Hang theo mua, dot bien, so luong lon"
79190A,RETRO PLASTIC 70'S TRAY,2,"Hang theo mua, dot bien, so luong lon"
79190B,RETRO PLASTIC POLKA TRAY,2,"Hang theo mua, dot bien, so luong lon"
79190D,RETRO PLASTIC DAISY TRAY,2,"Hang theo mua, dot bien, so luong lon"
79191B,RETRO PLASTIC POLKA TRAY,2,"Hang theo mua, dot bien, so luong lon"
79191C,RETRO PLASTIC ELEPHANT TRAY,2,"Hang theo mua, dot bien, so luong lon"
79191D,RETRO PLASTIC DAISY TRAY,1,"Hang cao cap, gia tri cao, it lap lai"
79302M,"ART LIGHTS,FUNK MONKEY",0,"Hang ban chay, gia thap, mua thuong xuyen"
79321,CHILLI LIGHTS,4,"Hang trung binh, on dinh quanh nam"
79337,BLUE FLOCK GLASS CANDLEHOLDER,2,"Hang theo mua, dot bien, so luong lon"
79403,FROSTED WHITE BASE ,1,"Hang cao cap, gia tri cao, it lap lai"
79406,FROSTED WHITE BASE ,2,"Hang theo mua, dot bien, so luong lon"
81950B,FLOWER BLUE CLOCK WITH SUCKER,2,"Hang theo mua, dot bien, so luong lon"
81950V,FLOWER PURPLE CLOCK W/SUCKER,1,"Hang cao cap, gia tri cao, it lap lai"
81952B,ROUND BLUE CLOCK WITH SUCKER,2,"Hang theo mua, dot bien, so luong lon"
81952V,ROUND PURPLE CLOCK WITH SUCKER,2,"Hang theo mua, dot bien, so luong lon"
82001S,VINYL RECORD FRAME SILVER,4,"Hang trung binh, on dinh quanh nam"
82001s,VINYL RECORD FRAME SILVER,1,"Hang cao cap, gia tri cao, it lap lai"
82011A,"BATHROOM SCALES, TROPICAL BEACH",1,"Hang cao cap, gia tri cao, it lap lai"
82011B,BATHROOM SCALES RUBBER DUCKS,1,"Hang cao cap, gia tri cao, it lap lai"
82011C,BATHROOM SCALES FOOTPRINTS IN SAND,1,"Hang cao cap, gia tri cao, it lap lai"
82095,HEART BUTTONS JEWELLERY BOX,3,"Hang moi/it nguoi biet, doanh thu thap"
82482,WOODEN PICTURE FRAME WHITE FINISH,4,"Hang trung binh, on dinh quanh nam"
82483,WOOD 2 DRAWER CABINET WHITE FINISH,0,"Hang ban chay, gia thap, mua thuong xuyen"
82484,WOOD BLACK BOARD ANT WHITE FINISH,4,"Hang trung binh, on dinh quanh nam"
82486,WOOD S/3 CABINET ANT WHITE FINISH,0,"Hang ban chay, gia thap, mua thuong xuyen"
82494L,WOODEN FRAME ANTIQUE WHITE ,4,"Hang trung binh, on dinh quanh nam"
82494l,WOODEN FRAME ANTIQUE WHITE ,1,"Hang cao cap, gia tri cao, it lap lai"
82551,LAUNDRY 15C METAL SIGN,4,"Hang trung binh, on dinh quanh nam"
82552,WASHROOM METAL SIGN,4,"Hang trung binh, on dinh quanh nam"
82567,"AIRLINE LOUNGE,METAL SIGN",0,"Hang ban chay, gia thap, mua thuong xuyen"
82578,KITCHEN METAL SIGN,4,"Hang trung binh, on dinh quanh nam"
82580,BATHROOM METAL SIGN,4,"Hang trung binh, on dinh quanh nam"
82581,TOILET METAL SIGN,4,"Hang trung binh, on dinh quanh nam"
82582,AREA PATROLLED METAL SIGN,4,"Hang trung binh, on dinh quanh nam"
82583,HOT BATHS METAL SIGN,4,"Hang trung binh, on dinh quanh nam"
82599,FANNY'S REST STOPMETAL SIGN,0,"Hang ban chay, gia thap, mua thuong xuyen"
82600,NO SINGING METAL SIGN,4,"Hang trung binh, on dinh quanh nam"
82613A,"METAL SIGN,CUPCAKE SINGLE HOOK",1,"Hang cao cap, gia tri cao, it lap lai"
82613B,"METAL SIGN,CUPCAKE SINGLE HOOK",2,"Hang theo mua, dot bien, so luong lon"
82613C,"METAL SIGN,CUPCAKE SINGLE HOOK",2,"Hang theo mua, dot bien, so luong lon"
82613D,METAL SIGN CUPCAKE SINGLE HOOK,2,"Hang theo mua, dot bien, so luong lon"
82616B,FRAPPUCINO SCARF KNITTING KIT,2,"Hang theo mua, dot bien, so luong lon"
82616C,MIDNIGHT GLAMOUR SCARF KNITTING KIT,2,"Hang theo mua, dot bien, so luong lon"
84006,MAGIC TREE -PAPER FLOWERS,2,"Hang theo mua, dot bien, so luong lon"
84012,MAGIC SHEEP WOOL GROWING FROM PAPER,2,"Hang theo mua, dot bien, so luong lon"
84029E,RED WOOLLY HOTTIE WHITE HEART.,4,"Hang trung binh, on dinh quanh nam"
84029G,KNITTED UNION FLAG HOT WATER BOTTLE,4,"Hang trung binh, on dinh quanh nam"
84030E,ENGLISH ROSE HOT WATER BOTTLE,0,"Hang ban chay, gia thap, mua thuong xuyen"
84030e,ENGLISH ROSE HOT WATER BOTTLE,1,"Hang cao cap, gia tri cao, it lap lai"
84031A,CHARLIE+LOLA RED HOT WATER BOTTLE ,0,"Hang ban chay, gia thap, mua thuong xuyen"
84031B,CHARLIE LOLA BLUE HOT WATER BOTTLE ,0,"Hang ban chay, gia thap, mua thuong xuyen"
84032A,CHARLIE+LOLA PINK HOT WATER BOTTLE,0,"Hang ban chay, gia thap, mua thuong xuyen"
84032B,CHARLIE + LOLA RED HOT WATER BOTTLE,0,"Hang ban chay, gia thap, mua thuong xuyen"
84033,FLAG OF ST GEORGE ,1,"Hang cao cap, gia tri cao, it lap lai"
84050,PINK HEART SHAPE EGG FRYING PAN,4,"Hang trung binh, on dinh quanh nam"
84051,ASS COLOUR GLOWING TIARAS,2,"Hang theo mua, dot bien, so luong lon"
84077,WORLD WAR 2 GLIDERS ASSTD DESIGNS,4,"Hang trung binh, on dinh quanh nam"
84078A,SET/4 WHITE RETRO STORAGE CUBES ,0,"Hang ban chay, gia thap, mua thuong xuyen"
84086B,YELLOW/BLUE RETRO RADIO,1,"Hang cao cap, gia tri cao, it lap lai"
84086C,PINK/PURPLE RETRO RADIO,3,"Hang moi/it nguoi biet, doanh thu thap"
84192,ASSORTED COLOUR METAL CAT ,1,"Hang cao cap, gia tri cao, it lap lai"
84199,GLOW IN DARK DOLPHINS,2,"Hang theo mua, dot bien, so luong lon"
84212,"ASSORTED FLOWER COLOUR ""LEIS""",4,"Hang trung binh, on dinh quanh nam"
84218,BOX/12 CHICK & EGG IN BASKET,2,"Hang theo mua, dot bien, so luong lon"
84226,HEN HOUSE W FAMILY IN BARN & NEST,1,"Hang cao cap, gia tri cao, it lap lai"
84228,HEN HOUSE W CHICK STANDING,2,"Hang theo mua, dot bien, so luong lon"
84231,EASTER BUNNY WITH BASKET ON BACK,1,"Hang cao cap, gia tri cao, it lap lai"
84247E,PACK/12 XMAS FUN CARD,0,"Hang ban chay, gia thap, mua thuong xuyen"
84247G,"DECOUPAGE,GREETING CARD,",2,"Hang theo mua, dot bien, so luong lon"
84247K,"FOLK ART GREETING CARD,pack/12",1,"Hang cao cap, gia tri cao, it lap lai"
84247L,FAWN AND MUSHROOM GREETING CARD,2,"Hang theo mua, dot bien, so luong lon"
84247N,PACK/12 BLUE FOLKART CARDS,1,"Hang cao cap, gia tri cao, it lap lai"
84249A,"GREETING CARD,SQUARE, DOUGHNUTS",2,"Hang theo mua, dot bien, so luong lon"
84251B,"GREETING CARD, STICKY GORDON",3,"Hang moi/it nguoi biet, doanh thu thap"
84251C,"GREETING CARD, TWO SISTERS.",3,"Hang moi/it nguoi biet, doanh thu thap"
84251G,"GREETING CARD, OVERCROWDED POOL.",2,"Hang theo mua, dot bien, so luong lon"
84279B,CHERRY BLOSSOM DECORATIVE FLASK,0,"Hang ban chay, gia thap, mua thuong xuyen"
84279P,CHERRY BLOSSOM  DECORATIVE FLASK,0,"Hang ban chay, gia thap, mua thuong xuyen"
84306,S/3 PINK SQUARE PLANTERS ROSES,3,"Hang moi/it nguoi biet, doanh thu thap"
84313B,BLUE TV TRAY TABLE ,3,"Hang moi/it nguoi biet, doanh thu thap"
84313C,ORANGE TV TRAY TABLE ,2,"Hang theo mua, dot bien, so luong lon"
84341B,SMALL PINK MAGIC CHRISTMAS TREE,2,"Hang theo mua, dot bien, so luong lon"
84347,ROTATING SILVER ANGELS T-LIGHT HLDR,4,"Hang trung binh, on dinh quanh nam"
84352,SILVER CHRISTMAS TREE BAUBLE STAND ,1,"Hang cao cap, gia tri cao, it lap lai"
84356,POMPOM CURTAIN,0,"Hang ban chay, gia thap, mua thuong xuyen"
84358,FLOOR LAMP SHADE WOOD BASE,1,"Hang cao cap, gia tri cao, it lap lai"
84360,TABLE LAMP WHITE SHADE WOOD BASE,1,"Hang cao cap, gia tri cao, it lap lai"
84375,SET OF 20 KIDS COOKIE CUTTERS,4,"Hang trung binh, on dinh quanh nam"
84378,SET OF 3 HEART COOKIE CUTTERS,4,"Hang trung binh, on dinh quanh nam"
84380,SET OF 3 BUTTERFLY COOKIE CUTTERS,4,"Hang trung binh, on dinh quanh nam"
84388,WISE MAN STAR SHAPE EGG PAN,1,"Hang cao cap, gia tri cao, it lap lai"
84406B,CREAM CUPID HEARTS COAT HANGER,4,"Hang trung binh, on dinh quanh nam"
84422,PINK/BLUE DISC/MIRROR STRING,2,"Hang theo mua, dot bien, so luong lon"
84429A,MEDIUM PINK BUDDHA HEAD ,1,"Hang cao cap, gia tri cao, it lap lai"
84452,METAL RABBIT LADDER EASTER ,1,"Hang cao cap, gia tri cao, it lap lai"
84457,SET/3 RABBITS FLOWER SKIPPPING ROPE,2,"Hang theo mua, dot bien, so luong lon"
84459A,PINK METAL CHICKEN HEART ,2,"Hang theo mua, dot bien, so luong lon"
84459B,YELLOW METAL CHICKEN HEART ,2,"Hang theo mua, dot bien, so luong lon"
84461,12 PINK HEN+CHICKS IN BASKET,1,"Hang cao cap, gia tri cao, it lap lai"
84462,3 PINK HEN+CHICKS IN BASKET,1,"Hang cao cap, gia tri cao, it lap lai"
84465,15 PINK FLUFFY CHICKS IN BOX,1,"Hang cao cap, gia tri cao, it lap lai"
84466,TOP SECRET PEN SET,1,"Hang cao cap, gia tri cao, it lap lai"
84497,BUTTONS AND STRIPES NOTEBOOK ,1,"Hang cao cap, gia tri cao, it lap lai"
84507B,STRIPES DESIGN MONKEY DOLL,1,"Hang cao cap, gia tri cao, it lap lai"
84507C,BLUE CIRCLES DESIGN MONKEY DOLL,1,"Hang cao cap, gia tri cao, it lap lai"
84508A,CAMOUFLAGE DESIGN TEDDY,2,"Hang theo mua, dot bien, so luong lon"
84508B,STRIPES DESIGN TEDDY,1,"Hang cao cap, gia tri cao, it lap lai"
84508C,BLUE CIRCLES DESIGN TEDDY,1,"Hang cao cap, gia tri cao, it lap lai"
84509A,SET OF 4 ENGLISH ROSE PLACEMATS,0,"Hang ban chay, gia thap, mua thuong xuyen"
84509B,SET OF 4 FAIRY CAKE PLACEMATS,0,"Hang ban chay, gia thap, mua thuong xuyen"
84509C,SET OF 4 POLKADOT PLACEMATS ,0,"Hang ban chay, gia thap, mua thuong xuyen"
84509E,SET OF 4 CAROUSEL PLACEMATS ,3,"Hang moi/it nguoi biet, doanh thu thap"
84509G,SET OF 4 FAIRY CAKE PLACEMATS ,2,"Hang theo mua, dot bien, so luong lon"
84509a,SET OF 4 ENGLISH ROSE PLACEMATS,1,"Hang cao cap, gia tri cao, it lap lai"
84509c,SET OF 4 POLKADOT PLACEMATS ,1,"Hang cao cap, gia tri cao, it lap lai"
84510A,SET OF 4 ENGLISH ROSE COASTERS,4,"Hang trung binh, on dinh quanh nam"
84510C,SET OF 4 POLKADOT COASTERS,1,"Hang cao cap, gia tri cao, it lap lai"
84510E,SET OF 4 GREEN CAROUSEL COASTERS,1,"Hang cao cap, gia tri cao, it lap lai"
84510a,SET OF 4 ENGLISH ROSE COASTERS,1,"Hang cao cap, gia tri cao, it lap lai"
84510c,SET OF 4 POLKADOT COASTERS,1,"Hang cao cap, gia tri cao, it lap lai"
84519A,TOMATO CHARLIE+LOLA COASTER SET,2,"Hang theo mua, dot bien, so luong lon"
84519B,CARROT CHARLIE+LOLA COASTER SET,0,"Hang ban chay, gia thap, mua thuong xuyen"
84520B,PACK 20 ENGLISH ROSE PAPER NAPKINS,2,"Hang theo mua, dot bien, so luong lon"
84522,PINK PARTY SUNGLASSES,1,"Hang cao cap, gia tri cao, it lap lai"
84527,FLAMES SUNGLASSES PINK LENSES,1,"Hang cao cap, gia tri cao, it lap lai"
84531A,PINK KNITTED EGG COSY,2,"Hang theo mua, dot bien, so luong lon"
84531B,BLUE KNITTED EGG COSY,2,"Hang theo mua, dot bien, so luong lon"
84534B,FAIRY CAKE NOTEBOOK A5 SIZE,1,"Hang cao cap, gia tri cao, it lap lai"
84535A,ENGLISH ROSE NOTEBOOK A6 SIZE,2,"Hang theo mua, dot bien, so luong lon"
84535B,FAIRY CAKES NOTEBOOK A6 SIZE,2,"Hang theo mua, dot bien, so luong lon"
84536A,ENGLISH ROSE NOTEBOOK A7 SIZE,4,"Hang trung binh, on dinh quanh nam"
84536B,FAIRY CAKES NOTEBOOK A7 SIZE,4,"Hang trung binh, on dinh quanh nam"
84549,CROCHET WHITE RABBIT KEYRING ,1,"Hang cao cap, gia tri cao, it lap lai"
84558A,3D DOG PICTURE PLAYING CARDS,0,"Hang ban chay, gia thap, mua thuong xuyen"
84558a,3D DOG PICTURE PLAYING CARDS,1,"Hang cao cap, gia tri cao, it lap lai"
84559A,3D SHEET OF DOG STICKERS,2,"Hang theo mua, dot bien, so luong lon"
84559B,3D SHEET OF CAT STICKERS,2,"Hang theo mua, dot bien, so luong lon"
84559a,3D SHEET OF DOG STICKERS,1,"Hang cao cap, gia tri cao, it lap lai"
84559b,3D SHEET OF CAT STICKERS,1,"Hang cao cap, gia tri cao, it lap lai"
84563A,PINK & WHITE BREAKFAST TRAY,3,"Hang moi/it nguoi biet, doanh thu thap"
84563B,BLUE & WHITE BREAKFAST TRAY,1,"Hang cao cap, gia tri cao, it lap lai"
84568,GIRLS ALPHABET IRON ON PATCHES ,4,"Hang trung binh, on dinh quanh nam"
84569A,PACK 3 IRON ON DOG PATCHES,2,"Hang theo mua, dot bien, so luong lon"
84569B,PACK 3 FIRE ENGINE/CAR PATCHES,1,"Hang cao cap, gia tri cao, it lap lai"
84569D,PACK 6 HEART/ICE-CREAM PATCHES,2,"Hang theo mua, dot bien, so luong lon"
84576,BLUE CAT BISCUIT BARREL PINK HEART,1,"Hang cao cap, gia tri cao, it lap lai"
84580,MOUSE TOY WITH PINK T-SHIRT,0,"Hang ban chay, gia thap, mua thuong xuyen"
84581,DOG TOY WITH PINK CROCHET SKIRT,0,"Hang ban chay, gia thap, mua thuong xuyen"
84584,PINK GINGHAM CAT WITH SCARF,1,"Hang cao cap, gia tri cao, it lap lai"
84592,CROCHET ROSE PURSE WITH SUEDE BACK,1,"Hang cao cap, gia tri cao, it lap lai"
84595E,LARGE TORTILLA DESIGN RED BOWL,1,"Hang cao cap, gia tri cao, it lap lai"
84596B,SMALL DOLLY MIX DESIGN ORANGE BOWL,4,"Hang trung binh, on dinh quanh nam"
84596E,SMALL LICORICE DES PINK BOWL,2,"Hang theo mua, dot bien, so luong lon"
84596F,SMALL MARSHMALLOWS PINK BOWL,4,"Hang trung binh, on dinh quanh nam"
84596G,SMALL CHOCOLATES PINK BOWL,4,"Hang trung binh, on dinh quanh nam"
84596J,MIXED NUTS LIGHT GREEN BOWL,2,"Hang theo mua, dot bien, so luong lon"
84596L,BISCUITS SMALL BOWL LIGHT BLUE,2,"Hang theo mua, dot bien, so luong lon"
84596b,SMALL DOLLY MIX DESIGN ORANGE BOWL,1,"Hang cao cap, gia tri cao, it lap lai"
84596e,SMALL LICORICE DES PINK BOWL,1,"Hang cao cap, gia tri cao, it lap lai"
84596f,SMALL MARSHMALLOWS PINK BOWL,1,"Hang cao cap, gia tri cao, it lap lai"
84597B,RETRO BROWN BALL ASHTRAY ,1,"Hang cao cap, gia tri cao, it lap lai"
84597C,RETRO PINK BALL ASHTRAY ,1,"Hang cao cap, gia tri cao, it lap lai"
84598,BOYS ALPHABET IRON ON PATCHES,3,"Hang moi/it nguoi biet, doanh thu thap"
84600,NEW BAROQUE JEWELLERY BOX ,1,"Hang cao cap, gia tri cao, it lap lai"
84609,TALL ROCOCO CANDLE HOLDER,0,"Hang ban chay, gia thap, mua thuong xuyen"
84616,SILVER ROCCOCO CHANDELIER,1,"Hang cao cap, gia tri cao, it lap lai"
84625A,PINK NEW BAROQUECANDLESTICK CANDLE,2,"Hang theo mua, dot bien, so luong lon"
84625C,BLUE NEW BAROQUE CANDLESTICK CANDLE,2,"Hang theo mua, dot bien, so luong lon"
84629,WHITE 3 FRAME BIRDS AND TREE ,1,"Hang cao cap, gia tri cao, it lap lai"
84631,FRUIT TREE AND BIRDS WALL PLAQUE,3,"Hang moi/it nguoi biet, doanh thu thap"
84632,DECORATIVE HANGING SHELVING UNIT,1,"Hang cao cap, gia tri cao, it lap lai"
84637,KITCHEN FLOWER POTS WALL PLAQUE,3,"Hang moi/it nguoi biet, doanh thu thap"
84638,SMALL KITCHEN FLOWER POTS PLAQUE,3,"Hang moi/it nguoi biet, doanh thu thap"
84658,WHITE STITCHED CUSHION COVER,1,"Hang cao cap, gia tri cao, it lap lai"
84659A,WHITE TRAVEL ALARM CLOCK,3,"Hang moi/it nguoi biet, doanh thu thap"
84660A,WHITE STITCHED WALL CLOCK,2,"Hang theo mua, dot bien, so luong lon"
84660B,BLACK STITCHED WALL CLOCK,2,"Hang theo mua, dot bien, so luong lon"
84660C,PINK STITCHED WALL CLOCK,2,"Hang theo mua, dot bien, so luong lon"
84660c,PINK STITCHED WALL CLOCK,1,"Hang cao cap, gia tri cao, it lap lai"
84661A,WHITE SQUARE TABLE CLOCK,1,"Hang cao cap, gia tri cao, it lap lai"
84661B,BLACK SQUARE TABLE CLOCK,1,"Hang cao cap, gia tri cao, it lap lai"
84661C,PINK SQUARE TABLE CLOCK,1,"Hang cao cap, gia tri cao, it lap lai"
84663A,GRASS HOPPER WOODEN WALL CLOCK ,2,"Hang theo mua, dot bien, so luong lon"
84665,SQUARE CHERRY BLOSSOM CABINET,1,"Hang cao cap, gia tri cao, it lap lai"
84673A,PINK FLY SWAT,1,"Hang cao cap, gia tri cao, it lap lai"
84673B,BLUE FLY SWAT,2,"Hang theo mua, dot bien, so luong lon"
84674,FLYING PIG WATERING CAN,0,"Hang ban chay, gia thap, mua thuong xuyen"
84678,CLASSICAL ROSE SMALL VASE,2,"Hang theo mua, dot bien, so luong lon"
84683,CLASSICAL ROSE CANDLESTAND,2,"Hang theo mua, dot bien, so luong lon"
84685,BEACH HUT KEY CABINET,3,"Hang moi/it nguoi biet, doanh thu thap"
84686,BEACH HUT MIRROR,1,"Hang cao cap, gia tri cao, it lap lai"
84687,BEACH HUT SHELF W 3 DRAWERS,1,"Hang cao cap, gia tri cao, it lap lai"
84688,BEACH HUT DESIGN BLACKBOARD,1,"Hang cao cap, gia tri cao, it lap lai"
84692,BOX OF 24 COCKTAIL PARASOLS,4,"Hang trung binh, on dinh quanh nam"
84706F,RED PEONY TABLE CLOCK,1,"Hang cao cap, gia tri cao, it lap lai"
84707A,SILVER JEWELLED MIRROR TRINKET TRAY,0,"Hang ban chay, gia thap, mua thuong xuyen"
84707B,PINK JEWELLED MIRROR TRINKET TRAY,1,"Hang cao cap, gia tri cao, it lap lai"
84708B,PINK JEWELLED PHOTO FRAME ,1,"Hang cao cap, gia tri cao, it lap lai"
84709B,PINK OVAL JEWELLED MIRROR,1,"Hang cao cap, gia tri cao, it lap lai"
84711A,SILVER OVAL SHAPE TRINKET BOX,1,"Hang cao cap, gia tri cao, it lap lai"
84711B,PINK OVAL SHAPE TRINKET BOX,1,"Hang cao cap, gia tri cao, it lap lai"
84712B,PINK JEWELLED PHOTO FRAME,1,"Hang cao cap, gia tri cao, it lap lai"
84723,CHERRY BLOSSOM CANVAS ART PICTURE,1,"Hang cao cap, gia tri cao, it lap lai"
84725,FREESTYLE CANVAS ART PICTURE,1,"Hang cao cap, gia tri cao, it lap lai"
84741C,CITRUS GARLAND FELT FLOWERS ,1,"Hang cao cap, gia tri cao, it lap lai"
84744,S/6 SEW ON CROCHET FLOWERS,1,"Hang cao cap, gia tri cao, it lap lai"
84745A,PINK HANGING GINGHAM EASTER HEN,1,"Hang cao cap, gia tri cao, it lap lai"
84745B,BLUE HANGING GINGHAM EASTER HEN,1,"Hang cao cap, gia tri cao, it lap lai"
84746,PINK EASTER HENS+FLOWER,3,"Hang moi/it nguoi biet, doanh thu thap"
84748,FOLK FELT HANGING MULTICOL GARLAND,3,"Hang moi/it nguoi biet, doanh thu thap"
84750B,BLACK SMALL GLASS CAKE STAND,1,"Hang cao cap, gia tri cao, it lap lai"
84751B,BLACK MEDIUM GLASS CAKE STAND,1,"Hang cao cap, gia tri cao, it lap lai"
84754,S/15 SILVER GLASS BAUBLES IN BAG,2,"Hang theo mua, dot bien, so luong lon"
84755,COLOUR GLASS T-LIGHT HOLDER HANGING,4,"Hang trung binh, on dinh quanh nam"
84760S,SMALL HANGING GLASS+ZINC LANTERN,1,"Hang cao cap, gia tri cao, it lap lai"
84763,ZINC FINISH 15CM PLANTER POTS,2,"Hang theo mua, dot bien, so luong lon"
84766,SILVER ROCOCO CANDLE STICK,2,"Hang theo mua, dot bien, so luong lon"
84789,ENCHANTED BIRD PLANT CAGE,0,"Hang ban chay, gia thap, mua thuong xuyen"
84792,ENCHANTED BIRD COATHANGER 5 HOOK,0,"Hang ban chay, gia thap, mua thuong xuyen"
84795B,SUNSET CHECK HAMMOCK,0,"Hang ban chay, gia thap, mua thuong xuyen"
84795b,SUNSET CHECK HAMMOCK,1,"Hang cao cap, gia tri cao, it lap lai"
84796A,PINK HAWAIIAN PICNIC HAMPER FOR 2,3,"Hang moi/it nguoi biet, doanh thu thap"
84796B,BLUE SAVANNAH PICNIC HAMPER FOR 2,3,"Hang moi/it nguoi biet, doanh thu thap"
84796a,PINK HAWAIIAN PICNIC HAMPER FOR 2,1,"Hang cao cap, gia tri cao, it lap lai"
84799,SPRIG LAVENDER ARTIFICIAL FLOWER,2,"Hang theo mua, dot bien, so luong lon"
84800L,LARGE WHITE/PINK ROSE ART FLOWER,2,"Hang theo mua, dot bien, so luong lon"
84800M,MEDIUM WHITE/PINK ROSE ART FLOWER,2,"Hang theo mua, dot bien, so luong lon"
84800S,SMALL WHITE/PINK ROSE ART FLOWER,2,"Hang theo mua, dot bien, so luong lon"
84801A,PINK HYDRANGEA ART FLOWER,1,"Hang cao cap, gia tri cao, it lap lai"
84804A,CREAM DELPHINIUM ARTIFICIAL FLOWER,1,"Hang cao cap, gia tri cao, it lap lai"
84804B,BLUE DELPHINIUM ARTIFICIAL FLOWER,2,"Hang theo mua, dot bien, so luong lon"
84806A,PINK CANDYSTUFT ARTIFICIAL FLOWER,2,"Hang theo mua, dot bien, so luong lon"
84806B,WHITE CANDYSTUFT ARTIFICIAL FLOWER,2,"Hang theo mua, dot bien, so luong lon"
84809A,WHITE CHRYSANTHEMUMS ART FLOWER,1,"Hang cao cap, gia tri cao, it lap lai"
84813,SET OF 4 DIAMOND NAPKIN RINGS,0,"Hang ban chay, gia thap, mua thuong xuyen"
84816,DANISH ROSE BEDSIDE CABINET,1,"Hang cao cap, gia tri cao, it lap lai"
84817,DANISH ROSE DECORATIVE PLATE,2,"Hang theo mua, dot bien, so luong lon"
84818,DANISH ROSE PHOTO FRAME,2,"Hang theo mua, dot bien, so luong lon"
84819,DANISH ROSE ROUND SEWING BOX,2,"Hang theo mua, dot bien, so luong lon"
84820,DANISH ROSE TRINKET TRAYS,2,"Hang theo mua, dot bien, so luong lon"
84821,DANISH ROSE DELUXE COASTER,2,"Hang theo mua, dot bien, so luong lon"
84823,DANISH ROSE FOLDING CHAIR,0,"Hang ban chay, gia thap, mua thuong xuyen"
84826,ASSTD DESIGN 3D PAPER STICKERS,2,"Hang theo mua, dot bien, so luong lon"
84827,ASS DES PHONE SPONGE CRAFT STICKER,2,"Hang theo mua, dot bien, so luong lon"
84828,JUNGLE POPSICLES ICE LOLLY HOLDERS,4,"Hang trung binh, on dinh quanh nam"
84832,ZINC WILLIE WINKIE  CANDLE STICK,4,"Hang trung binh, on dinh quanh nam"
84836,ZINC METAL HEART DECORATION,4,"Hang trung binh, on dinh quanh nam"
84840,SWEETHEART CARRY-ALL BASKET,1,"Hang cao cap, gia tri cao, it lap lai"
84842,HELLO SAILOR BATHROOM SET,1,"Hang cao cap, gia tri cao, it lap lai"
84843,WHITE SOAP RACK WITH 2 BOTTLES,0,"Hang ban chay, gia thap, mua thuong xuyen"
84846A,SCENTED CANDLE IN DIGITALIS TIN,1,"Hang cao cap, gia tri cao, it lap lai"
84847,FLORAL BATHROOM SET,1,"Hang cao cap, gia tri cao, it lap lai"
84849A,HELLO SAILOR BLUE SOAP HOLDER,0,"Hang ban chay, gia thap, mua thuong xuyen"
84849B,FAIRY SOAP SOAP HOLDER,0,"Hang ban chay, gia thap, mua thuong xuyen"
84849D,HOT BATHS SOAP HOLDER,2,"Hang theo mua, dot bien, so luong lon"
84857C,PINK MONTE CARLO HANDBAG,1,"Hang cao cap, gia tri cao, it lap lai"
84858C,PINK RIVIERA HANDBAG,2,"Hang theo mua, dot bien, so luong lon"
84859A,SILVER DISCO HANDBAG,1,"Hang cao cap, gia tri cao, it lap lai"
84859B,BLUE DISCO HANDBAG,1,"Hang cao cap, gia tri cao, it lap lai"
84859C,PINK DISCO HANDBAG,1,"Hang cao cap, gia tri cao, it lap lai"
84865,NEW BAROQUE BLACK PHOTO ALBUM,1,"Hang cao cap, gia tri cao, it lap lai"
84870B,BLUE GEISHA GIRL ,1,"Hang cao cap, gia tri cao, it lap lai"
84870C,GREEN GEISHA GIRL ,1,"Hang cao cap, gia tri cao, it lap lai"
84872A,TEATIME FUNKY FLOWER BACKPACK FOR 2,3,"Hang moi/it nguoi biet, doanh thu thap"
84872a,TEATIME FUNKY FLOWER BACKPACK FOR 2,1,"Hang cao cap, gia tri cao, it lap lai"
84874B,BLUE TRAVEL FIRST AID KIT,1,"Hang cao cap, gia tri cao, it lap lai"
84875B,GREEN SQUARE COMPACT MIRROR,2,"Hang theo mua, dot bien, so luong lon"
84875D,BLUE SQUARE COMPACT MIRROR,1,"Hang cao cap, gia tri cao, it lap lai"
84876B,GREEN HEART COMPACT MIRROR,2,"Hang theo mua, dot bien, so luong lon"
84876D,BLUE HEART COMPACT MIRROR,2,"Hang theo mua, dot bien, so luong lon"
84877B,GREEN ROUND COMPACT MIRROR,2,"Hang theo mua, dot bien, so luong lon"
84877D,BLUE ROUND COMPACT MIRROR,1,"Hang cao cap, gia tri cao, it lap lai"
84879,ASSORTED COLOUR BIRD ORNAMENT,4,"Hang trung binh, on dinh quanh nam"
84880,WHITE WIRE EGG HOLDER,0,"Hang ban chay, gia thap, mua thuong xuyen"
84881,BLUE WIRE SPIRAL CANDLE HOLDER,1,"Hang cao cap, gia tri cao, it lap lai"
84882,GREEN WIRE STANDING CANDLE HOLDER,1,"Hang cao cap, gia tri cao, it lap lai"
84884A,ANT WHITE WIRE HEART SPIRAL,0,"Hang ban chay, gia thap, mua thuong xuyen"
84884a,ANT WHITE WIRE HEART SPIRAL,1,"Hang cao cap, gia tri cao, it lap lai"
84898F,YELLOW FLOWERS FELT HANDBAG KIT,1,"Hang cao cap, gia tri cao, it lap lai"
84905,PINK BUTTERFLY CUSHION COVER ,3,"Hang moi/it nguoi biet, doanh thu thap"
84906,PINK B'FLY C/COVER W BOBBLES,1,"Hang cao cap, gia tri cao, it lap lai"
84907,PINK YELLOW PATCH CUSHION COVER,3,"Hang moi/it nguoi biet, doanh thu thap"
84910A,PINK PAISLEY CUSHION COVER ,1,"Hang cao cap, gia tri cao, it lap lai"
84912A,PINK ROSE WASHBAG,0,"Hang ban chay, gia thap, mua thuong xuyen"
84912B,GREEN ROSE WASHBAG,0,"Hang ban chay, gia thap, mua thuong xuyen"
84913A,SOFT PINK ROSE TOWEL ,3,"Hang moi/it nguoi biet, doanh thu thap"
84913B,MINT GREEN ROSE TOWEL,3,"Hang moi/it nguoi biet, doanh thu thap"
84915,HAND TOWEL PINK FLOWER AND DAISY,2,"Hang theo mua, dot bien, so luong lon"
84916,HAND TOWEL PALE BLUE W FLOWERS,2,"Hang theo mua, dot bien, so luong lon"
84917,WHITE HAND TOWEL WITH BUTTERFLY,2,"Hang theo mua, dot bien, so luong lon"
84919,BLUE CUSHION COVER WITH FLOWER,3,"Hang moi/it nguoi biet, doanh thu thap"
84920,PINK FLOWER FABRIC PONY,0,"Hang ban chay, gia thap, mua thuong xuyen"
84921,CREAM AND PINK FLOWERS PONY ,1,"Hang cao cap, gia tri cao, it lap lai"
84922,PINK BUTTERFLY WASHBAG,1,"Hang cao cap, gia tri cao, it lap lai"
84923,PINK BUTTERFLY HANDBAG W BOBBLES,1,"Hang cao cap, gia tri cao, it lap lai"
84924A,WAKE UP COCKEREL CALENDAR SIGN ,1,"Hang cao cap, gia tri cao, it lap lai"
84925D,LA PALMIERA WALL THERMOMETER,1,"Hang cao cap, gia tri cao, it lap lai"
84925F,PSYCHEDELIC WALL THERMOMETER,1,"Hang cao cap, gia tri cao, it lap lai"
84926A,WAKE UP COCKEREL TILE COASTER,2,"Hang theo mua, dot bien, so luong lon"
84926D,LA PALMIERA TILE COASTER,2,"Hang theo mua, dot bien, so luong lon"
84926E,FLOWERS TILE COASTER,2,"Hang theo mua, dot bien, so luong lon"
84926F,PSYCHEDELIC TILE COASTER,2,"Hang theo mua, dot bien, so luong lon"
84927A,WAKE UP COCKEREL TILE HOOK,1,"Hang cao cap, gia tri cao, it lap lai"
84927D,LA PALMIERA TILE HOOK,1,"Hang cao cap, gia tri cao, it lap lai"
84927E,FLOWERS TILE HOOK,1,"Hang cao cap, gia tri cao, it lap lai"
84927F,PSYCHEDELIC TILE HOOK,2,"Hang theo mua, dot bien, so luong lon"
84929,ASSTD FRUIT+FLOWERS FRIDGE MAGNETS,2,"Hang theo mua, dot bien, so luong lon"
84931A,PINK SCOTTIE DOG W FLOWER PATTERN,1,"Hang cao cap, gia tri cao, it lap lai"
84931B,BLUE SCOTTIE DOG W FLOWER PATTERN,2,"Hang theo mua, dot bien, so luong lon"
84944,SET OF 6 KASHMIR FOLKART BAUBLES,2,"Hang theo mua, dot bien, so luong lon"
84945,MULTI COLOUR SILVER T-LIGHT HOLDER,4,"Hang trung binh, on dinh quanh nam"
84946,ANTIQUE SILVER TEA GLASS ETCHED,4,"Hang trung binh, on dinh quanh nam"
84947,ANTIQUE SILVER TEA GLASS ENGRAVED,4,"Hang trung binh, on dinh quanh nam"
84949,SILVER HANGING T-LIGHT HOLDER,4,"Hang trung binh, on dinh quanh nam"
84950,ASSORTED COLOUR T-LIGHT HOLDER,4,"Hang trung binh, on dinh quanh nam"
84951A,SET OF 4 PISTACHIO LOVEBIRD COASTER,2,"Hang theo mua, dot bien, so luong lon"
84951B,SET OF 4 BLACK LOVEBIRD COASTERS,2,"Hang theo mua, dot bien, so luong lon"
84952A,CLEAR LOVE BIRD T-LIGHT HOLDER,3,"Hang moi/it nguoi biet, doanh thu thap"
84952B,BLACK LOVE BIRD T-LIGHT HOLDER,2,"Hang theo mua, dot bien, so luong lon"
84952C,MIRROR LOVE BIRD T-LIGHT HOLDER,2,"Hang theo mua, dot bien, so luong lon"
84968A,SET OF 16 VINTAGE ROSE CUTLERY,0,"Hang ban chay, gia thap, mua thuong xuyen"
84968C,SET OF 16 VINTAGE PISTACHIO CUTLERY,0,"Hang ban chay, gia thap, mua thuong xuyen"
84968D,SET OF 16 VINTAGE RED CUTLERY,0,"Hang ban chay, gia thap, mua thuong xuyen"
84968E,SET OF 16 VINTAGE BLACK CUTLERY,0,"Hang ban chay, gia thap, mua thuong xuyen"
84968F,SET OF 16 VINTAGE SKY BLUE CUTLERY,0,"Hang ban chay, gia thap, mua thuong xuyen"
84968e,SET OF 16 VINTAGE BLACK CUTLERY,1,"Hang cao cap, gia tri cao, it lap lai"
84969,BOX OF 6 ASSORTED COLOUR TEASPOONS,0,"Hang ban chay, gia thap, mua thuong xuyen"
84970L,SINGLE HEART ZINC T-LIGHT HOLDER,4,"Hang trung binh, on dinh quanh nam"
84970S,HANGING HEART ZINC T-LIGHT HOLDER,4,"Hang trung binh, on dinh quanh nam"
84970l,SINGLE HEART ZINC T-LIGHT HOLDER,1,"Hang cao cap, gia tri cao, it lap lai"
84970s,HANGING HEART ZINC T-LIGHT HOLDER,1,"Hang cao cap, gia tri cao, it lap lai"
84971S,SMALL HEART FLOWERS HOOK ,4,"Hang trung binh, on dinh quanh nam"
84974,S/2 ZINC HEART DESIGN PLANTERS,1,"Hang cao cap, gia tri cao, it lap lai"
84976,RECTANGULAR SHAPED MIRROR,2,"Hang theo mua, dot bien, so luong lon"
84978,HANGING HEART JAR T-LIGHT HOLDER,4,"Hang trung binh, on dinh quanh nam"
84984A,GREEN PEONY CUSHION COVER,1,"Hang cao cap, gia tri cao, it lap lai"
84984B,RED PEONY CUSHION COVER ,1,"Hang cao cap, gia tri cao, it lap lai"
84985A,SET OF 72 GREEN PAPER DOILIES,1,"Hang cao cap, gia tri cao, it lap lai"
84987,SET OF 36 TEATIME PAPER DOILIES,4,"Hang trung binh, on dinh quanh nam"
84988,SET OF 72 PINK HEART PAPER DOILIES,4,"Hang trung binh, on dinh quanh nam"
84989A,75 GREEN FAIRY CAKE CASES,1,"Hang cao cap, gia tri cao, it lap lai"
84989a,75 GREEN FAIRY CAKE CASES,1,"Hang cao cap, gia tri cao, it lap lai"
84991,60 TEATIME FAIRY CAKE CASES,4,"Hang trung binh, on dinh quanh nam"
84992,72 SWEETHEART FAIRY CAKE CASES,4,"Hang trung binh, on dinh quanh nam"
84993A,75 GREEN PETIT FOUR CASES,2,"Hang theo mua, dot bien, so luong lon"
84993B,75 BLACK PETIT FOUR CASES,1,"Hang cao cap, gia tri cao, it lap lai"
84993a,75 GREEN PETIT FOUR CASES,1,"Hang cao cap, gia tri cao, it lap lai"
84997A,GREEN 3 PIECE POLKADOT CUTLERY SET,4,"Hang trung binh, on dinh quanh nam"
84997B,RED 3 PIECE RETROSPOT CUTLERY SET,4,"Hang trung binh, on dinh quanh nam"
84997C,BLUE 3 PIECE POLKADOT CUTLERY SET,4,"Hang trung binh, on dinh quanh nam"
84997D,PINK 3 PIECE POLKADOT CUTLERY SET,4,"Hang trung binh, on dinh quanh nam"
84997a,GREEN 3 PIECE POLKADOT CUTLERY SET,1,"Hang cao cap, gia tri cao, it lap lai"
84997b,RED 3 PIECE RETROSPOT CUTLERY SET,1,"Hang cao cap, gia tri cao, it lap lai"
84997c,BLUE 3 PIECE POLKADOT CUTLERY SET,1,"Hang cao cap, gia tri cao, it lap lai"
84997d,PINK 3 PIECE POLKADOT CUTLERY SET,1,"Hang cao cap, gia tri cao, it lap lai"
85006,SET 4 NURSERY DES ROUND BOXES,1,"Hang cao cap, gia tri cao, it lap lai"
85008,SET OF 3 CONEY ISLAND OVAL BOXES,1,"Hang cao cap, gia tri cao, it lap lai"
85014A,BLACK/BLUE POLKADOT UMBRELLA,0,"Hang ban chay, gia thap, mua thuong xuyen"
85014B,RED RETROSPOT UMBRELLA,4,"Hang trung binh, on dinh quanh nam"
85014a,BLACK/BLUE POLKADOT UMBRELLA,1,"Hang cao cap, gia tri cao, it lap lai"
85014b,RED RETROSPOT UMBRELLA,1,"Hang cao cap, gia tri cao, it lap lai"
85015,SET OF 12  VINTAGE POSTCARD SET,4,"Hang trung binh, on dinh quanh nam"
85016,SET OF 6 VINTAGE NOTELETS KIT,2,"Hang theo mua, dot bien, so luong lon"
85017A,ENVELOPE 50 ROMANTIC IMAGES,3,"Hang moi/it nguoi biet, doanh thu thap"
85017B,ENVELOPE 50 BLOSSOM IMAGES,2,"Hang theo mua, dot bien, so luong lon"
85017C,ENVELOPE 50 CURIOUS IMAGES,1,"Hang cao cap, gia tri cao, it lap lai"
85018D,YULETIDE IMAGES S/6 PAPER BOXES,1,"Hang cao cap, gia tri cao, it lap lai"
85019A,ROMANTIC IMAGES NOTEBOOK SET,2,"Hang theo mua, dot bien, so luong lon"
85019B,BLOSSOM  IMAGES NOTEBOOK SET,2,"Hang theo mua, dot bien, so luong lon"
85019C,CURIOUS  IMAGES NOTEBOOK SET,2,"Hang theo mua, dot bien, so luong lon"
85020,ROUND PINK HEART MIRROR,1,"Hang cao cap, gia tri cao, it lap lai"
85023B,EAU DE NILE JEWELLED PHOTOFRAME,2,"Hang theo mua, dot bien, so luong lon"
85024B,EAU DE NILE JEWELLED PHOTOFRAME,2,"Hang theo mua, dot bien, so luong lon"
85024C,PINK SMALL JEWELLED PHOTOFRAME,1,"Hang cao cap, gia tri cao, it lap lai"
85025B,EAU DE NILE HEART SHAPE PHOTO FRAME,2,"Hang theo mua, dot bien, so luong lon"
85025C,PINK HEART SHAPE PHOTO FRAME,2,"Hang theo mua, dot bien, so luong lon"
85026B,EAU DE NILE JEWELLED T-LIGHT HOLDER,1,"Hang cao cap, gia tri cao, it lap lai"
85027L,FRENCH CHATEAU LARGE PLATTER ,1,"Hang cao cap, gia tri cao, it lap lai"
85028S,FRENCH CHATEAU SMALL FRUITBOWL,1,"Hang cao cap, gia tri cao, it lap lai"
85030,FRENCH CHATEAU OVAL PLATTER,1,"Hang cao cap, gia tri cao, it lap lai"
85031A,ROMANTIC IMAGES SCRAP BOOK SET,1,"Hang cao cap, gia tri cao, it lap lai"
85032A,ROMANTIC IMAGES GIFT WRAP SET,2,"Hang theo mua, dot bien, so luong lon"
85032B,BLOSSOM IMAGES GIFT WRAP SET,2,"Hang theo mua, dot bien, so luong lon"
85032C,CURIOUS IMAGES GIFT WRAP SET,2,"Hang theo mua, dot bien, so luong lon"
85032D,YULETIDE IMAGES GIFT WRAP SET,2,"Hang theo mua, dot bien, so luong lon"
85034A,3 GARDENIA MORRIS BOXED CANDLES,2,"Hang theo mua, dot bien, so luong lon"
85034B,3 WHITE CHOC MORRIS BOXED CANDLES,2,"Hang theo mua, dot bien, so luong lon"
85034C,3 ROSE MORRIS BOXED CANDLES,4,"Hang trung binh, on dinh quanh nam"
85035A,GARDENIA 3 WICK MORRIS BOXED CANDLE,0,"Hang ban chay, gia thap, mua thuong xuyen"
85035B,CHOCOLATE 3 WICK MORRIS BOX CANDLE,2,"Hang theo mua, dot bien, so luong lon"
85035C,ROSE 3 WICK MORRIS BOX CANDLE,4,"Hang trung binh, on dinh quanh nam"
85036A,GARDENIA 1 WICK MORRIS BOXED CANDLE,0,"Hang ban chay, gia thap, mua thuong xuyen"
85036B,CHOCOLATE 1 WICK MORRIS BOX CANDLE,2,"Hang theo mua, dot bien, so luong lon"
85036C,ROSE 1 WICK MORRIS BOXED CANDLE,2,"Hang theo mua, dot bien, so luong lon"
85038,6 CHOCOLATE LOVE HEART T-LIGHTS,4,"Hang trung binh, on dinh quanh nam"
85039A,SET/4 RED MINI ROSE CANDLE IN BOWL,2,"Hang theo mua, dot bien, so luong lon"
85039B,S/4 IVORY MINI ROSE CANDLE IN BOWL,2,"Hang theo mua, dot bien, so luong lon"
85039C,S/4 BLACK MINI ROSE CANDLE IN BOWL,3,"Hang moi/it nguoi biet, doanh thu thap"
85039a,SET/4 RED MINI ROSE CANDLE IN BOWL,1,"Hang cao cap, gia tri cao, it lap lai"
85040A,S/4 PINK FLOWER CANDLES IN BOWL,0,"Hang ban chay, gia thap, mua thuong xuyen"
85040B,SET/4 BLUE FLOWER CANDLES IN BOWL,1,"Hang cao cap, gia tri cao, it lap lai"
85040a,S/4 PINK FLOWER CANDLES IN BOWL,1,"Hang cao cap, gia tri cao, it lap lai"
85045,GREEN CHRISTMAS TREE STRING 20LIGHT,1,"Hang cao cap, gia tri cao, it lap lai"
85048,15CM CHRISTMAS GLASS BALL 20 LIGHTS,0,"Hang ban chay, gia thap, mua thuong xuyen"
85049A,TRADITIONAL CHRISTMAS RIBBONS,4,"Hang trung binh, on dinh quanh nam"
85049B,LUSH GREENS RIBBONS,1,"Hang cao cap, gia tri cao, it lap lai"
85049C,ROMANTIC PINKS RIBBONS ,4,"Hang trung binh, on dinh quanh nam"
85049D,BRIGHT BLUES RIBBONS ,2,"Hang theo mua, dot bien, so luong lon"
85049E,SCANDINAVIAN REDS RIBBONS,4,"Hang trung binh, on dinh quanh nam"
85049F,BABY BOOM RIBBONS ,2,"Hang theo mua, dot bien, so luong lon"
85049G,CHOCOLATE BOX RIBBONS ,4,"Hang trung binh, on dinh quanh nam"
85049H,URBAN BLACK RIBBONS ,2,"Hang theo mua, dot bien, so luong lon"
85049a,TRADITIONAL CHRISTMAS RIBBONS,1,"Hang cao cap, gia tri cao, it lap lai"
85049e,SCANDINAVIAN REDS RIBBONS,1,"Hang cao cap, gia tri cao, it lap lai"
85049g,CHOCOLATE BOX RIBBONS ,1,"Hang cao cap, gia tri cao, it lap lai"
85053,FRENCH ENAMEL CANDLEHOLDER,4,"Hang trung binh, on dinh quanh nam"
85054,FRENCH ENAMEL POT W LID,0,"Hang ban chay, gia thap, mua thuong xuyen"
85055,FRENCH ENAMEL UTENSIL HOLDER,1,"Hang cao cap, gia tri cao, it lap lai"
85059,FRENCH ENAMEL WATER BASIN,0,"Hang ban chay, gia thap, mua thuong xuyen"
85061W,WHITE JEWELLED HEART DECORATION,4,"Hang trung binh, on dinh quanh nam"
85062,PEARL CRYSTAL PUMPKIN T-LIGHT HLDR,4,"Hang trung binh, on dinh quanh nam"
85064,CREAM SWEETHEART LETTER RACK,2,"Hang theo mua, dot bien, so luong lon"
85066,CREAM SWEETHEART MINI CHEST,0,"Hang ban chay, gia thap, mua thuong xuyen"
85067,CREAM SWEETHEART WALL CABINET,1,"Hang cao cap, gia tri cao, it lap lai"
85071A,BLUE CHARLIE+LOLA PERSONAL DOORSIGN,2,"Hang theo mua, dot bien, so luong lon"
85071B,RED CHARLIE+LOLA PERSONAL DOORSIGN,2,"Hang theo mua, dot bien, so luong lon"
85071C,"CHARLIE+LOLA""EXTREMELY BUSY"" SIGN",2,"Hang theo mua, dot bien, so luong lon"
85071D,CHARLIE+LOLA MY ROOM DOOR SIGN,2,"Hang theo mua, dot bien, so luong lon"
85078,SCANDINAVIAN 3 HEARTS NAPKIN RING,2,"Hang theo mua, dot bien, so luong lon"
85084,HOLLY TOP CHRISTMAS STOCKING,1,"Hang cao cap, gia tri cao, it lap lai"
85086A,CANDY SPOT HEART DECORATION,3,"Hang moi/it nguoi biet, doanh thu thap"
85087,CANDY SPOT CUSHION COVER,3,"Hang moi/it nguoi biet, doanh thu thap"
85088,CANDY SPOT HAND BAG,2,"Hang theo mua, dot bien, so luong lon"
85089,CANDY SPOT BUNNY,1,"Hang cao cap, gia tri cao, it lap lai"
85093,CANDY SPOT EGG WARMER HARE,2,"Hang theo mua, dot bien, so luong lon"
85094,CANDY SPOT EGG WARMER RABBIT,2,"Hang theo mua, dot bien, so luong lon"
85095,THREE CANVAS LUGGAGE TAGS,3,"Hang moi/it nguoi biet, doanh thu thap"
85096,HILDA CANDY SPOT RABBIT,1,"Hang cao cap, gia tri cao, it lap lai"
85099B,JUMBO BAG RED RETROSPOT,4,"Hang trung binh, on dinh quanh nam"
85099C,JUMBO  BAG BAROQUE BLACK WHITE,4,"Hang trung binh, on dinh quanh nam"
85099F,JUMBO BAG STRAWBERRY,4,"Hang trung binh, on dinh quanh nam"
85099f,JUMBO BAG STRAWBERRY,1,"Hang cao cap, gia tri cao, it lap lai"
85103,SILVER T-LIGHT SETTING,3,"Hang moi/it nguoi biet, doanh thu thap"
85104,SILVER GLASS T-LIGHT SET,2,"Hang theo mua, dot bien, so luong lon"
85106,CUT GLASS HEXAGON T-LIGHT HOLDER,2,"Hang theo mua, dot bien, so luong lon"
85107,CUT GLASS T-LIGHT HOLDER OCTAGON,2,"Hang theo mua, dot bien, so luong lon"
85111,SILVER GLITTER FLOWER VOTIVE HOLDER,2,"Hang theo mua, dot bien, so luong lon"
85114A,BLACK ENCHANTED FOREST PLACEMAT,2,"Hang theo mua, dot bien, so luong lon"
85114B,IVORY ENCHANTED FOREST PLACEMAT,2,"Hang theo mua, dot bien, so luong lon"
85114C,RED ENCHANTED FOREST PLACEMAT,2,"Hang theo mua, dot bien, so luong lon"
85114a,BLACK ENCHANTED FOREST PLACEMAT,1,"Hang cao cap, gia tri cao, it lap lai"
85114b,IVORY ENCHANTED FOREST PLACEMAT,1,"Hang cao cap, gia tri cao, it lap lai"
85114c,RED ENCHANTED FOREST PLACEMAT,1,"Hang cao cap, gia tri cao, it lap lai"
85116,BLACK CANDELABRA T-LIGHT HOLDER,2,"Hang theo mua, dot bien, so luong lon"
85118,HEART T-LIGHT HOLDER,2,"Hang theo mua, dot bien, so luong lon"
85123A,WHITE HANGING HEART T-LIGHT HOLDER,4,"Hang trung binh, on dinh quanh nam"
85123a,WHITE HANGING HEART T-LIGHT HOLDER,1,"Hang cao cap, gia tri cao, it lap lai"
85124B,BLUE JUICY FRUIT PHOTO FRAME,1,"Hang cao cap, gia tri cao, it lap lai"
85124C,GREEN JUICY FRUIT PHOTO FRAME,1,"Hang cao cap, gia tri cao, it lap lai"
85125,SMALL ROUND CUT GLASS CANDLESTICK,0,"Hang ban chay, gia thap, mua thuong xuyen"
85127,SMALL SQUARE CUT GLASS CANDLESTICK,0,"Hang ban chay, gia thap, mua thuong xuyen"
85129B,BEADED CRYSTAL HEART GREEN SMALL,3,"Hang moi/it nguoi biet, doanh thu thap"
85129C,BEADED CRYSTAL HEART BLUE SMALL,1,"Hang cao cap, gia tri cao, it lap lai"
85129D,BEADED CRYSTAL HEART PINK SMALL,3,"Hang moi/it nguoi biet, doanh thu thap"
85130A,BEADED PEARL HEART WHITE LARGE,1,"Hang cao cap, gia tri cao, it lap lai"
85130B,BEADED CRYSTAL HEART GREEN LARGE,2,"Hang theo mua, dot bien, so luong lon"
85130C,BEADED CRYSTAL HEART BLUE  LARGE,2,"Hang theo mua, dot bien, so luong lon"
85130D,BEADED CRYSTAL HEART PINK LARGE,2,"Hang theo mua, dot bien, so luong lon"
85131A,BEADED PEARL HEART WHITE ON STICK,2,"Hang theo mua, dot bien, so luong lon"
85131B,BEADED CRYSTAL HEART GREEN ON STICK,3,"Hang moi/it nguoi biet, doanh thu thap"
85131C,BEADED CRYSTAL HEART BLUE ON STICK,3,"Hang moi/it nguoi biet, doanh thu thap"
85131D,BEADED CRYSTAL HEART PINK ON STICK,3,"Hang moi/it nguoi biet, doanh thu thap"
85132A,CHARLIE + LOLA BISCUITS TINS,0,"Hang ban chay, gia thap, mua thuong xuyen"
85132B,CHARLIE AND LOLA TABLE TINS,2,"Hang theo mua, dot bien, so luong lon"
85132C,CHARLIE AND LOLA FIGURES TINS,4,"Hang trung binh, on dinh quanh nam"
85132a,CHARLIE + LOLA BISCUITS TINS,1,"Hang cao cap, gia tri cao, it lap lai"
85132b,CHARLIE AND LOLA TABLE TINS,1,"Hang cao cap, gia tri cao, it lap lai"
85135A,YELLOW DRAGONFLY HELICOPTER,1,"Hang cao cap, gia tri cao, it lap lai"
85135B,BLUE DRAGONFLY HELICOPTER,0,"Hang ban chay, gia thap, mua thuong xuyen"
85135C,RED DRAGONFLY HELICOPTER,0,"Hang ban chay, gia thap, mua thuong xuyen"
85136A,YELLOW SHARK HELICOPTER,0,"Hang ban chay, gia thap, mua thuong xuyen"
85136C,RED SHARK HELICOPTER,1,"Hang cao cap, gia tri cao, it lap lai"
85141,JARDIN ETCHED GLASS FRUITBOWL,0,"Hang ban chay, gia thap, mua thuong xuyen"
85144,JARDIN ETCHED GLASS BUTTER DISH,2,"Hang theo mua, dot bien, so luong lon"
85145,JARDIN ETCHED GLASS LARGE BELL JAR,1,"Hang cao cap, gia tri cao, it lap lai"
85146,JARDIN ETCHED GLASS SMALL BELL JAR,1,"Hang cao cap, gia tri cao, it lap lai"
85150,LADIES & GENTLEMEN METAL SIGN,4,"Hang trung binh, on dinh quanh nam"
85152,HAND OVER THE CHOCOLATE   SIGN ,4,"Hang trung binh, on dinh quanh nam"
85159A,"BLACK TEA,COFFEE,SUGAR JARS",2,"Hang theo mua, dot bien, so luong lon"
85159B,"WHITE TEA,COFFEE,SUGAR JARS",2,"Hang theo mua, dot bien, so luong lon"
85160B,BLACK BIRD GARDEN DESIGN MUG,1,"Hang cao cap, gia tri cao, it lap lai"
85161,ACRYLIC GEOMETRIC LAMP,1,"Hang cao cap, gia tri cao, it lap lai"
85163A,WHITE BAROQUE WALL CLOCK ,0,"Hang ban chay, gia thap, mua thuong xuyen"
85163B,BLACK BAROQUE WALL CLOCK ,0,"Hang ban chay, gia thap, mua thuong xuyen"
85167B,BLACK GRAND BAROQUE PHOTO FRAME,1,"Hang cao cap, gia tri cao, it lap lai"
85168B,BLACK BAROQUE CARRIAGE CLOCK,3,"Hang moi/it nguoi biet, doanh thu thap"
85169A,IVORY LOVE BIRD CANDLE,2,"Hang theo mua, dot bien, so luong lon"
85169B,BLACK LOVE BIRD CANDLE,2,"Hang theo mua, dot bien, so luong lon"
85169C,EAU DE NIL LOVE BIRD CANDLE,2,"Hang theo mua, dot bien, so luong lon"
85169D,PINK LOVE BIRD CANDLE,2,"Hang theo mua, dot bien, so luong lon"
85170B,SET/6 BLACK BIRD T-LIGHT CANDLES,2,"Hang theo mua, dot bien, so luong lon"
85170C,SET/6 EAU DE NIL BIRD T-LIGHTS,2,"Hang theo mua, dot bien, so luong lon"
85170D,SET/6 PINK BIRD T-LIGHT CANDLES,0,"Hang ban chay, gia thap, mua thuong xuyen"
85172,HYACINTH BULB T-LIGHT CANDLES,2,"Hang theo mua, dot bien, so luong lon"
85173,SET/6 FROG PRINCE T-LIGHT CANDLES,2,"Hang theo mua, dot bien, so luong lon"
85174,S/4 CACTI CANDLES,0,"Hang ban chay, gia thap, mua thuong xuyen"
85175,CACTI T-LIGHT CANDLES,4,"Hang trung binh, on dinh quanh nam"
85176,SEWING SUSAN 21 NEEDLE SET,2,"Hang theo mua, dot bien, so luong lon"
85177,BASKET OF FLOWERS SEWING KIT,2,"Hang theo mua, dot bien, so luong lon"
85178,VICTORIAN SEWING KIT,4,"Hang trung binh, on dinh quanh nam"
85179A,GREEN BITTY LIGHT CHAIN,3,"Hang moi/it nguoi biet, doanh thu thap"
85179C,PINK BITTY LIGHT CHAIN,3,"Hang moi/it nguoi biet, doanh thu thap"
85180A,RED HEARTS LIGHT CHAIN ,2,"Hang theo mua, dot bien, so luong lon"
85180B,PINK HEARTS LIGHT CHAIN ,2,"Hang theo mua, dot bien, so luong lon"
85183A,CHARLIE & LOLA WASTEPAPER BIN BLUE,2,"Hang theo mua, dot bien, so luong lon"
85183B,CHARLIE & LOLA WASTEPAPER BIN FLORA,2,"Hang theo mua, dot bien, so luong lon"
85184C,S/4 VALENTINE DECOUPAGE HEART BOX,4,"Hang trung binh, on dinh quanh nam"
85185B,PINK HORSE SOCK PUPPET,0,"Hang ban chay, gia thap, mua thuong xuyen"
85185D,FROG SOCK PUPPET,1,"Hang cao cap, gia tri cao, it lap lai"
85186A,EASTER BUNNY GARLAND OF FLOWERS,2,"Hang theo mua, dot bien, so luong lon"
85186C,BUNNY EGG GARLAND,2,"Hang theo mua, dot bien, so luong lon"
85187,S/12 MINI RABBIT EASTER,2,"Hang theo mua, dot bien, so luong lon"
85188A,GREEN METAL SWINGING BUNNY,2,"Hang theo mua, dot bien, so luong lon"
85188B,PINK METAL SWINGING BUNNY,1,"Hang cao cap, gia tri cao, it lap lai"
85194L,HANGING SPRING FLOWER EGG LARGE,2,"Hang theo mua, dot bien, so luong lon"
85194S,HANGING SPRING FLOWER EGG SMALL,2,"Hang theo mua, dot bien, so luong lon"
85197,SET OF 12 MINI BUNNIES IN A BUCKET,1,"Hang cao cap, gia tri cao, it lap lai"
85198,ASSORTED FARMYARD ANIMALS IN BUCKET,1,"Hang cao cap, gia tri cao, it lap lai"
85199L,LARGE HANGING IVORY & RED WOOD BIRD,2,"Hang theo mua, dot bien, so luong lon"
85199S,SMALL HANGING IVORY/RED WOOD BIRD,4,"Hang trung binh, on dinh quanh nam"
85200,BUNNY EGG BOX,2,"Hang theo mua, dot bien, so luong lon"
85202,HANGING WOOD AND FELT HEART,2,"Hang theo mua, dot bien, so luong lon"
85203,HANGING WOOD AND FELT BUTTERFLY ,2,"Hang theo mua, dot bien, so luong lon"
85204,HANGING WOOD AND FELT FLOWER,2,"Hang theo mua, dot bien, so luong lon"
85205B,PINK FELT EASTER RABBIT GARLAND,1,"Hang cao cap, gia tri cao, it lap lai"
85206A,CREAM FELT EASTER EGG BASKET,2,"Hang theo mua, dot bien, so luong lon"
85208,SET/12 FUNKY FELT FLOWER PEG IN BAG,2,"Hang theo mua, dot bien, so luong lon"
85211,S/4 GROOVY CAT MAGNETS,2,"Hang theo mua, dot bien, so luong lon"
85212,MINI PAINTED GARDEN DECORATION ,2,"Hang theo mua, dot bien, so luong lon"
85213,MINI  ZINC GARDEN DECORATIONS ,2,"Hang theo mua, dot bien, so luong lon"
85214,TUB 24 PINK FLOWER PEGS,2,"Hang theo mua, dot bien, so luong lon"
85215,ASSORTED CHEESE FRIDGE MAGNETS,2,"Hang theo mua, dot bien, so luong lon"
85216,ASSORTED CAKES FRIDGE MAGNETS,1,"Hang cao cap, gia tri cao, it lap lai"
85227,SET OF 6 3D KIT CARDS FOR KIDS,4,"Hang trung binh, on dinh quanh nam"
85230A,OPIUM SCENTED VOTIVE CANDLE,2,"Hang theo mua, dot bien, so luong lon"
85230B,CINNAMON SCENTED VOTIVE CANDLE,2,"Hang theo mua, dot bien, so luong lon"
85230E,STRAWBRY SCENTED VOTIVE CANDLE,2,"Hang theo mua, dot bien, so luong lon"
85230F,JASMINE VOTIVE CANDLE,2,"Hang theo mua, dot bien, so luong lon"
85230G,ORANGE VOTIVE CANDLE,2,"Hang theo mua, dot bien, so luong lon"
85231B,CINAMMON SET OF 9 T-LIGHTS,2,"Hang theo mua, dot bien, so luong lon"
85231G,ORANGE SCENTED SET/9 T-LIGHTS,2,"Hang theo mua, dot bien, so luong lon"
85231g,ORANGE SCENTED SET/9 T-LIGHTS,1,"Hang cao cap, gia tri cao, it lap lai"
85232A,SET/3 POLKADOT STACKING TINS,1,"Hang cao cap, gia tri cao, it lap lai"
85232B,SET OF 3 BABUSHKA STACKING TINS,2,"Hang theo mua, dot bien, so luong lon"
85232D,SET/3 DECOUPAGE STACKING TINS,0,"Hang ban chay, gia thap, mua thuong xuyen"
90000A,RASPBERRY ANT COPPER FLOWER NECKLAC,1,"Hang cao cap, gia tri cao, it lap lai"
90000B,MIDNIGHT BLUE COPPER FLOWER NECKLAC,3,"Hang moi/it nguoi biet, doanh thu thap"
90000D,COPPER/OLIVE GREEN FLOWER NECKLACE,3,"Hang moi/it nguoi biet, doanh thu thap"
90001C,ANTIQUE OPAL WHITE FLOWER EARRINGS,1,"Hang cao cap, gia tri cao, it lap lai"
90001D,ANTIQUE OLIVE GREEN FLOWER EARRINGS,1,"Hang cao cap, gia tri cao, it lap lai"
90002D,FLOWER BURST SILVER RING CRYSTAL,1,"Hang cao cap, gia tri cao, it lap lai"
90003B,ROSE COLOUR PAIR HEART HAIR SLIDES,3,"Hang moi/it nguoi biet, doanh thu thap"
90003C,MIDNIGHT BLUE PAIR HEART HAIR SLIDE,3,"Hang moi/it nguoi biet, doanh thu thap"
90003D,CRYSTAL PAIR HEART HAIR SLIDES,1,"Hang cao cap, gia tri cao, it lap lai"
90003E,GREEN PAIR HEART HAIR SLIDES,3,"Hang moi/it nguoi biet, doanh thu thap"
90005A,JADE GREEN ENAMEL HAIR COMB,1,"Hang cao cap, gia tri cao, it lap lai"
90010A,MIDNIGHT BLUE GLASS/SILVER BRACELET,1,"Hang cao cap, gia tri cao, it lap lai"
90010B,BLACK/WHITE GLASS/SILVER BRACELET,1,"Hang cao cap, gia tri cao, it lap lai"
90010E,AMBER GLASS/SILVER BRACELET,1,"Hang cao cap, gia tri cao, it lap lai"
90011A,MIDNIGHT BLUE CRYSTAL DROP EARRINGS,3,"Hang moi/it nguoi biet, doanh thu thap"
90011B,BLACK CRYSTAL DROP EARRINGS,3,"Hang moi/it nguoi biet, doanh thu thap"
90012A,MIDNIGHT BLUE DROP CRYSTAL NECKLACE,1,"Hang cao cap, gia tri cao, it lap lai"
90013A,MIDNIGHT BLUE VINTAGE EARRINGS,3,"Hang moi/it nguoi biet, doanh thu thap"
90013B,BLACK VINTAGE EARRINGS,1,"Hang cao cap, gia tri cao, it lap lai"
90013C,GREEN VINTAGE EARRINGS ,3,"Hang moi/it nguoi biet, doanh thu thap"
90014A,SILVER/MOP ORBIT NECKLACE,1,"Hang cao cap, gia tri cao, it lap lai"
90014B,GOLD M PEARL  ORBIT NECKLACE,1,"Hang cao cap, gia tri cao, it lap lai"
90016A,SILVER/M.O.P PENDANT ORBIT NECKLACE,1,"Hang cao cap, gia tri cao, it lap lai"
90016B,GOLD/M.O.P PENDANT ORBIT NECKLACE,3,"Hang moi/it nguoi biet, doanh thu thap"
90018A,SILVER M.O.P ORBIT DROP EARRINGS,3,"Hang moi/it nguoi biet, doanh thu thap"
90018B,GOLD M.O.P ORBIT DROP EARRINGS,3,"Hang moi/it nguoi biet, doanh thu thap"
90018C,SILVER BLACK ORBIT DROP EARRINGS,1,"Hang cao cap, gia tri cao, it lap lai"
90019A,SILVER M.O.P ORBIT BRACELET,3,"Hang moi/it nguoi biet, doanh thu thap"
90019B,GOLD M.O.P ORBIT BRACELET,3,"Hang moi/it nguoi biet, doanh thu thap"
90019C,SILVER BLACK ORBIT BRACELET,3,"Hang moi/it nguoi biet, doanh thu thap"
90022,EDWARDIAN DROP EARRINGS JET BLACK,3,"Hang moi/it nguoi biet, doanh thu thap"
90023,FILIGREE DIAMANTE EARRINGS,3,"Hang moi/it nguoi biet, doanh thu thap"
90024B,NEW BAROQUE B'FLY NECKLACE RED,1,"Hang cao cap, gia tri cao, it lap lai"
90027C,GLASS BEAD HOOP EARRINGS GREEN,1,"Hang cao cap, gia tri cao, it lap lai"
90027D,GLASS BEAD HOOP EARRINGS AMETHYST,3,"Hang moi/it nguoi biet, doanh thu thap"
90028,NEW BAROQUE LARGE NECKLACE BLK/WHIT,3,"Hang moi/it nguoi biet, doanh thu thap"
90030A,SPOTTED WHITE NATURAL SEED NECKLACE,1,"Hang cao cap, gia tri cao, it lap lai"
90030B,RED KUKUI COCONUT SEED NECKLACE,1,"Hang cao cap, gia tri cao, it lap lai"
90030C,BROWN KUKUI COCONUT SEED NECKLACE,1,"Hang cao cap, gia tri cao, it lap lai"
90031,BILI NUT AND WOOD NECKLACE,1,"Hang cao cap, gia tri cao, it lap lai"
90032,IVORY SHELL HEART NECKLACE,1,"Hang cao cap, gia tri cao, it lap lai"
90033,IVORY SHELL HEART EARRINGS,3,"Hang moi/it nguoi biet, doanh thu thap"
90036C,"FLOWER GLASS GARLAND NECKL.36""BLUE",1,"Hang cao cap, gia tri cao, it lap lai"
90036D,"FLOWER GLASS GARLAND NECKL.36""BLACK",1,"Hang cao cap, gia tri cao, it lap lai"
90036E,"FLOWER GLASS GARLD NECKL36""AMETHYST",1,"Hang cao cap, gia tri cao, it lap lai"
90036F,"FLOWER GLASS GARLD NECKL36""TURQUOIS",3,"Hang moi/it nguoi biet, doanh thu thap"
90037B,TINY CRYSTAL BRACELET GREEN,3,"Hang moi/it nguoi biet, doanh thu thap"
90037C,TINY CRYSTAL BRACELET BLUE,1,"Hang cao cap, gia tri cao, it lap lai"
90038A,GLASS AND PAINTED BEADS BRACELET TO,3,"Hang moi/it nguoi biet, doanh thu thap"
90038B,GLASS AND PAINTED BEADS BRACELET OL,3,"Hang moi/it nguoi biet, doanh thu thap"
90039B,FIRE POLISHED GLASS BRACELET MONTAN,3,"Hang moi/it nguoi biet, doanh thu thap"
90039C,FIRE POLISHED GLASS BRACELET BLACK,3,"Hang moi/it nguoi biet, doanh thu thap"
90039D,FIRE POLISHED GLASS BRACELET GREEN,3,"Hang moi/it nguoi biet, doanh thu thap"
90040A,MURANO STYLE GLASS BRACELET RED,1,"Hang cao cap, gia tri cao, it lap lai"
90040B,MURANO STYLE GLASS BRACELET BLACK,3,"Hang moi/it nguoi biet, doanh thu thap"
90040C,MURANO STYLE GLASS BRACELET GOLD,3,"Hang moi/it nguoi biet, doanh thu thap"
90042C,FRESHWATER PEARL BRACELET IVORY,1,"Hang cao cap, gia tri cao, it lap lai"
90051,CRACKED GLAZE NECKLACE RED,1,"Hang cao cap, gia tri cao, it lap lai"
90054,CRACKED GLAZE EARRINGS RED,3,"Hang moi/it nguoi biet, doanh thu thap"
90055,CRACKED GLAZE EARRINGS BROWN,3,"Hang moi/it nguoi biet, doanh thu thap"
90057,DIAMANTE RING ASSORTED IN BOX.,2,"Hang theo mua, dot bien, so luong lon"
90058A,CRYSTAL STUD EARRINGS CLEAR DISPLAY,2,"Hang theo mua, dot bien, so luong lon"
90058B,CRYSTAL STUD EARRINGS ASSORTED COL ,2,"Hang theo mua, dot bien, so luong lon"
90059A,DIAMANTE HAIR GRIP PACK/2 CRYSTAL,3,"Hang moi/it nguoi biet, doanh thu thap"
90059B,DIAMANTE HAIR GRIP PACK/2 BLACK DIA,3,"Hang moi/it nguoi biet, doanh thu thap"
90059C,DIAMANTE HAIR GRIP PACK/2 MONTANA,3,"Hang moi/it nguoi biet, doanh thu thap"
90059D,DIAMANTE HAIR GRIP PACK/2 PERIDOT,3,"Hang moi/it nguoi biet, doanh thu thap"
90059E,DIAMANTE HAIR GRIP PACK/2 RUBY,3,"Hang moi/it nguoi biet, doanh thu thap"
90059F,DIAMANTE HAIR GRIP PACK/2 LT ROSE,3,"Hang moi/it nguoi biet, doanh thu thap"
90060F,FIRE POLISHED GLASS NECKL GREEN,1,"Hang cao cap, gia tri cao, it lap lai"
90062,CARNIVAL BRACELET,3,"Hang moi/it nguoi biet, doanh thu thap"
90063A,WHITE VINT ART DECO CRYSTAL NECKLAC,1,"Hang cao cap, gia tri cao, it lap lai"
90063B,BLACK VINT ART DEC CRYSTAL NECKLACE,1,"Hang cao cap, gia tri cao, it lap lai"
90064A,WHITE VINTAGE CRYSTAL EARRINGS,1,"Hang cao cap, gia tri cao, it lap lai"
90064B,BLACK VINTAGE  CRYSTAL EARRINGS,1,"Hang cao cap, gia tri cao, it lap lai"
90067A,PINK VINTAGE VICTORIAN EARRINGS,1,"Hang cao cap, gia tri cao, it lap lai"
90070,RUBY GLASS CLUSTER BRACELET,3,"Hang moi/it nguoi biet, doanh thu thap"
90071,RUBY GLASS CLUSTER EARRINGS,3,"Hang moi/it nguoi biet, doanh thu thap"
90072,RUBY DROP CHANDELIER EARRINGS,3,"Hang moi/it nguoi biet, doanh thu thap"
90073,VINTAGE ENAMEL & CRYSTAL EARRINGS,3,"Hang moi/it nguoi biet, doanh thu thap"
90081A,LILY BROOCH AMETHYST COLOUR,1,"Hang cao cap, gia tri cao, it lap lai"
90081C,LILY BROOCH OLIVE COLOUR,1,"Hang cao cap, gia tri cao, it lap lai"
90082A,DIAMANTE BOW BROOCH GREEN COLOUR,1,"Hang cao cap, gia tri cao, it lap lai"
90082B,DIAMANTE BOW BROOCH RED COLOUR,1,"Hang cao cap, gia tri cao, it lap lai"
90082D,DIAMANTE BOW BROOCH BLACK COLOUR,1,"Hang cao cap, gia tri cao, it lap lai"
90083,CRYSTAL CZECH CROSS PHONE CHARM,3,"Hang moi/it nguoi biet, doanh thu thap"
90085,CRYSTAL STILETTO PHONE CHARM,3,"Hang moi/it nguoi biet, doanh thu thap"
90086,CRYSTAL FROG PHONE CHARM,3,"Hang moi/it nguoi biet, doanh thu thap"
90087,CRYSTAL SEA HORSE PHONE CHARM,3,"Hang moi/it nguoi biet, doanh thu thap"
90089,PINK CRYSTAL SKULL PHONE CHARM,3,"Hang moi/it nguoi biet, doanh thu thap"
90093,CLEAR CRYSTAL STAR PHONE CHARM,1,"Hang cao cap, gia tri cao, it lap lai"
90094,NECKLACE+BRACELET SET FRUIT SALAD ,1,"Hang cao cap, gia tri cao, it lap lai"
90096,NECKLACE+BRACELET SET BLUE BLOSSOM,3,"Hang moi/it nguoi biet, doanh thu thap"
90098,NECKLACE+BRACELET PINK BUTTERFLY,1,"Hang cao cap, gia tri cao, it lap lai"
90099,NECKLACE+BRACELET SET BLUE HIBISCUS,1,"Hang cao cap, gia tri cao, it lap lai"
90101,WHITE FRANGIPANI NECKLACE,3,"Hang moi/it nguoi biet, doanh thu thap"
90103,PURPLE FRANGIPANI NECKLACE,3,"Hang moi/it nguoi biet, doanh thu thap"
90104,PURPLE FRANGIPANI HAIRCLIP,3,"Hang moi/it nguoi biet, doanh thu thap"
90108,BLUE BLOSSOM HAIR CLIP,1,"Hang cao cap, gia tri cao, it lap lai"
90114,SUMMER DAISIES BAG CHARM,3,"Hang moi/it nguoi biet, doanh thu thap"
90115,SUMMER BUTTERFLIES BAG CHARM,1,"Hang cao cap, gia tri cao, it lap lai"
90116,FRUIT SALAD BAG CHARM,3,"Hang moi/it nguoi biet, doanh thu thap"
90118,PINK DAISY BAG CHARM,3,"Hang moi/it nguoi biet, doanh thu thap"
90119,METALIC LEAVES BAG CHARMS,3,"Hang moi/it nguoi biet, doanh thu thap"
90120B,BLUE MURANO TWIST BRACELET,1,"Hang cao cap, gia tri cao, it lap lai"
90120C,GREEN MURANO TWIST BRACELET,3,"Hang moi/it nguoi biet, doanh thu thap"
90120D,WHITE MURANO TWIST BRACELET,1,"Hang cao cap, gia tri cao, it lap lai"
90122A,PINK CRYSTAL+GLASS BRACELET,3,"Hang moi/it nguoi biet, doanh thu thap"
90122B,JADE CRYSTAL+GLASS BRACELET,3,"Hang moi/it nguoi biet, doanh thu thap"
90122C,TURQUOISE CRYSTAL+GLASS BRACELET,3,"Hang moi/it nguoi biet, doanh thu thap"
90123A,PINK HEART OF GLASS BRACELET,1,"Hang cao cap, gia tri cao, it lap lai"
90123B,TURQUOISE HEART OF GLASS BRACELET,1,"Hang cao cap, gia tri cao, it lap lai"
90123C,GREEN HEART OF GLASS BRACELET,1,"Hang cao cap, gia tri cao, it lap lai"
90123D,WHITE HEART OF GLASS BRACELET,1,"Hang cao cap, gia tri cao, it lap lai"
90124A,PINK MURANO TWIST NECKLACE,1,"Hang cao cap, gia tri cao, it lap lai"
90124B,BLUE MURANO TWIST NECKLACE,3,"Hang moi/it nguoi biet, doanh thu thap"
90124C,GREEN MURANO TWIST NECKLACE,1,"Hang cao cap, gia tri cao, it lap lai"
90125A,PINK BERTIE GLASS BEAD BAG CHARM,2,"Hang theo mua, dot bien, so luong lon"
90125B,AQUA BERTIE GLASS BEAD BAG CHARM,3,"Hang moi/it nguoi biet, doanh thu thap"
90125C,TURQUOISE BERTIE GLASS BEAD CHARM,2,"Hang theo mua, dot bien, so luong lon"
90125D,PURPLE BERTIE GLASS BEAD BAG CHARM,3,"Hang moi/it nguoi biet, doanh thu thap"
90125E,AMBER BERTIE GLASS BEAD BAG CHARM,3,"Hang moi/it nguoi biet, doanh thu thap"
90129A,PINK GLASS TASSLE BAG CHARM ,3,"Hang moi/it nguoi biet, doanh thu thap"
90129B,TURQUOISE GLASS TASSLE BAG CHARM ,3,"Hang moi/it nguoi biet, doanh thu thap"
90129C,GREEN GLASS TASSLE BAG CHARM,1,"Hang cao cap, gia tri cao, it lap lai"
90129D,AMBER GLASS TASSLE BAG CHARM,3,"Hang moi/it nguoi biet, doanh thu thap"
90129E,PURPLE GLASS TASSLE BAG CHARM,3,"Hang moi/it nguoi biet, doanh thu thap"
90129F,RED GLASS TASSLE BAG CHARM,3,"Hang moi/it nguoi biet, doanh thu thap"
90130A,WHITE STONE/CRYSTAL EARRINGS,3,"Hang moi/it nguoi biet, doanh thu thap"
90130B,TURQ STONE/CRYSTAL EARRINGS,3,"Hang moi/it nguoi biet, doanh thu thap"
90130C,GREEN STONE/CRYSTAL EARRINGS,1,"Hang cao cap, gia tri cao, it lap lai"
90133,TEAL/FUSCHIA COL BEAD NECKLACE,3,"Hang moi/it nguoi biet, doanh thu thap"
90134,OLD ROSE COMBO BEAD NECKLACE,1,"Hang cao cap, gia tri cao, it lap lai"
90138,WHITE/PINK MINI CRYSTALS NECKLACE,3,"Hang moi/it nguoi biet, doanh thu thap"
90141A,GREEN PENDANT TRIPLE SHELL NECKLACE,3,"Hang moi/it nguoi biet, doanh thu thap"
90141B,IVORY PENDANT TRIPLE SHELL NECKLACE,1,"Hang cao cap, gia tri cao, it lap lai"
90141C,TURQ PENDANT TRIPLE SHELL NECKLACE,3,"Hang moi/it nguoi biet, doanh thu thap"
90143,SILVER BRACELET W PASTEL FLOWER,1,"Hang cao cap, gia tri cao, it lap lai"
90144,SILVER DROP EARRINGS WITH FLOWER,3,"Hang moi/it nguoi biet, doanh thu thap"
90145,SILVER HOOP EARRINGS WITH FLOWER,1,"Hang cao cap, gia tri cao, it lap lai"
90146,FINE SILVER NECKLACE W PASTEL FLOWE,1,"Hang cao cap, gia tri cao, it lap lai"
90147,CHUNKY SILVER NECKLACE PASTEL FLOWE,1,"Hang cao cap, gia tri cao, it lap lai"
90148,LONG SILVER NECKLACE PASTEL FLOWER,1,"Hang cao cap, gia tri cao, it lap lai"
90152A,SILVER/NAT SHELL NECKLACE W PENDANT,1,"Hang cao cap, gia tri cao, it lap lai"
90154,LAZER CUT NECKLACE W PASTEL BEADS,1,"Hang cao cap, gia tri cao, it lap lai"
90155,RESIN NECKLACE W PASTEL BEADS,1,"Hang cao cap, gia tri cao, it lap lai"
90157,RIVIERA NECKLACE,1,"Hang cao cap, gia tri cao, it lap lai"
90158,ST TROPEZ NECKLACE,3,"Hang moi/it nguoi biet, doanh thu thap"
90159,COTE D'AZURE NECKLACE,1,"Hang cao cap, gia tri cao, it lap lai"
90160A,PURPLE BOUDICCA LARGE BRACELET,1,"Hang cao cap, gia tri cao, it lap lai"
90160B,RED BOUDICCA LARGE BRACELET,1,"Hang cao cap, gia tri cao, it lap lai"
90160C,TURQ+RED BOUDICCA LARGE BRACELET,1,"Hang cao cap, gia tri cao, it lap lai"
90160D,PINK BOUDICCA LARGE BRACELET,1,"Hang cao cap, gia tri cao, it lap lai"
90161A,ANT COPPER RED BOUDICCA BRACELET,3,"Hang moi/it nguoi biet, doanh thu thap"
90161B,ANT COPPER TURQ BOUDICCA BRACELET,3,"Hang moi/it nguoi biet, doanh thu thap"
90161C,ANT COPPER LIME BOUDICCA BRACELET,3,"Hang moi/it nguoi biet, doanh thu thap"
90161D,ANT COPPER PINK BOUDICCA BRACELET,3,"Hang moi/it nguoi biet, doanh thu thap"
90162B,ANT SILVER LIME GREEN BOUDICCA RING,1,"Hang cao cap, gia tri cao, it lap lai"
90162C,ANT SILVER FUSCHIA BOUDICCA RING,1,"Hang cao cap, gia tri cao, it lap lai"
90162D,ANT SILVER PURPLE BOUDICCA RING,1,"Hang cao cap, gia tri cao, it lap lai"
90163A,PINK ROSEBUD & PEARL NECKLACE,3,"Hang moi/it nguoi biet, doanh thu thap"
90163B,WHITE ROSEBUD & PEARL NECKLACE,3,"Hang moi/it nguoi biet, doanh thu thap"
90164A,PINK ROSEBUD PEARL BRACELET,1,"Hang cao cap, gia tri cao, it lap lai"
90164B,WHITE  ROSEBUD PEARL BRACELET,1,"Hang cao cap, gia tri cao, it lap lai"
90165A,PINK ROSEBUD PEARL EARRINGS,1,"Hang cao cap, gia tri cao, it lap lai"
90165B,WHITE ROSEBUD  PEARL EARRINGS,3,"Hang moi/it nguoi biet, doanh thu thap"
90166,PINK & WHITE ROSEBUD RING,3,"Hang moi/it nguoi biet, doanh thu thap"
90168,2 DAISIES HAIR COMB,3,"Hang moi/it nguoi biet, doanh thu thap"
90169,DAISY HAIR COMB,3,"Hang moi/it nguoi biet, doanh thu thap"
90170,DAISY HAIR BAND,3,"Hang moi/it nguoi biet, doanh thu thap"
90173,PAIR BUTTERFLY HAIR CLIPS,3,"Hang moi/it nguoi biet, doanh thu thap"
90174,BUTTERFLY HAIR BAND,3,"Hang moi/it nguoi biet, doanh thu thap"
90175A,WHITE GLASS CHUNKY CHARM BRACELET,3,"Hang moi/it nguoi biet, doanh thu thap"
90175B,PINK GLASS CHUNKY CHARM BRACELET,1,"Hang cao cap, gia tri cao, it lap lai"
90175C,BLUE GLASS CHUNKY CHARM BRACELET,1,"Hang cao cap, gia tri cao, it lap lai"
90175D,TIGRIS EYE CHUNKY CHARM BRACELET,3,"Hang moi/it nguoi biet, doanh thu thap"
90177A,CLASSIC DIAMANTE EARRINGS JET,3,"Hang moi/it nguoi biet, doanh thu thap"
90177B,DROP DIAMANTE EARRINGS BLACK DIAMON,3,"Hang moi/it nguoi biet, doanh thu thap"
90177C,DROP DIAMANTE EARRINGS CRYSTAL,3,"Hang moi/it nguoi biet, doanh thu thap"
90177D,DROP DIAMANTE EARRINGS PURPLE,1,"Hang cao cap, gia tri cao, it lap lai"
90177E,DROP DIAMANTE EARRINGS GREEN,3,"Hang moi/it nguoi biet, doanh thu thap"
90178A,AMBER CHUNKY GLASS+BEAD NECKLACE,1,"Hang cao cap, gia tri cao, it lap lai"
90179A,AMBER FINE BEAD NECKLACE W TASSEL,1,"Hang cao cap, gia tri cao, it lap lai"
90179C,BLACK FINE BEAD NECKLACE W TASSEL,3,"Hang moi/it nguoi biet, doanh thu thap"
90180A,BLACK+WHITE NECKLACE W TASSEL,1,"Hang cao cap, gia tri cao, it lap lai"
90180B,PURPLE AMETHYST NECKLACE W TASSEL,1,"Hang cao cap, gia tri cao, it lap lai"
90181A,AMBER GLASS/SHELL/PEARL NECKLACE,3,"Hang moi/it nguoi biet, doanh thu thap"
90181B,AMETHYST GLASS/SHELL/PEARL NECKLACE,1,"Hang cao cap, gia tri cao, it lap lai"
90182A,AMBER 3 BEAD DROP EARRINGS,1,"Hang cao cap, gia tri cao, it lap lai"
90182B,AMETHYST 3 BEAD DROP EARRINGS,1,"Hang cao cap, gia tri cao, it lap lai"
90182C,BLACK 3 BEAD DROP EARRINGS,3,"Hang moi/it nguoi biet, doanh thu thap"
90183A,AMBER DROP EARRINGS W LONG BEADS,3,"Hang moi/it nguoi biet, doanh thu thap"
90183B,AMETHYST DROP EARRINGS W LONG BEADS,1,"Hang cao cap, gia tri cao, it lap lai"
90183C,BLACK DROP EARRINGS W LONG BEADS,3,"Hang moi/it nguoi biet, doanh thu thap"
90184A,AMBER CHUNKY BEAD BRACELET W STRAP,1,"Hang cao cap, gia tri cao, it lap lai"
90184B,AMETHYST CHUNKY BEAD BRACELET W STR,1,"Hang cao cap, gia tri cao, it lap lai"
90184C,BLACK CHUNKY BEAD BRACELET W STRAP,1,"Hang cao cap, gia tri cao, it lap lai"
90185A,AMBER DIAMANTE EXPANDABLE RING,1,"Hang cao cap, gia tri cao, it lap lai"
90185B,AMETHYST DIAMANTE EXPANDABLE RING,3,"Hang moi/it nguoi biet, doanh thu thap"
90185C,BLACK DIAMANTE EXPANDABLE RING,1,"Hang cao cap, gia tri cao, it lap lai"
90185D,CRYSTAL DIAMANTE EXPANDABLE RING,1,"Hang cao cap, gia tri cao, it lap lai"
90186A,AMETHYST HOOP EARRING FLORAL LEAF,1,"Hang cao cap, gia tri cao, it lap lai"
90186B,CRYSTAL HOOP EARRING FLORAL LEAF,1,"Hang cao cap, gia tri cao, it lap lai"
90187B,GREEN DROP EARRINGS W BEAD CLUSTER,3,"Hang moi/it nguoi biet, doanh thu thap"
90188,DROP EARRINGS W FLOWER & LEAF,3,"Hang moi/it nguoi biet, doanh thu thap"
90190A,SILVER/CRYSTAL DROP EARRINGS W LEAF,3,"Hang moi/it nguoi biet, doanh thu thap"
90190B,GOLD/AMBER DROP EARRINGS W LEAF,3,"Hang moi/it nguoi biet, doanh thu thap"
90190C,SILVER/AMETHYST DROP EARRINGS LEAF,3,"Hang moi/it nguoi biet, doanh thu thap"
90191,SILVER LARIAT 40CM,1,"Hang cao cap, gia tri cao, it lap lai"
90192,JADE DROP EARRINGS W FILIGREE,3,"Hang moi/it nguoi biet, doanh thu thap"
90194,SILVER LARIAT BLACK STONE EARRINGS,1,"Hang cao cap, gia tri cao, it lap lai"
90195A,PURPLE GEMSTONE BRACELET,1,"Hang cao cap, gia tri cao, it lap lai"
90196A,PURPLE GEMSTONE NECKLACE 45CM,1,"Hang cao cap, gia tri cao, it lap lai"
90196B,BLACK GEMSTONE NECKLACE 45CM,1,"Hang cao cap, gia tri cao, it lap lai"
90197B,BLACK GLASS BRACELET W HEART CHARMS,3,"Hang moi/it nguoi biet, doanh thu thap"
90198A,VINTAGE ROSE BEAD BRACELET RASPBERR,3,"Hang moi/it nguoi biet, doanh thu thap"
90198B,VINTAGE ROSE BEAD BRACELET BLACK,1,"Hang cao cap, gia tri cao, it lap lai"
90199A,5 STRAND GLASS NECKLACE BLACK,1,"Hang cao cap, gia tri cao, it lap lai"
90199B,5 STRAND GLASS NECKLACE AMETHYST,3,"Hang moi/it nguoi biet, doanh thu thap"
90199C,5 STRAND GLASS NECKLACE CRYSTAL,1,"Hang cao cap, gia tri cao, it lap lai"
90199D,5 STRAND GLASS NECKLACE AMBER,1,"Hang cao cap, gia tri cao, it lap lai"
90200A,PURPLE SWEETHEART BRACELET,3,"Hang moi/it nguoi biet, doanh thu thap"
90200B,BLACK SWEETHEART BRACELET,1,"Hang cao cap, gia tri cao, it lap lai"
90200C,BLUE SWEETHEART BRACELET,3,"Hang moi/it nguoi biet, doanh thu thap"
90200D,PINK SWEETHEART BRACELET,0,"Hang ban chay, gia thap, mua thuong xuyen"
90200E,GREEN SWEETHEART BRACELET,0,"Hang ban chay, gia thap, mua thuong xuyen"
90201A,PURPLE ENAMEL FLOWER RING,1,"Hang cao cap, gia tri cao, it lap lai"
90201B,BLACK ENAMEL FLOWER RING,1,"Hang cao cap, gia tri cao, it lap lai"
90201C,RED ENAMEL FLOWER RING,1,"Hang cao cap, gia tri cao, it lap lai"
90201D,GREEN ENAMEL FLOWER RING,3,"Hang moi/it nguoi biet, doanh thu thap"
90202A,PURPLE ENAMEL FLOWER HAIR TIE,3,"Hang moi/it nguoi biet, doanh thu thap"
90202B,WHITE ENAMEL FLOWER HAIR TIE,3,"Hang moi/it nguoi biet, doanh thu thap"
90202C,GREEN ENAMEL FLOWER HAIR TIE,3,"Hang moi/it nguoi biet, doanh thu thap"
90202D,PINK ENAMEL FLOWER HAIR TIE,3,"Hang moi/it nguoi biet, doanh thu thap"
90204,PAIR OF ENAMEL BUTTERFLY HAIRCLIP,1,"Hang cao cap, gia tri cao, it lap lai"
90205A,LARGE MINT DIAMANTE HAIRSLIDE,1,"Hang cao cap, gia tri cao, it lap lai"
90205C,LARGE CRYSTAL DIAMANTE HAIRSLIDE,3,"Hang moi/it nguoi biet, doanh thu thap"
90206A,GOLD DIAMANTE STAR BROOCH,3,"Hang moi/it nguoi biet, doanh thu thap"
90206C,CRYSTAL DIAMANTE STAR BROOCH,3,"Hang moi/it nguoi biet, doanh thu thap"
90208,PAIR OF PINK FLOWER CLUSTER SLIDE,3,"Hang moi/it nguoi biet, doanh thu thap"
90209B,GREEN ENAMEL+GLASS HAIR COMB,3,"Hang moi/it nguoi biet, doanh thu thap"
90209C,PINK ENAMEL+GLASS HAIR COMB,2,"Hang theo mua, dot bien, so luong lon"
90210A,GREY ACRYLIC FACETED BANGLE,3,"Hang moi/it nguoi biet, doanh thu thap"
90210B,CLEAR ACRYLIC FACETED BANGLE,1,"Hang cao cap, gia tri cao, it lap lai"
90210C,RED   ACRYLIC FACETED BANGLE,2,"Hang theo mua, dot bien, so luong lon"
90210D,PURPLE ACRYLIC FACETED BANGLE,2,"Hang theo mua, dot bien, so luong lon"
90211A,DIAMOND LAS VEGAS NECKLACE 45CM,1,"Hang cao cap, gia tri cao, it lap lai"
90211B,JET BLACK LAS VEGAS NECKLACE 45CM,1,"Hang cao cap, gia tri cao, it lap lai"
90212B,JET BLACK LAS VEGAS BRACELET ROUND,3,"Hang moi/it nguoi biet, doanh thu thap"
90214A,"LETTER ""A"" BLING KEY RING",3,"Hang moi/it nguoi biet, doanh thu thap"
90214B,"LETTER ""B"" BLING KEY RING",3,"Hang moi/it nguoi biet, doanh thu thap"
90214C,"LETTER ""C"" BLING KEY RING",3,"Hang moi/it nguoi biet, doanh thu thap"
90214D,"LETTER ""D"" BLING KEY RING",3,"Hang moi/it nguoi biet, doanh thu thap"
90214E,"LETTER ""E"" BLING KEY RING",3,"Hang moi/it nguoi biet, doanh thu thap"
90214F,"LETTER ""F"" BLING KEY RING",3,"Hang moi/it nguoi biet, doanh thu thap"
90214G,"LETTER ""G"" BLING KEY RING",3,"Hang moi/it nguoi biet, doanh thu thap"
90214H,"LETTER ""H"" BLING KEY RING",3,"Hang moi/it nguoi biet, doanh thu thap"
90214I,"LETTER ""I"" BLING KEY RING",3,"Hang moi/it nguoi biet, doanh thu thap"
90214J,"LETTER ""J"" BLING KEY RING",3,"Hang moi/it nguoi biet, doanh thu thap"
90214K,"LETTER ""K"" BLING KEY RING",3,"Hang moi/it nguoi biet, doanh thu thap"
90214L,"LETTER ""L"" BLING KEY RING",3,"Hang moi/it nguoi biet, doanh thu thap"
90214M,"LETTER ""M"" BLING KEY RING",3,"Hang moi/it nguoi biet, doanh thu thap"
90214N,"LETTER ""N"" BLING KEY RING",3,"Hang moi/it nguoi biet, doanh thu thap"
90214O,"LETTER ""O"" BLING KEY RING",3,"Hang moi/it nguoi biet, doanh thu thap"
90214P,"LETTER ""P"" BLING KEY RING",3,"Hang moi/it nguoi biet, doanh thu thap"
90214R,"LETTER ""R"" BLING KEY RING",3,"Hang moi/it nguoi biet, doanh thu thap"
90214S,"LETTER ""S"" BLING KEY RING",3,"Hang moi/it nguoi biet, doanh thu thap"
90214T,"LETTER ""T"" BLING KEY RING",3,"Hang moi/it nguoi biet, doanh thu thap"
90214V,"LETTER ""V"" BLING KEY RING",3,"Hang moi/it nguoi biet, doanh thu thap"
90214W,"LETTER ""W"" BLING KEY RING",3,"Hang moi/it nguoi biet, doanh thu thap"
90214Y,"LETTER ""Y"" BLING KEY RING",1,"Hang cao cap, gia tri cao, it lap lai"
90214Z,"LETTER ""Z"" BLING KEY RING",3,"Hang moi/it nguoi biet, doanh thu thap"
C2,CARRIAGE,0,"Hang ban chay, gia thap, mua thuong xuyen"
DCGSSBOY,BOYS PARTY BAG,1,"Hang cao cap, gia tri cao, it lap lai"
DCGSSGIRL,GIRLS PARTY BAG,1,"Hang cao cap, gia tri cao, it lap lai"
gift_0001_10,Dotcomgiftshop Gift Voucher 10.00,1,"Hang cao cap, gia tri cao, it lap lai"
gift_0001_20,Dotcomgiftshop Gift Voucher 20.00,1,"Hang cao cap, gia tri cao, it lap lai"
gift_0001_30,Dotcomgiftshop Gift Voucher 30.00,1,"Hang cao cap, gia tri cao, it lap lai"
