age,job,marital,education,default,balance,housing,loan,contact,day,month,campaign,pdays,previous,poutcome,was_contacted_before,xac_suat_dong_y
31,management,single,tertiary,no,533,no,no,cellular,11,feb,1,91,9,success,1,0.9485652481015578
60,retired,married,secondary,no,523,no,no,cellular,11,feb,1,182,3,success,1,0.9473792651654668
20,student,single,secondary,no,215,no,no,cellular,24,feb,1,92,6,success,1,0.9446802076322546
28,student,single,secondary,no,1925,no,no,cellular,26,feb,1,93,3,success,1,0.9440454710166146
57,management,married,tertiary,no,10583,no,no,cellular,28,sep,3,98,3,success,1,0.9427578325137175
48,management,married,tertiary,no,2351,no,no,cellular,15,sep,1,105,3,success,1,0.9422970530131891
51,management,married,tertiary,no,469,no,no,cellular,14,oct,1,182,3,success,1,0.9415148352941106
33,management,single,tertiary,no,935,no,no,cellular,9,feb,2,92,8,success,1,0.9414907156889847
31,management,single,tertiary,no,3384,no,no,cellular,22,mar,3,187,3,success,1,0.9412894989564887
28,management,single,tertiary,no,187,no,no,cellular,9,jun,1,92,1,success,1,0.9412113727921941
27,student,single,tertiary,no,1134,no,no,cellular,21,oct,1,183,4,success,1,0.9411443161894969
41,unemployed,married,tertiary,no,0,no,no,cellular,29,apr,1,181,3,success,1,0.9405258028868922
35,self-employed,single,tertiary,no,353,no,no,cellular,11,feb,1,183,1,success,1,0.9404313141012696
33,management,single,tertiary,no,224,no,no,cellular,23,sep,2,92,4,success,1,0.9402850466506849
36,management,married,tertiary,no,2161,no,no,cellular,8,sep,2,183,5,success,1,0.9397272396166576
33,unemployed,married,secondary,no,1211,no,no,cellular,11,feb,1,188,1,success,1,0.9395944213797788
36,services,married,secondary,no,4721,no,no,cellular,9,jun,1,92,5,success,1,0.9395250084120785
25,student,single,secondary,no,469,no,no,cellular,24,feb,1,187,2,success,1,0.938583251169848
72,retired,married,secondary,no,5715,no,no,cellular,17,may,1,181,2,success,1,0.9385523215608
74,retired,married,tertiary,no,1843,no,no,cellular,15,sep,2,184,3,success,1,0.9381784986843532
33,management,single,tertiary,no,1781,no,no,cellular,8,oct,2,183,1,success,1,0.9378137446738154
29,management,single,tertiary,no,1445,no,no,cellular,26,apr,2,143,2,success,1,0.9371842232484504
36,management,married,tertiary,no,495,no,no,cellular,5,aug,3,97,2,success,1,0.9368051056734251
60,services,single,secondary,no,739,no,no,cellular,15,jul,1,182,1,success,1,0.9367670511782413
36,services,married,unknown,no,618,no,no,cellular,13,jul,1,335,2,success,1,0.9354789384034919
47,management,married,tertiary,no,699,no,no,cellular,5,aug,3,97,2,success,1,0.9353654701165294
37,management,married,tertiary,no,57,no,no,cellular,30,apr,2,84,1,success,1,0.935338505063553
32,services,married,secondary,no,914,no,no,cellular,29,dec,1,197,1,success,1,0.9351095311423492
39,management,married,tertiary,no,2939,no,no,cellular,29,jun,1,165,2,success,1,0.9339173620702168
62,retired,married,secondary,no,243,no,no,cellular,25,jan,1,280,1,success,1,0.9329974707129807
30,management,single,tertiary,no,5359,no,no,cellular,26,feb,1,191,3,success,1,0.9326219943108279
34,unemployed,single,tertiary,no,1974,no,no,cellular,22,jul,1,342,3,success,1,0.9325794813261852
45,admin.,married,secondary,no,205,no,no,cellular,3,feb,1,92,1,success,1,0.9320261682192611
34,management,married,tertiary,no,1778,no,no,cellular,5,feb,1,93,3,success,1,0.9313088809702742
54,unknown,married,secondary,no,2206,no,no,cellular,11,feb,1,91,3,success,1,0.93087082317807
38,services,married,secondary,no,2678,no,no,cellular,28,sep,2,187,1,success,1,0.9305314675611156
56,management,married,unknown,no,4623,no,no,cellular,25,feb,1,192,1,success,1,0.930477408674201
35,blue-collar,married,secondary,no,262,no,no,cellular,15,mar,1,181,3,success,1,0.9298806928439685
30,management,single,tertiary,no,572,no,no,cellular,17,jun,3,183,2,success,1,0.9296038281632962
74,retired,married,secondary,no,935,no,no,cellular,25,oct,1,173,3,success,1,0.9288075086653471
51,management,married,tertiary,no,469,no,no,cellular,15,apr,1,181,2,success,1,0.9286333197072083
60,admin.,married,secondary,no,12980,no,no,cellular,3,sep,2,182,1,success,1,0.9285544585714948
36,technician,married,tertiary,no,341,no,no,cellular,12,feb,2,183,1,success,1,0.9282068267670738
41,unemployed,single,tertiary,no,7968,no,no,cellular,2,sep,1,184,4,success,1,0.927365688460934
31,technician,single,secondary,no,2544,no,no,cellular,15,jul,1,184,3,success,1,0.9273338082763375
59,unemployed,married,secondary,no,1047,no,no,cellular,21,aug,1,184,3,success,1,0.927225855175761
37,technician,single,tertiary,no,197,no,no,cellular,15,feb,1,91,2,success,1,0.9266530162965323
61,management,married,secondary,no,544,no,no,cellular,29,dec,3,200,9,success,1,0.9260226109412144
40,admin.,married,secondary,no,732,no,no,cellular,9,sep,1,139,4,success,1,0.9255371603513792
42,unemployed,married,secondary,no,1289,no,no,cellular,15,oct,3,92,6,success,1,0.9250822480808776
62,admin.,married,secondary,no,4608,no,no,cellular,14,sep,1,186,1,success,1,0.9240000392798159
24,management,single,tertiary,no,1506,no,no,cellular,12,jun,2,95,4,success,1,0.9236633489370454
66,retired,married,primary,no,1004,no,no,cellular,28,apr,1,182,1,success,1,0.92321330898325
48,unemployed,married,secondary,no,926,no,no,cellular,12,aug,2,178,10,success,1,0.9224324023640014
64,retired,divorced,primary,no,109,no,no,cellular,23,jun,1,225,2,success,1,0.9223108766617903
29,self-employed,single,tertiary,no,1579,no,no,cellular,13,jul,1,181,4,success,1,0.9219727840996584
36,admin.,married,secondary,no,96,no,no,cellular,30,apr,1,87,1,success,1,0.9211044435128741
72,retired,married,tertiary,no,3561,no,no,telephone,15,sep,3,184,7,success,1,0.9208400430304448
38,technician,married,tertiary,no,3234,no,no,cellular,8,apr,1,141,2,success,1,0.9206008273530343
53,management,married,tertiary,no,1624,no,no,cellular,30,apr,3,84,3,success,1,0.9203686328878774
44,technician,single,unknown,no,11115,no,no,cellular,25,oct,1,185,4,success,1,0.9198800660119371
44,management,single,tertiary,no,483,no,no,cellular,6,mar,2,199,6,success,1,0.9197761807074335
46,admin.,married,secondary,no,974,no,no,cellular,5,jun,2,80,1,success,1,0.9194865621563043
30,self-employed,married,tertiary,no,2666,no,no,cellular,5,aug,2,93,4,success,1,0.9193914557950561
37,technician,married,tertiary,no,341,no,no,cellular,13,aug,3,182,3,success,1,0.9188906248521924
34,blue-collar,married,secondary,no,262,no,no,cellular,15,sep,2,106,1,success,1,0.9184816966368691
48,unemployed,married,secondary,no,926,no,no,cellular,15,feb,4,185,6,success,1,0.918410729287322
24,blue-collar,married,secondary,no,272,no,no,cellular,16,nov,2,94,2,success,1,0.9183483393771964
42,management,married,tertiary,no,27696,no,no,cellular,11,aug,1,91,7,success,1,0.9182768712291793
39,services,single,secondary,no,91,no,no,cellular,3,sep,1,185,1,success,1,0.9182506952312477
69,retired,divorced,secondary,no,4572,no,no,cellular,27,jan,2,92,3,success,1,0.9179975919947653
27,blue-collar,single,secondary,no,535,no,no,cellular,16,aug,3,95,4,success,1,0.9176591561306608
73,retired,married,primary,no,1388,no,no,cellular,20,jul,3,190,3,success,1,0.9176551591620911
38,technician,single,secondary,no,1130,no,no,cellular,4,jun,2,98,1,success,1,0.9170939584866932
33,technician,married,secondary,no,133,no,no,cellular,12,nov,2,192,1,success,1,0.9167242280950315
46,self-employed,single,secondary,no,526,no,no,cellular,4,aug,1,96,3,success,1,0.9166399695420094
37,services,single,secondary,no,1045,no,no,cellular,4,jun,1,79,3,success,1,0.9163910430091989
32,management,single,tertiary,no,1619,no,no,cellular,17,mar,1,321,2,success,1,0.9158591256276396
32,technician,single,tertiary,no,5514,no,no,cellular,22,apr,1,182,1,success,1,0.9151795264709621
76,retired,married,tertiary,no,2991,no,no,cellular,25,jan,1,95,2,success,1,0.914875107292708
37,technician,married,secondary,no,1458,no,no,cellular,22,mar,1,326,1,success,1,0.9137639683575393
30,student,single,secondary,no,314,no,no,cellular,29,jun,1,204,6,success,1,0.9132806076646142
42,management,married,tertiary,no,1205,no,no,telephone,15,mar,1,188,2,success,1,0.9121042437883229
47,technician,married,tertiary,no,2408,no,no,cellular,12,aug,1,104,1,success,1,0.9117538897450919
68,retired,married,secondary,no,1146,no,no,cellular,3,mar,2,110,3,success,1,0.9110245148074557
29,management,single,tertiary,no,265,no,no,cellular,24,aug,2,94,1,success,1,0.9109983120127484
45,management,married,unknown,no,2724,no,no,cellular,28,jun,2,182,1,success,1,0.9109494866955097
25,student,single,secondary,no,304,no,no,cellular,30,nov,1,188,2,success,1,0.9109361974636038
27,services,single,secondary,no,302,no,no,cellular,8,jan,1,189,1,success,1,0.9106260792193578
55,admin.,divorced,secondary,no,1693,no,no,cellular,10,aug,1,102,3,success,1,0.910231103283931
55,admin.,married,secondary,no,8304,no,no,cellular,1,sep,1,92,1,success,1,0.9101950163180684
35,services,married,unknown,no,618,no,no,cellular,12,aug,1,104,1,success,1,0.9098601103606297
59,unemployed,married,secondary,no,1625,no,no,cellular,4,aug,1,180,2,success,1,0.9097550236424685
26,services,single,tertiary,no,12,no,no,cellular,15,dec,4,186,6,success,1,0.9094119255755796
69,retired,married,unknown,no,426,no,no,telephone,10,sep,2,185,2,success,1,0.909394021645729
60,technician,married,secondary,no,259,no,no,cellular,6,jul,1,386,2,success,1,0.9088579621219747
56,services,married,secondary,no,1989,no,no,cellular,3,aug,4,181,4,success,1,0.9086507744564419
33,technician,married,tertiary,no,4401,no,no,cellular,12,aug,2,104,1,success,1,0.9086461571156864
68,retired,married,secondary,no,1146,no,no,cellular,13,may,1,71,5,success,1,0.9085596526115002
24,student,single,primary,no,474,no,no,cellular,12,aug,1,104,1,success,1,0.9083445514108359
48,admin.,married,secondary,no,368,no,no,cellular,8,oct,2,140,7,success,1,0.9076309880678078
29,admin.,single,secondary,no,464,no,no,cellular,9,nov,2,91,3,success,1,0.9073453595821843
67,retired,divorced,secondary,no,704,no,no,cellular,6,may,1,87,3,success,1,0.9072810587472614
58,management,married,tertiary,no,473,no,no,cellular,18,feb,1,262,1,success,1,0.9071937452301913
68,retired,divorced,primary,no,2027,no,no,cellular,14,sep,2,91,4,success,1,0.9071403910407497
34,technician,single,secondary,no,2085,no,no,cellular,10,aug,3,182,2,success,1,0.9059190261091513
39,management,divorced,tertiary,no,224,no,no,cellular,2,jul,2,88,1,success,1,0.905710579848884
31,admin.,single,secondary,no,410,no,no,cellular,25,oct,1,185,1,success,1,0.9055010077561764
35,technician,single,tertiary,no,670,no,no,cellular,13,apr,4,182,2,success,1,0.9053075053284364
35,technician,married,secondary,no,2779,no,no,cellular,26,apr,2,186,2,success,1,0.9052270179354092
33,student,married,secondary,no,1536,no,no,cellular,6,aug,2,178,4,success,1,0.9050164226933165
56,retired,married,tertiary,no,281,no,no,cellular,25,may,1,83,2,success,1,0.9039881758811953
77,management,married,unknown,no,1780,yes,no,cellular,23,oct,2,183,3,success,1,0.9031369515791122
54,management,married,tertiary,no,1624,no,no,cellular,12,may,3,182,10,success,1,0.9021018629254947
29,housemaid,single,tertiary,no,19,no,no,cellular,5,feb,2,64,2,success,1,0.9019011709531171
75,retired,married,secondary,no,3771,no,no,telephone,15,apr,1,181,2,success,1,0.9015583451099826
33,technician,married,tertiary,no,1699,no,no,cellular,6,nov,2,94,1,success,1,0.9014473244281863
33,blue-collar,single,tertiary,no,700,no,no,cellular,30,apr,1,80,2,success,1,0.9013371967202187
29,technician,single,secondary,no,113,no,no,cellular,12,feb,2,183,4,success,1,0.9012622005590781
31,student,single,tertiary,no,64,no,no,cellular,15,sep,1,105,2,success,1,0.9005392548283274
27,admin.,married,tertiary,no,2855,no,no,cellular,22,jul,2,178,4,success,1,0.9004975500683203
61,self-employed,married,tertiary,no,10861,no,no,cellular,26,jul,2,259,3,success,1,0.9001429304056205
77,retired,married,secondary,no,4112,no,no,telephone,26,jan,1,95,2,success,1,0.8999021179644515
47,admin.,married,secondary,no,3676,no,no,cellular,18,oct,1,95,3,success,1,0.8996541174449555
64,retired,married,primary,no,48,no,no,cellular,9,sep,3,92,1,success,1,0.8994681634797691
32,management,single,tertiary,no,312,no,no,cellular,26,may,2,98,2,success,1,0.899309743037215
36,management,married,tertiary,no,82,no,no,cellular,2,feb,1,178,4,success,1,0.8992910073387705
33,services,married,secondary,no,1697,no,no,cellular,4,may,1,182,1,success,1,0.8980513107822771
53,management,married,tertiary,no,3634,no,no,cellular,7,may,4,88,8,success,1,0.8975902556867973
54,management,married,tertiary,no,8295,no,no,cellular,2,oct,2,119,1,success,1,0.8965205886528739
55,admin.,married,secondary,no,1633,no,no,cellular,11,jan,1,192,2,success,1,0.8963554251939112
48,management,single,tertiary,no,5689,no,no,cellular,26,may,2,103,1,success,1,0.8962448202976389
31,unemployed,single,tertiary,no,302,no,no,cellular,3,feb,1,357,3,success,1,0.8959657300605086
68,retired,married,secondary,no,1443,no,no,telephone,21,dec,2,257,1,success,1,0.8947462474193445
34,management,married,tertiary,no,2599,no,no,cellular,16,nov,1,200,2,success,1,0.8946917286962617
56,retired,married,primary,no,9367,no,no,cellular,13,aug,2,101,2,success,1,0.8946579920457539
61,retired,married,secondary,no,11,no,no,cellular,29,sep,1,92,3,success,1,0.8942378604294727
56,management,married,primary,no,870,no,no,cellular,14,may,1,179,1,success,1,0.8932625971591212
21,student,single,secondary,no,123,no,no,telephone,11,nov,1,91,1,success,1,0.8929982602323153
38,technician,married,secondary,no,6728,no,no,cellular,25,nov,1,96,4,success,1,0.8919537709319846
27,blue-collar,single,tertiary,no,644,no,no,cellular,2,jun,1,182,1,success,1,0.891514925779367
80,retired,married,secondary,no,8304,no,no,telephone,6,apr,1,118,11,success,1,0.8909673287091847
36,management,single,tertiary,no,5958,yes,no,cellular,22,sep,1,184,1,success,1,0.8908884431706536
26,technician,single,secondary,no,1231,yes,no,cellular,4,sep,1,93,7,success,1,0.8902457263554671
44,technician,divorced,secondary,no,14,no,no,cellular,13,nov,1,92,1,success,1,0.8902274874003233
76,retired,divorced,primary,no,2693,no,no,cellular,23,apr,5,184,2,success,1,0.889868083334948
53,admin.,married,secondary,no,1796,no,no,telephone,16,mar,1,91,2,success,1,0.8892102217288148
35,blue-collar,married,secondary,no,1454,yes,no,cellular,12,aug,1,182,4,success,1,0.8888714662640298
24,admin.,single,secondary,no,1295,no,no,cellular,22,jul,2,92,1,success,1,0.8879588113835483
37,technician,single,tertiary,no,197,no,no,cellular,13,may,1,87,3,success,1,0.8870585466147811
38,blue-collar,single,secondary,no,0,no,no,cellular,27,jan,1,92,4,success,1,0.8868419871468227
43,admin.,married,secondary,no,132,no,no,cellular,27,may,2,71,1,success,1,0.8840486660629755
48,housemaid,married,tertiary,no,5473,no,no,cellular,24,feb,2,184,2,success,1,0.8832148526862256
32,admin.,single,tertiary,no,8866,no,no,cellular,9,jun,2,83,2,success,1,0.8831747866141108
28,self-employed,single,tertiary,no,159,no,no,cellular,16,nov,2,33,4,success,1,0.8819105106118742
32,blue-collar,married,secondary,no,136,no,no,cellular,16,nov,1,188,3,success,1,0.8817735681906569
83,retired,married,primary,no,425,no,no,telephone,22,sep,1,92,2,success,1,0.8800344359070046
49,admin.,single,tertiary,no,228,yes,no,cellular,3,sep,2,93,2,success,1,0.8795381408046784
56,blue-collar,married,primary,no,1137,no,no,telephone,12,oct,3,102,1,success,1,0.8795343828503924
32,admin.,married,secondary,no,35,no,no,cellular,17,dec,3,126,3,success,1,0.8785112113972454
37,technician,married,unknown,no,189,no,no,cellular,1,oct,1,107,2,success,1,0.8784237926123568
35,technician,married,secondary,no,1368,no,no,cellular,13,aug,2,78,3,success,1,0.8770461128001112
50,housemaid,married,secondary,no,388,no,no,cellular,8,jun,2,89,2,success,1,0.8760063875854182
54,technician,married,secondary,no,3994,no,yes,cellular,20,oct,2,187,2,success,1,0.8730990192540924
22,student,single,tertiary,no,691,no,no,cellular,30,nov,5,103,1,success,1,0.8720279480729068
33,admin.,single,tertiary,no,272,yes,no,cellular,1,sep,2,92,3,success,1,0.8707929809303474
44,admin.,married,secondary,no,132,no,no,cellular,21,dec,5,124,4,success,1,0.8692417272422968
61,management,married,tertiary,no,13546,no,no,cellular,25,jan,2,283,3,success,1,0.8691932395924556
24,technician,single,secondary,no,598,no,no,cellular,12,may,1,182,2,success,1,0.8681623161643077
40,admin.,married,secondary,no,0,no,no,cellular,28,jul,2,182,11,success,1,0.8680981769447181
51,management,single,tertiary,no,151,yes,no,cellular,8,sep,1,427,3,success,1,0.8675618173222991
49,entrepreneur,single,secondary,no,5802,no,no,cellular,12,aug,3,104,2,success,1,0.8674570174399264
54,technician,married,tertiary,no,876,no,no,cellular,27,oct,3,541,3,success,1,0.867276188710854
37,management,married,tertiary,no,393,yes,no,cellular,12,aug,2,104,2,success,1,0.8650421947891462
30,management,married,tertiary,no,314,no,no,cellular,19,nov,2,175,2,success,1,0.8646604802647544
34,blue-collar,married,secondary,no,320,yes,no,cellular,12,nov,1,92,3,success,1,0.8634575295318583
75,retired,married,secondary,no,291,no,no,cellular,12,aug,1,182,2,success,1,0.8620600177573707
46,admin.,single,secondary,no,1693,yes,no,cellular,25,jan,1,97,1,success,1,0.8615398687193898
63,housemaid,married,secondary,no,2,no,no,cellular,4,feb,2,93,1,success,1,0.8605346412448727
54,blue-collar,divorced,primary,no,4401,no,no,telephone,13,may,1,183,2,success,1,0.8603807570326271
70,retired,married,primary,no,2346,no,no,cellular,24,aug,3,194,2,success,1,0.85994721536583
41,self-employed,single,tertiary,no,1616,no,no,telephone,28,jan,1,184,7,success,1,0.8593995652913665
59,management,married,tertiary,no,2239,no,no,cellular,20,aug,6,90,1,success,1,0.8588245676194525
44,self-employed,married,unknown,no,163,yes,no,cellular,12,aug,1,100,3,success,1,0.8581022319967689
63,management,married,tertiary,no,2785,no,no,cellular,2,aug,2,392,3,success,1,0.857165056427255
78,retired,married,unknown,no,4807,no,no,telephone,3,feb,2,104,4,success,1,0.8559089015253051
31,admin.,married,secondary,no,35,no,no,cellular,13,aug,2,105,1,success,1,0.8557106079950381
27,unemployed,single,tertiary,no,77,no,no,cellular,12,jul,4,77,1,success,1,0.8554084276204054
29,management,single,tertiary,no,874,yes,no,cellular,16,sep,1,103,1,success,1,0.8548210014779143
32,blue-collar,married,secondary,no,889,yes,no,cellular,10,sep,1,99,5,success,1,0.8544407349527162
29,technician,single,secondary,no,590,no,no,cellular,27,aug,1,94,1,success,1,0.8532754869134842
24,technician,married,secondary,no,556,yes,no,cellular,8,feb,1,94,4,success,1,0.852719888318381
24,admin.,single,tertiary,no,0,yes,no,cellular,7,sep,1,103,2,success,1,0.851962085187009
37,management,single,tertiary,no,62,yes,no,cellular,2,aug,2,272,8,success,1,0.8511623704140086
42,blue-collar,married,secondary,no,413,yes,no,cellular,11,feb,2,184,2,success,1,0.8509491118438632
58,management,married,secondary,no,2155,no,yes,cellular,11,aug,2,182,7,success,1,0.8496181097500519
36,blue-collar,married,primary,no,1177,no,no,cellular,15,apr,1,311,4,success,1,0.8485967546119916
41,management,divorced,tertiary,no,3426,no,no,cellular,1,oct,1,119,5,success,1,0.8483080185118907
35,management,married,tertiary,no,0,yes,no,cellular,11,feb,2,92,5,success,1,0.8475852377749353
26,admin.,single,tertiary,no,760,yes,no,cellular,6,sep,2,186,7,success,1,0.8471459858596314
57,housemaid,married,tertiary,no,2326,no,no,cellular,28,oct,1,194,1,success,1,0.8469653745965346
45,technician,single,tertiary,no,2033,no,no,cellular,15,jun,5,285,2,success,1,0.84680288367066
32,management,single,tertiary,no,718,yes,no,cellular,29,dec,1,197,1,success,1,0.8464604460817224
34,admin.,married,tertiary,no,69,no,yes,cellular,3,aug,3,251,3,success,1,0.8458639968436117
61,admin.,married,unknown,no,4629,yes,no,cellular,27,jan,1,92,1,success,1,0.8429633883936367
49,management,married,tertiary,no,1,no,no,telephone,13,aug,2,101,4,success,1,0.8412504363333662
30,self-employed,married,tertiary,no,2666,no,no,cellular,4,may,3,89,1,success,1,0.8402679897708468
60,blue-collar,married,primary,no,5,no,no,cellular,29,jan,1,92,1,success,1,0.8396068572950047
31,admin.,married,secondary,no,4457,yes,no,cellular,16,apr,1,146,4,success,1,0.8389575698234587
79,retired,divorced,primary,no,2787,no,no,telephone,13,jul,1,377,1,success,1,0.8382980884447272
58,technician,married,secondary,no,589,yes,no,cellular,10,feb,3,183,6,success,1,0.8371011749422597
35,self-employed,single,tertiary,no,5462,no,no,cellular,2,nov,1,186,1,success,1,0.83581091282628
28,management,single,tertiary,no,616,yes,no,cellular,7,oct,1,503,2,success,1,0.8347574165019073
40,management,married,tertiary,no,2763,yes,no,cellular,2,jul,1,395,2,success,1,0.8344896735420336
36,technician,single,secondary,no,1228,yes,no,cellular,14,aug,2,102,3,success,1,0.8335131938943288
70,retired,married,primary,no,3782,no,no,cellular,16,mar,1,0,0,unknown,0,0.8328866058616168
38,technician,divorced,secondary,no,902,yes,no,cellular,14,aug,1,102,4,success,1,0.8322050480839097
31,technician,married,tertiary,no,3338,yes,no,cellular,24,jun,2,185,2,success,1,0.831879582078678
35,management,married,tertiary,no,0,yes,no,cellular,11,nov,2,96,3,success,1,0.8306387152131665
83,retired,married,tertiary,no,4761,no,no,telephone,9,jun,2,93,1,success,1,0.8289614464138461
49,management,married,tertiary,no,1093,yes,yes,cellular,15,sep,1,246,4,success,1,0.8283585771714808
76,housemaid,divorced,primary,no,1411,no,no,telephone,19,oct,2,187,3,success,1,0.8265073240392126
75,retired,married,primary,no,1413,no,no,cellular,1,sep,2,188,2,success,1,0.8230322944882927
46,admin.,divorced,primary,no,429,yes,no,cellular,26,apr,2,369,2,success,1,0.8211317946637429
37,technician,married,tertiary,no,127,yes,no,cellular,25,aug,1,193,1,success,1,0.8192220855263451
25,student,single,tertiary,no,293,no,no,cellular,12,apr,1,0,0,unknown,0,0.8186973077997789
66,retired,married,tertiary,no,2820,no,no,cellular,5,mar,2,0,0,unknown,0,0.8186075093474724
29,self-employed,single,tertiary,no,3290,no,no,cellular,12,may,1,50,3,success,1,0.8157409227065628
25,management,single,tertiary,no,943,no,no,cellular,30,apr,1,0,0,unknown,0,0.8149183433523991
36,admin.,divorced,secondary,no,1224,yes,no,cellular,12,nov,1,374,1,success,1,0.8115842175859125
29,management,single,secondary,no,703,yes,no,cellular,16,nov,1,550,2,success,1,0.8113307161596821
47,technician,married,secondary,no,57,no,no,cellular,5,may,1,342,1,success,1,0.811003346321949
63,retired,married,tertiary,no,1795,no,no,cellular,7,sep,1,0,0,unknown,0,0.8086944389159839
23,technician,single,secondary,no,283,yes,no,cellular,22,sep,1,184,2,success,1,0.8085761802117085
57,retired,married,secondary,no,3738,yes,no,cellular,19,apr,1,367,7,success,1,0.808041244555789
26,admin.,single,tertiary,no,760,yes,no,cellular,4,mar,2,281,5,success,1,0.8061975479052834
31,management,married,tertiary,no,877,no,no,cellular,9,jun,1,93,7,other,1,0.8058600258774016
86,retired,married,primary,no,1817,no,no,cellular,16,mar,3,0,0,unknown,0,0.8042230668227038
56,technician,married,secondary,no,1938,no,yes,cellular,26,feb,1,192,4,success,1,0.8037247956134759
29,management,single,tertiary,no,2753,no,no,cellular,30,apr,1,0,0,unknown,0,0.8005807042533049
27,student,single,tertiary,no,3687,no,no,cellular,8,apr,2,0,0,unknown,0,0.7998761141242028
25,student,single,secondary,no,1868,no,no,cellular,26,oct,1,103,2,other,1,0.7995325606319923
30,admin.,single,tertiary,no,41,yes,no,cellular,15,feb,4,186,2,success,1,0.7986142443837712
48,blue-collar,married,secondary,no,1230,yes,no,cellular,13,may,2,182,3,success,1,0.7985648359559291
65,retired,married,primary,no,3629,no,no,cellular,27,apr,1,0,0,unknown,0,0.7976571258646871
41,technician,single,tertiary,no,1646,yes,no,cellular,5,may,1,90,7,success,1,0.7976434389903422
28,management,single,tertiary,no,223,yes,no,cellular,1,jun,1,278,3,success,1,0.7970384763422551
30,admin.,single,secondary,no,265,yes,no,cellular,25,may,1,181,2,success,1,0.7969522502623306
32,management,single,tertiary,no,2667,yes,no,cellular,19,nov,1,99,2,success,1,0.7965341576538754
55,housemaid,married,secondary,no,962,yes,no,cellular,28,apr,1,181,3,success,1,0.7962949171221836
20,student,single,secondary,no,1819,no,no,cellular,9,apr,3,0,0,unknown,0,0.7962233053892362
26,technician,single,tertiary,no,1066,no,no,cellular,15,apr,1,0,0,unknown,0,0.795936539251784
43,services,married,primary,no,2557,yes,no,telephone,15,oct,3,183,5,success,1,0.7949973082649195
26,unemployed,single,tertiary,no,3511,no,no,cellular,30,apr,2,0,0,unknown,0,0.7930304773032333
25,student,single,unknown,no,839,no,no,cellular,15,mar,1,181,2,other,1,0.7927107550720907
34,management,married,tertiary,no,4859,no,no,cellular,30,apr,1,37,1,other,1,0.7918409044619942
62,retired,married,primary,no,383,no,no,cellular,10,sep,1,0,0,unknown,0,0.7915906202805071
38,admin.,married,secondary,no,755,yes,no,cellular,25,may,1,97,1,success,1,0.7914449737377679
50,technician,married,tertiary,no,2611,no,no,cellular,12,may,1,387,2,success,1,0.7906416011331685
62,retired,married,secondary,no,569,no,no,cellular,4,aug,1,1,8,success,1,0.7905070750649414
73,retired,married,primary,no,253,no,no,cellular,20,apr,1,0,0,unknown,0,0.7896895041769036
64,technician,married,tertiary,no,1319,no,no,cellular,12,mar,2,0,0,unknown,0,0.7894369647428691
64,unemployed,divorced,secondary,no,588,no,no,cellular,8,mar,1,0,0,unknown,0,0.7889086749356657
34,management,married,tertiary,no,520,yes,no,cellular,17,apr,1,248,4,success,1,0.7879767597134922
28,blue-collar,single,secondary,no,-46,yes,no,cellular,1,jun,2,91,12,success,1,0.7877487076339682
28,self-employed,single,tertiary,no,442,no,no,cellular,19,jun,3,95,3,other,1,0.7851778762382974
26,student,single,tertiary,no,193,no,no,cellular,3,apr,2,0,0,unknown,0,0.784079206381313
24,technician,single,secondary,no,139,no,no,cellular,14,apr,1,0,0,unknown,0,0.7832750812306783
38,unemployed,married,tertiary,no,2812,yes,no,cellular,3,nov,1,187,1,success,1,0.7826991383808678
62,retired,married,primary,no,1084,no,no,cellular,14,apr,1,0,0,unknown,0,0.782117306308735
78,retired,married,primary,no,14204,no,no,cellular,26,oct,1,183,1,other,1,0.7817069117291681
30,admin.,married,secondary,no,873,yes,no,telephone,12,nov,1,167,3,success,1,0.780217207570621
38,admin.,married,secondary,no,1767,yes,no,cellular,9,jul,4,239,7,success,1,0.779643379757072
25,blue-collar,single,secondary,no,1857,yes,no,cellular,12,oct,1,91,12,success,1,0.7791917445959325
74,retired,married,primary,no,4286,no,no,cellular,30,sep,1,0,0,unknown,0,0.7788122315915467
36,technician,single,secondary,no,27,yes,no,cellular,9,feb,1,260,2,success,1,0.7786093185387454
24,student,single,primary,no,1283,no,no,cellular,2,apr,2,0,0,unknown,0,0.7777035282622319
58,technician,married,secondary,no,3399,no,no,cellular,26,may,1,97,7,other,1,0.7766542254735685
57,unemployed,divorced,primary,no,282,no,no,cellular,22,oct,1,88,4,other,1,0.7756525662941597
83,retired,married,tertiary,no,4761,no,no,telephone,8,mar,1,0,0,unknown,0,0.7752485602258778
34,management,divorced,tertiary,no,2466,no,no,cellular,2,jun,1,281,5,other,1,0.7736097293138243
74,retired,divorced,primary,no,2308,no,no,telephone,16,sep,2,535,2,success,1,0.7728941785204083
24,student,single,secondary,no,689,no,no,cellular,8,sep,1,0,0,unknown,0,0.7718123038130238
78,retired,married,primary,no,301,no,no,cellular,7,sep,2,0,0,unknown,0,0.7715771612491316
31,blue-collar,married,secondary,no,1664,yes,no,cellular,20,apr,1,182,1,success,1,0.771299078312694
32,technician,single,tertiary,no,1246,yes,no,cellular,30,apr,1,85,2,success,1,0.7701674219913233
31,management,single,tertiary,no,2016,no,no,cellular,30,apr,1,0,0,unknown,0,0.7699911887607475
63,retired,married,secondary,no,23047,no,no,cellular,17,jun,1,139,2,other,1,0.7699227645555072
25,unemployed,single,secondary,no,771,no,no,cellular,5,mar,1,0,0,unknown,0,0.7692629498627899
80,retired,married,primary,no,1861,no,no,telephone,14,apr,2,0,0,unknown,0,0.7686012097671189
30,technician,single,secondary,no,1532,no,no,cellular,23,sep,1,489,6,failure,1,0.768045246175893
66,retired,married,primary,no,388,no,no,cellular,17,sep,2,0,0,unknown,0,0.7671509877448623
52,technician,married,tertiary,no,2557,no,no,cellular,8,jul,1,156,1,other,1,0.766725640368584
27,services,single,secondary,no,453,no,no,cellular,19,apr,2,0,0,unknown,0,0.7663573641604771
26,technician,single,secondary,no,181,no,no,cellular,20,apr,2,0,0,unknown,0,0.7663466657390637
32,management,single,tertiary,no,2069,no,no,cellular,22,apr,1,0,0,unknown,0,0.7659118647904815
31,technician,single,secondary,no,863,yes,no,cellular,3,feb,1,263,5,success,1,0.7656924828618296
35,management,single,tertiary,no,1162,no,no,cellular,30,apr,1,0,0,unknown,0,0.7656772642281243
36,technician,divorced,tertiary,no,1381,no,no,cellular,2,mar,1,0,0,unknown,0,0.7649687699783253
30,admin.,single,secondary,no,414,no,no,cellular,30,apr,1,0,0,unknown,0,0.7641190350878792
74,retired,married,primary,no,1413,no,no,cellular,25,feb,2,0,0,unknown,0,0.7640271731669247
61,retired,married,secondary,no,1058,no,no,cellular,27,apr,3,0,0,unknown,0,0.7635162776087441
65,management,married,secondary,no,587,no,no,cellular,15,apr,2,0,0,unknown,0,0.7633698258528867
32,management,single,tertiary,no,2915,no,no,cellular,8,sep,1,131,2,failure,1,0.7632314602154459
29,management,single,tertiary,no,1673,no,no,cellular,16,aug,2,159,3,other,1,0.7629840336564603
58,management,divorced,unknown,no,2986,no,no,cellular,16,sep,1,91,5,other,1,0.7628985017320595
26,student,single,secondary,no,5296,no,no,cellular,5,mar,1,205,1,failure,1,0.761927192602743
66,retired,married,secondary,no,995,no,no,cellular,27,feb,2,0,0,unknown,0,0.7611340748900547
22,self-employed,single,tertiary,no,780,no,no,cellular,17,mar,3,0,0,unknown,0,0.760996187534529
40,technician,single,tertiary,no,1175,no,no,cellular,14,apr,1,0,0,unknown,0,0.7608667597714569
25,management,single,tertiary,no,316,no,no,cellular,27,mar,2,0,0,unknown,0,0.7606554043336742
63,retired,married,secondary,no,1612,no,no,telephone,17,feb,2,0,0,unknown,0,0.7605671031426391
25,admin.,single,tertiary,no,1185,no,no,cellular,15,jun,1,0,0,unknown,0,0.759967786789299
48,technician,single,secondary,no,1245,no,no,cellular,13,oct,1,134,1,other,1,0.7599323274887325
67,retired,married,primary,no,8465,no,no,cellular,26,feb,1,0,0,unknown,0,0.7589066246402973
33,technician,married,secondary,no,183,no,no,cellular,16,jul,2,182,3,other,1,0.7588325819633756
40,management,single,tertiary,no,3797,no,no,cellular,14,dec,1,195,2,failure,1,0.7585432614748526
27,student,single,secondary,no,1164,no,no,cellular,21,oct,2,104,2,failure,1,0.7585272881795873
35,management,married,tertiary,no,3402,no,no,cellular,14,dec,1,194,2,failure,1,0.7580636441758588
69,retired,married,secondary,no,745,no,no,telephone,9,sep,1,0,0,unknown,0,0.7579792916918506
28,technician,single,tertiary,no,356,no,no,cellular,2,mar,2,0,0,unknown,0,0.7578940549270551
75,retired,divorced,secondary,no,2199,no,no,telephone,13,nov,1,0,0,unknown,0,0.7576494224902756
25,services,single,secondary,no,505,no,no,cellular,15,jun,1,0,0,unknown,0,0.7572191317858795
46,admin.,divorced,secondary,no,2087,no,no,cellular,1,jun,1,119,4,other,1,0.757061179079575
34,management,married,tertiary,no,0,yes,no,cellular,30,apr,1,86,1,success,1,0.7560439699851261
24,management,single,tertiary,no,1030,no,no,cellular,4,mar,2,0,0,unknown,0,0.7556005324057431
38,admin.,single,secondary,no,245,yes,yes,cellular,17,apr,2,345,2,success,1,0.7555158835073592
29,management,single,tertiary,no,1351,no,no,cellular,11,mar,1,91,1,failure,1,0.754947314119055
29,admin.,single,secondary,no,854,no,no,cellular,20,jul,5,95,1,other,1,0.7547049869952761
33,technician,married,tertiary,no,4401,no,no,cellular,30,apr,1,0,0,unknown,0,0.7545632354446172
71,retired,divorced,tertiary,no,780,no,no,telephone,22,apr,1,0,0,unknown,0,0.7541320081894253
55,management,married,primary,no,113,no,no,cellular,12,aug,1,457,3,failure,1,0.7538402577896504
68,retired,married,secondary,no,3588,no,no,telephone,3,apr,1,0,0,unknown,0,0.7537971778741742
23,technician,single,unknown,no,314,no,no,cellular,30,apr,1,0,0,unknown,0,0.752807466401009
46,management,divorced,tertiary,no,624,no,no,cellular,18,mar,1,276,1,other,1,0.7527979567562947
25,technician,single,secondary,no,3843,no,no,cellular,18,oct,2,95,2,failure,1,0.7527308102781928
87,retired,married,secondary,no,433,no,no,telephone,15,dec,1,0,0,unknown,0,0.7526214355944741
32,management,married,tertiary,no,141,yes,no,cellular,4,may,3,89,9,success,1,0.7525146057571357
30,services,single,tertiary,no,803,no,no,cellular,30,apr,1,0,0,unknown,0,0.7523959747496691
72,retired,married,primary,no,3856,no,no,cellular,10,dec,4,115,1,other,1,0.7520498183800602
34,management,married,tertiary,no,250,no,no,cellular,9,dec,1,188,8,other,1,0.7520377050686416
25,management,single,tertiary,no,289,no,no,cellular,5,jun,1,0,0,unknown,0,0.7520235785600979
78,retired,divorced,unknown,no,2628,no,no,telephone,14,apr,2,0,0,unknown,0,0.7517115404673418
31,management,married,tertiary,no,2395,no,no,cellular,27,apr,1,0,0,unknown,0,0.7516042377271552
47,technician,married,tertiary,no,2408,no,no,cellular,30,apr,1,0,0,unknown,0,0.750914839956221
32,management,single,tertiary,no,10281,no,no,cellular,22,apr,1,0,0,unknown,0,0.7496762324702532
29,management,single,tertiary,no,4694,no,no,cellular,15,jun,1,0,0,unknown,0,0.7496191167475587
30,student,single,secondary,no,5836,no,no,cellular,27,apr,2,0,0,unknown,0,0.7492045647897205
26,student,single,secondary,no,611,no,no,cellular,5,jun,3,0,0,unknown,0,0.7491588942294949
31,management,single,tertiary,no,1619,no,no,cellular,30,apr,2,0,0,unknown,0,0.7490771025902793
32,management,married,tertiary,no,1812,no,no,cellular,4,aug,1,182,4,other,1,0.7490714609141367
33,management,married,tertiary,no,1390,no,no,cellular,5,mar,1,179,5,failure,1,0.7488995868062976
36,management,married,tertiary,no,5367,no,no,cellular,31,aug,1,455,2,failure,1,0.7487484827098981
61,retired,married,primary,no,2863,no,no,cellular,13,nov,1,0,0,unknown,0,0.7478652062590133
29,technician,single,secondary,no,1165,no,no,cellular,2,jun,1,0,0,unknown,0,0.7474972101148168
24,student,single,tertiary,no,834,no,no,cellular,9,sep,1,0,0,unknown,0,0.7473526484951318
49,technician,married,tertiary,no,523,yes,no,cellular,3,apr,1,31,2,success,1,0.7473007353525065
49,technician,married,secondary,no,308,no,no,cellular,26,oct,2,91,5,failure,1,0.7472286269228029
26,management,single,secondary,no,2613,no,no,cellular,1,jun,1,0,0,unknown,0,0.7471143171516192
21,blue-collar,single,secondary,no,682,no,no,cellular,6,mar,1,0,0,unknown,0,0.7470457821895314
36,technician,single,tertiary,no,197,no,no,cellular,30,apr,1,0,0,unknown,0,0.7469518792131818
25,management,single,tertiary,no,6246,no,no,cellular,9,jun,3,0,0,unknown,0,0.7467825501019218
39,technician,single,tertiary,no,25,yes,no,cellular,28,dec,1,210,2,success,1,0.7466742749918336
59,retired,married,secondary,no,1341,no,no,cellular,27,aug,2,97,1,other,1,0.745750293688731
71,retired,married,secondary,no,5715,no,no,cellular,17,nov,2,0,0,unknown,0,0.7453607859381266
43,management,married,tertiary,no,2987,no,no,cellular,11,mar,3,0,0,unknown,0,0.7440315682448733
40,self-employed,single,tertiary,no,10346,no,no,cellular,15,jun,2,207,1,other,1,0.7437881953564849
63,retired,married,secondary,no,708,no,no,cellular,17,nov,2,0,0,unknown,0,0.7433453645736897
31,management,single,secondary,no,2317,no,no,cellular,16,apr,2,0,0,unknown,0,0.7432633126112812
72,retired,divorced,tertiary,no,402,no,no,cellular,12,jul,3,0,0,unknown,0,0.7427753902117614
73,retired,married,tertiary,no,443,no,no,cellular,5,feb,2,0,0,unknown,0,0.7426606723919694
77,retired,divorced,secondary,no,0,no,no,cellular,25,sep,1,0,0,unknown,0,0.7419494433460883
61,retired,married,secondary,no,286,no,no,cellular,7,oct,1,0,0,unknown,0,0.7418677892231375
52,self-employed,married,tertiary,no,4012,no,no,cellular,31,aug,3,92,5,other,1,0.7416256053327149
64,management,married,tertiary,no,4688,no,no,cellular,21,oct,1,0,0,unknown,0,0.7409578093845057
28,management,single,tertiary,no,6551,no,no,cellular,23,sep,1,0,0,unknown,0,0.7405197596257185
37,management,married,tertiary,no,165,no,no,cellular,24,aug,1,83,1,other,1,0.7400370815453492
67,retired,married,tertiary,no,3810,no,no,cellular,21,oct,1,0,0,unknown,0,0.7398436144607129
33,management,single,tertiary,no,6807,no,no,cellular,20,apr,1,0,0,unknown,0,0.7396173761854918
70,retired,married,tertiary,no,44,no,no,cellular,18,sep,2,88,2,other,1,0.7394081943605493
52,management,married,secondary,no,335,no,no,cellular,21,oct,1,182,1,failure,1,0.738046770841723
71,retired,married,secondary,no,2064,no,no,cellular,9,nov,2,92,3,failure,1,0.737721252247297
37,technician,married,secondary,no,318,no,no,cellular,7,aug,1,95,4,other,1,0.7375637772960562
32,technician,married,tertiary,no,2688,no,no,cellular,14,oct,1,57,1,failure,1,0.7372467664482859
27,technician,single,tertiary,no,200,no,no,cellular,3,jun,1,0,0,unknown,0,0.7368043512035719
61,retired,married,secondary,no,5196,no,no,telephone,16,mar,2,95,4,other,1,0.7367581594365116
28,management,single,tertiary,no,2380,no,no,cellular,14,sep,2,0,0,unknown,0,0.7365373439914056
93,retired,married,unknown,no,775,no,no,cellular,4,aug,2,13,9,success,1,0.7360914232460033
23,student,single,secondary,no,381,no,no,cellular,23,feb,1,189,2,other,1,0.7356491951714108
41,admin.,married,secondary,no,1021,no,no,cellular,2,jun,1,0,0,unknown,0,0.735250234805481
72,retired,married,secondary,no,17739,no,no,cellular,11,sep,4,0,0,unknown,0,0.7352168391455671
46,management,married,tertiary,no,7485,no,no,cellular,23,sep,1,779,2,failure,1,0.7344577108802494
24,student,single,secondary,no,228,no,no,cellular,2,jun,1,0,0,unknown,0,0.734208977767535
48,admin.,married,secondary,no,2533,no,no,cellular,29,apr,2,633,1,failure,1,0.7341028270661808
32,management,single,tertiary,no,697,no,no,cellular,30,apr,3,0,0,unknown,0,0.734000792072259
60,retired,married,secondary,no,404,no,no,cellular,5,mar,2,196,2,failure,1,0.73398662032522
29,unemployed,married,secondary,no,687,no,no,cellular,8,oct,2,88,6,other,1,0.733762732929714
74,retired,married,tertiary,no,4912,no,no,telephone,21,oct,3,0,0,unknown,0,0.7337261439471409
28,unemployed,single,secondary,no,304,no,no,cellular,14,jun,1,0,0,unknown,0,0.733661342214274
72,retired,married,primary,no,9160,no,no,cellular,5,feb,1,0,0,unknown,0,0.733643333173183
27,student,single,unknown,no,598,no,no,cellular,12,aug,1,524,1,failure,1,0.7332521438442109
33,management,married,tertiary,no,1514,no,no,cellular,10,aug,1,728,2,failure,1,0.733228412575996
57,management,married,tertiary,no,1318,no,no,cellular,16,oct,1,185,2,failure,1,0.7330439256325042
32,management,married,tertiary,no,628,no,no,cellular,30,apr,1,0,0,unknown,0,0.7328921541201627
34,management,married,tertiary,no,611,no,no,cellular,2,jun,1,0,0,unknown,0,0.7323434132822365
37,management,married,tertiary,no,3236,no,no,cellular,20,may,2,202,5,other,1,0.7319250757488059
28,management,single,unknown,no,560,no,no,cellular,2,jun,1,0,0,unknown,0,0.7316070955430378
20,student,single,unknown,no,457,no,no,cellular,16,jun,1,0,0,unknown,0,0.7315530024739312
39,technician,single,tertiary,no,393,no,no,cellular,26,mar,1,0,0,unknown,0,0.7313066541764859
36,admin.,divorced,tertiary,no,4708,no,no,cellular,15,jun,1,0,0,unknown,0,0.7313015623420305
66,retired,married,tertiary,no,1948,no,no,cellular,29,oct,2,269,2,failure,1,0.7312547305225237
33,technician,single,secondary,no,2583,no,no,cellular,25,may,1,108,1,failure,1,0.7310706139209161
55,management,married,tertiary,no,6770,no,no,cellular,27,apr,1,0,0,unknown,0,0.730931898715649
29,management,married,tertiary,no,247,no,no,cellular,16,sep,2,587,3,failure,1,0.7308800857366492
30,management,married,tertiary,no,2694,no,no,cellular,3,jun,1,0,0,unknown,0,0.7305660801880495
31,technician,married,secondary,no,477,no,no,cellular,30,apr,1,0,0,unknown,0,0.730504455399252
47,blue-collar,married,secondary,no,1568,yes,no,cellular,19,feb,1,262,7,success,1,0.7304991747106545
24,student,single,secondary,no,382,no,no,cellular,13,nov,2,92,3,failure,1,0.7303778550128309
26,technician,married,secondary,no,915,no,no,cellular,2,jun,1,0,0,unknown,0,0.7302988802239319
71,retired,married,secondary,no,1696,no,no,cellular,6,oct,1,0,0,unknown,0,0.7300711205121673
35,technician,single,secondary,no,1227,no,no,cellular,18,mar,4,90,6,other,1,0.7300540032303311
32,technician,married,tertiary,no,8023,no,no,cellular,25,may,1,97,1,other,1,0.7291577075409097
34,management,married,tertiary,no,3402,no,no,cellular,3,jun,2,0,0,unknown,0,0.7287286666227595
30,admin.,married,tertiary,no,4168,no,no,cellular,3,jun,1,0,0,unknown,0,0.7285714964463861
50,management,married,tertiary,no,469,no,no,cellular,16,apr,1,0,0,unknown,0,0.7285676345335311
64,retired,married,secondary,no,2031,no,no,cellular,13,nov,5,0,0,unknown,0,0.7283487536624331
70,retired,married,secondary,no,1164,no,no,telephone,10,nov,2,0,0,unknown,0,0.7282959128315808
46,blue-collar,married,secondary,no,640,yes,no,cellular,6,may,1,55,5,success,1,0.7281655100711147
30,management,single,tertiary,no,147,no,no,cellular,9,sep,1,100,1,failure,1,0.7278920027864275
32,management,married,tertiary,no,8929,no,no,cellular,11,mar,1,0,0,unknown,0,0.7277556198517005
26,management,single,tertiary,no,170,no,no,cellular,15,jun,1,0,0,unknown,0,0.7277551850230233
64,retired,married,secondary,no,1370,no,no,cellular,12,aug,1,0,0,unknown,0,0.7275286915074426
19,student,single,secondary,no,329,no,no,cellular,22,oct,2,0,0,unknown,0,0.7273182306443996
50,blue-collar,married,primary,no,12519,yes,no,cellular,17,apr,2,147,4,success,1,0.7272989329545426
26,admin.,married,secondary,no,1595,no,no,cellular,2,mar,1,0,0,unknown,0,0.7272382037393895
24,admin.,single,secondary,no,493,no,no,cellular,23,mar,2,0,0,unknown,0,0.7271768742570434
28,admin.,divorced,secondary,no,451,yes,no,cellular,13,may,1,301,1,success,1,0.7271046080357364
66,retired,married,primary,no,747,no,no,telephone,27,oct,1,0,0,unknown,0,0.7268496144321804
72,retired,married,primary,no,806,no,no,cellular,19,oct,1,0,0,unknown,0,0.726104249395962
24,student,single,secondary,no,154,no,no,cellular,4,sep,2,0,0,unknown,0,0.7259967244179921
39,services,single,secondary,no,600,no,no,cellular,7,apr,1,0,0,unknown,0,0.725815198031751
33,blue-collar,married,secondary,no,1905,yes,no,cellular,13,may,1,301,2,success,1,0.7256281340284577
30,management,single,tertiary,no,3340,no,no,cellular,3,jun,3,0,0,unknown,0,0.7255249870974138
30,management,single,tertiary,no,596,no,no,cellular,4,jun,2,0,0,unknown,0,0.725478861337415
65,retired,married,primary,no,493,no,no,cellular,16,oct,1,182,1,failure,1,0.724783665659055
47,blue-collar,married,secondary,no,1568,yes,no,cellular,21,may,3,91,8,success,1,0.7240802212381
43,blue-collar,married,secondary,no,2160,no,no,cellular,2,jun,1,0,0,unknown,0,0.7231316515286036
45,management,married,tertiary,no,242,no,no,cellular,30,apr,1,0,0,unknown,0,0.7222670937413058
35,technician,married,tertiary,no,1354,no,no,cellular,2,jun,2,0,0,unknown,0,0.7222563816148927
51,admin.,married,tertiary,no,0,yes,yes,cellular,15,jun,4,99,2,success,1,0.7218461295588472
49,technician,single,secondary,no,1245,no,no,cellular,29,apr,2,198,2,failure,1,0.7217254542896495
29,services,single,tertiary,no,1788,no,no,cellular,27,oct,1,0,0,unknown,0,0.7217009329475865
73,retired,married,primary,no,5539,no,no,telephone,6,aug,1,0,0,unknown,0,0.7214504147306059
60,retired,married,secondary,no,975,no,no,cellular,16,sep,1,792,1,failure,1,0.7212384229019164
41,admin.,married,tertiary,no,1536,no,no,cellular,7,aug,1,95,2,failure,1,0.7210063307971424
28,management,single,tertiary,no,6784,no,no,cellular,1,oct,1,115,3,other,1,0.7207030546824913
31,unemployed,single,secondary,no,8304,no,no,cellular,20,oct,1,183,1,failure,1,0.7205731140736539
29,student,single,secondary,no,314,no,no,cellular,7,dec,2,116,4,failure,1,0.7197006459822365
55,retired,divorced,secondary,no,1580,no,yes,cellular,21,nov,5,155,1,success,1,0.7190389864401057
66,retired,married,secondary,no,2048,no,no,cellular,27,aug,1,0,0,unknown,0,0.718861885634509
34,technician,single,tertiary,no,612,no,no,cellular,28,aug,1,95,1,failure,1,0.7188255325027526
25,student,single,unknown,no,2503,no,no,cellular,26,feb,2,0,0,unknown,0,0.7185732505889303
68,retired,married,tertiary,no,2820,no,no,cellular,3,dec,1,97,2,failure,1,0.7185414457116517
32,management,married,tertiary,no,6138,no,no,cellular,29,jul,2,90,9,failure,1,0.7184305881909268
35,management,single,tertiary,no,747,no,no,cellular,23,feb,2,176,3,failure,1,0.7182452950088076
44,blue-collar,single,primary,no,1593,yes,no,cellular,19,nov,2,174,3,success,1,0.7182194859749056
56,management,divorced,tertiary,no,2037,no,no,cellular,5,aug,1,91,6,failure,1,0.7180695744689081
48,management,married,tertiary,no,3842,no,no,cellular,1,jun,2,0,0,unknown,0,0.7177845376025367
65,retired,married,tertiary,no,1973,no,no,telephone,21,apr,3,0,0,unknown,0,0.7173324106648039
35,technician,single,secondary,no,183,no,no,cellular,23,oct,1,52,4,failure,1,0.7171764404146244
68,retired,married,secondary,no,0,no,no,cellular,22,jun,1,0,0,unknown,0,0.7171269778529663
26,self-employed,single,tertiary,no,993,no,no,cellular,8,oct,1,0,0,unknown,0,0.7170087999339807
37,management,married,tertiary,no,3794,no,no,cellular,18,aug,1,379,1,failure,1,0.7166632259705455
48,technician,married,secondary,no,2111,no,no,cellular,20,apr,1,0,0,unknown,0,0.7165630599147057
53,retired,married,secondary,no,4968,no,no,cellular,6,may,1,87,2,failure,1,0.7163024763171713
28,technician,single,tertiary,no,865,no,no,cellular,16,sep,1,0,0,unknown,0,0.7160160079843843
30,technician,single,tertiary,no,2325,no,no,cellular,5,apr,3,241,4,other,1,0.7158639144717975
63,retired,married,tertiary,no,8103,no,no,cellular,7,aug,1,0,0,unknown,0,0.7158165065065784
25,management,single,tertiary,no,808,no,no,cellular,18,sep,2,114,2,failure,1,0.715506429783365
67,retired,divorced,secondary,no,704,no,no,cellular,3,nov,1,0,0,unknown,0,0.7154855761736603
36,admin.,divorced,secondary,no,592,no,no,cellular,13,oct,2,99,5,failure,1,0.7153621831084881
83,retired,divorced,primary,no,46,no,no,cellular,25,mar,1,0,0,unknown,0,0.7151907623129904
47,housemaid,single,secondary,no,17023,no,no,cellular,26,may,2,97,4,other,1,0.7147265778824966
34,admin.,single,secondary,no,-32,no,yes,cellular,11,aug,3,103,2,success,1,0.7147136264704278
37,self-employed,single,tertiary,no,1758,no,no,cellular,8,jun,2,0,0,unknown,0,0.714543037759093
31,management,single,tertiary,no,3289,no,no,cellular,12,apr,1,314,1,failure,1,0.7145043665106503
60,self-employed,married,primary,no,362,no,yes,cellular,28,jan,1,183,6,success,1,0.7142490524988339
27,student,single,secondary,no,213,no,no,cellular,27,mar,1,0,0,unknown,0,0.7140772996035849
36,admin.,divorced,secondary,no,437,yes,no,cellular,14,may,2,344,1,success,1,0.7138825620858276
30,student,single,secondary,no,0,no,no,cellular,20,apr,1,0,0,unknown,0,0.7137439302202725
64,retired,married,tertiary,no,2139,no,no,cellular,14,oct,2,0,0,unknown,0,0.7136523935215269
33,technician,single,tertiary,no,258,no,no,cellular,12,mar,4,0,0,unknown,0,0.7136078499306285
26,admin.,married,secondary,no,1595,no,no,cellular,15,jun,1,105,1,failure,1,0.7133077948841805
74,retired,married,primary,no,5539,no,no,cellular,12,jul,2,159,3,failure,1,0.713214280881211
39,management,single,tertiary,no,3797,no,no,cellular,2,jun,2,0,0,unknown,0,0.7130583012483119
37,technician,married,secondary,no,1762,no,no,cellular,16,apr,2,0,0,unknown,0,0.7130557958602565
30,student,single,secondary,no,155,no,no,cellular,3,jun,3,0,0,unknown,0,0.7126955298832481
28,admin.,single,secondary,no,1448,no,no,cellular,8,jun,5,0,0,unknown,0,0.7123298488812019
54,blue-collar,divorced,primary,no,2656,yes,no,cellular,15,apr,2,320,2,success,1,0.7123083180937287
29,self-employed,single,tertiary,no,805,no,no,cellular,23,feb,1,103,7,failure,1,0.712152514776828
44,technician,married,tertiary,no,1933,no,no,cellular,5,jun,1,0,0,unknown,0,0.7119310375689173
32,management,single,tertiary,no,0,no,no,cellular,7,jul,1,159,1,other,1,0.7118409001382576
64,retired,married,tertiary,no,846,no,no,cellular,11,feb,1,181,3,failure,1,0.7113755472367624
75,retired,married,primary,no,3504,no,no,telephone,9,aug,1,0,0,unknown,0,0.7105108784162785
60,retired,married,secondary,no,2060,no,no,cellular,29,jun,4,95,4,failure,1,0.7102292411002302
45,management,single,secondary,no,5993,no,no,cellular,2,jun,1,0,0,unknown,0,0.710225126863528
58,retired,married,secondary,no,1227,no,no,cellular,8,jul,1,156,1,failure,1,0.7099797076213552
47,management,single,tertiary,no,159,no,no,telephone,29,oct,3,155,3,other,1,0.709770788558249
35,technician,single,secondary,no,183,no,no,cellular,24,apr,2,0,0,unknown,0,0.709751770243878
26,self-employed,single,tertiary,no,1444,no,no,cellular,12,jun,5,0,0,unknown,0,0.7096965256307307
31,blue-collar,single,secondary,no,228,no,no,cellular,6,aug,1,88,4,other,1,0.7096572792522992
55,admin.,married,secondary,no,8304,no,no,cellular,1,jun,1,0,0,unknown,0,0.7090199554355943
57,management,married,tertiary,no,1318,no,no,cellular,14,apr,2,0,0,unknown,0,0.708852238101208
25,student,single,tertiary,no,326,no,no,cellular,26,may,1,0,0,unknown,0,0.7079634189656734
29,management,married,tertiary,no,205,no,no,cellular,4,jun,1,0,0,unknown,0,0.7078568950378541
34,blue-collar,single,secondary,no,13408,no,no,cellular,1,apr,2,0,0,unknown,0,0.7077416664338564
26,blue-collar,single,primary,no,52,yes,no,cellular,20,apr,1,300,2,success,1,0.7076258954438474
45,technician,married,tertiary,no,5110,no,no,cellular,22,apr,2,0,0,unknown,0,0.7066783977990794
32,management,single,tertiary,no,623,no,no,cellular,6,jul,3,194,2,failure,1,0.7065772352049892
44,technician,married,tertiary,no,717,no,no,cellular,3,jun,2,0,0,unknown,0,0.7060015897136186
57,management,married,tertiary,no,1227,no,no,cellular,5,jun,1,0,0,unknown,0,0.7057893329494196
31,services,single,tertiary,no,620,no,no,cellular,30,apr,1,87,1,failure,1,0.7055421432673314
19,student,single,secondary,no,526,no,no,cellular,14,dec,3,0,0,unknown,0,0.7054466132811938
59,technician,married,secondary,no,10925,no,no,cellular,21,apr,1,0,0,unknown,0,0.7052794145753017
59,admin.,married,secondary,no,817,no,no,cellular,9,apr,1,0,0,unknown,0,0.7052503996424394
26,student,single,unknown,no,598,no,no,cellular,6,mar,1,0,0,unknown,0,0.7051784809844177
37,technician,single,tertiary,no,3943,no,no,cellular,6,apr,2,138,1,failure,1,0.704731745608078
51,entrepreneur,divorced,tertiary,no,315,no,no,cellular,11,oct,1,91,4,failure,1,0.7045213967389445
47,technician,divorced,secondary,no,1013,no,no,cellular,15,jun,3,0,0,unknown,0,0.7043846348896349
18,student,single,unknown,no,438,no,no,cellular,1,sep,1,0,0,unknown,0,0.7040653556987211
32,technician,single,tertiary,no,13711,yes,no,cellular,14,may,1,175,3,success,1,0.7038055586061246
35,admin.,single,secondary,no,-32,no,yes,cellular,6,aug,2,178,9,success,1,0.7035679433916272
68,retired,married,secondary,no,20723,yes,no,cellular,28,apr,2,0,0,unknown,0,0.7034716169232189
48,self-employed,married,secondary,no,1559,no,no,cellular,13,aug,1,190,2,failure,1,0.7031830053841788
23,student,single,primary,no,1235,no,no,cellular,11,sep,2,91,3,failure,1,0.7026395861137203
29,technician,single,secondary,no,825,no,no,cellular,25,jun,2,0,0,unknown,0,0.7024882918159211
53,admin.,single,secondary,no,2892,no,no,cellular,9,apr,3,0,0,unknown,0,0.7024727242299322
51,management,married,tertiary,no,2635,no,no,cellular,1,sep,1,98,2,failure,1,0.7023696627115352
38,management,single,tertiary,no,1704,no,no,cellular,1,sep,1,0,0,unknown,0,0.7022355106091906
33,admin.,married,secondary,no,1737,no,no,cellular,14,aug,2,106,2,failure,1,0.7021502916907658
77,retired,married,secondary,no,638,no,no,cellular,7,aug,1,0,0,unknown,0,0.7021187525160327
42,unemployed,married,unknown,no,970,yes,no,telephone,17,nov,1,119,10,success,1,0.7019225837955898
57,admin.,married,unknown,no,2038,no,no,cellular,9,aug,1,182,2,failure,1,0.7014921563567604
30,self-employed,single,tertiary,no,3343,no,no,cellular,1,jun,1,0,0,unknown,0,0.7013146148160638
42,technician,divorced,secondary,no,214,no,no,cellular,16,apr,1,0,0,unknown,0,0.7012166073841994
43,technician,married,secondary,no,1358,no,no,cellular,10,mar,3,0,0,unknown,0,0.70088059325402
31,student,single,unknown,no,988,no,no,cellular,4,dec,5,191,11,other,1,0.7007531972681362
55,services,married,tertiary,no,2877,no,no,cellular,9,aug,1,91,2,other,1,0.6994406067465263
31,self-employed,single,tertiary,no,1734,no,no,cellular,22,apr,4,0,0,unknown,0,0.6992774338254545
80,retired,married,secondary,no,1610,no,no,cellular,12,aug,1,0,0,unknown,0,0.6988495534006942
41,management,single,tertiary,no,6116,no,no,cellular,7,sep,1,0,0,unknown,0,0.6988311647405685
30,management,married,tertiary,no,8623,no,no,cellular,8,apr,3,0,0,unknown,0,0.6987812901734263
26,student,single,tertiary,no,5741,no,no,cellular,25,may,1,0,0,unknown,0,0.6987390803109053
27,student,single,tertiary,no,5291,no,no,cellular,12,nov,2,92,2,failure,1,0.6987073434263487
55,management,divorced,tertiary,no,7010,no,no,cellular,22,sep,1,195,2,failure,1,0.6985645823694981
42,self-employed,married,tertiary,no,10072,no,no,cellular,22,apr,1,0,0,unknown,0,0.6984624004175217
35,unemployed,single,tertiary,no,154,no,no,cellular,29,jul,4,181,2,failure,1,0.698160835576585
49,technician,married,tertiary,no,2611,no,no,cellular,20,apr,2,0,0,unknown,0,0.6979333800708778
30,admin.,married,secondary,no,1310,no,no,telephone,27,oct,1,0,0,unknown,0,0.6977986356356568
66,retired,married,secondary,no,4785,no,no,cellular,13,aug,3,0,0,unknown,0,0.6976768811338745
54,housemaid,married,tertiary,no,2473,no,no,cellular,5,mar,2,0,0,unknown,0,0.6974158363510773
36,self-employed,married,tertiary,no,11387,no,no,cellular,15,apr,1,0,0,unknown,0,0.6972408547676876
28,admin.,married,secondary,no,330,no,no,cellular,2,dec,1,188,3,other,1,0.6970436584571742
54,management,single,tertiary,no,2081,no,no,cellular,1,oct,2,108,1,failure,1,0.6967562272938633
54,unemployed,divorced,secondary,no,1664,no,no,cellular,2,jun,3,0,0,unknown,0,0.6967480262810227
66,retired,married,secondary,no,3409,no,no,cellular,15,nov,2,27,6,failure,1,0.696721228564399
87,retired,married,primary,no,2190,no,no,telephone,12,jan,2,0,0,unknown,0,0.6966431432683642
71,retired,married,primary,no,3230,no,no,cellular,24,may,2,133,3,failure,1,0.6964068339707806
37,admin.,single,tertiary,no,1000,yes,no,cellular,17,mar,1,0,0,unknown,0,0.6962200427296694
41,management,married,tertiary,no,0,no,no,cellular,17,sep,4,63,11,other,1,0.6959882987088151
68,retired,divorced,primary,no,250,no,no,cellular,3,feb,1,0,0,unknown,0,0.6958442063349211
34,technician,single,secondary,no,1313,no,no,cellular,19,apr,4,0,0,unknown,0,0.6957709809182753
32,student,single,secondary,no,14,no,no,cellular,19,aug,3,136,1,other,1,0.6957234611916263
22,student,single,secondary,no,23,no,no,cellular,27,oct,1,0,0,unknown,0,0.6956405878048219
58,admin.,divorced,secondary,no,1947,no,no,telephone,26,oct,1,0,0,unknown,0,0.6954805833704064
33,management,married,tertiary,no,7154,no,no,cellular,2,aug,4,129,4,other,1,0.6953357399481918
53,retired,married,secondary,no,4968,no,no,cellular,8,feb,1,333,1,other,1,0.6951668715125926
39,management,divorced,tertiary,no,224,no,no,cellular,5,apr,1,0,0,unknown,0,0.6948691783200545
67,retired,married,secondary,no,2048,no,no,cellular,16,sep,5,195,4,other,1,0.6945438581203294
36,management,married,tertiary,no,361,no,no,cellular,5,jun,2,0,0,unknown,0,0.6942914000927128
25,student,single,secondary,no,3090,no,no,cellular,21,aug,1,0,0,unknown,0,0.6942894295127178
38,services,single,tertiary,no,5265,no,no,cellular,4,jun,1,0,0,unknown,0,0.6942113020409623
35,admin.,married,tertiary,no,690,no,no,cellular,19,apr,2,185,1,failure,1,0.6939010296512685
36,technician,married,tertiary,no,202,no,no,cellular,1,oct,1,122,2,failure,1,0.6937957168041204
59,retired,married,unknown,no,1116,no,no,cellular,7,aug,2,99,1,failure,1,0.6936870626853705
40,unemployed,single,tertiary,no,7968,no,no,cellular,2,jun,1,0,0,unknown,0,0.6936801182254787
62,management,married,secondary,no,1128,no,no,cellular,2,sep,1,290,3,other,1,0.6933719314851199
20,student,single,unknown,no,829,no,no,cellular,9,jul,2,0,0,unknown,0,0.6933140293524795
30,admin.,single,secondary,no,873,no,no,cellular,7,oct,1,216,2,failure,1,0.6932820719743502
40,management,married,tertiary,no,8963,no,no,cellular,3,jun,2,0,0,unknown,0,0.6931906413085684
26,management,single,tertiary,no,3,yes,yes,cellular,1,apr,1,350,1,success,1,0.6931665545675607
39,admin.,single,tertiary,no,22086,no,no,cellular,4,jun,1,0,0,unknown,0,0.6929790936503696
33,management,married,secondary,no,369,no,no,cellular,25,aug,1,92,3,failure,1,0.6929128566975338
53,management,married,tertiary,no,1061,no,no,cellular,8,jun,2,0,0,unknown,0,0.6928842354090686
61,admin.,married,secondary,no,1541,no,no,cellular,20,oct,1,104,3,failure,1,0.6928684584336189
23,admin.,single,tertiary,no,230,no,no,cellular,5,jun,1,0,0,unknown,0,0.6925716080864893
27,student,single,secondary,no,8366,no,no,cellular,7,may,2,349,1,other,1,0.6924827891582889
25,technician,single,secondary,no,325,no,no,cellular,22,oct,3,0,0,unknown,0,0.6923015829788325
78,retired,divorced,primary,no,2787,no,no,telephone,1,jul,1,0,0,unknown,0,0.6921563901282397
83,retired,single,primary,no,3349,no,no,telephone,12,feb,1,0,0,unknown,0,0.691905520966645
26,student,single,tertiary,no,294,no,no,cellular,4,dec,2,0,0,unknown,0,0.6918631354609461
64,entrepreneur,married,tertiary,no,2331,no,no,telephone,9,nov,1,0,0,unknown,0,0.6914807008287728
22,student,single,unknown,no,1215,no,no,cellular,11,aug,1,0,0,unknown,0,0.6914582135580665
30,blue-collar,single,unknown,no,6281,no,no,cellular,21,apr,2,0,0,unknown,0,0.6914069609481834
45,technician,married,tertiary,no,31630,no,no,cellular,30,apr,1,0,0,unknown,0,0.6911823949606212
31,admin.,divorced,secondary,no,2980,no,no,cellular,20,apr,4,292,2,other,1,0.6910300020883229
33,admin.,married,secondary,no,920,no,no,cellular,16,nov,1,95,2,failure,1,0.6908423236425577
53,admin.,married,secondary,no,459,no,no,cellular,5,apr,1,0,0,unknown,0,0.6906452564980988
33,unemployed,single,tertiary,no,1974,no,no,cellular,14,aug,2,191,1,failure,1,0.6904456231501979
35,housemaid,married,tertiary,no,11219,no,no,cellular,12,aug,2,79,1,failure,1,0.6903733031328463
70,retired,married,primary,no,4982,no,no,cellular,4,may,2,0,0,unknown,0,0.6903366819091923
31,technician,single,tertiary,no,1109,no,no,cellular,5,feb,1,167,2,failure,1,0.6902826870842005
32,management,single,tertiary,no,623,no,no,telephone,24,dec,1,203,1,failure,1,0.6902770862315181
67,retired,married,unknown,no,2540,no,no,telephone,14,jun,5,116,4,other,1,0.6902742279162153
33,technician,married,tertiary,no,8023,no,no,cellular,25,feb,1,87,4,failure,1,0.6901502975481955
82,retired,divorced,primary,no,928,no,no,telephone,23,sep,2,188,3,other,1,0.6898184627511885
31,management,single,tertiary,no,12569,no,no,cellular,9,sep,1,295,1,failure,1,0.6897329606618652
22,student,single,secondary,no,10971,no,no,cellular,28,jun,2,0,0,unknown,0,0.689724034023691
61,retired,married,secondary,no,2011,no,no,cellular,22,jun,1,578,2,failure,1,0.68939176736684
39,services,married,secondary,no,323,no,no,cellular,3,dec,3,182,3,other,1,0.6893415631806745
36,entrepreneur,married,tertiary,no,247,no,no,cellular,17,apr,1,0,0,unknown,0,0.689271433515528
59,admin.,married,secondary,no,3735,no,no,cellular,18,mar,4,121,2,failure,1,0.6892628304007847
55,admin.,married,unknown,no,2038,no,no,cellular,9,apr,1,0,0,unknown,0,0.6891581533997495
47,unknown,single,unknown,no,1819,no,no,cellular,1,jun,1,0,0,unknown,0,0.6887903740251042
30,student,single,tertiary,no,7529,no,no,cellular,19,oct,1,0,0,unknown,0,0.6885401362702097
34,technician,married,secondary,no,1026,no,no,cellular,12,nov,1,100,6,failure,1,0.6884650606404993
60,admin.,married,secondary,no,12980,no,no,cellular,5,mar,1,0,0,unknown,0,0.6884339687597155
50,technician,married,tertiary,no,5114,no,no,telephone,29,jun,2,153,2,other,1,0.6882776339271375
38,services,married,secondary,no,5000,no,no,cellular,4,dec,5,536,5,failure,1,0.688209684387574
39,technician,single,secondary,no,1435,no,no,cellular,17,jun,1,296,19,other,1,0.6880812299309912
70,retired,married,primary,no,579,no,no,cellular,11,feb,2,181,1,failure,1,0.6879558459925582
22,student,single,secondary,no,185,no,no,cellular,8,jul,1,0,0,unknown,0,0.687912766730171
56,technician,married,secondary,no,589,yes,no,cellular,18,nov,1,26,3,success,1,0.6872913592235288
45,technician,married,secondary,no,1673,no,no,cellular,23,oct,1,0,0,unknown,0,0.6872067010386531
35,services,married,unknown,no,618,no,no,cellular,30,apr,1,0,0,unknown,0,0.6871872656222338
62,retired,married,secondary,no,1495,no,no,cellular,2,feb,1,0,0,unknown,0,0.6866207620331077
31,technician,single,secondary,no,7567,no,no,cellular,14,may,1,276,2,failure,1,0.6864509845832713
49,technician,divorced,tertiary,no,1807,yes,no,cellular,12,mar,1,0,0,unknown,0,0.6859803055169177
38,technician,single,secondary,no,8381,no,no,cellular,15,apr,1,145,1,failure,1,0.685496203315456
46,services,married,secondary,no,4,no,no,cellular,30,apr,1,261,5,other,1,0.6854095350012522
44,management,married,tertiary,no,170,no,no,cellular,4,jun,1,0,0,unknown,0,0.6853084256131977
65,retired,married,primary,no,1343,no,no,telephone,2,feb,2,0,0,unknown,0,0.6850278666851334
55,management,single,unknown,no,111,no,no,cellular,16,apr,1,0,0,unknown,0,0.6839402229804431
57,retired,married,tertiary,no,1458,no,no,cellular,19,aug,1,107,5,failure,1,0.683883162157046
62,management,married,tertiary,no,7458,no,no,cellular,30,oct,2,0,0,unknown,0,0.6838417523561107
26,student,single,secondary,no,620,no,no,cellular,17,feb,1,0,0,unknown,0,0.6837174496687928
57,management,married,tertiary,no,813,no,no,cellular,27,apr,3,0,0,unknown,0,0.6835444333859355
28,admin.,single,secondary,no,127,no,no,cellular,16,sep,2,0,0,unknown,0,0.6833460782106348
64,retired,married,tertiary,no,2139,no,no,cellular,13,jan,1,91,2,failure,1,0.6832153944925863
65,retired,married,primary,no,308,no,no,cellular,1,sep,1,0,0,unknown,0,0.6830669249509862
29,unemployed,single,unknown,no,1584,no,no,cellular,6,sep,1,0,0,unknown,0,0.6830318193669465
26,technician,single,tertiary,no,11862,no,no,cellular,13,feb,1,0,0,unknown,0,0.6829660398950089
36,technician,single,secondary,no,144,no,no,cellular,26,may,1,308,2,failure,1,0.6827275470128064
56,retired,married,unknown,no,230,no,no,cellular,8,sep,1,92,2,failure,1,0.6824185927933919
24,self-employed,single,unknown,no,1179,no,no,cellular,26,may,1,105,1,failure,1,0.6821101753173806
38,management,married,tertiary,no,1988,yes,no,cellular,4,jun,1,79,4,other,1,0.6820383520832631
55,admin.,married,secondary,no,139,no,no,cellular,30,apr,1,0,0,unknown,0,0.6819770149141232
41,blue-collar,married,secondary,no,1384,yes,no,cellular,20,apr,4,340,4,success,1,0.6812694702220312
26,student,single,secondary,no,203,no,no,cellular,16,nov,1,196,1,failure,1,0.6811693179624443
34,technician,single,secondary,no,1866,no,no,cellular,8,may,3,185,1,failure,1,0.6811017682125035
38,student,married,unknown,no,0,no,no,cellular,8,jul,1,385,1,failure,1,0.6808127786914792
58,housemaid,married,primary,no,0,no,no,cellular,3,jun,3,79,3,other,1,0.6807461833088487
38,technician,married,tertiary,no,206,no,no,cellular,8,apr,2,0,0,unknown,0,0.6802138227073894
33,management,single,tertiary,no,3143,no,no,cellular,29,jun,2,0,0,unknown,0,0.6800298126368867
40,unemployed,single,tertiary,no,72,no,no,cellular,30,apr,1,0,0,unknown,0,0.6800122114271576
68,retired,married,primary,no,2301,no,no,cellular,14,aug,3,120,1,failure,1,0.679971231535249
33,management,married,tertiary,no,250,no,no,cellular,4,mar,6,0,0,unknown,0,0.6798202255897691
64,housemaid,married,primary,no,768,no,no,cellular,14,jan,1,0,0,unknown,0,0.6794685051651017
59,technician,married,secondary,no,259,no,no,cellular,18,mar,1,0,0,unknown,0,0.6791776752886081
64,technician,married,tertiary,no,826,no,no,telephone,22,apr,1,0,0,unknown,0,0.6791699301539741
26,management,single,tertiary,no,200,no,no,cellular,1,sep,2,0,0,unknown,0,0.6789899523691159
27,unknown,single,tertiary,no,6421,no,no,cellular,18,may,3,110,4,failure,1,0.6787499585871976
20,student,single,secondary,no,1191,no,no,cellular,28,sep,2,228,1,failure,1,0.678705108665676
32,management,married,tertiary,no,927,no,no,cellular,8,oct,1,0,0,unknown,0,0.6786522158742495
32,admin.,single,tertiary,no,8866,no,no,cellular,18,mar,2,0,0,unknown,0,0.6782608873709323
92,retired,married,unknown,no,775,no,no,cellular,22,oct,3,0,0,unknown,0,0.6782549671484759
29,management,married,tertiary,no,30,no,no,cellular,30,apr,1,0,0,unknown,0,0.678217201482835
41,management,married,tertiary,no,27696,no,no,cellular,30,apr,1,0,0,unknown,0,0.678216796784156
25,technician,single,secondary,no,4859,no,no,cellular,12,jan,1,0,0,unknown,0,0.6781775573667241
30,admin.,single,secondary,no,648,no,no,cellular,19,oct,1,0,0,unknown,0,0.6776524915368317
79,retired,married,primary,no,429,no,no,telephone,8,jul,2,0,0,unknown,0,0.6776299953317323
58,entrepreneur,married,secondary,no,496,no,no,cellular,22,apr,1,0,0,unknown,0,0.6770980516489479
75,retired,married,secondary,no,291,no,no,cellular,11,feb,1,183,1,failure,1,0.6769688507057026
40,admin.,married,secondary,no,4775,no,no,cellular,15,sep,1,0,0,unknown,0,0.676526798414316
31,management,single,tertiary,no,6495,no,no,cellular,4,may,2,35,3,failure,1,0.676109345623598
52,management,married,tertiary,no,437,no,no,telephone,12,jun,3,113,1,other,1,0.6758606504582987
56,services,divorced,secondary,no,935,no,no,cellular,2,jun,1,96,3,failure,1,0.6752865103612605
32,blue-collar,married,primary,no,1644,no,no,cellular,7,sep,3,102,5,other,1,0.675226117222361
31,blue-collar,single,unknown,no,6281,no,no,cellular,22,oct,1,128,3,other,1,0.6750260544397004
50,management,divorced,tertiary,no,151,no,no,cellular,9,jun,4,0,0,unknown,0,0.6749403083200883
77,retired,single,primary,no,300,no,no,cellular,9,sep,1,0,0,unknown,0,0.6749061410284178
26,blue-collar,single,secondary,no,5005,no,yes,cellular,3,apr,1,0,0,unknown,0,0.6748230998600403
27,student,single,secondary,no,253,no,no,cellular,25,may,2,0,0,unknown,0,0.6747947174171276
59,admin.,married,secondary,no,2381,no,no,cellular,30,apr,2,0,0,unknown,0,0.6744791017424212
38,blue-collar,single,secondary,no,0,no,no,cellular,30,apr,1,0,0,unknown,0,0.67442019597347
31,management,single,tertiary,no,9629,no,no,cellular,30,mar,1,174,4,failure,1,0.6738766898832624
57,technician,married,secondary,no,3858,no,no,cellular,27,mar,1,0,0,unknown,0,0.6738214448985781
42,services,married,tertiary,no,4216,no,no,cellular,12,jun,2,0,0,unknown,0,0.6736882581182723
78,retired,married,primary,no,832,no,no,telephone,11,may,3,0,0,unknown,0,0.6729902237388871
31,services,married,secondary,no,132,no,no,cellular,7,jul,1,152,1,other,1,0.6728095298413638
49,technician,married,tertiary,no,1071,no,no,cellular,17,jun,1,0,0,unknown,0,0.6727319417063009
36,self-employed,married,tertiary,no,506,no,no,cellular,25,aug,1,120,1,failure,1,0.6726816313605412
26,technician,single,tertiary,no,15161,no,no,cellular,2,feb,1,0,0,unknown,0,0.6726389864793018
21,student,single,secondary,no,216,no,no,cellular,5,aug,1,0,0,unknown,0,0.6724717439717867
33,management,single,tertiary,no,9317,no,no,cellular,26,may,1,205,3,failure,1,0.6723984982740829
63,management,married,tertiary,no,5112,no,no,telephone,10,aug,3,0,0,unknown,0,0.6720692155285222
38,admin.,single,secondary,no,2470,no,no,telephone,31,oct,1,0,0,unknown,0,0.6717171074121273
49,blue-collar,married,secondary,no,2159,no,no,cellular,17,apr,1,0,0,unknown,0,0.6715362521351538
54,housemaid,married,unknown,no,0,no,no,cellular,14,apr,5,145,3,other,1,0.6711520085782481
29,blue-collar,married,secondary,no,15,no,no,cellular,3,jun,1,0,0,unknown,0,0.6710595004768628
71,retired,married,unknown,no,1741,no,no,cellular,18,aug,1,0,0,unknown,0,0.6710086361337723
45,management,married,secondary,no,2897,no,no,cellular,2,jul,2,88,5,failure,1,0.6710042628691183
76,retired,married,secondary,no,820,no,no,telephone,23,apr,4,0,0,unknown,0,0.670571159420923
38,technician,married,secondary,no,4539,no,no,cellular,16,sep,1,0,0,unknown,0,0.6704479477884285
59,management,married,secondary,no,111,no,no,telephone,8,jul,2,381,3,failure,1,0.6702672408601186
27,management,married,tertiary,no,802,no,no,cellular,22,sep,1,0,0,unknown,0,0.6701602377991924
23,student,single,secondary,no,922,no,no,cellular,25,nov,1,85,8,failure,1,0.6696085508357689
77,retired,married,tertiary,no,699,no,no,cellular,13,aug,2,0,0,unknown,0,0.6691047768469318
33,management,single,tertiary,no,307,no,no,cellular,23,jul,6,179,4,failure,1,0.6685185285819703
54,retired,single,primary,no,466,no,no,cellular,5,jun,2,0,0,unknown,0,0.6684673017113393
58,management,married,secondary,no,-382,no,no,telephone,5,feb,4,189,12,success,1,0.6684525981624125
25,self-employed,single,unknown,no,1179,no,no,cellular,24,may,2,95,5,failure,1,0.6684267759535156
52,admin.,married,secondary,no,0,no,no,cellular,22,apr,2,275,1,failure,1,0.6682398996892026
59,retired,married,tertiary,no,1425,no,no,cellular,26,oct,2,77,3,failure,1,0.6681036089792879
28,services,single,tertiary,no,128,no,no,cellular,27,may,1,414,1,failure,1,0.6680327785734721
43,management,married,unknown,no,275,no,no,cellular,9,apr,2,339,2,failure,1,0.6678306623946533
55,self-employed,married,secondary,no,2408,no,no,telephone,9,apr,2,140,1,failure,1,0.6677313606656371
35,management,single,tertiary,no,612,no,no,cellular,11,nov,1,195,1,failure,1,0.6675742479605569
30,technician,single,tertiary,no,655,no,no,cellular,6,oct,2,0,0,unknown,0,0.6675547953586941
26,student,single,secondary,no,279,no,no,cellular,7,may,3,0,0,unknown,0,0.6674543476430863
46,management,married,tertiary,no,11385,no,no,cellular,24,mar,3,0,0,unknown,0,0.6674100103895805
22,student,single,unknown,no,1215,no,no,cellular,19,feb,3,192,1,failure,1,0.6672735091645573
70,management,married,tertiary,no,13297,no,no,cellular,2,feb,2,0,0,unknown,0,0.6670252149868504
35,management,married,tertiary,no,93,no,no,cellular,4,may,2,88,1,other,1,0.6670059355139466
21,student,single,secondary,no,164,no,no,cellular,19,feb,5,0,0,unknown,0,0.6669429542819648
22,student,single,secondary,no,2139,no,no,cellular,17,mar,8,0,0,unknown,0,0.6668939184149789
77,retired,married,secondary,no,610,no,no,cellular,13,aug,3,0,0,unknown,0,0.66575856253436
18,student,single,unknown,no,348,no,no,cellular,5,may,4,0,0,unknown,0,0.6655070035501537
28,student,single,secondary,no,1925,no,no,cellular,25,nov,1,97,2,failure,1,0.6652606142039255
70,technician,married,secondary,no,3020,no,no,telephone,30,apr,1,0,0,unknown,0,0.6650406292721255
80,retired,divorced,primary,no,5861,no,no,telephone,26,apr,8,0,0,unknown,0,0.6650077339056186
60,technician,married,primary,no,2301,no,no,cellular,28,apr,2,0,0,unknown,0,0.6649366891739308
36,technician,married,secondary,no,4613,no,no,cellular,2,apr,1,134,2,failure,1,0.6646198782669375
29,management,single,tertiary,no,92,no,no,cellular,2,mar,5,0,0,unknown,0,0.6642981934366797
36,self-employed,married,secondary,no,188,yes,yes,cellular,4,may,3,333,2,success,1,0.6642337127310283
27,management,single,tertiary,no,497,no,no,cellular,5,feb,1,0,0,unknown,0,0.663633052701248
28,student,single,secondary,no,293,no,no,cellular,15,may,3,0,0,unknown,0,0.6635269265724913
28,student,single,secondary,no,689,no,no,cellular,2,feb,1,0,0,unknown,0,0.6633932085081071
27,management,single,unknown,no,3196,no,no,cellular,9,feb,2,0,0,unknown,0,0.6633705279354946
37,services,single,secondary,no,1045,no,no,cellular,17,mar,2,41,1,failure,1,0.663051616128429
27,technician,single,secondary,no,1235,no,no,cellular,3,feb,1,0,0,unknown,0,0.6629770028905326
26,management,single,tertiary,no,1837,no,no,cellular,3,feb,2,0,0,unknown,0,0.6629439749632458
36,admin.,single,tertiary,no,980,no,no,cellular,1,feb,2,95,2,failure,1,0.6629167013764657
32,student,single,unknown,no,2321,no,no,cellular,30,mar,2,0,0,unknown,0,0.6626574653656173
29,management,single,tertiary,no,7578,no,no,cellular,22,may,3,0,0,unknown,0,0.6624103632953741
52,management,married,unknown,no,1708,no,no,telephone,23,jun,1,145,3,failure,1,0.6621323708337133
36,admin.,married,tertiary,no,0,no,no,cellular,25,nov,1,205,2,other,1,0.6610197107000774
76,retired,married,primary,no,163,no,no,telephone,13,oct,1,0,0,unknown,0,0.6603199452430671
32,management,single,tertiary,no,12607,no,no,cellular,14,aug,5,84,1,failure,1,0.6602513413511854
26,admin.,married,tertiary,no,319,no,no,cellular,15,oct,1,0,0,unknown,0,0.6600315049873374
60,self-employed,married,tertiary,no,10861,no,no,cellular,9,nov,1,91,2,failure,1,0.6598635222724906
63,retired,married,unknown,no,1849,no,no,cellular,1,sep,2,0,0,unknown,0,0.6596890167406276
46,unknown,married,tertiary,no,8564,no,no,cellular,2,aug,2,342,1,failure,1,0.6594231800479605
36,self-employed,married,tertiary,no,506,no,no,cellular,3,nov,1,70,2,failure,1,0.659421267688746
39,services,married,secondary,no,20928,no,no,cellular,14,may,1,352,1,other,1,0.6585156642245427
28,student,single,secondary,no,196,no,no,cellular,2,jul,3,0,0,unknown,0,0.6585140960420857
34,admin.,married,tertiary,no,10,no,no,cellular,21,aug,1,91,1,failure,1,0.6570930492484396
52,technician,married,secondary,no,196,yes,yes,cellular,27,may,2,99,1,success,1,0.6569297116558827
62,retired,married,secondary,no,3,no,no,cellular,4,aug,1,0,0,unknown,0,0.6564843792470362
29,unknown,single,secondary,no,923,no,no,cellular,26,may,1,0,0,unknown,0,0.6564254656027753
42,unemployed,single,primary,no,8037,no,no,cellular,5,jun,2,0,0,unknown,0,0.6561147662920898
65,retired,married,tertiary,no,162,no,no,cellular,2,feb,2,0,0,unknown,0,0.656047973002893
37,management,single,tertiary,no,254,no,no,cellular,19,oct,1,0,0,unknown,0,0.6557845390271454
27,management,married,tertiary,no,893,no,no,cellular,16,oct,2,0,0,unknown,0,0.655715924069372
38,technician,single,tertiary,no,1727,no,no,telephone,2,aug,2,185,6,other,1,0.6556951710178897
36,management,divorced,tertiary,no,1057,no,no,cellular,19,jul,2,164,2,failure,1,0.655580247521804
32,technician,married,secondary,no,484,yes,no,cellular,15,feb,6,187,3,success,1,0.6555444520986431
74,retired,married,tertiary,no,20422,no,no,cellular,12,aug,2,0,0,unknown,0,0.6548094482163742
27,admin.,single,secondary,no,424,no,no,cellular,5,feb,4,189,13,other,1,0.6547081758720068
34,management,single,tertiary,no,268,no,no,cellular,7,sep,1,0,0,unknown,0,0.6545845509206477
37,unemployed,married,secondary,no,356,no,no,cellular,9,feb,2,216,1,failure,1,0.6544560150725212
25,admin.,single,tertiary,no,220,no,no,cellular,26,may,1,0,0,unknown,0,0.6542062998773431
31,technician,single,secondary,no,1626,no,no,cellular,7,may,2,286,3,failure,1,0.6541152924404225
28,technician,single,tertiary,no,676,no,no,cellular,5,feb,2,0,0,unknown,0,0.6540592959721849
26,admin.,single,secondary,no,125,no,no,cellular,6,oct,1,63,7,failure,1,0.6539476422945895
38,technician,single,secondary,no,1211,yes,no,cellular,14,may,1,358,1,success,1,0.653357292383381
36,self-employed,married,tertiary,no,980,no,no,cellular,24,sep,2,53,8,failure,1,0.6529801446196605
49,admin.,single,tertiary,no,228,yes,no,cellular,2,mar,1,0,0,unknown,0,0.6528201203645658
27,self-employed,single,secondary,no,923,no,no,cellular,5,feb,1,0,0,unknown,0,0.6524200138540174
65,retired,married,secondary,no,23421,no,no,cellular,2,feb,1,0,0,unknown,0,0.6524003250614138
26,technician,single,tertiary,no,515,no,no,cellular,31,may,1,0,0,unknown,0,0.6523161077447736
35,services,single,secondary,no,1701,yes,no,cellular,15,jun,1,67,3,other,1,0.6521106343057833
50,unemployed,married,tertiary,no,377,no,no,cellular,6,apr,1,319,3,failure,1,0.6521006761847995
53,services,married,secondary,no,341,no,no,cellular,30,apr,2,0,0,unknown,0,0.6519491089028999
82,retired,married,primary,no,103,no,no,cellular,1,sep,1,0,0,unknown,0,0.6517598152976289
38,housemaid,divorced,tertiary,no,4312,no,no,cellular,15,may,4,175,6,failure,1,0.651434689806629
64,retired,married,secondary,no,504,no,no,cellular,11,aug,1,14,3,other,1,0.6514248510478428
50,technician,married,secondary,no,402,no,no,cellular,4,may,1,180,2,failure,1,0.6513179481786504
59,management,divorced,tertiary,no,258,yes,no,telephone,29,oct,1,0,0,unknown,0,0.6510978612402618
28,admin.,single,tertiary,no,832,no,no,telephone,29,mar,3,342,1,failure,1,0.6510608026046303
51,services,married,secondary,no,657,no,no,cellular,3,apr,2,0,0,unknown,0,0.6509950319905784
38,technician,married,secondary,no,318,no,no,cellular,4,feb,1,181,5,failure,1,0.6504184254130649
33,admin.,single,secondary,no,206,yes,no,cellular,15,mar,2,0,0,unknown,0,0.6503938676456141
34,technician,single,secondary,no,1313,no,no,cellular,12,aug,1,21,6,failure,1,0.6501191440668453
26,services,single,tertiary,no,2803,no,no,cellular,3,feb,7,0,0,unknown,0,0.6501005210316321
66,admin.,divorced,secondary,no,220,no,no,cellular,28,aug,1,0,0,unknown,0,0.6500479795647303
75,retired,married,primary,no,358,no,no,cellular,17,feb,11,0,0,unknown,0,0.6500197955004089
29,technician,single,tertiary,no,323,no,no,cellular,3,feb,1,0,0,unknown,0,0.6497090426293671
35,technician,married,secondary,no,1092,no,no,cellular,18,may,1,360,1,failure,1,0.6496181469582212
36,blue-collar,married,secondary,no,1828,yes,no,telephone,17,oct,1,0,0,unknown,0,0.6494218010132441
37,technician,married,tertiary,no,88,no,no,cellular,6,may,1,90,3,other,1,0.6491214140719894
29,services,single,secondary,no,612,no,no,cellular,5,feb,1,198,5,other,1,0.6490391060103348
38,technician,divorced,secondary,no,902,yes,no,cellular,4,may,3,90,1,success,1,0.6488381078566451
22,management,single,tertiary,no,104,no,yes,cellular,16,apr,3,0,0,unknown,0,0.6487280106040296
42,technician,married,secondary,no,1539,no,no,cellular,19,jun,5,211,2,failure,1,0.6486776572684447
30,services,single,tertiary,no,1788,no,no,cellular,4,aug,1,181,2,failure,1,0.6486664368291553
26,management,single,tertiary,no,212,no,no,cellular,2,feb,1,0,0,unknown,0,0.6486222023558139
25,self-employed,single,tertiary,no,42,yes,no,cellular,3,mar,1,0,0,unknown,0,0.6483565557282166
59,unemployed,divorced,secondary,no,2026,no,no,cellular,14,aug,3,73,1,failure,1,0.6478989035824951
50,management,married,tertiary,no,8205,yes,no,telephone,25,oct,3,508,1,other,1,0.6474706325122771
76,retired,married,primary,no,3324,no,no,cellular,13,aug,2,192,1,failure,1,0.6467070566518254
51,admin.,single,secondary,no,726,yes,no,cellular,11,may,1,14,8,success,1,0.6466886359598141
70,retired,divorced,secondary,no,4572,no,no,cellular,11,oct,2,95,16,failure,1,0.6464465861991852
59,management,married,tertiary,no,4606,no,no,telephone,1,sep,2,189,2,failure,1,0.6463367447175536
46,unemployed,married,secondary,no,1040,no,no,telephone,12,aug,1,78,5,failure,1,0.6460262647456613
61,technician,married,tertiary,no,0,no,no,cellular,3,apr,1,0,0,unknown,0,0.6459650296084753
54,technician,married,secondary,no,65,no,no,cellular,24,feb,1,91,3,failure,1,0.6458585097242782
31,technician,single,secondary,no,2460,no,no,cellular,1,oct,1,0,0,unknown,0,0.6455584353166443
34,technician,married,secondary,no,0,yes,no,cellular,5,aug,2,2,3,success,1,0.6455258221485493
28,services,single,secondary,no,1950,no,no,cellular,9,jul,1,0,0,unknown,0,0.6454227854472253
28,admin.,single,secondary,no,659,no,no,cellular,9,feb,2,0,0,unknown,0,0.6453432599810273
55,technician,married,secondary,no,0,yes,yes,cellular,1,jun,1,91,1,success,1,0.6452992481374311
28,student,single,secondary,no,2351,no,no,telephone,22,oct,1,0,0,unknown,0,0.6451102024874034
32,blue-collar,single,primary,no,216,yes,no,cellular,7,may,2,351,1,success,1,0.6449288567154984
37,unknown,single,tertiary,no,0,no,no,cellular,3,mar,1,0,0,unknown,0,0.6448897208950625
19,student,single,primary,no,103,no,no,cellular,10,jul,2,0,0,unknown,0,0.6448572378086951
26,admin.,married,tertiary,no,2855,no,no,cellular,30,mar,3,0,0,unknown,0,0.6447337384901702
79,retired,married,secondary,no,4738,no,no,telephone,9,jul,5,0,0,unknown,0,0.6445854934921061
76,retired,married,primary,no,2590,no,no,telephone,9,feb,12,0,0,unknown,0,0.6442985288222612
28,management,single,tertiary,no,9314,no,no,cellular,2,jul,2,0,0,unknown,0,0.6441863102866965
66,retired,married,primary,no,3629,no,no,cellular,2,feb,1,172,2,other,1,0.6438741679766339
21,technician,single,unknown,no,360,no,no,cellular,26,may,2,0,0,unknown,0,0.6436013918592249
56,services,divorced,secondary,no,935,no,no,cellular,26,feb,1,227,2,failure,1,0.6436000922421428
35,management,married,tertiary,no,1041,no,no,cellular,18,nov,1,120,3,other,1,0.6435537240851943
44,management,married,tertiary,no,430,no,no,cellular,7,may,2,171,2,failure,1,0.6422656742737787
37,unemployed,married,tertiary,no,7620,no,no,telephone,31,aug,3,98,3,failure,1,0.6421384038960926
52,services,married,secondary,no,992,yes,no,cellular,27,oct,1,515,1,failure,1,0.6418528451131307
26,services,single,secondary,no,1445,no,no,telephone,23,oct,1,0,0,unknown,0,0.6413527103123863
59,technician,married,secondary,no,7766,yes,no,cellular,25,feb,1,461,1,failure,1,0.6410042214544756
37,management,married,tertiary,no,4174,no,no,cellular,22,apr,5,0,0,unknown,0,0.6406024215366305
62,management,married,tertiary,no,0,no,no,cellular,3,sep,1,0,0,unknown,0,0.6404609748708929
58,retired,married,secondary,no,1227,no,no,cellular,14,aug,2,37,2,failure,1,0.6402785169276928
33,technician,married,tertiary,no,6843,no,no,cellular,20,nov,1,100,10,other,1,0.6401970525890754
62,management,married,tertiary,no,10373,no,no,cellular,12,aug,3,0,0,unknown,0,0.6401340656374386
49,technician,single,secondary,no,9131,yes,no,cellular,18,aug,1,461,5,failure,1,0.6400865675906013
26,management,single,tertiary,no,8303,no,no,cellular,8,jul,2,0,0,unknown,0,0.6400189256622592
52,services,married,secondary,no,657,no,no,telephone,7,jul,2,460,2,failure,1,0.6400131968926338
34,management,single,tertiary,no,549,no,no,cellular,6,oct,2,0,0,unknown,0,0.6397155202663825
42,management,married,tertiary,no,2463,no,no,cellular,26,oct,2,0,0,unknown,0,0.6396836137379882
26,student,single,secondary,no,1346,no,no,cellular,29,jan,2,0,0,unknown,0,0.6396657655817585
35,technician,married,tertiary,no,8029,yes,no,cellular,26,may,1,285,4,success,1,0.6391729069325561
29,self-employed,single,tertiary,no,300,no,no,cellular,3,feb,1,0,0,unknown,0,0.6391183540931755
41,admin.,divorced,secondary,no,1076,yes,no,cellular,3,jun,2,391,2,other,1,0.6389849178927759
58,retired,divorced,tertiary,no,5253,no,no,cellular,9,apr,4,295,3,failure,1,0.6388901583499654
22,housemaid,single,secondary,no,1796,no,no,cellular,28,jun,3,0,0,unknown,0,0.6387350399072956
33,management,single,tertiary,no,5437,no,no,cellular,2,feb,1,0,0,unknown,0,0.6386723143853906
33,blue-collar,single,secondary,no,1925,yes,no,cellular,2,mar,2,0,0,unknown,0,0.6385758755503265
26,management,single,tertiary,no,390,no,no,cellular,7,aug,1,0,0,unknown,0,0.6377351837967155
29,student,single,unknown,no,145,no,no,cellular,14,aug,1,0,0,unknown,0,0.6376096568455187
36,management,single,unknown,no,62,no,no,cellular,13,apr,2,0,0,unknown,0,0.6372324969154767
64,management,married,tertiary,no,6251,no,no,telephone,5,feb,7,0,0,unknown,0,0.6371333221776624
37,technician,married,unknown,no,189,no,no,cellular,16,jun,2,0,0,unknown,0,0.6370372360276885
27,management,single,tertiary,no,317,no,no,cellular,9,feb,3,0,0,unknown,0,0.6369592762085624
26,admin.,single,tertiary,no,3730,yes,no,cellular,11,mar,1,98,4,other,1,0.6364342483208659
38,management,married,tertiary,no,845,no,no,cellular,23,sep,1,0,0,unknown,0,0.6362307688930651
35,management,married,tertiary,no,62,no,no,cellular,8,feb,2,185,2,failure,1,0.6361889818956227
35,self-employed,married,tertiary,no,980,no,no,cellular,2,aug,2,336,6,failure,1,0.6358227685569929
30,technician,married,tertiary,no,239,no,no,telephone,20,oct,1,0,0,unknown,0,0.6349370174385573
26,blue-collar,single,secondary,no,535,no,no,cellular,14,aug,1,0,0,unknown,0,0.6346462088453017
39,admin.,married,secondary,no,168,no,no,cellular,6,oct,1,0,0,unknown,0,0.6345585394150479
26,management,single,secondary,no,651,no,yes,cellular,5,mar,1,0,0,unknown,0,0.6341666418838979
30,management,married,tertiary,no,196,no,no,cellular,20,nov,1,101,4,other,1,0.6340034307788405
83,retired,married,primary,no,425,no,no,telephone,22,jun,1,140,1,failure,1,0.6339390810976927
60,admin.,divorced,secondary,no,4519,no,no,cellular,2,feb,1,0,0,unknown,0,0.6337403313671962
77,retired,married,primary,no,121,no,no,telephone,7,oct,1,0,0,unknown,0,0.6329346203065495
43,management,divorced,tertiary,no,2251,no,no,cellular,7,sep,5,0,0,unknown,0,0.6329294536985499
65,retired,married,tertiary,no,162,no,no,cellular,6,aug,3,185,2,failure,1,0.6328420399413932
63,retired,married,unknown,no,538,no,no,cellular,11,aug,2,0,0,unknown,0,0.6323299248271347
28,student,single,unknown,no,78,no,no,cellular,4,dec,3,310,2,failure,1,0.6322959864236875
29,management,single,tertiary,no,572,yes,no,telephone,8,may,6,181,1,success,1,0.6319433069644099
35,management,single,tertiary,no,2707,no,no,cellular,5,feb,1,0,0,unknown,0,0.6319072983574738
27,student,single,tertiary,no,5291,no,no,cellular,12,aug,2,0,0,unknown,0,0.6318972472958632
45,entrepreneur,single,primary,no,0,no,no,cellular,7,apr,1,0,0,unknown,0,0.6314873911816852
31,technician,married,unknown,no,14533,no,no,cellular,16,jun,2,0,0,unknown,0,0.6306638952789393
26,student,single,secondary,no,782,no,no,cellular,29,jan,1,0,0,unknown,0,0.6305354708540529
43,blue-collar,married,primary,no,3917,no,no,cellular,2,mar,1,0,0,unknown,0,0.6305330222400801
80,retired,married,unknown,no,355,no,no,telephone,10,aug,1,0,0,unknown,0,0.6298349033773855
34,blue-collar,married,secondary,no,0,yes,no,cellular,13,may,4,357,3,success,1,0.629093393408023
38,management,married,secondary,no,341,no,no,cellular,15,may,3,346,2,failure,1,0.6287416447330217
26,technician,single,tertiary,no,4130,no,no,cellular,28,jan,2,0,0,unknown,0,0.6287064638209725
49,blue-collar,divorced,primary,no,24,yes,no,cellular,11,may,1,362,1,success,1,0.6286898365680925
31,services,single,tertiary,no,2332,no,no,cellular,17,feb,1,0,0,unknown,0,0.6286324599882341
21,student,single,secondary,no,557,no,no,cellular,31,aug,2,0,0,unknown,0,0.6285843344242399
24,management,single,tertiary,no,172,no,no,cellular,3,jul,2,0,0,unknown,0,0.6285758539122888
24,student,single,secondary,no,2,no,no,cellular,15,may,1,0,0,unknown,0,0.6282672274879605
34,management,single,tertiary,no,275,no,no,cellular,2,aug,2,455,23,other,1,0.6279927043762366
35,technician,single,tertiary,no,122,no,no,cellular,20,apr,5,328,5,failure,1,0.6278283871635983
34,unemployed,single,unknown,no,517,no,no,cellular,6,sep,3,0,0,unknown,0,0.6276774919469928
27,services,single,secondary,no,795,no,no,cellular,6,feb,3,0,0,unknown,0,0.6274854537651355
61,admin.,divorced,tertiary,no,89,no,no,cellular,24,nov,2,95,2,other,1,0.6273659105334857
26,management,single,tertiary,no,2725,no,no,cellular,28,jan,1,0,0,unknown,0,0.6273131470232549
58,retired,married,primary,no,2969,no,no,telephone,30,apr,1,0,0,unknown,0,0.6272952323560235
24,blue-collar,single,secondary,no,9883,no,no,cellular,8,jul,5,0,0,unknown,0,0.6272872654253425
31,admin.,single,secondary,no,0,no,no,cellular,17,apr,3,0,0,unknown,0,0.6271924634469882
34,services,married,secondary,no,703,no,no,cellular,17,apr,2,150,2,failure,1,0.6271180046965026
54,management,divorced,tertiary,no,2037,no,no,cellular,2,feb,1,0,0,unknown,0,0.6268829855636863
36,management,single,tertiary,no,1876,no,no,cellular,4,may,1,0,0,unknown,0,0.6268094225993174
43,management,single,tertiary,no,146,no,no,cellular,21,nov,1,113,5,other,1,0.6259825761026726
40,management,married,tertiary,no,5142,no,no,cellular,13,jan,2,224,1,failure,1,0.6258894452923683
60,retired,divorced,secondary,no,4243,no,no,cellular,30,oct,2,0,0,unknown,0,0.6249338118881401
61,retired,married,secondary,no,479,no,no,cellular,22,jul,5,0,0,unknown,0,0.6249007554413306
37,entrepreneur,married,tertiary,no,189,no,no,cellular,2,jun,2,0,0,unknown,0,0.6248204518586215
29,blue-collar,married,secondary,no,3310,no,no,cellular,1,sep,1,91,4,failure,1,0.624735255904318
27,blue-collar,single,primary,no,540,no,no,cellular,6,feb,1,0,0,unknown,0,0.6246079925784802
31,admin.,single,secondary,no,690,no,no,cellular,4,may,4,87,12,failure,1,0.6245716816135901
40,technician,single,secondary,no,572,no,no,cellular,20,nov,1,91,2,failure,1,0.6244000577806258
77,retired,married,tertiary,no,0,no,no,cellular,27,sep,4,0,0,unknown,0,0.624039401159054
32,student,single,secondary,no,1102,no,no,telephone,8,oct,1,0,0,unknown,0,0.6239901849713846
28,management,single,tertiary,yes,1414,yes,no,cellular,8,jul,1,521,1,failure,1,0.6236262385534989
47,blue-collar,married,secondary,no,3715,no,no,cellular,12,feb,2,182,4,other,1,0.6234635545838297
77,retired,married,primary,no,2590,no,no,telephone,13,nov,3,277,12,failure,1,0.623244199105488
30,unknown,single,tertiary,no,6836,no,no,cellular,27,feb,3,0,0,unknown,0,0.6232375377843493
20,student,married,unknown,no,292,no,no,cellular,5,aug,2,93,1,failure,1,0.6224922274270701
53,blue-collar,married,primary,no,354,no,no,cellular,20,apr,2,0,0,unknown,0,0.6223555250167082
39,student,single,tertiary,no,2103,no,no,cellular,2,feb,1,0,0,unknown,0,0.6218324558472336
39,management,married,tertiary,no,562,no,no,cellular,13,sep,2,0,0,unknown,0,0.6217642441538606
31,admin.,single,secondary,no,8626,no,no,cellular,3,feb,1,0,0,unknown,0,0.6217331036928049
46,blue-collar,married,tertiary,no,3745,no,no,cellular,19,oct,1,0,0,unknown,0,0.6216169900618969
46,blue-collar,married,secondary,no,1723,no,no,cellular,17,jun,2,52,7,failure,1,0.6209639282152758
30,unemployed,single,secondary,no,1058,no,no,cellular,4,feb,1,0,0,unknown,0,0.6206220997590757
48,technician,married,secondary,no,1981,yes,no,cellular,16,jun,3,92,5,failure,1,0.6205152733847552
60,technician,married,secondary,no,1139,no,no,cellular,6,feb,2,207,2,failure,1,0.6204923680742148
33,technician,single,secondary,no,234,no,no,cellular,1,apr,1,370,2,failure,1,0.6203256542193094
27,unemployed,single,tertiary,no,3060,no,no,cellular,30,jan,1,0,0,unknown,0,0.6201968330145796
72,retired,married,secondary,no,0,no,no,cellular,29,oct,3,0,0,unknown,0,0.6198729623939867
27,student,single,secondary,no,585,no,no,cellular,28,jan,3,0,0,unknown,0,0.619600023687649
27,management,single,secondary,no,589,no,no,cellular,28,jan,1,0,0,unknown,0,0.6192705892511727
26,services,single,tertiary,no,12,no,no,cellular,14,jun,1,181,10,failure,1,0.6189670618761096
51,management,married,tertiary,no,2814,no,no,cellular,3,feb,1,0,0,unknown,0,0.6188712365007365
34,blue-collar,single,unknown,no,484,no,no,cellular,8,oct,1,0,0,unknown,0,0.6184329715630237
25,technician,single,tertiary,no,148,no,no,cellular,23,jul,1,0,0,unknown,0,0.6177871621208108
31,management,single,tertiary,no,3295,no,no,cellular,2,feb,2,0,0,unknown,0,0.6174301724934277
56,retired,divorced,primary,no,694,no,no,cellular,29,jan,1,102,1,other,1,0.6170785779273885
45,technician,divorced,tertiary,no,10768,yes,no,cellular,16,mar,2,0,0,unknown,0,0.6166896136716398
52,management,single,tertiary,no,824,no,no,cellular,8,may,1,354,2,failure,1,0.6165019088172908
29,management,single,tertiary,no,1218,no,no,cellular,30,jan,2,0,0,unknown,0,0.6157549884696593
29,student,single,secondary,no,48,no,no,cellular,26,feb,1,0,0,unknown,0,0.615691349333312
41,entrepreneur,married,secondary,no,30,no,no,cellular,30,apr,1,0,0,unknown,0,0.615449018799461
52,unemployed,married,secondary,no,94,no,no,cellular,30,apr,1,0,0,unknown,0,0.6148761373932052
83,retired,divorced,primary,no,0,no,no,telephone,3,sep,1,0,0,unknown,0,0.6143908309044103
26,student,single,secondary,no,0,no,no,cellular,27,may,2,0,0,unknown,0,0.6137987946898081
35,management,single,tertiary,no,2646,no,no,cellular,14,apr,8,183,2,success,1,0.6137413655824776
34,management,single,tertiary,no,2561,no,no,cellular,29,dec,1,0,0,unknown,0,0.6136146486610826
29,management,single,tertiary,no,176,no,no,cellular,9,feb,2,0,0,unknown,0,0.6135795666213937
44,blue-collar,married,secondary,no,1324,yes,no,telephone,25,oct,1,89,2,other,1,0.613207924960101
58,management,married,secondary,no,111,no,no,telephone,22,jun,1,90,2,failure,1,0.6129908685725113
45,unknown,married,tertiary,no,406,no,no,cellular,7,sep,1,0,0,unknown,0,0.6128106416388406
39,technician,married,tertiary,no,794,no,no,telephone,3,jun,2,121,1,failure,1,0.6126836828353401
32,entrepreneur,married,primary,no,3083,no,no,cellular,22,jun,2,0,0,unknown,0,0.612500746516476
52,management,married,tertiary,no,751,no,no,cellular,14,may,4,371,5,failure,1,0.6120226265914624
30,technician,single,secondary,no,707,no,no,cellular,26,may,1,0,0,unknown,0,0.6118898973236195
52,technician,married,secondary,no,5303,yes,no,unknown,19,oct,1,0,0,unknown,0,0.6117639150675849
39,admin.,married,tertiary,no,1322,yes,no,cellular,24,sep,3,486,1,other,1,0.6115352910408418
50,entrepreneur,married,tertiary,no,2442,no,no,cellular,3,feb,1,0,0,unknown,0,0.611408194737044
48,housemaid,single,primary,no,46,no,no,cellular,3,aug,2,180,1,failure,1,0.611334286569814
37,entrepreneur,married,tertiary,no,310,no,no,cellular,1,sep,1,0,0,unknown,0,0.6112159323330669
57,retired,married,unknown,no,230,no,no,cellular,6,apr,2,210,3,failure,1,0.6110900230496845
33,management,single,tertiary,no,576,no,no,cellular,2,nov,1,0,0,unknown,0,0.6105296134326408
30,services,single,secondary,no,566,no,no,cellular,5,feb,1,0,0,unknown,0,0.6104515531584888
60,unemployed,single,tertiary,no,361,no,no,cellular,5,feb,1,0,0,unknown,0,0.6102443500854895
40,technician,divorced,tertiary,no,1082,no,no,cellular,4,feb,1,0,0,unknown,0,0.6100993171809245
37,admin.,divorced,secondary,no,496,no,no,cellular,4,feb,4,272,3,failure,1,0.609893388687683
40,admin.,married,tertiary,no,1108,no,no,cellular,26,jan,1,92,5,failure,1,0.6098018037244656
33,management,married,tertiary,no,22867,yes,no,cellular,10,aug,1,440,2,failure,1,0.6097114535952173
31,technician,single,secondary,no,775,no,no,cellular,2,feb,1,0,0,unknown,0,0.6090883195045023
33,admin.,married,secondary,no,3519,no,no,cellular,2,feb,1,0,0,unknown,0,0.609078716271433
32,technician,single,tertiary,no,1534,no,no,cellular,2,feb,2,0,0,unknown,0,0.6085887024181036
62,self-employed,divorced,secondary,no,0,yes,no,cellular,20,aug,1,0,0,unknown,0,0.6085510991818606
49,management,married,tertiary,no,1533,no,no,cellular,17,nov,1,172,1,failure,1,0.608546471445885
60,retired,married,primary,no,1588,no,no,cellular,6,oct,1,0,0,unknown,0,0.6084570659134537
26,admin.,married,unknown,no,4311,no,no,cellular,26,may,1,0,0,unknown,0,0.6083169939588793
63,retired,married,primary,no,12067,no,no,telephone,29,apr,1,191,1,failure,1,0.6077490632359956
74,retired,married,primary,no,0,no,no,telephone,4,sep,1,0,0,unknown,0,0.6075168079675344
30,technician,single,secondary,no,846,no,no,cellular,2,nov,2,0,0,unknown,0,0.6070221037232205
32,management,single,tertiary,no,1962,no,no,cellular,13,jan,1,0,0,unknown,0,0.6067406109634341
23,management,single,tertiary,no,906,no,no,cellular,30,jul,3,0,0,unknown,0,0.6064750051633645
58,technician,married,secondary,no,1,no,no,cellular,2,apr,1,64,2,failure,1,0.6064461550051108
46,management,married,unknown,no,2466,no,no,telephone,1,apr,3,370,1,failure,1,0.6062242983506557
81,retired,divorced,primary,no,0,no,no,telephone,15,oct,1,0,0,unknown,0,0.6054740095577688
32,management,single,tertiary,no,2134,no,no,cellular,10,nov,2,0,0,unknown,0,0.6052938440066363
30,admin.,married,secondary,no,779,yes,no,cellular,4,jun,2,17,3,other,1,0.6052685638755257
28,admin.,single,secondary,no,775,no,no,cellular,29,jan,2,0,0,unknown,0,0.6050710576074049
37,admin.,single,secondary,no,115,no,no,cellular,13,nov,4,101,5,failure,1,0.604695819436402
26,entrepreneur,single,tertiary,no,725,no,no,cellular,5,feb,2,189,29,other,1,0.6046421102897728
36,self-employed,single,tertiary,no,583,no,no,cellular,30,jan,1,235,1,other,1,0.6045688644282382
36,student,single,unknown,no,417,no,no,cellular,10,feb,1,0,0,unknown,0,0.6044898465789224
57,entrepreneur,married,secondary,no,9902,no,no,cellular,18,jun,3,0,0,unknown,0,0.6044402277897748
38,blue-collar,single,secondary,no,1137,no,no,cellular,13,may,1,0,0,unknown,0,0.6042803441124831
29,admin.,single,secondary,no,209,no,no,cellular,5,feb,2,0,0,unknown,0,0.6042382494446944
26,unemployed,single,primary,no,1213,no,no,cellular,29,jan,1,0,0,unknown,0,0.6041524056729166
43,management,married,tertiary,no,1993,no,no,cellular,19,nov,1,174,1,failure,1,0.6040583189679698
41,housemaid,married,primary,no,322,no,no,cellular,7,may,1,324,2,failure,1,0.6037098955414301
32,admin.,married,secondary,no,337,no,no,cellular,15,may,3,368,1,failure,1,0.603583734520639
52,technician,married,secondary,no,553,yes,no,telephone,11,oct,1,0,0,unknown,0,0.6035167163671004
42,self-employed,single,secondary,no,924,no,no,cellular,2,feb,1,0,0,unknown,0,0.6031575115249758
55,management,divorced,tertiary,no,446,no,no,cellular,2,feb,1,0,0,unknown,0,0.6030761932023581
32,management,single,tertiary,no,19985,no,no,cellular,9,feb,5,0,0,unknown,0,0.6029943122072412
30,admin.,single,tertiary,no,305,no,no,cellular,4,feb,2,0,0,unknown,0,0.6029168211032582
29,management,single,tertiary,no,475,no,no,cellular,29,jan,2,0,0,unknown,0,0.602763560492928
35,blue-collar,single,secondary,no,3623,no,no,telephone,30,oct,1,0,0,unknown,0,0.602308041661612
33,management,single,tertiary,no,259,no,no,cellular,8,apr,6,0,0,unknown,0,0.6020300601170336
29,admin.,single,secondary,no,488,yes,no,cellular,4,jun,1,0,0,unknown,0,0.601820140777667
33,management,divorced,tertiary,no,802,no,no,cellular,6,feb,1,0,0,unknown,0,0.6016659140929032
37,services,single,secondary,no,1045,no,no,cellular,4,feb,1,0,0,unknown,0,0.6011009101392271
37,admin.,single,secondary,no,4803,no,no,cellular,15,jan,2,0,0,unknown,0,0.601055977458667
29,blue-collar,single,secondary,no,228,no,no,cellular,5,feb,1,0,0,unknown,0,0.6006986083267081
34,technician,single,tertiary,no,2733,no,no,cellular,14,jul,1,0,0,unknown,0,0.6005801900689837
42,technician,divorced,tertiary,no,2611,yes,no,cellular,25,jun,1,389,3,failure,1,0.6004558451241614
42,management,married,tertiary,no,254,no,no,cellular,9,dec,7,183,4,success,1,0.6003942269534949
49,technician,married,secondary,no,307,no,no,cellular,9,dec,1,0,0,unknown,0,0.6003802051212028
30,technician,single,secondary,no,115,no,no,cellular,13,may,1,351,1,failure,1,0.6001191325196941
19,student,single,unknown,no,1169,no,no,cellular,6,feb,18,0,0,unknown,0,0.600007261837317
35,self-employed,married,tertiary,no,3698,yes,no,cellular,5,mar,1,0,0,unknown,0,0.5999174656252586
38,technician,married,secondary,no,1,yes,no,cellular,21,nov,5,199,1,success,1,0.5997280133157
27,unemployed,single,tertiary,no,127,no,no,cellular,3,feb,3,0,0,unknown,0,0.5994699119444743
33,admin.,married,secondary,no,616,no,no,cellular,6,sep,3,0,0,unknown,0,0.5993784287937713
32,blue-collar,single,secondary,no,2142,no,no,cellular,2,feb,1,0,0,unknown,0,0.5992591381569177
50,unemployed,divorced,unknown,no,1088,no,no,cellular,2,feb,1,0,0,unknown,0,0.5992360227119371
39,entrepreneur,single,secondary,no,829,no,no,cellular,5,feb,1,0,0,unknown,0,0.598757342171063
31,entrepreneur,single,tertiary,no,1957,no,no,cellular,4,feb,3,0,0,unknown,0,0.5983725842816395
55,management,divorced,tertiary,no,2037,no,no,cellular,2,nov,2,273,1,failure,1,0.5981842094832188
38,technician,single,secondary,no,-242,yes,no,cellular,18,may,3,278,6,success,1,0.5980656058035994
58,unknown,married,unknown,no,68,no,no,cellular,2,apr,1,0,0,unknown,0,0.597453107817684
32,admin.,single,secondary,no,154,yes,no,cellular,26,apr,1,521,2,failure,1,0.5973588076170178
19,student,single,primary,no,245,no,no,telephone,10,nov,2,110,2,other,1,0.5971622842696358
34,technician,married,primary,no,1301,no,no,cellular,2,feb,1,0,0,unknown,0,0.5965827541937719
44,management,married,unknown,no,2724,no,no,cellular,28,dec,1,0,0,unknown,0,0.5958028765025397
53,management,married,tertiary,no,1759,no,no,cellular,2,feb,3,0,0,unknown,0,0.595780555967146
47,admin.,divorced,secondary,no,555,yes,yes,telephone,17,oct,1,0,0,unknown,0,0.5957210023782994
60,services,divorced,secondary,no,758,no,no,cellular,3,feb,1,0,0,unknown,0,0.5957178823592177
28,management,single,tertiary,no,185,no,no,cellular,30,jan,2,0,0,unknown,0,0.5955276673286641
31,student,married,tertiary,no,0,no,no,cellular,11,may,2,367,4,other,1,0.595436601279251
28,blue-collar,single,secondary,no,1955,no,no,cellular,29,jan,1,0,0,unknown,0,0.5953836509535873
49,technician,married,tertiary,no,523,yes,no,cellular,3,mar,2,0,0,unknown,0,0.5952901670992157
26,management,single,tertiary,no,1274,yes,no,cellular,1,jun,1,84,1,failure,1,0.5952238060188706
54,unemployed,divorced,secondary,no,925,no,no,cellular,5,feb,1,0,0,unknown,0,0.5947198591124438
46,blue-collar,married,secondary,no,4855,yes,no,cellular,10,aug,1,397,1,failure,1,0.5946275324031055
46,management,married,tertiary,no,1446,no,no,cellular,4,may,1,0,0,unknown,0,0.5945319332639304
61,unemployed,married,primary,no,1,no,no,cellular,25,sep,1,0,0,unknown,0,0.594463790429244
82,housemaid,divorced,primary,no,1381,no,no,cellular,28,jul,5,181,4,failure,1,0.5944268240402593
38,management,single,tertiary,no,1373,no,no,cellular,22,oct,4,0,0,unknown,0,0.5938592941146915
27,management,single,tertiary,no,406,no,no,cellular,9,feb,9,0,0,unknown,0,0.5937852922173068
31,technician,single,tertiary,no,454,no,no,cellular,4,feb,3,0,0,unknown,0,0.5934235680214275
27,management,single,tertiary,no,948,yes,no,cellular,12,mar,2,207,1,failure,1,0.5933445314434769
82,housemaid,married,primary,no,2140,no,no,telephone,14,apr,6,0,0,unknown,0,0.5932094441203307
30,blue-collar,single,secondary,no,411,no,no,cellular,25,may,1,0,0,unknown,0,0.59310575130867
29,self-employed,single,tertiary,no,415,no,no,cellular,29,jan,1,0,0,unknown,0,0.5928592893423371
52,blue-collar,married,secondary,no,2230,no,no,cellular,29,oct,3,0,0,unknown,0,0.5928436556923364
52,admin.,single,unknown,no,2227,no,no,cellular,24,feb,2,0,0,unknown,0,0.5924871762091266
59,unemployed,married,secondary,no,2740,no,no,cellular,5,feb,1,0,0,unknown,0,0.5922611396617846
76,housemaid,married,primary,no,1483,no,no,cellular,2,aug,4,0,0,unknown,0,0.5922381496500662
67,retired,single,tertiary,no,2144,no,no,telephone,21,apr,2,0,0,unknown,0,0.592010035164197
45,admin.,married,primary,no,542,no,no,cellular,11,may,5,350,3,other,1,0.5919513121595736
31,admin.,single,secondary,no,476,no,no,cellular,9,feb,2,0,0,unknown,0,0.5918824515668626
39,technician,married,secondary,no,603,no,yes,cellular,15,apr,1,0,0,unknown,0,0.5914305235798815
36,technician,married,tertiary,no,521,no,no,cellular,20,oct,3,0,0,unknown,0,0.5911420891977337
25,unemployed,married,secondary,no,715,no,no,cellular,4,may,4,0,0,unknown,0,0.5910274193244247
44,entrepreneur,married,tertiary,no,3850,no,no,cellular,3,feb,2,0,0,unknown,0,0.5906458468880529
31,services,single,secondary,no,658,no,no,cellular,22,may,1,0,0,unknown,0,0.5905220744244262
33,admin.,single,secondary,no,894,no,no,cellular,5,feb,2,0,0,unknown,0,0.5905126433607826
68,retired,single,primary,no,363,no,no,cellular,28,jan,1,0,0,unknown,0,0.5902821063652351
37,technician,single,secondary,no,267,no,no,cellular,13,may,1,0,0,unknown,0,0.5898197926407237
46,admin.,single,secondary,no,533,no,no,cellular,22,may,1,0,0,unknown,0,0.5893742869192934
61,technician,married,secondary,no,1191,no,no,cellular,21,may,4,0,0,unknown,0,0.5891104255004075
26,management,single,tertiary,no,3704,no,no,cellular,19,aug,4,0,0,unknown,0,0.5889373851391804
42,blue-collar,married,secondary,no,2913,no,no,cellular,3,jun,1,195,1,failure,1,0.5886325369233588
32,self-employed,divorced,tertiary,no,3271,no,no,cellular,4,may,3,0,0,unknown,0,0.5884208220309456
34,services,divorced,secondary,no,1281,no,no,cellular,5,feb,1,0,0,unknown,0,0.5881638691438291
48,management,divorced,tertiary,no,0,no,no,cellular,15,oct,2,0,0,unknown,0,0.5877801047243364
33,admin.,divorced,secondary,no,661,yes,no,cellular,11,aug,1,99,7,failure,1,0.5876856578523667
24,management,single,tertiary,no,0,no,no,cellular,6,oct,1,0,0,unknown,0,0.587361661095635
27,admin.,single,tertiary,no,4991,yes,no,cellular,13,feb,1,0,0,unknown,0,0.5871312913460836
34,management,single,tertiary,no,431,no,no,cellular,16,jul,1,0,0,unknown,0,0.5868382033772955
47,services,divorced,tertiary,no,1639,no,no,cellular,12,jan,1,0,0,unknown,0,0.5868142899510331
45,technician,married,secondary,no,858,no,no,cellular,5,feb,4,251,2,failure,1,0.5867595432772695
31,blue-collar,single,secondary,no,2093,no,no,cellular,7,jul,1,0,0,unknown,0,0.5866760496788005
39,management,single,tertiary,no,889,no,no,cellular,20,nov,2,185,4,failure,1,0.5866475549816035
37,admin.,married,secondary,no,3427,no,no,cellular,27,feb,1,0,0,unknown,0,0.5863151044384607
53,management,married,tertiary,no,3591,yes,no,cellular,5,aug,2,181,2,other,1,0.586140735365586
30,blue-collar,single,secondary,no,583,no,no,cellular,18,may,2,0,0,unknown,0,0.5859070454956283
61,management,single,tertiary,no,2,no,no,cellular,12,aug,1,114,3,failure,1,0.5858834253226867
29,management,single,tertiary,no,307,yes,no,cellular,2,jun,1,0,0,unknown,0,0.5856839843348025
33,self-employed,single,tertiary,no,1049,no,no,cellular,4,may,4,0,0,unknown,0,0.5856203178653487
27,technician,single,secondary,no,2731,no,no,telephone,16,jun,1,0,0,unknown,0,0.5854059576097422
33,management,single,tertiary,no,373,no,yes,cellular,27,oct,1,0,0,unknown,0,0.5852552110588822
29,unemployed,single,primary,no,550,no,no,cellular,29,jan,1,0,0,unknown,0,0.585118220032285
36,blue-collar,single,secondary,no,767,no,no,cellular,5,feb,1,0,0,unknown,0,0.5850457277873362
33,self-employed,single,tertiary,no,1129,yes,no,cellular,8,jun,2,0,0,unknown,0,0.5850064599189438
20,student,married,unknown,no,292,no,no,cellular,4,may,1,0,0,unknown,0,0.5848837365138327
31,blue-collar,single,secondary,no,1882,no,no,cellular,7,may,2,0,0,unknown,0,0.5847732246282062
32,admin.,single,secondary,no,1649,no,no,cellular,27,may,2,0,0,unknown,0,0.5847015050424065
31,technician,single,secondary,no,253,no,no,cellular,13,jan,1,0,0,unknown,0,0.5846666230540278
25,technician,single,secondary,no,582,no,yes,cellular,3,feb,1,0,0,unknown,0,0.5844539532346975
30,self-employed,single,tertiary,no,1259,no,no,cellular,20,nov,1,0,0,unknown,0,0.5842504246941485
34,management,married,tertiary,no,5878,no,no,cellular,29,jan,7,98,3,success,1,0.5839524437069618
38,blue-collar,married,secondary,no,4321,no,no,cellular,18,may,1,85,6,failure,1,0.5839224369772368
55,retired,married,secondary,no,3948,no,no,cellular,19,nov,1,170,2,failure,1,0.5839186067126622
62,housemaid,married,secondary,no,2,no,no,cellular,3,nov,1,0,0,unknown,0,0.583845292610861
73,retired,married,secondary,no,250,no,no,telephone,31,aug,4,0,0,unknown,0,0.5838101750106791
30,management,single,tertiary,no,4091,no,no,cellular,20,nov,2,0,0,unknown,0,0.5837371596738747
33,self-employed,single,tertiary,no,2155,no,no,cellular,17,nov,1,0,0,unknown,0,0.5836142553290043
56,retired,married,tertiary,no,478,no,no,cellular,5,feb,1,0,0,unknown,0,0.5832313863969901
75,blue-collar,married,secondary,no,6053,no,no,telephone,5,aug,1,0,0,unknown,0,0.5832104512699072
32,management,married,tertiary,no,322,no,no,cellular,4,feb,1,0,0,unknown,0,0.5830152504285409
25,technician,single,tertiary,no,2206,yes,no,cellular,15,jun,1,0,0,unknown,0,0.5828378734773035
60,management,married,secondary,no,0,no,no,telephone,19,oct,3,62,3,failure,1,0.5827383439188387
23,student,single,tertiary,no,0,no,no,cellular,10,aug,1,0,0,unknown,0,0.5824570396745495
21,student,single,secondary,no,546,no,no,unknown,17,apr,1,0,0,unknown,0,0.5819795628568304
32,student,single,unknown,no,4110,no,no,cellular,6,feb,8,0,0,unknown,0,0.5819752896794261
54,technician,married,secondary,no,3994,no,yes,cellular,16,apr,2,0,0,unknown,0,0.5817562393502115
40,technician,married,secondary,no,694,yes,no,cellular,3,jun,2,119,9,failure,1,0.5817519942959669
28,admin.,married,secondary,no,254,no,yes,cellular,17,apr,3,0,0,unknown,0,0.5816654825534068
60,management,married,secondary,no,0,no,no,telephone,22,feb,2,126,6,failure,1,0.5816309320596105
48,management,divorced,unknown,no,343,no,no,cellular,4,feb,1,0,0,unknown,0,0.5812849946023326
44,management,married,tertiary,no,2383,no,no,cellular,1,jul,2,0,0,unknown,0,0.5812525958597129
30,unemployed,married,tertiary,no,1067,no,no,cellular,4,feb,2,0,0,unknown,0,0.5811505509678974
60,retired,married,primary,no,1167,no,no,cellular,14,oct,2,0,0,unknown,0,0.5811194563539746
28,management,single,secondary,no,1154,no,no,cellular,29,jul,3,0,0,unknown,0,0.5810606111205083
28,technician,married,secondary,no,742,no,no,cellular,26,may,1,0,0,unknown,0,0.5807820471686518
40,management,married,tertiary,no,7780,no,no,telephone,4,may,1,355,1,other,1,0.5807016894436781
40,student,single,secondary,no,595,yes,no,cellular,3,jun,2,0,0,unknown,0,0.5805830033366626
61,retired,married,secondary,no,89,no,no,cellular,28,jan,2,92,3,failure,1,0.5805721398293068
54,technician,married,secondary,no,0,no,no,cellular,6,nov,5,192,8,other,1,0.5803918098897013
48,services,divorced,secondary,no,3186,no,yes,cellular,9,apr,1,0,0,unknown,0,0.5803803059550154
62,unknown,married,secondary,no,367,no,no,telephone,7,sep,1,189,5,failure,1,0.579618801467659
38,unemployed,married,tertiary,no,380,no,no,cellular,10,feb,1,0,0,unknown,0,0.5789772848491159
34,management,divorced,tertiary,no,0,no,no,cellular,5,feb,4,175,3,failure,1,0.5788217596778039
30,technician,single,tertiary,no,2784,no,no,cellular,20,nov,3,0,0,unknown,0,0.5786931956105484
31,admin.,single,secondary,no,1201,no,no,cellular,6,feb,5,0,0,unknown,0,0.5785824669958458
59,management,single,tertiary,no,705,no,no,cellular,3,feb,4,0,0,unknown,0,0.5783809252084086
33,management,married,tertiary,no,1412,no,no,cellular,6,feb,2,0,0,unknown,0,0.5782395603650308
70,management,married,secondary,no,4,no,no,cellular,25,feb,5,125,4,failure,1,0.5780487326631586
28,blue-collar,single,primary,no,442,no,no,cellular,30,jan,2,0,0,unknown,0,0.577943784902017
22,student,single,secondary,no,0,no,no,cellular,6,feb,6,0,0,unknown,0,0.5778920389810027
66,self-employed,married,tertiary,no,147,no,no,telephone,12,jan,1,0,0,unknown,0,0.5778854150830496
62,blue-collar,married,secondary,no,272,no,no,cellular,11,aug,1,286,2,failure,1,0.5778672860985467
27,management,single,tertiary,no,80,no,no,cellular,27,may,2,0,0,unknown,0,0.5778052506313819
37,services,single,secondary,no,608,no,no,cellular,14,may,3,0,0,unknown,0,0.577629680862506
46,technician,single,tertiary,no,1448,no,no,cellular,17,nov,1,0,0,unknown,0,0.5775811908430983
34,self-employed,married,secondary,no,47,no,no,cellular,4,feb,2,169,2,failure,1,0.577393955616509
41,technician,married,secondary,no,2123,no,no,cellular,18,nov,1,102,2,failure,1,0.5770612477171343
33,unknown,single,secondary,no,9,no,no,cellular,19,oct,1,0,0,unknown,0,0.5769425796136638
49,management,married,tertiary,no,6613,no,no,cellular,19,nov,1,155,3,failure,1,0.5769245629046766
43,blue-collar,married,secondary,no,14646,no,no,cellular,23,oct,1,0,0,unknown,0,0.5769193305742402
31,services,married,secondary,no,1167,no,no,cellular,3,jul,1,0,0,unknown,0,0.5766756112781376
55,management,divorced,tertiary,no,1633,no,no,telephone,2,jun,1,0,0,unknown,0,0.576148182247441
35,admin.,single,tertiary,no,2622,no,no,cellular,15,jul,5,0,0,unknown,0,0.5758894785476132
51,admin.,divorced,tertiary,no,66,yes,no,cellular,10,mar,1,478,2,failure,1,0.5757818432661829
39,management,single,tertiary,no,257,no,no,cellular,7,jul,1,0,0,unknown,0,0.5756997115295449
32,services,married,secondary,no,3268,no,no,cellular,15,may,1,0,0,unknown,0,0.5755982625197882
24,student,single,unknown,no,0,no,no,cellular,4,may,2,0,0,unknown,0,0.5752927581513105
56,retired,divorced,tertiary,no,13094,no,no,cellular,25,may,1,0,0,unknown,0,0.5752920598420352
40,services,married,secondary,no,10406,no,no,cellular,21,nov,2,127,4,other,1,0.5752074769510989
41,management,single,tertiary,no,1982,no,no,cellular,21,nov,1,0,0,unknown,0,0.5751080216212032
26,blue-collar,single,primary,no,941,no,no,cellular,29,jan,1,0,0,unknown,0,0.5749133064769696
32,management,single,secondary,no,2018,no,no,cellular,11,aug,1,0,0,unknown,0,0.5745948455214677
31,technician,single,secondary,no,118,no,no,cellular,2,feb,1,0,0,unknown,0,0.5745375658947279
33,management,married,tertiary,no,1808,no,no,cellular,28,dec,3,0,0,unknown,0,0.5743501347828514
36,unemployed,married,secondary,no,17458,no,no,cellular,23,sep,2,0,0,unknown,0,0.5742941301615593
81,management,married,tertiary,no,0,no,no,cellular,7,jul,1,0,0,unknown,0,0.5741677556774623
46,admin.,single,unknown,no,2273,no,no,cellular,14,jul,3,0,0,unknown,0,0.5741426386798797
47,unemployed,single,primary,no,7351,no,no,cellular,4,feb,3,0,0,unknown,0,0.5739251864019592
32,services,single,secondary,no,3993,no,no,cellular,22,may,2,0,0,unknown,0,0.5737642103906141
25,technician,single,secondary,no,505,no,yes,cellular,17,nov,2,0,0,unknown,0,0.5736864898485243
30,blue-collar,married,secondary,no,5,no,no,cellular,17,apr,3,0,0,unknown,0,0.5735774036887404
44,self-employed,married,secondary,no,335,no,no,cellular,2,feb,1,0,0,unknown,0,0.5734801883315924
26,technician,single,tertiary,no,152,no,no,cellular,30,jan,2,2,1,other,1,0.5733459270277408
28,management,married,tertiary,no,1240,no,no,cellular,4,aug,1,0,0,unknown,0,0.5732448695049274
50,management,married,tertiary,no,346,no,no,cellular,6,feb,1,0,0,unknown,0,0.573238964172377
62,retired,married,secondary,no,13,no,no,telephone,28,aug,1,0,0,unknown,0,0.5727834612535619
31,technician,single,tertiary,no,1527,yes,no,cellular,18,jun,2,0,0,unknown,0,0.5723620107203878
27,blue-collar,single,primary,no,1209,no,no,cellular,29,jan,1,0,0,unknown,0,0.5723314060652706
29,blue-collar,married,secondary,no,3310,no,no,cellular,2,jun,2,117,2,failure,1,0.5722087276605623
49,management,divorced,tertiary,no,5223,no,no,cellular,4,aug,1,0,0,unknown,0,0.5721824751858604
45,admin.,divorced,secondary,no,479,no,no,cellular,2,feb,2,0,0,unknown,0,0.5721607544437832
41,admin.,married,tertiary,no,1536,no,no,cellular,4,may,2,0,0,unknown,0,0.5718245584453476
31,self-employed,married,tertiary,no,1134,no,no,cellular,6,feb,2,0,0,unknown,0,0.5714756170022409
55,management,married,tertiary,no,13578,no,no,cellular,29,oct,2,0,0,unknown,0,0.5711789869612504
58,retired,married,secondary,no,3382,no,yes,cellular,28,may,2,309,2,failure,1,0.5711770731856526
42,management,single,tertiary,no,0,no,no,cellular,7,sep,1,0,0,unknown,0,0.5711176503935518
63,retired,married,tertiary,no,4692,yes,no,cellular,13,jul,1,181,2,failure,1,0.570914507677897
57,admin.,single,secondary,no,738,no,no,cellular,17,nov,1,0,0,unknown,0,0.5706396344967137
40,blue-collar,divorced,secondary,no,973,no,no,cellular,14,may,1,0,0,unknown,0,0.5705185423392978
66,retired,divorced,unknown,no,53,no,no,cellular,12,jul,4,0,0,unknown,0,0.5704658544984678
27,admin.,single,secondary,no,116,no,no,cellular,30,jan,1,0,0,unknown,0,0.5703159881960252
31,admin.,divorced,secondary,no,1210,no,no,cellular,16,jul,1,0,0,unknown,0,0.570205665185148
36,services,single,tertiary,no,1189,no,no,cellular,17,aug,1,0,0,unknown,0,0.5701032093492885
41,management,divorced,tertiary,no,934,no,no,cellular,4,aug,1,0,0,unknown,0,0.569989415948887
33,self-employed,single,tertiary,no,658,yes,no,cellular,12,oct,2,183,3,failure,1,0.569832092575825
41,management,divorced,tertiary,no,236,no,no,cellular,3,feb,2,0,0,unknown,0,0.5694369287789681
37,blue-collar,single,unknown,no,217,no,no,cellular,23,sep,2,0,0,unknown,0,0.5694089285846078
44,unemployed,single,tertiary,no,810,no,no,cellular,4,aug,1,0,0,unknown,0,0.5692334309617731
59,unemployed,married,primary,no,19102,no,no,cellular,5,feb,1,0,0,unknown,0,0.5691015496320884
66,entrepreneur,married,primary,no,0,no,no,telephone,12,aug,1,0,0,unknown,0,0.5690199873548284
24,admin.,single,tertiary,no,-61,no,no,cellular,11,mar,4,0,0,unknown,0,0.5688823154083532
45,blue-collar,married,secondary,no,1144,yes,no,unknown,22,oct,1,0,0,unknown,0,0.5686283701802968
34,admin.,married,tertiary,no,798,yes,no,cellular,8,mar,2,0,0,unknown,0,0.568355591940103
33,technician,single,tertiary,no,3827,no,no,cellular,20,nov,1,0,0,unknown,0,0.5683122549260907
32,management,single,tertiary,no,715,no,no,cellular,11,aug,1,0,0,unknown,0,0.5681906683243887
35,services,single,secondary,no,2223,no,no,cellular,17,nov,3,0,0,unknown,0,0.5680134078911907
60,technician,married,secondary,no,824,yes,no,cellular,9,feb,1,558,7,other,1,0.5677928472609977
32,technician,single,secondary,no,5205,no,no,cellular,20,nov,1,0,0,unknown,0,0.5674744567982983
38,technician,single,tertiary,no,1674,no,no,cellular,18,nov,1,0,0,unknown,0,0.5671931594236834
53,technician,divorced,secondary,no,1950,no,no,cellular,13,aug,1,0,0,unknown,0,0.5671783340526307
60,management,married,secondary,no,0,no,no,cellular,20,may,4,87,8,failure,1,0.5670160048824385
55,entrepreneur,married,secondary,no,8104,no,no,cellular,6,feb,2,0,0,unknown,0,0.5670097736948448
58,technician,married,tertiary,no,12322,no,no,telephone,2,jun,2,0,0,unknown,0,0.5669246675597497
29,self-employed,married,tertiary,no,2305,no,no,cellular,27,may,2,0,0,unknown,0,0.566776061229505
34,management,single,tertiary,no,26575,no,no,cellular,5,may,6,168,1,failure,1,0.5666634169494182
49,entrepreneur,single,secondary,no,259,no,no,cellular,13,may,1,0,0,unknown,0,0.5665886821283868
45,housemaid,married,secondary,no,360,no,no,cellular,3,nov,1,0,0,unknown,0,0.5665744137830724
30,services,single,secondary,no,370,no,no,cellular,20,nov,1,0,0,unknown,0,0.5665734463818132
42,services,single,secondary,no,877,no,no,cellular,17,nov,2,0,0,unknown,0,0.5665327598894919
32,blue-collar,single,secondary,no,400,no,no,cellular,4,may,3,0,0,unknown,0,0.566449789039433
62,unemployed,married,secondary,no,780,no,no,cellular,28,aug,2,0,0,unknown,0,0.5662292157656036
46,blue-collar,married,unknown,no,336,yes,no,cellular,14,aug,3,457,1,other,1,0.5660521299126378
31,management,single,tertiary,no,1441,no,no,cellular,17,aug,1,0,0,unknown,0,0.5657959066665927
35,technician,single,tertiary,no,7546,yes,no,cellular,28,aug,1,88,2,other,1,0.5656766990548548
44,unemployed,married,secondary,no,0,no,no,cellular,5,may,2,165,4,failure,1,0.5656344436837002
32,admin.,married,tertiary,no,118,no,no,cellular,21,nov,4,176,10,failure,1,0.5655126213707407
70,unknown,married,tertiary,no,353,no,no,cellular,26,oct,2,0,0,unknown,0,0.5654785326529556
39,technician,married,secondary,no,186,no,no,cellular,2,feb,1,0,0,unknown,0,0.5652781825992104
32,services,single,tertiary,no,945,no,no,cellular,20,nov,1,0,0,unknown,0,0.5651082046458453
38,entrepreneur,divorced,tertiary,no,7929,no,no,cellular,8,jul,3,0,0,unknown,0,0.5650958264418037
32,technician,married,secondary,no,524,no,no,cellular,19,nov,1,106,1,failure,1,0.5650550230518616
28,admin.,single,secondary,no,261,yes,yes,cellular,30,jul,7,182,9,success,1,0.56487298844432
51,admin.,married,secondary,no,1574,no,no,cellular,4,feb,2,0,0,unknown,0,0.5647507742326268
30,blue-collar,single,secondary,no,2380,no,no,cellular,21,nov,3,0,0,unknown,0,0.5647239715489216
41,unemployed,divorced,primary,no,487,no,no,cellular,16,nov,1,200,1,failure,1,0.5647055935230293
52,technician,married,tertiary,no,876,no,no,cellular,4,may,3,0,0,unknown,0,0.5646158563520414
34,management,single,tertiary,no,344,no,no,cellular,14,jul,3,0,0,unknown,0,0.564401997747828
45,technician,single,tertiary,no,1591,no,no,cellular,15,jul,4,0,0,unknown,0,0.5643735703571872
38,unemployed,married,tertiary,no,201,no,no,cellular,4,feb,1,0,0,unknown,0,0.5642067379621905
56,housemaid,divorced,secondary,no,977,no,no,cellular,7,jul,1,0,0,unknown,0,0.563674667483469
31,self-employed,single,tertiary,no,3361,no,no,cellular,19,nov,2,0,0,unknown,0,0.5636249597945879
34,management,married,tertiary,no,1433,no,no,cellular,20,nov,3,104,3,failure,1,0.5635563577355822
45,technician,divorced,secondary,no,3271,no,no,cellular,7,may,2,0,0,unknown,0,0.563469947234144
50,management,divorced,secondary,no,458,no,no,cellular,3,feb,3,0,0,unknown,0,0.5634463548827453
55,management,divorced,tertiary,no,9756,yes,no,cellular,5,jun,2,95,1,other,1,0.5633265640883225
35,technician,single,secondary,no,7530,no,no,cellular,18,nov,1,0,0,unknown,0,0.5631869008734384
31,technician,single,tertiary,no,849,no,no,cellular,19,nov,1,0,0,unknown,0,0.5630386316277806
54,admin.,married,secondary,no,1633,no,no,cellular,3,jul,2,0,0,unknown,0,0.5628604278875047
43,self-employed,married,primary,no,0,yes,no,telephone,30,oct,1,0,0,unknown,0,0.5628593069634819
43,unemployed,single,primary,no,264,no,no,cellular,4,feb,2,0,0,unknown,0,0.562834954113278
42,unemployed,married,tertiary,no,576,no,no,cellular,27,feb,1,0,0,unknown,0,0.5625386979023426
27,technician,single,secondary,no,63,no,no,cellular,5,feb,1,0,0,unknown,0,0.5624274007127184
37,management,married,primary,no,5427,no,no,cellular,18,nov,1,159,1,failure,1,0.5623804956308556
35,technician,single,tertiary,no,632,no,no,cellular,7,aug,1,0,0,unknown,0,0.5623562220900387
58,management,divorced,tertiary,no,26831,no,no,cellular,11,feb,18,0,0,unknown,0,0.5622197847447308
26,admin.,single,tertiary,no,2170,yes,no,cellular,27,apr,1,0,0,unknown,0,0.5621623174631065
38,entrepreneur,single,secondary,no,185,no,no,cellular,5,feb,1,0,0,unknown,0,0.5620125293393117
31,entrepreneur,single,tertiary,no,1454,no,no,cellular,17,nov,1,0,0,unknown,0,0.5619443398204405
29,admin.,single,secondary,no,187,no,no,cellular,28,jan,1,0,0,unknown,0,0.5615117399551375
36,admin.,married,secondary,no,587,no,no,cellular,3,feb,2,0,0,unknown,0,0.5612139055673936
37,management,single,tertiary,no,2875,no,no,cellular,20,nov,2,0,0,unknown,0,0.5609026101341048
37,management,single,tertiary,no,2173,no,no,cellular,30,jul,1,0,0,unknown,0,0.5607951337602884
38,management,single,tertiary,no,6742,no,no,cellular,21,nov,2,0,0,unknown,0,0.5607157151142103
28,admin.,single,secondary,no,53,no,no,cellular,2,feb,1,0,0,unknown,0,0.5606575854680067
28,blue-collar,married,secondary,no,1134,no,no,cellular,9,feb,3,0,0,unknown,0,0.5606043036705362
34,admin.,single,secondary,no,0,yes,no,cellular,2,jun,2,0,0,unknown,0,0.5603692002527926
49,unemployed,single,tertiary,no,631,no,no,cellular,9,feb,6,12,1,other,1,0.5603490075554604
51,admin.,married,secondary,no,176,no,no,cellular,28,jan,1,183,2,failure,1,0.5603483432706643
36,management,married,tertiary,no,254,no,no,cellular,3,feb,2,0,0,unknown,0,0.5602572595545001
52,retired,married,secondary,no,424,no,no,cellular,19,nov,1,154,3,failure,1,0.560194772142522
35,management,single,tertiary,no,3544,yes,no,cellular,8,jun,1,0,0,unknown,0,0.5601863813597155
28,technician,single,tertiary,no,0,yes,no,cellular,25,may,1,40,2,failure,1,0.5601002342137714
39,management,married,tertiary,no,2976,no,no,cellular,5,feb,12,0,0,unknown,0,0.5600846964548641
35,blue-collar,married,secondary,no,625,no,no,cellular,13,may,1,0,0,unknown,0,0.5599639322045226
33,student,single,tertiary,no,71,no,no,cellular,15,jul,4,0,0,unknown,0,0.5596591704140246
33,management,married,tertiary,no,26721,no,no,cellular,5,feb,3,0,0,unknown,0,0.559541381496238
57,admin.,divorced,secondary,no,658,no,no,cellular,10,jul,1,0,0,unknown,0,0.5594553501311701
63,management,married,unknown,no,2352,no,no,telephone,4,may,7,0,0,unknown,0,0.5592614965884251
37,management,married,tertiary,no,3737,no,no,cellular,7,jul,1,0,0,unknown,0,0.5591115709998065
59,management,married,tertiary,no,2239,no,no,cellular,22,may,1,0,0,unknown,0,0.5590789107952808
55,management,married,secondary,no,964,no,no,cellular,3,feb,3,0,0,unknown,0,0.5589813131006184
57,technician,married,secondary,no,363,no,no,cellular,25,jun,6,0,0,unknown,0,0.5589187709716387
57,retired,divorced,primary,no,606,no,no,cellular,4,may,2,0,0,unknown,0,0.5588428676558279
36,blue-collar,single,tertiary,no,1830,no,no,cellular,15,jul,5,181,6,failure,1,0.5588132048119264
47,entrepreneur,divorced,tertiary,no,178,no,no,cellular,4,feb,1,0,0,unknown,0,0.5587793853729246
59,housemaid,married,secondary,no,0,no,no,telephone,7,aug,2,63,1,failure,1,0.5582014902034579
36,unemployed,single,tertiary,no,221,no,no,cellular,3,feb,4,0,0,unknown,0,0.5580651457387276
34,unemployed,single,tertiary,no,415,no,no,cellular,12,aug,1,0,0,unknown,0,0.5580627722181547
32,admin.,single,secondary,no,781,no,no,cellular,20,nov,1,0,0,unknown,0,0.5578374624989503
56,retired,married,primary,no,9367,no,no,cellular,4,may,2,0,0,unknown,0,0.5577285650912295
28,technician,single,tertiary,no,372,yes,yes,cellular,15,may,3,294,2,success,1,0.557676118140882
37,services,single,tertiary,no,1189,no,no,cellular,13,sep,9,199,4,other,1,0.5575686063301147
38,management,married,tertiary,no,106,no,no,cellular,2,feb,1,0,0,unknown,0,0.5574334887434046
30,blue-collar,single,primary,no,5641,no,no,cellular,21,nov,3,0,0,unknown,0,0.5571521219995141
33,self-employed,married,tertiary,no,1099,no,no,cellular,5,feb,5,0,0,unknown,0,0.5571146924442372
54,retired,married,secondary,no,3538,no,no,cellular,27,may,1,0,0,unknown,0,0.5570771348311873
53,admin.,married,secondary,no,0,no,no,telephone,6,sep,1,655,5,failure,1,0.5568578722944867
46,management,married,tertiary,no,4693,no,yes,cellular,7,aug,1,394,2,failure,1,0.556743818026326
27,technician,single,secondary,no,151,no,no,cellular,30,jul,3,0,0,unknown,0,0.5566998519494554
35,management,single,tertiary,no,1756,no,no,cellular,20,aug,1,0,0,unknown,0,0.5566326293225443
42,management,married,unknown,no,933,no,no,cellular,18,may,1,0,0,unknown,0,0.5566257184796636
37,unemployed,single,tertiary,no,1032,no,no,telephone,4,feb,1,0,0,unknown,0,0.5564745114869982
33,housemaid,single,secondary,no,191,no,no,cellular,9,feb,2,0,0,unknown,0,0.5563321329995776
59,management,married,primary,no,1727,no,no,telephone,25,may,4,358,2,failure,1,0.5562498281041671
55,technician,married,secondary,no,0,yes,yes,cellular,27,oct,1,0,0,unknown,0,0.5557894451233565
37,management,single,tertiary,no,6964,no,no,cellular,19,nov,3,0,0,unknown,0,0.555722596090692
47,technician,divorced,secondary,no,129,no,no,cellular,2,feb,2,222,2,failure,1,0.555713382792532
52,technician,married,secondary,no,0,yes,no,cellular,10,mar,1,0,0,unknown,0,0.5555914274593734
43,management,divorced,unknown,no,7702,no,no,cellular,1,sep,7,102,3,success,1,0.5555678356046562
36,management,single,secondary,no,1785,no,no,cellular,21,nov,2,0,0,unknown,0,0.5552347286051647
29,housemaid,single,tertiary,no,453,no,no,cellular,13,aug,2,0,0,unknown,0,0.5552228265903881
56,retired,divorced,tertiary,no,2370,no,no,cellular,23,jul,1,0,0,unknown,0,0.5552048368618471
35,technician,single,secondary,no,70,yes,no,cellular,21,oct,2,188,2,other,1,0.555134099116176
50,technician,married,tertiary,no,1830,no,no,cellular,14,may,3,0,0,unknown,0,0.5549169944611083
58,management,divorced,tertiary,no,26254,yes,no,unknown,21,oct,1,0,0,unknown,0,0.5548160755007873
34,technician,married,secondary,no,904,no,no,cellular,6,feb,3,0,0,unknown,0,0.5542991186311853
42,management,married,secondary,no,4314,no,no,cellular,7,jul,1,0,0,unknown,0,0.554149379865306
31,student,single,tertiary,no,0,no,no,cellular,4,may,2,0,0,unknown,0,0.5539857610882912
31,management,divorced,tertiary,no,373,no,no,cellular,10,feb,6,0,0,unknown,0,0.5536828104566249
34,self-employed,single,tertiary,no,9962,no,no,cellular,20,aug,1,0,0,unknown,0,0.5536649028767008
55,technician,married,secondary,no,511,yes,no,cellular,1,jun,1,94,2,other,1,0.5535828088332889
45,housemaid,divorced,primary,no,221,no,no,cellular,2,feb,1,235,1,failure,1,0.5535010276275674
58,retired,married,secondary,no,195,no,no,cellular,2,feb,1,0,0,unknown,0,0.5534674853826034
60,blue-collar,married,secondary,no,414,no,no,cellular,4,feb,1,0,0,unknown,0,0.5533320879508143
32,blue-collar,married,secondary,no,456,no,no,cellular,12,may,1,0,0,unknown,0,0.553316643488582
42,blue-collar,married,secondary,no,165,no,no,telephone,20,apr,1,0,0,unknown,0,0.5532434038732137
36,management,single,tertiary,no,85,no,no,cellular,14,may,1,0,0,unknown,0,0.5530615009540178
35,admin.,married,secondary,no,-85,no,no,cellular,2,mar,6,0,0,unknown,0,0.5529933376308969
31,management,divorced,tertiary,no,883,yes,no,cellular,5,mar,2,106,1,failure,1,0.5529782389103423
30,student,single,tertiary,no,7513,no,no,cellular,11,aug,2,0,0,unknown,0,0.5527697371542211
30,admin.,married,tertiary,no,285,no,no,cellular,5,feb,2,0,0,unknown,0,0.5524932618167224
33,management,single,tertiary,no,8514,no,no,cellular,20,aug,1,0,0,unknown,0,0.5522953232922414
60,retired,married,primary,no,37,no,no,cellular,18,jun,3,0,0,unknown,0,0.5522855156304067
33,housemaid,single,secondary,no,1363,no,no,telephone,30,jun,1,0,0,unknown,0,0.5522634522694656
43,blue-collar,married,secondary,no,1025,yes,no,cellular,2,jun,1,0,0,unknown,0,0.5522595783793582
26,student,single,secondary,no,334,no,no,telephone,4,feb,1,0,0,unknown,0,0.5518411835763
29,management,single,tertiary,no,29,no,no,cellular,2,feb,1,0,0,unknown,0,0.5518165638509268
39,technician,married,primary,no,1846,no,no,cellular,5,feb,5,0,0,unknown,0,0.5517888494541519
27,student,single,secondary,no,3,no,no,cellular,28,jan,1,0,0,unknown,0,0.5517853803676002
57,retired,married,secondary,no,4365,no,no,cellular,11,aug,1,0,0,unknown,0,0.551621913209651
53,technician,married,secondary,no,6831,no,no,cellular,13,may,2,0,0,unknown,0,0.5515253507509756
39,blue-collar,single,secondary,no,4619,no,no,cellular,21,nov,1,0,0,unknown,0,0.5514186922630604
27,admin.,single,secondary,no,827,yes,no,cellular,4,jun,1,107,1,failure,1,0.5512659763680825
28,student,single,secondary,no,330,no,no,telephone,2,feb,1,0,0,unknown,0,0.5512626138635985
57,retired,married,secondary,no,975,no,no,cellular,16,jul,1,0,0,unknown,0,0.5510296077602681
30,management,single,tertiary,no,414,no,no,cellular,18,nov,5,0,0,unknown,0,0.5507970932333971
31,management,single,tertiary,no,2907,yes,no,cellular,12,jul,1,194,3,failure,1,0.550748989286741
35,technician,single,tertiary,no,992,yes,no,cellular,26,aug,1,114,3,failure,1,0.5506588658347407
36,unemployed,divorced,primary,no,510,no,no,cellular,6,feb,2,0,0,unknown,0,0.5505556883742208
53,technician,divorced,tertiary,no,2228,no,no,cellular,17,nov,1,0,0,unknown,0,0.5503617589937946
36,technician,married,tertiary,no,202,no,no,cellular,29,jan,1,120,3,failure,1,0.5503023043607213
60,unknown,married,unknown,no,5003,no,no,telephone,4,jun,5,0,0,unknown,0,0.5502761785728977
38,unemployed,single,tertiary,no,560,no,no,cellular,29,jan,1,0,0,unknown,0,0.550154255217542
54,retired,divorced,tertiary,no,3076,no,no,cellular,27,may,2,0,0,unknown,0,0.5500870967361212
27,services,single,secondary,no,6279,yes,no,cellular,9,nov,1,0,0,unknown,0,0.5498929201698382
25,technician,single,secondary,no,1105,yes,no,cellular,30,apr,1,13,1,failure,1,0.5498722106024102
54,housemaid,married,secondary,yes,0,no,no,cellular,30,apr,3,0,0,unknown,0,0.5497903317882684
29,management,married,primary,no,5547,no,no,cellular,3,jul,2,0,0,unknown,0,0.5497835176008629
29,student,single,tertiary,no,5,no,no,cellular,15,jul,5,0,0,unknown,0,0.549680727511684
30,technician,single,secondary,no,500,yes,no,cellular,8,nov,1,543,3,failure,1,0.5496792032854241
33,management,single,secondary,no,8004,no,no,cellular,19,nov,3,0,0,unknown,0,0.5494657224675494
60,retired,divorced,tertiary,no,380,no,no,cellular,21,jul,1,0,0,unknown,0,0.5493406669418689
50,blue-collar,divorced,primary,no,388,no,no,cellular,5,feb,1,0,0,unknown,0,0.549310999409161
39,unknown,single,unknown,no,2822,no,no,cellular,21,nov,3,0,0,unknown,0,0.5493030009960581
38,management,married,tertiary,no,676,no,no,cellular,15,may,3,0,0,unknown,0,0.5491681906888083
30,management,married,tertiary,no,1908,no,no,cellular,5,aug,1,0,0,unknown,0,0.5489440613751619
42,blue-collar,divorced,secondary,no,3407,no,no,cellular,7,jul,2,0,0,unknown,0,0.5488117317736387
29,management,married,secondary,no,160,no,no,cellular,9,feb,2,0,0,unknown,0,0.548801620857191
53,blue-collar,married,primary,no,2135,no,no,cellular,4,feb,2,0,0,unknown,0,0.5486765408088757
54,admin.,married,secondary,no,0,no,no,cellular,28,jan,1,98,2,failure,1,0.5486361937883023
29,management,single,tertiary,no,1895,no,no,cellular,28,jul,6,0,0,unknown,0,0.5485275049471151
58,services,divorced,secondary,no,462,no,no,cellular,12,aug,1,0,0,unknown,0,0.5484646603112288
28,technician,single,tertiary,no,102,no,no,cellular,28,jan,2,0,0,unknown,0,0.5483334114424576
60,retired,married,secondary,no,7038,no,no,telephone,7,oct,4,0,0,unknown,0,0.5483096111857035
36,self-employed,married,tertiary,no,1234,no,no,cellular,7,jul,1,0,0,unknown,0,0.5481799469710406
64,retired,married,unknown,no,34,no,no,cellular,26,aug,2,0,0,unknown,0,0.5478911511820422
56,management,married,secondary,no,145,no,no,cellular,4,feb,1,0,0,unknown,0,0.5478294224020581
38,blue-collar,single,secondary,no,0,no,no,cellular,27,oct,1,75,3,failure,1,0.5478091344390446
59,retired,married,secondary,no,12438,no,no,cellular,5,aug,1,0,0,unknown,0,0.5474434406043485
36,management,divorced,tertiary,no,14930,no,no,cellular,23,jul,1,0,0,unknown,0,0.5470889132481301
31,technician,single,tertiary,no,387,no,no,cellular,4,aug,1,0,0,unknown,0,0.5467544074797681
30,technician,single,tertiary,no,178,no,no,cellular,17,jul,3,0,0,unknown,0,0.5465990773868614
45,technician,single,secondary,no,4367,yes,no,cellular,27,feb,1,0,0,unknown,0,0.5465953987693606
30,services,single,secondary,no,190,no,no,cellular,21,nov,1,0,0,unknown,0,0.5463628930202064
36,technician,married,tertiary,no,1731,yes,no,cellular,3,jun,3,0,0,unknown,0,0.5463541044838532
77,retired,married,unknown,no,38,no,no,telephone,3,feb,1,0,0,unknown,0,0.5463209325017685
37,blue-collar,single,tertiary,no,481,no,no,cellular,18,may,8,0,0,unknown,0,0.5461214806794752
34,management,married,tertiary,no,402,no,no,cellular,26,may,1,0,0,unknown,0,0.5461211961895694
32,management,married,tertiary,no,141,no,no,cellular,2,feb,2,0,0,unknown,0,0.5458171124205423
51,services,married,secondary,no,615,no,no,cellular,2,feb,2,0,0,unknown,0,0.5458097826550596
32,management,single,tertiary,no,1716,no,no,cellular,21,nov,4,0,0,unknown,0,0.5456505837092576
27,admin.,single,tertiary,no,43,no,no,cellular,2,feb,3,0,0,unknown,0,0.5456303348187013
31,admin.,single,secondary,no,690,no,no,cellular,6,feb,12,0,0,unknown,0,0.5455450016902814
33,technician,married,secondary,no,1,yes,no,cellular,15,mar,4,0,0,unknown,0,0.545525975911931
46,services,single,unknown,no,454,no,no,cellular,24,apr,9,0,0,unknown,0,0.5454318019237899
32,unemployed,married,unknown,no,881,no,no,cellular,9,feb,5,0,0,unknown,0,0.5450282013271452
36,services,single,secondary,no,461,no,no,cellular,18,nov,2,0,0,unknown,0,0.5449581725692763
46,management,married,tertiary,no,587,no,no,telephone,2,feb,1,0,0,unknown,0,0.5446787143072706
32,management,single,tertiary,no,191,no,no,cellular,8,jul,4,0,0,unknown,0,0.544647944873702
48,technician,single,secondary,no,329,no,no,cellular,23,jul,1,0,0,unknown,0,0.5442806034454042
46,admin.,divorced,secondary,no,7378,no,no,cellular,18,nov,1,0,0,unknown,0,0.5441780212024601
33,technician,married,secondary,no,133,no,no,cellular,4,may,1,0,0,unknown,0,0.5440431545444692
34,services,single,secondary,no,528,yes,no,cellular,2,sep,3,100,5,other,1,0.5440428574869658
33,technician,married,tertiary,no,1699,no,no,cellular,4,aug,1,0,0,unknown,0,0.5438657071971749
41,management,married,tertiary,no,3348,no,no,cellular,4,aug,1,0,0,unknown,0,0.5438172349108378
53,management,married,tertiary,no,1945,no,no,cellular,21,nov,4,106,7,failure,1,0.5437682423358038
27,admin.,single,secondary,no,80,no,no,cellular,10,aug,1,0,0,unknown,0,0.5436584421153888
33,entrepreneur,single,secondary,no,278,no,no,cellular,1,feb,5,0,0,unknown,0,0.5434889099041186
47,retired,divorced,tertiary,no,1431,yes,no,cellular,30,apr,1,0,0,unknown,0,0.5434335956543375
33,services,married,tertiary,no,570,no,no,cellular,25,may,1,0,0,unknown,0,0.542785196151039
53,admin.,married,secondary,no,109,no,no,telephone,2,jun,1,0,0,unknown,0,0.542783501310058
47,management,married,tertiary,no,0,yes,no,cellular,4,mar,2,181,3,failure,1,0.5427622837236823
49,admin.,married,secondary,no,5361,no,no,cellular,7,aug,1,0,0,unknown,0,0.5426591139433102
56,management,married,primary,no,870,no,no,cellular,16,nov,1,0,0,unknown,0,0.5424254101398744
57,management,divorced,tertiary,no,2549,no,no,cellular,17,jul,2,0,0,unknown,0,0.5422522991344402
47,technician,married,secondary,no,487,no,no,cellular,28,jan,2,177,1,failure,1,0.5421548033877974
27,unemployed,married,secondary,no,1228,no,no,cellular,15,jul,2,0,0,unknown,0,0.5420936614575255
31,technician,single,unknown,no,187,no,no,cellular,17,jul,1,0,0,unknown,0,0.5420769561376452
34,admin.,married,secondary,no,613,yes,no,cellular,4,jun,1,0,0,unknown,0,0.5419995306143135
48,unemployed,married,secondary,no,1218,no,no,cellular,4,aug,1,0,0,unknown,0,0.5419350720307995
36,admin.,single,secondary,no,60,yes,no,cellular,23,sep,2,0,0,unknown,0,0.5417889314049381
41,unemployed,married,primary,no,819,no,no,cellular,9,feb,3,0,0,unknown,0,0.5415941956702534
46,technician,single,secondary,no,4367,yes,no,cellular,3,jun,1,96,1,failure,1,0.5414425170915379
41,blue-collar,married,primary,no,438,no,no,cellular,5,feb,1,0,0,unknown,0,0.5413861202033852
31,management,single,tertiary,no,307,no,no,cellular,21,nov,2,0,0,unknown,0,0.5411456874408821
58,management,divorced,unknown,no,3498,no,no,cellular,19,nov,1,0,0,unknown,0,0.5405899768584621
70,retired,divorced,secondary,no,4572,no,no,cellular,8,jul,11,162,5,failure,1,0.540299428623639
34,admin.,single,secondary,no,407,no,no,cellular,29,jan,1,0,0,unknown,0,0.5399482968422993
41,admin.,single,secondary,no,386,no,no,cellular,29,jan,1,0,0,unknown,0,0.5399482968422993
27,management,single,tertiary,yes,1414,yes,no,cellular,2,feb,1,0,0,unknown,0,0.5398578984600423
35,admin.,married,tertiary,no,948,yes,no,cellular,8,jun,1,0,0,unknown,0,0.5398436319530859
19,student,single,primary,no,0,no,no,cellular,4,may,4,0,0,unknown,0,0.5395967005523318
30,unemployed,single,tertiary,no,306,no,no,cellular,6,feb,6,256,14,failure,1,0.5395446924172862
19,student,single,secondary,no,291,no,no,telephone,5,may,5,0,0,unknown,0,0.5393894977086553
31,admin.,married,secondary,no,389,yes,no,cellular,5,jun,2,0,0,unknown,0,0.5393804410737488
34,blue-collar,single,primary,no,2299,no,no,cellular,21,nov,2,0,0,unknown,0,0.5392931266877645
32,admin.,single,tertiary,no,291,no,no,telephone,28,jan,6,275,5,other,1,0.5392739228247245
51,housemaid,married,secondary,no,2239,no,no,cellular,27,may,1,0,0,unknown,0,0.5390842288658731
33,management,married,tertiary,no,335,no,no,cellular,12,may,2,0,0,unknown,0,0.5390747690592682
59,retired,married,primary,no,741,no,no,cellular,19,nov,2,152,2,failure,1,0.5390645032207008
43,unemployed,single,tertiary,no,408,no,no,cellular,14,jul,8,0,0,unknown,0,0.5389746394589924
59,unemployed,single,primary,no,7724,no,no,cellular,21,nov,3,0,0,unknown,0,0.5388063089769085
39,management,divorced,tertiary,no,126,no,no,cellular,14,may,1,0,0,unknown,0,0.5388027979966341
31,admin.,single,secondary,no,378,no,no,cellular,23,jul,2,0,0,unknown,0,0.5388017406291843
32,services,single,secondary,no,717,no,no,cellular,30,jan,2,0,0,unknown,0,0.5387927290984232
77,retired,married,primary,no,680,no,no,telephone,27,nov,4,94,3,failure,1,0.5387838467061027
77,unknown,married,unknown,no,397,no,no,telephone,7,may,3,0,0,unknown,0,0.5383615643476505
41,housemaid,single,secondary,no,231,no,no,cellular,9,jul,2,0,0,unknown,0,0.5382990363991343
57,admin.,married,secondary,no,999,no,no,cellular,4,aug,1,0,0,unknown,0,0.5382065937414905
48,unemployed,married,secondary,no,1724,no,no,telephone,4,feb,2,0,0,unknown,0,0.538011210305905
44,technician,married,tertiary,no,1146,no,no,cellular,4,jul,2,0,0,unknown,0,0.5379405306293186
52,admin.,married,secondary,no,3422,no,no,cellular,10,jul,1,0,0,unknown,0,0.5379298475092563
56,retired,married,secondary,no,5737,no,no,cellular,5,feb,5,0,0,unknown,0,0.5378941719391732
45,admin.,divorced,secondary,no,8032,no,no,cellular,20,nov,1,0,0,unknown,0,0.5376809937751224
43,technician,single,tertiary,no,1154,no,no,cellular,15,jul,11,0,0,unknown,0,0.5375998115596751
54,management,married,tertiary,no,11391,no,no,cellular,4,aug,1,0,0,unknown,0,0.5374030677204662
29,entrepreneur,divorced,tertiary,no,444,no,no,cellular,24,jul,2,0,0,unknown,0,0.5372978654320015
56,retired,married,secondary,no,728,no,no,cellular,18,nov,2,110,15,failure,1,0.5371384471791597
34,self-employed,married,tertiary,no,870,no,no,cellular,10,jul,1,0,0,unknown,0,0.537065326562675
52,management,married,secondary,no,5601,no,no,cellular,4,aug,1,0,0,unknown,0,0.5369811846698577
45,admin.,married,secondary,no,204,yes,no,cellular,3,jun,2,0,0,unknown,0,0.5368307911215237
32,services,divorced,secondary,no,264,no,no,cellular,10,jul,1,0,0,unknown,0,0.5368120795088821
49,retired,married,secondary,no,8648,no,no,cellular,17,nov,1,0,0,unknown,0,0.5366585537165613
47,admin.,single,secondary,no,15,no,no,cellular,2,feb,1,266,4,failure,1,0.5364279228562754
52,technician,married,secondary,no,786,no,no,cellular,8,jul,1,0,0,unknown,0,0.5363414970728411
40,management,divorced,tertiary,no,9541,no,no,cellular,20,nov,2,189,1,failure,1,0.5362243427528931
33,services,divorced,secondary,no,2411,yes,no,cellular,23,oct,1,161,1,failure,1,0.5362022355942144
51,technician,divorced,tertiary,no,4143,no,no,cellular,19,nov,1,0,0,unknown,0,0.535952190238097
37,entrepreneur,single,tertiary,no,-961,no,no,cellular,13,apr,1,0,0,unknown,0,0.5359003271375464
47,technician,married,primary,no,1280,no,no,cellular,8,may,1,0,0,unknown,0,0.5354097683871243
39,admin.,divorced,secondary,no,536,no,no,cellular,28,jan,1,0,0,unknown,0,0.5353686136615197
79,housemaid,married,primary,no,0,no,no,cellular,18,aug,1,0,0,unknown,0,0.5352523254091164
30,management,married,tertiary,no,931,no,no,cellular,17,jul,1,0,0,unknown,0,0.5350665560720826
45,technician,married,secondary,no,0,no,no,cellular,8,may,1,340,1,failure,1,0.5346564733959807
34,management,single,tertiary,no,1730,yes,no,cellular,8,oct,2,0,0,unknown,0,0.534635625366178
56,blue-collar,married,primary,no,151,no,no,cellular,3,feb,1,0,0,unknown,0,0.5346327271122806
55,management,married,tertiary,no,1909,no,no,cellular,8,aug,1,0,0,unknown,0,0.5345540219218892
33,management,married,tertiary,no,158,no,no,cellular,6,feb,2,0,0,unknown,0,0.5343793279370023
31,management,single,tertiary,no,816,yes,no,cellular,26,may,1,40,1,failure,1,0.5343696997758439
45,management,married,tertiary,no,1433,no,no,cellular,14,aug,1,0,0,unknown,0,0.534337554610076
60,retired,married,primary,no,838,no,no,cellular,9,jul,1,0,0,unknown,0,0.5336966292389159
36,blue-collar,married,secondary,no,414,no,no,cellular,3,feb,3,0,0,unknown,0,0.5335634862708404
52,management,married,tertiary,no,72,no,no,cellular,2,feb,1,0,0,unknown,0,0.5335509487709259
48,technician,married,secondary,no,1600,no,no,cellular,5,aug,1,0,0,unknown,0,0.533177944539724
36,unemployed,married,primary,no,646,no,no,cellular,5,feb,2,0,0,unknown,0,0.5331356835840202
42,services,single,unknown,no,410,no,no,cellular,21,nov,2,0,0,unknown,0,0.5331071385559002
50,services,married,secondary,no,1126,no,no,cellular,4,aug,1,0,0,unknown,0,0.5330520302942392
45,blue-collar,single,primary,no,2121,no,no,cellular,21,nov,2,0,0,unknown,0,0.5328851874546953
56,technician,married,secondary,no,778,no,no,cellular,9,jul,1,0,0,unknown,0,0.5328780857464127
29,unemployed,single,primary,no,34,no,no,cellular,5,feb,1,0,0,unknown,0,0.5328642602506394
44,housemaid,divorced,secondary,no,653,no,no,cellular,17,nov,1,0,0,unknown,0,0.5325660848756548
25,management,single,tertiary,no,565,yes,no,cellular,9,apr,1,0,0,unknown,0,0.532124483028864
51,self-employed,divorced,secondary,no,7848,no,no,cellular,18,nov,1,0,0,unknown,0,0.5320456915030303
56,blue-collar,married,secondary,no,1686,no,no,telephone,17,apr,2,0,0,unknown,0,0.5320401774584883
54,management,married,tertiary,no,810,no,no,cellular,5,aug,1,0,0,unknown,0,0.5318545919711233
31,admin.,single,tertiary,no,676,yes,no,cellular,22,apr,2,343,2,other,1,0.5317112011321973
48,technician,divorced,secondary,no,353,no,no,cellular,11,aug,1,0,0,unknown,0,0.5315977054563211
50,technician,married,secondary,no,3176,no,no,cellular,7,aug,1,0,0,unknown,0,0.5315699100647138
26,blue-collar,single,secondary,no,123,no,yes,cellular,7,jul,1,0,0,unknown,0,0.531557238873111
56,unemployed,married,secondary,no,2629,no,no,cellular,16,jul,2,0,0,unknown,0,0.5314851591073142
30,technician,married,secondary,no,6843,no,no,cellular,12,aug,1,0,0,unknown,0,0.5312467712586604
53,self-employed,single,secondary,no,731,no,no,cellular,21,nov,2,0,0,unknown,0,0.5311787212577913
53,entrepreneur,married,unknown,no,19850,no,no,cellular,18,nov,1,165,1,failure,1,0.5310739161112753
49,blue-collar,married,primary,no,3103,no,no,cellular,9,feb,5,0,0,unknown,0,0.531062888318025
39,entrepreneur,married,tertiary,no,942,yes,no,cellular,14,aug,3,267,1,other,1,0.5309261894570466
26,services,married,secondary,no,116,no,no,cellular,5,feb,2,0,0,unknown,0,0.5308544672951229
51,self-employed,divorced,primary,no,10924,no,no,cellular,6,may,2,0,0,unknown,0,0.5306564824249813
40,blue-collar,married,primary,no,418,no,no,cellular,2,feb,2,0,0,unknown,0,0.5306476167331823
50,management,married,tertiary,no,2635,no,no,cellular,26,may,2,0,0,unknown,0,0.5303257301607753
28,blue-collar,married,secondary,no,2322,no,no,cellular,8,jul,4,0,0,unknown,0,0.5303254848710921
56,retired,married,secondary,no,393,no,yes,cellular,17,dec,1,206,1,failure,1,0.530230366854458
37,blue-collar,married,secondary,no,208,no,no,cellular,13,may,1,0,0,unknown,0,0.5301207344915506
49,management,married,primary,no,363,no,no,cellular,5,feb,2,0,0,unknown,0,0.530010636691018
46,technician,single,secondary,no,874,no,no,cellular,19,nov,3,0,0,unknown,0,0.5300018132839379
38,blue-collar,married,primary,no,1401,no,no,cellular,13,may,1,0,0,unknown,0,0.529852064272522
38,services,married,secondary,no,4392,no,no,cellular,18,nov,2,110,2,failure,1,0.5296188388034703
52,management,married,tertiary,no,809,no,no,cellular,4,aug,1,0,0,unknown,0,0.5295576986959258
27,services,single,secondary,no,87,no,no,cellular,8,jul,1,0,0,unknown,0,0.5295436710220405
42,blue-collar,single,secondary,no,985,no,no,cellular,20,nov,2,0,0,unknown,0,0.5295226420311064
56,housemaid,divorced,secondary,no,1866,no,yes,cellular,1,oct,1,0,0,unknown,0,0.5294641072158331
76,retired,married,tertiary,no,0,no,no,telephone,4,feb,3,169,1,failure,1,0.5294090903461942
46,management,married,tertiary,no,946,yes,no,cellular,3,jun,4,0,0,unknown,0,0.5293476802818878
29,management,married,tertiary,no,451,no,no,cellular,28,jan,1,0,0,unknown,0,0.5292194674677885
41,unemployed,single,secondary,no,295,no,no,cellular,29,jul,1,0,0,unknown,0,0.5289635567512007
54,admin.,married,secondary,no,0,no,no,cellular,22,oct,2,0,0,unknown,0,0.5289142931231988
33,management,single,tertiary,no,101,yes,no,cellular,23,feb,2,130,1,other,1,0.5288279920425244
31,management,single,tertiary,no,86,no,no,cellular,29,jan,1,170,4,failure,1,0.5286273197426545
41,management,single,tertiary,no,1253,no,no,cellular,21,jul,5,0,0,unknown,0,0.5285931608876389
32,technician,single,secondary,no,0,no,no,cellular,3,feb,1,0,0,unknown,0,0.5282075799442738
33,unemployed,single,secondary,no,2066,no,yes,cellular,9,sep,1,749,2,failure,1,0.5281565198717819
32,blue-collar,married,secondary,no,150,no,no,cellular,5,feb,1,0,0,unknown,0,0.5280572644750756
42,management,single,tertiary,no,7104,no,no,cellular,20,nov,6,0,0,unknown,0,0.5277349446967862
28,management,single,tertiary,no,810,yes,no,cellular,5,feb,2,0,0,unknown,0,0.5277080570817492
32,unemployed,divorced,secondary,no,527,no,no,cellular,28,jan,1,0,0,unknown,0,0.5276788432818397
38,admin.,single,tertiary,no,3954,yes,no,cellular,10,feb,1,182,3,failure,1,0.5274579467678663
44,technician,divorced,secondary,no,275,no,no,cellular,17,nov,1,0,0,unknown,0,0.5273926967722214
33,technician,single,secondary,no,781,yes,no,cellular,3,jun,1,27,1,failure,1,0.5273594853763303
46,management,married,tertiary,no,375,no,no,cellular,9,jul,1,0,0,unknown,0,0.5272939422204673
35,services,single,secondary,no,2467,no,no,cellular,20,nov,5,0,0,unknown,0,0.5271818070149039
59,management,married,tertiary,no,3640,no,no,cellular,17,nov,2,0,0,unknown,0,0.5268764547436937
47,entrepreneur,married,tertiary,no,3659,no,no,cellular,14,jul,4,0,0,unknown,0,0.5267914059581236
42,self-employed,married,secondary,no,3211,no,no,cellular,19,nov,2,111,1,failure,1,0.5267296599960156
53,technician,divorced,secondary,no,453,no,no,cellular,17,nov,2,0,0,unknown,0,0.5266952060981783
54,management,married,tertiary,no,588,no,no,cellular,13,aug,1,0,0,unknown,0,0.5266501386713403
31,services,single,secondary,no,278,no,no,cellular,28,may,3,0,0,unknown,0,0.5266203343592618
57,unemployed,married,unknown,no,288,no,no,cellular,9,feb,3,0,0,unknown,0,0.5261023146102751
59,management,single,tertiary,no,1180,no,no,cellular,30,jul,3,0,0,unknown,0,0.5260594019061867
54,management,married,secondary,no,1987,no,no,cellular,14,jul,3,0,0,unknown,0,0.526007190429043
49,blue-collar,married,secondary,no,1946,no,no,cellular,16,jul,1,0,0,unknown,0,0.5258469350712917
39,technician,single,tertiary,no,1674,no,no,cellular,15,may,10,178,1,failure,1,0.5258299611564191
42,technician,single,secondary,no,746,no,no,cellular,30,jul,2,0,0,unknown,0,0.5256673606354016
59,management,divorced,tertiary,no,3390,no,no,cellular,29,jul,2,0,0,unknown,0,0.5256487733740962
40,self-employed,single,tertiary,no,819,no,no,cellular,30,jul,3,0,0,unknown,0,0.5254770085327344
34,services,single,tertiary,no,239,no,no,cellular,28,jan,2,0,0,unknown,0,0.5252651166148966
59,management,married,tertiary,no,2540,no,no,cellular,16,jul,5,0,0,unknown,0,0.5252352628494451
57,housemaid,divorced,primary,no,8278,no,no,cellular,17,nov,3,0,0,unknown,0,0.5250701116575779
58,management,married,tertiary,no,2764,no,no,cellular,17,nov,1,0,0,unknown,0,0.5249812810061489
47,entrepreneur,married,primary,no,668,no,no,cellular,12,may,1,0,0,unknown,0,0.5248084150148068
35,admin.,divorced,secondary,no,1803,no,no,cellular,28,jan,2,0,0,unknown,0,0.5247401377830229
27,student,single,secondary,no,91,no,no,telephone,4,dec,6,95,37,other,1,0.5247227877458966
28,management,single,tertiary,no,637,yes,no,cellular,4,feb,1,0,0,unknown,0,0.5246403532601689
57,retired,divorced,tertiary,no,476,no,no,telephone,21,nov,1,0,0,unknown,0,0.5245615472351787
35,admin.,married,secondary,no,557,yes,no,cellular,17,jun,4,0,0,unknown,0,0.5244162641819977
57,technician,divorced,tertiary,no,126,no,no,telephone,4,jun,2,0,0,unknown,0,0.5243348996390977
51,housemaid,single,primary,no,723,no,no,cellular,29,jan,1,0,0,unknown,0,0.5241543608952725
33,services,single,secondary,no,192,no,no,cellular,24,jul,1,0,0,unknown,0,0.523730216073397
38,blue-collar,single,secondary,no,0,no,no,cellular,13,aug,2,105,1,failure,1,0.5235509941036427
42,technician,married,secondary,no,534,no,no,cellular,5,aug,1,0,0,unknown,0,0.5234640602520475
50,management,married,tertiary,no,2479,no,no,cellular,17,nov,1,0,0,unknown,0,0.5233218078493266
37,services,married,secondary,no,2915,no,no,cellular,26,may,2,0,0,unknown,0,0.5232042411577187
39,housemaid,divorced,secondary,no,188,no,no,cellular,8,jul,1,0,0,unknown,0,0.5231393674988873
40,blue-collar,married,secondary,no,2158,no,no,cellular,10,jul,1,0,0,unknown,0,0.5229696695990684
29,management,married,tertiary,no,900,no,no,cellular,17,jul,2,0,0,unknown,0,0.5228827375511313
34,admin.,married,secondary,no,155,no,no,cellular,5,feb,2,0,0,unknown,0,0.5228691105369679
45,blue-collar,single,unknown,no,816,no,no,cellular,20,nov,3,0,0,unknown,0,0.5227856362231075
25,technician,single,secondary,no,31,no,no,cellular,2,aug,3,0,0,unknown,0,0.5227042549369861
35,blue-collar,single,secondary,no,113,no,no,cellular,9,jul,1,0,0,unknown,0,0.5223241336503058
28,entrepreneur,married,unknown,no,1034,no,no,cellular,29,jan,1,0,0,unknown,0,0.5222499688278812
51,technician,married,secondary,no,1327,no,no,cellular,7,jul,2,0,0,unknown,0,0.5220917050451511
59,retired,married,secondary,no,667,no,no,cellular,20,nov,1,0,0,unknown,0,0.5216253751329419
50,blue-collar,married,primary,no,383,no,no,telephone,2,oct,2,0,0,unknown,0,0.521555460892547
38,technician,divorced,secondary,no,531,no,no,cellular,29,jan,3,226,7,failure,1,0.5214427468867072
46,technician,married,secondary,no,487,no,no,cellular,4,aug,1,0,0,unknown,0,0.5211376071376208
36,admin.,married,unknown,no,2323,no,no,cellular,19,nov,1,0,0,unknown,0,0.5210116877518182
57,services,divorced,primary,no,362,no,no,cellular,28,jan,1,231,1,failure,1,0.5208813829568224
49,entrepreneur,married,secondary,no,2655,no,no,cellular,17,nov,1,0,0,unknown,0,0.5208240297843659
28,admin.,single,tertiary,no,313,no,yes,cellular,26,jul,2,326,4,failure,1,0.5205989336411037
61,housemaid,single,unknown,no,893,no,no,telephone,2,feb,1,0,0,unknown,0,0.5205884598828799
31,management,married,tertiary,no,898,no,no,cellular,17,nov,1,0,0,unknown,0,0.5201530767482078
25,management,single,tertiary,no,553,yes,no,cellular,17,sep,4,479,1,failure,1,0.5200153824442812
49,management,divorced,tertiary,no,300,no,no,cellular,21,jul,1,0,0,unknown,0,0.5200053662162261
19,student,single,secondary,no,55,no,no,telephone,6,oct,2,193,1,other,1,0.5194704202462952
60,retired,married,tertiary,no,846,no,no,telephone,26,may,1,0,0,unknown,0,0.5193625018934078
30,services,single,tertiary,no,1785,no,no,cellular,8,aug,2,0,0,unknown,0,0.5192258204701922
35,admin.,single,tertiary,no,4233,no,no,cellular,13,aug,2,0,0,unknown,0,0.5190664983145822
30,unemployed,married,secondary,no,1210,no,no,cellular,9,jul,4,0,0,unknown,0,0.5190468940017923
52,blue-collar,married,secondary,no,1319,no,no,telephone,30,apr,2,0,0,unknown,0,0.5189629875994397
39,admin.,married,secondary,no,47,yes,no,cellular,16,aug,2,371,6,failure,1,0.5187482875265669
27,services,single,secondary,no,1928,no,yes,cellular,15,jul,5,0,0,unknown,0,0.5185133101880491
45,unemployed,single,secondary,no,33,no,no,cellular,5,feb,1,0,0,unknown,0,0.518465417526639
37,management,married,tertiary,no,900,yes,no,cellular,25,may,1,18,3,failure,1,0.5183416711148577
35,blue-collar,married,secondary,no,1330,no,no,cellular,10,jul,1,0,0,unknown,0,0.518260073279335
39,blue-collar,single,primary,no,267,no,no,cellular,18,nov,1,0,0,unknown,0,0.5181467291375678
20,admin.,single,secondary,no,336,no,yes,cellular,5,jun,1,0,0,unknown,0,0.5181391204199475
29,blue-collar,single,secondary,no,8079,no,yes,cellular,10,jul,1,0,0,unknown,0,0.5181011254954426
48,services,married,secondary,no,801,no,no,cellular,8,aug,1,0,0,unknown,0,0.517846249313161
39,technician,married,unknown,no,195,no,no,cellular,6,feb,2,0,0,unknown,0,0.5178317911799676
32,student,single,tertiary,no,1138,no,no,telephone,10,feb,3,0,0,unknown,0,0.5177636428557442
35,admin.,married,secondary,no,4463,no,no,cellular,18,nov,1,0,0,unknown,0,0.5175668868850245
43,management,divorced,secondary,no,51,no,no,cellular,2,feb,1,0,0,unknown,0,0.517527712571582
23,management,single,tertiary,no,736,yes,no,cellular,30,apr,1,0,0,unknown,0,0.5174845822284962
31,admin.,single,secondary,no,554,yes,no,cellular,25,may,3,103,2,failure,1,0.5171982483541324
45,blue-collar,single,unknown,no,713,no,no,cellular,30,jul,2,0,0,unknown,0,0.5171229642572098
37,technician,single,secondary,no,181,no,no,cellular,5,aug,1,0,0,unknown,0,0.5171209771901436
24,management,single,tertiary,no,1085,no,yes,cellular,7,may,6,0,0,unknown,0,0.5168657360206853
50,admin.,married,unknown,no,4861,no,no,cellular,17,nov,2,0,0,unknown,0,0.5168088084087842
26,admin.,single,secondary,no,52,no,no,cellular,28,jan,1,0,0,unknown,0,0.516794425877627
48,unemployed,divorced,secondary,no,201,no,no,cellular,11,aug,1,0,0,unknown,0,0.516526997166467
60,technician,married,tertiary,no,6573,yes,no,cellular,11,aug,1,274,1,failure,1,0.5163222212006081
30,management,married,tertiary,no,1235,no,no,cellular,28,jan,2,0,0,unknown,0,0.5162931159411527
58,admin.,married,secondary,no,1142,no,no,telephone,4,feb,3,0,0,unknown,0,0.5161850157885572
39,management,divorced,secondary,no,-17,no,no,cellular,16,apr,1,146,4,failure,1,0.5160968557175035
49,admin.,divorced,secondary,no,1320,no,no,cellular,21,nov,2,0,0,unknown,0,0.516000753840979
42,services,single,secondary,no,3403,yes,no,cellular,7,aug,1,99,1,failure,1,0.5158665557184167
31,admin.,single,tertiary,no,52,yes,no,cellular,14,oct,1,0,0,unknown,0,0.5157869844054872
36,management,married,tertiary,no,4069,no,no,cellular,21,nov,1,0,0,unknown,0,0.5157303776443402
27,management,single,secondary,no,35,no,no,cellular,4,jul,1,0,0,unknown,0,0.5156687769839952
59,retired,married,secondary,no,2011,no,no,cellular,21,nov,2,0,0,unknown,0,0.5156412549039131
30,management,single,tertiary,no,7788,no,no,cellular,6,aug,4,0,0,unknown,0,0.5156225858689166
50,technician,single,secondary,no,1022,no,no,telephone,5,feb,2,0,0,unknown,0,0.5155468888104516
42,housemaid,divorced,tertiary,no,364,no,no,cellular,18,nov,1,0,0,unknown,0,0.5154370278708034
37,self-employed,married,secondary,no,1633,no,no,cellular,7,jul,2,0,0,unknown,0,0.5153374455696516
51,management,married,tertiary,no,994,no,no,cellular,28,may,3,0,0,unknown,0,0.515332047256322
49,self-employed,married,tertiary,no,599,no,no,cellular,12,aug,1,0,0,unknown,0,0.5152966163766888
20,student,single,secondary,no,130,no,no,telephone,4,may,3,0,0,unknown,0,0.5151881526747216
45,blue-collar,single,primary,no,999,no,no,cellular,29,jan,2,0,0,unknown,0,0.5151805437398604
41,technician,divorced,tertiary,no,4276,yes,no,cellular,12,feb,3,0,0,unknown,0,0.5151604112666295
46,blue-collar,married,primary,no,1303,no,no,cellular,4,aug,1,0,0,unknown,0,0.5151131783372169
59,retired,married,secondary,no,4457,no,no,cellular,28,jan,2,0,0,unknown,0,0.515101333235151
43,management,married,tertiary,no,2886,no,no,cellular,20,nov,1,0,0,unknown,0,0.5149946462245119
60,admin.,married,secondary,no,1541,no,no,cellular,8,jul,3,0,0,unknown,0,0.5149760829086055
31,technician,married,tertiary,no,3564,no,no,cellular,18,nov,1,0,0,unknown,0,0.5149072074154969
36,admin.,married,secondary,no,725,yes,no,cellular,27,feb,3,99,8,failure,1,0.5148379830609807
51,technician,married,secondary,no,39,no,no,cellular,2,nov,1,0,0,unknown,0,0.5148260305909205
31,blue-collar,single,secondary,no,411,no,no,cellular,21,may,3,361,1,failure,1,0.5148117695211005
50,unemployed,single,secondary,no,2668,no,no,telephone,17,nov,1,0,0,unknown,0,0.514781005655737
29,technician,single,tertiary,no,673,yes,no,cellular,9,feb,3,0,0,unknown,0,0.5146576398728437
37,admin.,single,tertiary,no,2505,no,no,cellular,7,aug,3,0,0,unknown,0,0.5146364533241564
49,management,married,tertiary,no,0,no,no,telephone,17,oct,1,0,0,unknown,0,0.5145849479317846
23,unemployed,single,primary,no,1003,no,no,telephone,27,nov,1,0,0,unknown,0,0.5145597082469169
50,retired,divorced,primary,no,2790,no,no,cellular,21,jul,2,0,0,unknown,0,0.5144990033087704
35,unemployed,single,primary,no,68,no,no,cellular,3,jul,1,0,0,unknown,0,0.5144460524851836
52,admin.,divorced,secondary,no,2717,no,no,telephone,18,nov,1,162,2,failure,1,0.5144016253976967
45,management,single,tertiary,no,207,no,no,cellular,21,nov,3,0,0,unknown,0,0.5143368410857153
23,admin.,single,secondary,no,738,yes,no,cellular,15,may,1,0,0,unknown,0,0.5142874370674928
30,admin.,married,secondary,no,124,no,no,telephone,16,jun,2,0,0,unknown,0,0.5141658650005149
48,technician,married,secondary,no,268,no,no,cellular,16,jul,1,0,0,unknown,0,0.513994437889992
32,admin.,single,tertiary,no,272,yes,no,cellular,7,oct,2,0,0,unknown,0,0.5138560086951309
31,technician,married,tertiary,no,5119,no,no,cellular,21,nov,1,0,0,unknown,0,0.5137092231378296
47,technician,married,secondary,no,3519,no,yes,cellular,28,dec,1,220,1,failure,1,0.5136538222258524
41,management,married,tertiary,no,285,yes,no,cellular,31,aug,4,147,4,failure,1,0.5135812885544596
30,management,single,tertiary,no,119,no,no,cellular,28,jan,1,0,0,unknown,0,0.5134908035700246
31,technician,married,tertiary,no,165,no,no,cellular,15,may,4,0,0,unknown,0,0.5134404602957207
31,management,single,tertiary,no,6413,no,no,cellular,13,aug,2,0,0,unknown,0,0.5133608308449289
41,management,single,tertiary,no,4477,no,no,cellular,4,aug,2,0,0,unknown,0,0.5133380006600204
36,technician,divorced,secondary,no,407,no,no,cellular,21,nov,1,0,0,unknown,0,0.5132344191127489
54,technician,single,secondary,no,2237,no,no,cellular,21,nov,5,0,0,unknown,0,0.5131260147356899
30,technician,single,secondary,no,3568,yes,no,cellular,7,apr,1,0,0,unknown,0,0.5126833758024255
27,management,single,tertiary,no,1137,yes,no,cellular,8,may,1,0,0,unknown,0,0.5126533190389716
42,unemployed,single,secondary,no,1523,yes,no,cellular,2,feb,1,0,0,unknown,0,0.5124241824660701
39,entrepreneur,married,tertiary,no,1654,no,no,cellular,17,nov,1,0,0,unknown,0,0.5123809496016043
33,management,single,tertiary,no,3623,no,no,cellular,14,aug,2,0,0,unknown,0,0.5123231108327118
43,management,married,tertiary,no,839,no,no,cellular,22,jul,1,0,0,unknown,0,0.5121761918126917
46,self-employed,married,tertiary,no,291,no,no,cellular,9,feb,4,0,0,unknown,0,0.5121492666042108
57,technician,married,secondary,no,192,no,no,cellular,3,feb,4,0,0,unknown,0,0.5116591620816155
52,blue-collar,married,primary,no,1054,no,no,cellular,4,aug,1,0,0,unknown,0,0.511552593831885
29,technician,married,secondary,no,428,no,no,cellular,14,jul,4,0,0,unknown,0,0.5113435720268069
40,technician,married,secondary,no,826,no,no,unknown,24,feb,1,267,2,other,1,0.5112330001379735
35,admin.,married,primary,no,1994,no,no,cellular,9,jul,1,0,0,unknown,0,0.511193308545918
35,management,single,tertiary,no,2975,no,no,cellular,8,aug,2,0,0,unknown,0,0.5111596355398664
36,management,married,tertiary,no,1434,no,no,cellular,18,nov,1,0,0,unknown,0,0.5110468915432189
55,technician,divorced,secondary,no,2730,no,no,cellular,4,aug,2,0,0,unknown,0,0.5109360409939617
31,entrepreneur,single,tertiary,yes,-405,yes,yes,cellular,21,nov,1,100,2,success,1,0.5108415356521524
30,technician,single,secondary,no,2782,no,no,cellular,14,aug,2,0,0,unknown,0,0.5107960954386729
34,management,single,tertiary,no,1058,yes,no,cellular,4,may,1,0,0,unknown,0,0.5107467719123611
53,services,divorced,tertiary,no,329,no,no,cellular,30,jan,1,0,0,unknown,0,0.510679750116196
40,services,married,secondary,no,884,no,no,cellular,15,jul,4,0,0,unknown,0,0.510505397958189
30,management,single,tertiary,no,1466,no,no,cellular,12,aug,4,0,0,unknown,0,0.5101636709317655
40,management,married,tertiary,no,1855,no,no,telephone,8,feb,6,0,0,unknown,0,0.5101416496136487
45,technician,married,unknown,no,886,yes,no,cellular,13,oct,2,42,1,failure,1,0.5100525869308677
38,management,single,tertiary,no,2117,no,no,cellular,14,aug,2,0,0,unknown,0,0.5099495500091307
26,management,single,tertiary,no,828,yes,no,cellular,17,aug,1,199,1,failure,1,0.5099434303788842
38,technician,single,unknown,no,1923,no,no,cellular,30,jul,4,0,0,unknown,0,0.5099037337288741
34,management,married,secondary,no,0,no,no,cellular,2,feb,1,0,0,unknown,0,0.5098556010906323
20,student,single,primary,no,0,no,no,cellular,2,nov,4,182,4,failure,1,0.5096204752027543
51,management,married,tertiary,no,5343,no,no,cellular,18,nov,1,0,0,unknown,0,0.509526083048564
42,admin.,married,secondary,no,1535,yes,no,cellular,28,aug,1,108,2,failure,1,0.5093130767708236
29,management,single,tertiary,no,4210,yes,no,cellular,18,may,1,0,0,unknown,0,0.5092121029808495
47,admin.,married,secondary,no,1934,no,yes,cellular,14,may,1,364,1,failure,1,0.5091993303881954
46,management,married,tertiary,no,182,no,no,cellular,15,jul,1,0,0,unknown,0,0.5091212747848689
29,management,single,tertiary,no,2799,yes,no,cellular,5,may,2,0,0,unknown,0,0.5089621259480268
28,management,single,secondary,no,62,no,no,cellular,14,jul,3,0,0,unknown,0,0.5088766363798952
29,technician,single,secondary,no,286,no,no,telephone,2,feb,2,0,0,unknown,0,0.5088549328993217
50,admin.,married,secondary,no,4117,no,no,cellular,21,nov,1,0,0,unknown,0,0.5087965122237619
48,management,single,secondary,no,7,no,no,cellular,4,feb,1,0,0,unknown,0,0.5087373302483422
34,management,single,tertiary,no,2093,no,no,cellular,8,aug,6,0,0,unknown,0,0.5086690327524748
45,management,single,tertiary,no,2532,no,no,cellular,29,jul,6,0,0,unknown,0,0.5085388667816202
30,self-employed,single,tertiary,no,189,no,no,cellular,19,nov,4,0,0,unknown,0,0.5084854472995965
42,management,single,secondary,no,9720,no,no,cellular,5,aug,2,0,0,unknown,0,0.5084533213513867
44,technician,single,secondary,no,7138,no,no,cellular,8,aug,2,0,0,unknown,0,0.5084401702184711
32,management,married,tertiary,no,9214,no,yes,unknown,18,oct,1,0,0,unknown,0,0.5083973446502728
27,student,single,secondary,no,833,no,no,telephone,25,jun,5,0,0,unknown,0,0.5083644168457796
53,blue-collar,married,unknown,no,593,no,no,telephone,6,feb,1,0,0,unknown,0,0.5082683121500194
37,services,divorced,secondary,no,652,no,no,cellular,25,jul,2,0,0,unknown,0,0.5082169229073521
60,housemaid,divorced,primary,no,1412,no,no,cellular,22,jul,4,0,0,unknown,0,0.5082067966884608
31,management,divorced,tertiary,no,0,no,no,cellular,2,feb,2,0,0,unknown,0,0.5079895105232544
52,services,married,secondary,no,10021,no,no,cellular,20,nov,1,0,0,unknown,0,0.5077673865966716
34,technician,divorced,secondary,no,558,no,no,cellular,20,nov,2,0,0,unknown,0,0.507707834849783
45,admin.,married,secondary,no,285,no,no,cellular,6,feb,5,0,0,unknown,0,0.5075918588327292
34,technician,single,tertiary,no,2521,no,no,cellular,13,aug,2,0,0,unknown,0,0.5074791862656073
50,management,married,tertiary,no,5794,no,no,cellular,19,nov,1,0,0,unknown,0,0.5074675431433768
52,management,married,tertiary,no,6922,no,no,cellular,20,nov,1,0,0,unknown,0,0.5074675431433768
42,admin.,single,secondary,no,164,yes,yes,unknown,22,oct,1,0,0,unknown,0,0.5074626080466095
31,services,single,secondary,no,211,no,no,cellular,29,jan,2,0,0,unknown,0,0.5073834607020483
57,retired,divorced,secondary,no,316,no,no,cellular,28,jan,2,0,0,unknown,0,0.5073247651171156
46,blue-collar,married,primary,no,809,no,no,cellular,4,aug,1,0,0,unknown,0,0.507324588470957
37,admin.,married,secondary,no,0,yes,no,cellular,2,jun,1,0,0,unknown,0,0.5070945020165594
45,self-employed,married,secondary,no,3080,no,no,cellular,19,nov,1,0,0,unknown,0,0.5070322173525286
34,technician,single,secondary,no,201,no,no,cellular,22,jul,2,0,0,unknown,0,0.5070080363176461
27,management,single,tertiary,no,1117,yes,no,cellular,7,jul,4,0,0,unknown,0,0.5069320838704489
55,unemployed,married,secondary,no,2489,no,no,cellular,30,jul,1,0,0,unknown,0,0.5069081630033537
48,unemployed,married,tertiary,no,641,no,no,cellular,28,jan,1,0,0,unknown,0,0.5068912886967192
43,self-employed,married,tertiary,no,6424,no,no,cellular,20,nov,1,0,0,unknown,0,0.5068697040308017
36,management,single,tertiary,no,3850,yes,no,cellular,4,may,4,0,0,unknown,0,0.5067789043780748
36,management,married,tertiary,no,871,no,no,cellular,18,nov,1,0,0,unknown,0,0.5065341120986673
40,management,divorced,tertiary,no,205,no,no,cellular,25,jul,1,0,0,unknown,0,0.5061640129403601
43,blue-collar,married,unknown,no,175,no,no,cellular,7,may,1,0,0,unknown,0,0.5060159858468872
53,technician,married,unknown,no,9252,no,no,cellular,20,nov,1,0,0,unknown,0,0.5058384132360697
28,admin.,single,tertiary,no,1773,yes,no,cellular,23,jul,1,0,0,unknown,0,0.5057990557333025
34,management,single,tertiary,no,0,no,no,cellular,5,feb,3,0,0,unknown,0,0.5057877545442399
33,unemployed,single,tertiary,no,685,yes,no,cellular,2,feb,1,96,2,failure,1,0.5057293806928755
43,technician,married,secondary,no,3049,no,no,cellular,28,jan,2,0,0,unknown,0,0.5056654831883819
56,management,married,unknown,no,4623,no,no,cellular,17,aug,1,0,0,unknown,0,0.5056497345026354
31,services,married,secondary,no,505,no,no,cellular,11,jul,3,0,0,unknown,0,0.505433587388372
33,unemployed,married,secondary,no,456,no,no,telephone,11,nov,1,0,0,unknown,0,0.5052954895633642
29,self-employed,single,secondary,no,970,yes,no,cellular,13,may,1,0,0,unknown,0,0.5052429878256599
39,admin.,divorced,secondary,no,458,no,no,cellular,21,nov,2,0,0,unknown,0,0.5052213300554655
54,management,divorced,tertiary,no,5475,no,no,cellular,22,jul,4,0,0,unknown,0,0.5050960400556643
50,retired,married,secondary,no,1227,no,no,cellular,29,jan,2,0,0,unknown,0,0.5050897586848825
37,management,single,tertiary,no,2576,yes,no,cellular,13,may,1,0,0,unknown,0,0.5050813320038536
35,management,single,tertiary,no,18111,no,no,cellular,14,aug,4,0,0,unknown,0,0.5050261307263828
32,blue-collar,single,secondary,no,681,no,yes,cellular,13,may,1,0,0,unknown,0,0.5050022687024376
47,management,single,tertiary,no,334,yes,no,cellular,26,mar,1,326,8,failure,1,0.5047433691138172
27,technician,single,secondary,no,3485,no,yes,cellular,25,jul,2,0,0,unknown,0,0.5047402882586027
34,management,married,tertiary,no,351,no,no,cellular,30,jan,1,0,0,unknown,0,0.5047151207257661
40,admin.,single,secondary,no,5061,no,yes,cellular,3,feb,2,0,0,unknown,0,0.5046647780468053
43,blue-collar,married,secondary,no,833,no,no,cellular,17,jul,1,0,0,unknown,0,0.504607460975509
29,technician,single,unknown,no,1729,yes,no,cellular,6,apr,1,0,0,unknown,0,0.5045923102820518
51,retired,single,secondary,no,5885,no,no,telephone,3,feb,6,0,0,unknown,0,0.5045239459373455
34,management,married,tertiary,no,7384,no,no,cellular,21,nov,2,0,0,unknown,0,0.5044783238552657
58,unemployed,divorced,primary,no,414,no,no,cellular,29,jan,1,0,0,unknown,0,0.5043053011775315
25,blue-collar,single,primary,no,15,no,no,cellular,21,jul,3,0,0,unknown,0,0.5042614161413377
55,entrepreneur,divorced,secondary,no,1553,no,no,cellular,30,jul,3,0,0,unknown,0,0.5040270650729202
32,management,single,tertiary,no,1434,no,no,cellular,11,aug,3,0,0,unknown,0,0.5040253132604401
55,retired,married,tertiary,no,127,no,no,cellular,5,feb,2,0,0,unknown,0,0.5039700161640105
31,management,married,tertiary,no,6290,no,no,cellular,20,nov,2,0,0,unknown,0,0.5039205643032628
34,management,single,tertiary,no,2679,yes,no,cellular,7,may,1,0,0,unknown,0,0.5038994865697418
25,blue-collar,single,secondary,no,192,no,no,telephone,4,jul,2,0,0,unknown,0,0.5038873869529301
34,admin.,married,tertiary,no,434,no,no,cellular,8,jul,3,0,0,unknown,0,0.5038616875379938
39,admin.,married,secondary,no,260,yes,no,cellular,11,aug,2,116,2,failure,1,0.5038572396272116
52,admin.,married,primary,no,6286,no,no,cellular,19,nov,1,0,0,unknown,0,0.5038557657495819
34,management,single,tertiary,no,3821,yes,no,cellular,13,may,2,0,0,unknown,0,0.5035635407220748
41,management,divorced,tertiary,no,20479,no,no,cellular,14,aug,2,0,0,unknown,0,0.5034492060086901
51,unemployed,married,secondary,no,636,no,no,cellular,30,jan,1,0,0,unknown,0,0.503395927131245
45,admin.,married,unknown,no,2033,no,no,cellular,28,may,4,0,0,unknown,0,0.5033741406300772
29,blue-collar,single,primary,no,269,no,no,telephone,6,feb,1,0,0,unknown,0,0.5033428915323902
54,blue-collar,married,primary,no,466,no,no,cellular,4,jul,1,0,0,unknown,0,0.5033158140552737
31,technician,married,tertiary,no,3338,yes,no,cellular,27,sep,2,95,4,failure,1,0.5033112133509177
32,management,single,tertiary,no,4291,no,no,cellular,7,aug,9,0,0,unknown,0,0.5033087781811616
56,unemployed,married,secondary,no,670,no,no,cellular,30,jan,1,0,0,unknown,0,0.5031959918873974
54,services,divorced,tertiary,no,413,no,no,cellular,7,jul,9,0,0,unknown,0,0.503184856372089
49,management,married,tertiary,no,17432,no,no,cellular,17,nov,1,0,0,unknown,0,0.5031657358889057
36,management,married,tertiary,no,2547,no,no,cellular,31,jul,1,0,0,unknown,0,0.5031100132746368
40,management,divorced,tertiary,no,3426,no,no,cellular,11,aug,3,0,0,unknown,0,0.5030433839217203
30,management,single,tertiary,no,812,no,no,cellular,12,aug,4,0,0,unknown,0,0.5030079733216044
39,management,married,tertiary,no,2450,no,no,cellular,20,nov,2,0,0,unknown,0,0.5027675454098488
53,self-employed,married,tertiary,no,3711,no,no,cellular,19,nov,1,0,0,unknown,0,0.5026815497118035
33,management,single,tertiary,no,1120,no,no,cellular,11,aug,2,0,0,unknown,0,0.5026430139456969
47,services,married,secondary,no,223,no,no,cellular,15,may,2,0,0,unknown,0,0.5026134377565983
51,housemaid,divorced,secondary,no,9228,no,no,cellular,18,jul,4,0,0,unknown,0,0.5025529747679284
32,management,single,tertiary,no,0,no,no,cellular,4,may,2,0,0,unknown,0,0.5025393264731408
32,management,single,tertiary,no,1010,no,no,cellular,7,aug,2,0,0,unknown,0,0.5024944548358053
51,entrepreneur,married,primary,no,1443,no,no,cellular,18,feb,10,0,0,unknown,0,0.5024852014490166
30,technician,single,tertiary,no,1081,no,no,cellular,6,aug,2,0,0,unknown,0,0.5024365652207421
39,blue-collar,married,primary,no,710,no,no,cellular,3,feb,6,0,0,unknown,0,0.502364947222324
37,technician,married,secondary,no,6384,yes,yes,cellular,3,jun,1,96,2,failure,1,0.5023333849085653
25,blue-collar,single,primary,no,4599,no,no,telephone,13,apr,6,0,0,unknown,0,0.5023071903851399
43,management,married,tertiary,no,2083,no,no,cellular,21,nov,2,0,0,unknown,0,0.5022024281494383
33,admin.,married,tertiary,no,640,no,no,cellular,24,jul,1,0,0,unknown,0,0.5019739983567796
33,admin.,single,tertiary,no,1371,yes,no,cellular,5,may,1,0,0,unknown,0,0.5019663959630462
57,entrepreneur,married,secondary,no,1888,no,no,cellular,20,nov,1,0,0,unknown,0,0.5019201648958534
41,self-employed,married,tertiary,no,0,yes,no,telephone,29,apr,3,426,1,other,1,0.5018304045410659
30,self-employed,single,tertiary,no,432,yes,no,cellular,2,feb,1,0,0,unknown,0,0.5015810435631558
23,technician,single,secondary,no,632,yes,no,cellular,5,may,1,0,0,unknown,0,0.5015389283116505
42,admin.,divorced,secondary,no,490,yes,no,cellular,8,nov,1,97,5,other,1,0.5015283652403583
31,management,married,tertiary,no,1402,no,no,cellular,21,nov,2,0,0,unknown,0,0.5015089867161023
46,management,married,tertiary,no,273,yes,no,cellular,15,sep,1,105,3,failure,1,0.5014069067112
60,retired,divorced,secondary,no,1091,no,no,cellular,30,jul,5,0,0,unknown,0,0.5014002239960498
41,management,single,secondary,no,911,no,no,cellular,6,aug,2,0,0,unknown,0,0.501372219742644
50,management,single,tertiary,no,3537,no,no,unknown,24,oct,1,0,0,unknown,0,0.5013441037123546
23,admin.,single,secondary,no,589,yes,no,cellular,6,may,1,0,0,unknown,0,0.5013245375759633
51,technician,married,secondary,no,100,no,no,cellular,2,feb,2,0,0,unknown,0,0.50130930415081
45,management,single,tertiary,no,0,no,no,cellular,27,may,1,0,0,unknown,0,0.5013048242705235
34,unemployed,single,secondary,no,1965,no,no,telephone,4,may,1,0,0,unknown,0,0.501297379763523
45,management,divorced,tertiary,no,2307,no,no,cellular,14,aug,3,0,0,unknown,0,0.5012418561828187
33,technician,single,secondary,no,3264,no,no,cellular,14,aug,4,0,0,unknown,0,0.5010674025338301
37,management,married,tertiary,no,7100,no,no,cellular,20,nov,2,0,0,unknown,0,0.5010292162526239
31,unemployed,married,primary,no,3837,no,no,cellular,20,nov,1,0,0,unknown,0,0.5009949601394045
35,admin.,married,tertiary,no,12634,no,no,cellular,20,nov,1,0,0,unknown,0,0.5009677067710889
25,admin.,single,secondary,no,248,yes,no,cellular,14,may,1,0,0,unknown,0,0.5009476772703892
40,admin.,single,secondary,no,985,yes,no,cellular,15,apr,3,145,5,other,1,0.5009223617492343
42,services,married,unknown,no,7482,no,no,cellular,21,nov,2,0,0,unknown,0,0.5008274061283003
53,management,married,primary,no,1925,no,no,cellular,19,nov,1,0,0,unknown,0,0.5007829887675704
34,unemployed,single,secondary,no,15,no,no,cellular,12,jan,1,0,0,unknown,0,0.5007457723089531
41,management,married,tertiary,no,5883,no,no,cellular,20,nov,2,0,0,unknown,0,0.5006965586986426
54,entrepreneur,single,tertiary,no,5417,yes,no,cellular,3,apr,1,0,0,unknown,0,0.5006860873937594
45,management,divorced,tertiary,no,2406,no,no,cellular,8,aug,2,0,0,unknown,0,0.500513804252812
31,technician,single,secondary,no,2846,no,no,cellular,8,aug,3,0,0,unknown,0,0.5004983991209545
42,management,married,tertiary,no,9009,no,no,cellular,20,nov,2,0,0,unknown,0,0.5003462705090933
44,self-employed,single,tertiary,no,1367,yes,no,cellular,13,apr,3,146,1,other,1,0.5003210342707632
34,services,single,primary,no,3648,yes,no,cellular,5,feb,1,0,0,unknown,0,0.5002671492639557
30,student,single,tertiary,no,3115,no,no,telephone,13,aug,2,0,0,unknown,0,0.5002207124511319
34,services,single,secondary,no,1921,yes,no,cellular,4,feb,1,0,0,unknown,0,0.50015707777864
40,self-employed,married,tertiary,no,1604,no,no,cellular,20,nov,1,0,0,unknown,0,0.4999568582093399
23,services,single,secondary,no,292,yes,no,cellular,13,may,2,0,0,unknown,0,0.4999106669217774
66,unemployed,single,primary,no,1323,no,no,telephone,10,feb,11,0,0,unknown,0,0.4998661921322668
25,services,single,secondary,no,443,yes,no,cellular,5,may,1,0,0,unknown,0,0.4997124144628298
38,blue-collar,single,unknown,no,5338,no,no,telephone,19,nov,1,0,0,unknown,0,0.49969570369079613
36,technician,single,secondary,no,54,no,no,cellular,22,may,1,0,0,unknown,0,0.4996183339484373
52,blue-collar,married,primary,no,9444,no,no,cellular,7,jul,3,0,0,unknown,0,0.4996081024321365
27,admin.,single,secondary,no,261,yes,yes,cellular,3,jun,4,0,0,unknown,0,0.4994371187427148
56,retired,married,secondary,no,488,no,no,telephone,6,feb,4,0,0,unknown,0,0.4993787381554722
32,technician,single,tertiary,no,1325,no,no,cellular,12,aug,2,0,0,unknown,0,0.4993055586799592
49,management,married,tertiary,no,2187,no,no,cellular,25,nov,2,0,0,unknown,0,0.49930202148184605
40,services,married,secondary,no,0,yes,no,cellular,2,jun,1,28,3,failure,1,0.4992873199369393
46,services,married,secondary,no,2420,no,no,cellular,19,nov,2,0,0,unknown,0,0.4992732295961522
36,admin.,single,secondary,no,-207,no,no,cellular,2,feb,1,0,0,unknown,0,0.49920929407123693
32,technician,married,tertiary,no,2688,no,no,cellular,18,aug,1,0,0,unknown,0,0.4991795226593883
39,management,single,tertiary,no,1428,yes,no,cellular,6,may,1,0,0,unknown,0,0.49903370325293805
40,unemployed,married,secondary,no,1872,no,no,cellular,21,nov,1,0,0,unknown,0,0.49884324187324586
42,management,single,tertiary,no,525,no,no,cellular,13,aug,2,0,0,unknown,0,0.4987435974946437
46,admin.,married,secondary,no,70,yes,no,cellular,27,mar,2,0,0,unknown,0,0.49872149811651206
33,technician,single,secondary,no,555,no,yes,cellular,4,jul,2,0,0,unknown,0,0.4987083411222391
39,management,single,tertiary,no,4239,yes,no,cellular,7,may,1,0,0,unknown,0,0.4986321008752951
42,unemployed,divorced,secondary,no,759,no,no,cellular,12,aug,3,0,0,unknown,0,0.4986278350477993
46,blue-collar,married,secondary,no,3999,no,no,cellular,20,nov,1,0,0,unknown,0,0.49856525730085904
37,technician,divorced,secondary,no,4965,no,no,cellular,6,aug,2,0,0,unknown,0,0.4985487722567018
31,management,single,tertiary,no,1130,yes,no,cellular,17,apr,3,74,4,failure,1,0.4984841413733943
54,unknown,married,secondary,no,1157,no,no,cellular,26,may,2,0,0,unknown,0,0.4984736079095358
34,management,single,tertiary,no,681,no,no,cellular,6,aug,2,0,0,unknown,0,0.49832821813534034
28,blue-collar,single,secondary,no,3817,yes,no,cellular,4,may,3,0,0,unknown,0,0.4982075570298822
37,management,married,tertiary,no,57,no,no,cellular,5,feb,1,0,0,unknown,0,0.49815405217960484
45,technician,married,secondary,no,406,yes,no,cellular,3,jun,1,307,10,other,1,0.4981356547454462
33,management,single,tertiary,no,87,no,no,cellular,12,aug,1,0,0,unknown,0,0.497824667620851
42,blue-collar,married,unknown,no,2906,no,no,cellular,20,nov,1,0,0,unknown,0,0.497770252229348
43,self-employed,married,primary,no,5039,no,no,cellular,20,nov,1,0,0,unknown,0,0.4977511457178519
55,technician,married,secondary,no,0,yes,yes,cellular,2,mar,1,0,0,unknown,0,0.49775100009429757
53,blue-collar,married,primary,no,4143,no,no,cellular,15,jul,3,0,0,unknown,0,0.49772825837617973
26,admin.,single,tertiary,no,1100,yes,no,cellular,21,jul,1,0,0,unknown,0,0.49760281896504593
24,admin.,single,secondary,no,843,yes,no,cellular,18,may,2,0,0,unknown,0,0.4975049434576896
35,self-employed,married,tertiary,no,8647,no,no,cellular,19,nov,2,0,0,unknown,0,0.4972479103801801
36,management,single,tertiary,no,553,no,no,cellular,11,aug,2,0,0,unknown,0,0.497223173949108
37,management,married,tertiary,no,7974,yes,no,cellular,30,oct,5,158,7,other,1,0.49716659689166365
37,technician,single,tertiary,no,3315,yes,no,cellular,9,apr,2,0,0,unknown,0,0.49712759867692147
40,technician,single,secondary,no,8259,no,no,cellular,8,aug,4,0,0,unknown,0,0.4970023159476764
29,technician,married,secondary,no,23,yes,no,cellular,2,jun,1,55,2,failure,1,0.4968765773242049
36,management,married,tertiary,no,518,no,no,cellular,21,aug,1,0,0,unknown,0,0.496850220919798
56,retired,married,secondary,no,334,no,no,cellular,21,jul,1,0,0,unknown,0,0.49668822625431774
37,management,married,tertiary,no,2987,yes,no,telephone,16,nov,8,96,1,success,1,0.4966584251146792
38,management,divorced,tertiary,no,0,no,no,cellular,10,feb,3,0,0,unknown,0,0.4966257024891781
38,blue-collar,single,secondary,no,2422,yes,no,cellular,1,apr,2,0,0,unknown,0,0.49656922380346885
36,management,single,tertiary,no,613,no,no,cellular,7,aug,2,0,0,unknown,0,0.4965658860236488
34,technician,single,tertiary,no,2838,yes,no,cellular,13,may,3,0,0,unknown,0,0.4963808544868716
33,management,single,tertiary,no,637,no,no,cellular,14,aug,2,0,0,unknown,0,0.49633787874391183
32,management,single,secondary,no,1473,no,no,cellular,14,aug,7,0,0,unknown,0,0.4962678877333452
35,admin.,single,secondary,no,206,yes,no,cellular,30,apr,2,0,0,unknown,0,0.49626100599761097
33,management,single,tertiary,no,605,no,no,cellular,7,aug,3,0,0,unknown,0,0.49619347685911275
41,management,single,secondary,no,800,no,no,cellular,8,aug,2,0,0,unknown,0,0.4960851650835092
41,admin.,divorced,secondary,no,8,no,no,cellular,5,feb,1,0,0,unknown,0,0.4959728478591084
36,blue-collar,married,secondary,no,79,yes,yes,cellular,2,jun,2,0,0,unknown,0,0.4959377240144834
34,admin.,divorced,secondary,no,-75,no,no,cellular,3,feb,1,0,0,unknown,0,0.49587355782995046
28,services,single,secondary,no,47,no,no,cellular,22,jul,2,0,0,unknown,0,0.4956370102286078
41,unemployed,divorced,secondary,no,1281,no,no,cellular,31,jul,3,0,0,unknown,0,0.49558892054214854
56,unemployed,married,primary,no,122,no,no,cellular,4,feb,2,0,0,unknown,0,0.49540861131845854
42,admin.,single,secondary,no,4253,yes,no,cellular,13,may,1,0,0,unknown,0,0.49533945898559095
25,blue-collar,single,secondary,no,217,yes,no,cellular,18,may,1,0,0,unknown,0,0.4952862749435251
56,management,married,tertiary,no,1803,no,no,cellular,20,nov,2,0,0,unknown,0,0.49526958940686827
40,services,married,secondary,no,293,no,no,telephone,4,feb,2,0,0,unknown,0,0.49525846370277754
48,admin.,married,secondary,no,156,no,no,cellular,4,aug,1,0,0,unknown,0,0.4952263206471222
40,technician,single,tertiary,no,539,no,no,cellular,14,aug,2,0,0,unknown,0,0.4951427455248988
60,management,married,tertiary,no,3387,no,no,cellular,14,aug,2,0,0,unknown,0,0.49510992709719864
29,student,married,unknown,no,2229,no,no,unknown,9,jul,1,252,1,other,1,0.49480311989484077
31,technician,single,tertiary,no,830,yes,no,cellular,9,feb,3,0,0,unknown,0,0.49457442044011224
46,unemployed,single,tertiary,no,44,no,no,cellular,14,aug,1,0,0,unknown,0,0.49457388821395654
36,blue-collar,single,secondary,no,1598,yes,no,cellular,5,feb,1,0,0,unknown,0,0.4945555209326347
28,services,single,secondary,no,217,yes,no,cellular,9,feb,3,0,0,unknown,0,0.4945410300833647
57,technician,married,primary,no,4442,no,no,cellular,8,jul,6,0,0,unknown,0,0.494507747279097
49,management,married,tertiary,no,470,no,no,cellular,18,nov,1,0,0,unknown,0,0.4944582960644397
38,self-employed,single,tertiary,no,1612,yes,no,cellular,8,may,1,0,0,unknown,0,0.4942858844742215
32,services,single,tertiary,no,1763,yes,no,cellular,7,may,2,0,0,unknown,0,0.4942007818675633
26,blue-collar,single,secondary,no,474,yes,no,cellular,15,may,2,0,0,unknown,0,0.49409248246508275
38,admin.,married,secondary,no,1973,no,no,cellular,21,nov,2,0,0,unknown,0,0.4938843652332573
53,services,divorced,primary,no,200,no,no,cellular,17,nov,3,0,0,unknown,0,0.4938810611440736
45,technician,divorced,secondary,no,2657,no,no,cellular,7,aug,3,0,0,unknown,0,0.49382579455419134
47,self-employed,married,tertiary,no,3072,no,no,cellular,21,nov,3,0,0,unknown,0,0.4938040394010943
48,management,married,primary,no,1513,no,no,cellular,29,jan,2,0,0,unknown,0,0.4937711514651909
44,technician,divorced,primary,no,538,no,no,cellular,31,jul,2,0,0,unknown,0,0.49370672335816757
38,admin.,married,tertiary,no,1980,no,no,cellular,5,aug,2,0,0,unknown,0,0.49368040551990616
51,management,divorced,tertiary,no,1028,no,no,cellular,5,aug,4,0,0,unknown,0,0.49351890430735873
53,technician,married,secondary,no,4807,no,no,telephone,19,feb,3,0,0,unknown,0,0.4934316372321282
22,student,single,secondary,no,4038,yes,no,cellular,15,may,1,0,0,unknown,0,0.49341380611321184
41,admin.,married,secondary,no,16517,no,no,cellular,18,nov,2,0,0,unknown,0,0.4933310136975893
29,technician,single,tertiary,no,218,yes,no,cellular,12,apr,1,0,0,unknown,0,0.4932550982110363
54,entrepreneur,divorced,tertiary,no,20527,no,no,telephone,20,nov,1,0,0,unknown,0,0.4931885057576484
24,blue-collar,single,secondary,no,174,yes,yes,cellular,18,may,1,0,0,unknown,0,0.4931353095252181
28,technician,single,tertiary,no,1628,yes,no,cellular,25,jul,2,0,0,unknown,0,0.49304985516451205
27,management,single,secondary,no,116,yes,no,cellular,6,feb,2,0,0,unknown,0,0.4930149226754797
37,unemployed,married,secondary,no,80,no,no,cellular,3,feb,2,0,0,unknown,0,0.49297924711447527
25,blue-collar,single,secondary,no,286,yes,no,cellular,18,may,2,0,0,unknown,0,0.4929593634075468
32,technician,single,secondary,no,554,no,no,cellular,7,aug,3,0,0,unknown,0,0.4928996330410451
31,unemployed,single,primary,no,1,no,no,cellular,2,feb,6,0,0,unknown,0,0.49284208136756535
34,self-employed,single,tertiary,no,1272,yes,no,cellular,14,may,1,0,0,unknown,0,0.492770267598499
30,management,single,tertiary,no,0,no,no,cellular,7,jul,1,0,0,unknown,0,0.49252550115223737
36,self-employed,divorced,tertiary,no,149,no,no,cellular,18,nov,2,0,0,unknown,0,0.4924639518980564
54,technician,married,secondary,no,899,no,yes,cellular,17,nov,1,145,1,other,1,0.49243114946845695
31,management,single,tertiary,no,745,no,no,cellular,12,aug,4,0,0,unknown,0,0.49238478879378844
46,management,divorced,tertiary,no,1297,no,no,cellular,11,aug,3,0,0,unknown,0,0.49231365656158377
28,blue-collar,single,secondary,no,402,yes,no,cellular,18,may,1,0,0,unknown,0,0.4922853757973612
36,blue-collar,divorced,primary,no,102,no,no,cellular,3,feb,2,0,0,unknown,0,0.49207357537806584
26,self-employed,single,tertiary,no,25,no,no,cellular,28,jan,1,0,0,unknown,0,0.4920099086547748
33,student,single,unknown,no,242,no,no,telephone,3,jul,2,0,0,unknown,0,0.4919857625836163
45,admin.,married,secondary,no,1435,yes,no,cellular,11,aug,1,103,1,failure,1,0.49198134834585255
25,services,single,secondary,no,-352,no,no,cellular,15,jul,1,0,0,unknown,0,0.4919123275141108
25,student,single,unknown,no,722,no,no,telephone,21,apr,2,0,0,unknown,0,0.49191164590504
32,management,single,tertiary,no,23,no,no,cellular,22,may,2,0,0,unknown,0,0.4918999486840171
34,blue-collar,single,secondary,no,1475,yes,no,cellular,16,nov,3,530,12,other,1,0.4918557890077552
28,blue-collar,single,secondary,no,4054,yes,no,cellular,11,may,2,0,0,unknown,0,0.49184845240739716
31,technician,single,tertiary,no,985,yes,no,cellular,17,apr,1,57,2,failure,1,0.49162346120339895
32,management,married,tertiary,no,393,no,no,cellular,28,jan,2,0,0,unknown,0,0.49143565724444666
42,self-employed,married,secondary,no,3211,no,no,cellular,31,jul,1,0,0,unknown,0,0.4914161696226057
51,blue-collar,married,primary,no,863,no,no,cellular,19,nov,1,189,2,other,1,0.4913893401840314
41,housemaid,married,primary,no,2429,no,no,cellular,28,jan,1,0,0,unknown,0,0.49126140903398563
49,unemployed,married,secondary,no,8399,no,no,cellular,19,nov,2,0,0,unknown,0,0.49116177354120416
33,management,single,secondary,no,1326,no,yes,cellular,7,jul,2,0,0,unknown,0,0.49106113526446193
23,blue-collar,single,secondary,no,39,yes,no,cellular,18,may,1,0,0,unknown,0,0.4910085130941205
26,admin.,single,secondary,no,74,no,yes,cellular,16,jul,2,0,0,unknown,0,0.491008121700537
46,management,single,tertiary,no,1631,yes,no,cellular,17,apr,1,0,0,unknown,0,0.4909291974471799
26,self-employed,single,tertiary,no,560,no,no,telephone,26,may,2,0,0,unknown,0,0.49091280922266456
32,management,single,tertiary,no,1966,no,no,cellular,18,aug,3,0,0,unknown,0,0.4909083008946439
51,technician,married,tertiary,no,2506,no,no,cellular,30,nov,3,0,0,unknown,0,0.49090743591549374
31,technician,single,secondary,no,754,no,no,cellular,7,aug,2,0,0,unknown,0,0.49089735078681
34,management,single,tertiary,no,454,no,no,cellular,14,aug,3,0,0,unknown,0,0.4907891945327295
41,technician,single,unknown,no,2701,yes,no,cellular,6,feb,4,0,0,unknown,0,0.4907409191801884
27,management,single,tertiary,no,212,yes,no,cellular,15,may,1,0,0,unknown,0,0.4907352823307629
46,unemployed,married,secondary,no,16397,no,no,cellular,18,nov,1,0,0,unknown,0,0.4905329541864396
30,housemaid,married,secondary,no,533,yes,no,cellular,2,jun,1,0,0,unknown,0,0.490461394934462
34,management,married,tertiary,no,16,yes,no,telephone,29,sep,1,119,1,other,1,0.4904030612056126
51,unemployed,married,secondary,no,7464,no,no,cellular,20,nov,2,0,0,unknown,0,0.4902832949263597
36,management,married,tertiary,no,114,no,no,cellular,13,aug,1,0,0,unknown,0,0.49020554025258906
26,blue-collar,single,secondary,no,49,no,no,cellular,21,jul,3,0,0,unknown,0,0.49011750056947745
43,self-employed,married,tertiary,no,2501,no,no,cellular,29,jan,4,0,0,unknown,0,0.4900985031162156
28,services,single,tertiary,no,2938,yes,no,cellular,23,jul,2,0,0,unknown,0,0.49006987346321196
59,management,married,tertiary,no,1,yes,no,cellular,29,apr,1,0,0,unknown,0,0.48999829729185107
39,entrepreneur,married,secondary,no,5562,no,no,cellular,20,nov,3,0,0,unknown,0,0.48989609909959403
37,management,single,tertiary,no,815,yes,no,cellular,7,may,1,0,0,unknown,0,0.4898562704440149
33,technician,married,secondary,no,7621,no,no,cellular,21,aug,1,0,0,unknown,0,0.48979795536531534
31,blue-collar,single,secondary,no,25,no,no,cellular,4,feb,1,0,0,unknown,0,0.4897078665796627
54,management,married,tertiary,no,37176,no,no,cellular,21,nov,1,0,0,unknown,0,0.4895845582546846
57,unemployed,married,unknown,no,381,no,no,cellular,29,jan,1,0,0,unknown,0,0.48958399501542493
35,management,single,tertiary,no,2988,yes,no,cellular,25,may,1,0,0,unknown,0,0.48957112764861077
31,technician,single,secondary,no,942,no,no,cellular,8,aug,2,0,0,unknown,0,0.4895639126248133
29,management,single,tertiary,no,499,yes,no,cellular,15,may,1,0,0,unknown,0,0.4893948116401406
27,blue-collar,single,primary,no,1,no,no,cellular,3,feb,6,0,0,unknown,0,0.4892651569189368
45,services,married,primary,no,323,no,no,cellular,5,aug,1,0,0,unknown,0,0.48925351382229315
54,entrepreneur,divorced,tertiary,no,5784,no,no,cellular,21,nov,5,0,0,unknown,0,0.48925151863153277
32,technician,single,tertiary,no,2684,yes,no,cellular,18,may,2,0,0,unknown,0,0.48901145743034063
38,management,married,tertiary,no,1021,no,no,cellular,20,nov,3,0,0,unknown,0,0.48890244262690485
27,management,single,secondary,no,145,yes,no,cellular,5,feb,3,0,0,unknown,0,0.48885500509115387
60,blue-collar,married,primary,no,5,no,no,cellular,29,oct,1,0,0,unknown,0,0.48882603527935636
41,management,married,tertiary,no,2646,no,no,cellular,30,jul,2,0,0,unknown,0,0.48880611681215624
30,management,single,tertiary,no,334,no,no,cellular,14,aug,2,0,0,unknown,0,0.4887997785967866
54,unemployed,married,primary,no,1251,no,no,cellular,21,nov,1,0,0,unknown,0,0.48857037714121915
42,management,single,tertiary,no,3371,yes,yes,cellular,13,aug,1,92,2,failure,1,0.4884617120779303
33,unknown,married,tertiary,no,8971,no,no,cellular,22,aug,1,0,0,unknown,0,0.4884564903748055
35,management,single,tertiary,no,1891,yes,no,cellular,3,feb,3,270,5,failure,1,0.4884484971641938
43,technician,single,secondary,no,451,no,no,cellular,12,aug,2,0,0,unknown,0,0.48835807907607404
29,blue-collar,single,tertiary,no,98,no,no,cellular,10,aug,2,0,0,unknown,0,0.48821488455005757
35,management,single,tertiary,no,714,yes,no,cellular,7,apr,2,224,22,failure,1,0.48813336193139784
29,technician,single,tertiary,no,828,yes,no,cellular,16,apr,3,321,3,other,1,0.48798657471986245
41,unemployed,married,tertiary,no,0,no,no,cellular,30,oct,3,0,0,unknown,0,0.48790062871494816
48,technician,married,secondary,no,3519,no,yes,cellular,26,feb,1,60,2,failure,1,0.4878866929106852
49,management,married,tertiary,no,436,no,no,cellular,21,nov,1,0,0,unknown,0,0.48788425349645465
45,technician,married,tertiary,no,4647,no,no,cellular,29,jul,3,0,0,unknown,0,0.48781087031189996
44,management,divorced,tertiary,no,3,no,no,cellular,6,may,1,0,0,unknown,0,0.4877879324508823
33,management,single,secondary,no,2859,yes,no,cellular,13,aug,1,0,0,unknown,0,0.48767216152328324
38,blue-collar,married,secondary,no,451,no,no,cellular,30,jan,1,0,0,unknown,0,0.48754919899197074
52,management,single,tertiary,no,556,no,no,cellular,13,aug,6,0,0,unknown,0,0.4875118983985539
37,technician,married,tertiary,no,1092,no,no,cellular,19,nov,3,0,0,unknown,0,0.4875062369728865
34,technician,single,tertiary,no,925,yes,no,cellular,13,apr,1,0,0,unknown,0,0.4874708747054312
28,student,single,tertiary,no,170,no,no,telephone,14,may,5,0,0,unknown,0,0.4873826911818883
54,management,married,secondary,no,1660,no,no,cellular,20,nov,3,0,0,unknown,0,0.48736182266653943
55,technician,married,tertiary,no,255,no,no,cellular,22,jul,1,0,0,unknown,0,0.48724781244690624
49,management,married,tertiary,no,412,no,no,cellular,21,nov,1,0,0,unknown,0,0.4872355017976332
50,management,single,tertiary,no,490,no,no,cellular,14,aug,5,0,0,unknown,0,0.48708083628756477
29,technician,single,tertiary,no,615,yes,no,cellular,18,may,1,0,0,unknown,0,0.4869546704059263
34,management,single,tertiary,no,1171,yes,no,cellular,10,jul,1,0,0,unknown,0,0.4869225844004167
31,blue-collar,single,secondary,no,4978,yes,no,cellular,12,may,1,0,0,unknown,0,0.48690462778274773
49,admin.,divorced,secondary,no,769,no,no,cellular,30,jul,4,0,0,unknown,0,0.48678657006752696
57,management,married,tertiary,no,1741,no,no,cellular,24,jul,2,0,0,unknown,0,0.4867054458589526
44,management,married,tertiary,no,1788,no,no,cellular,5,aug,2,0,0,unknown,0,0.48670417865457993
44,management,divorced,tertiary,no,935,no,no,cellular,11,aug,5,0,0,unknown,0,0.4866079658799016
43,management,divorced,tertiary,no,666,no,no,cellular,13,aug,3,0,0,unknown,0,0.4865500794048188
56,technician,married,secondary,no,803,no,no,cellular,18,nov,2,0,0,unknown,0,0.4864887609971999
35,unknown,married,primary,no,634,no,no,cellular,7,jul,2,0,0,unknown,0,0.48645439072375785
40,blue-collar,married,secondary,no,755,no,no,cellular,23,jul,1,0,0,unknown,0,0.4864376007325306
26,management,single,tertiary,no,114,yes,no,cellular,7,may,1,0,0,unknown,0,0.4864280564100843
32,blue-collar,single,tertiary,no,3014,yes,no,cellular,7,may,2,0,0,unknown,0,0.48638149471240166
41,services,single,secondary,no,92,no,no,cellular,21,nov,1,0,0,unknown,0,0.4863615227250407
26,blue-collar,single,primary,no,-35,no,no,cellular,16,jul,1,0,0,unknown,0,0.4863336501400687
57,management,married,tertiary,no,412,no,no,cellular,20,nov,1,0,0,unknown,0,0.4862348417111367
30,management,single,tertiary,no,4319,yes,no,cellular,19,nov,1,0,0,unknown,0,0.48621454298666394
30,management,single,secondary,no,269,no,yes,cellular,7,jul,2,0,0,unknown,0,0.4861595645028662
51,blue-collar,married,secondary,no,955,no,yes,cellular,17,dec,3,0,0,unknown,0,0.4861305328265893
34,blue-collar,single,primary,no,4260,yes,no,cellular,15,may,1,0,0,unknown,0,0.48610618075451223
31,management,married,tertiary,no,4015,yes,no,cellular,2,feb,2,241,3,other,1,0.4860500944973634
36,management,single,tertiary,no,419,no,no,cellular,12,aug,2,0,0,unknown,0,0.486022275323733
36,management,single,tertiary,no,1013,yes,no,cellular,10,jul,1,0,0,unknown,0,0.4856925022940417
29,management,single,tertiary,no,471,yes,no,cellular,6,may,1,0,0,unknown,0,0.4856397777585133
25,student,single,secondary,no,1116,yes,no,cellular,12,may,2,71,3,failure,1,0.4855306564778033
36,blue-collar,single,primary,no,1959,yes,no,cellular,13,may,1,0,0,unknown,0,0.4854835835271125
57,management,married,tertiary,no,2101,no,no,cellular,18,nov,5,0,0,unknown,0,0.4853895663132839
30,services,single,secondary,no,245,no,yes,cellular,8,jul,2,0,0,unknown,0,0.4852616550844997
51,technician,divorced,tertiary,no,4596,no,no,cellular,8,aug,5,0,0,unknown,0,0.48525966594175707
52,admin.,married,secondary,no,4493,no,no,cellular,21,nov,3,0,0,unknown,0,0.4852437254480884
31,management,single,secondary,no,202,yes,no,cellular,8,jul,1,62,1,failure,1,0.48520103193663044
28,management,single,tertiary,no,466,yes,no,cellular,23,jul,2,0,0,unknown,0,0.4850692712514466
30,management,single,secondary,no,8101,yes,no,cellular,21,nov,1,0,0,unknown,0,0.4850553914429731
43,management,married,tertiary,no,2640,no,no,cellular,21,nov,4,0,0,unknown,0,0.48442844702731624
33,blue-collar,single,secondary,no,5137,yes,no,cellular,6,may,1,0,0,unknown,0,0.48426172884930646
45,housemaid,married,secondary,no,4068,no,no,cellular,20,aug,1,0,0,unknown,0,0.48415373993872385
29,technician,single,secondary,no,525,yes,no,cellular,16,apr,2,0,0,unknown,0,0.48391898292260005
47,management,divorced,tertiary,no,800,no,no,cellular,12,aug,5,0,0,unknown,0,0.48391420705288424
37,management,married,tertiary,yes,0,no,no,cellular,17,nov,1,123,2,failure,1,0.4839063018260831
50,admin.,married,secondary,no,-185,no,no,cellular,2,feb,1,0,0,unknown,0,0.48382000899735933
34,management,single,tertiary,no,705,yes,no,cellular,6,may,3,0,0,unknown,0,0.4834478697116703
29,technician,single,secondary,no,1706,yes,no,cellular,18,jul,2,0,0,unknown,0,0.48333695326753134
52,management,single,tertiary,no,37,no,no,cellular,7,jul,1,0,0,unknown,0,0.48333042164782797
33,management,single,tertiary,no,361,yes,no,cellular,2,feb,1,0,0,unknown,0,0.4832936179433045
36,management,single,tertiary,no,2944,no,no,cellular,18,aug,8,0,0,unknown,0,0.483276647397267
47,technician,married,secondary,no,912,no,no,cellular,21,nov,2,0,0,unknown,0,0.4832416434582551
44,housemaid,divorced,primary,no,629,no,no,cellular,30,jul,4,0,0,unknown,0,0.48291132553020866
57,retired,married,secondary,no,4490,no,no,cellular,7,aug,2,0,0,unknown,0,0.4829015353938304
34,management,single,tertiary,no,2347,no,yes,cellular,17,nov,1,0,0,unknown,0,0.4828658180373764
42,management,married,secondary,no,1331,no,no,cellular,23,jul,2,0,0,unknown,0,0.48271987631020674
31,technician,single,secondary,no,198,no,no,cellular,30,jan,4,0,0,unknown,0,0.48271238546768364
30,management,single,tertiary,no,77,no,no,cellular,22,jul,1,0,0,unknown,0,0.4826902177006158
51,technician,married,secondary,no,216,no,no,cellular,7,jul,2,0,0,unknown,0,0.4826373804281301
32,technician,single,secondary,no,3586,no,no,cellular,18,aug,3,0,0,unknown,0,0.48250874989658826
32,management,single,tertiary,no,207,yes,no,cellular,2,feb,1,0,0,unknown,0,0.4824475626528646
28,unemployed,single,secondary,no,16,no,no,cellular,12,aug,4,0,0,unknown,0,0.4823916216004036
34,management,single,unknown,no,6013,yes,no,cellular,18,may,1,0,0,unknown,0,0.48221055988551886
35,blue-collar,single,unknown,no,88,no,no,cellular,13,may,2,0,0,unknown,0,0.4821610729235374
37,housemaid,married,primary,no,577,no,no,cellular,14,jul,2,0,0,unknown,0,0.48213666784053005
53,technician,married,unknown,no,2242,no,no,cellular,10,jul,14,0,0,unknown,0,0.4820167807617994
55,self-employed,married,secondary,no,181,no,no,cellular,4,aug,1,0,0,unknown,0,0.4820000845281839
32,management,single,tertiary,no,6542,yes,no,cellular,15,may,4,175,5,failure,1,0.48192274537284957
33,management,married,tertiary,no,2173,yes,no,cellular,15,apr,1,0,0,unknown,0,0.48191252689695746
27,services,single,secondary,no,-151,no,no,cellular,8,jul,2,0,0,unknown,0,0.4819023936893702
49,self-employed,married,tertiary,no,8142,no,no,telephone,18,nov,1,0,0,unknown,0,0.4818459607256714
38,services,married,secondary,no,706,no,no,cellular,18,nov,2,0,0,unknown,0,0.481828811582105
51,housemaid,married,secondary,no,1270,no,no,cellular,29,jan,3,0,0,unknown,0,0.4816285642805639
51,technician,married,secondary,no,117,no,no,cellular,18,feb,2,0,0,unknown,0,0.48153729311061805
33,blue-collar,married,secondary,no,358,no,no,cellular,11,may,1,350,1,failure,1,0.4810426184182461
27,blue-collar,single,secondary,no,137,no,yes,cellular,25,jul,1,0,0,unknown,0,0.48095508573104917
49,management,married,tertiary,no,999,no,no,cellular,18,nov,4,0,0,unknown,0,0.4807307196133815
60,housemaid,married,unknown,no,15681,no,no,cellular,30,jul,3,0,0,unknown,0,0.48069525314682127
26,services,single,secondary,no,50,yes,no,cellular,12,aug,1,0,0,unknown,0,0.480665763210478
33,self-employed,married,tertiary,no,980,no,no,cellular,25,jul,3,0,0,unknown,0,0.48064374161488993
37,management,married,tertiary,no,4357,no,no,cellular,31,jul,2,0,0,unknown,0,0.4805792814777914
48,technician,married,secondary,no,761,no,no,cellular,21,nov,2,0,0,unknown,0,0.4804716026562053
42,management,married,tertiary,no,2772,yes,no,cellular,2,apr,1,0,0,unknown,0,0.48039939646305724
37,unemployed,married,tertiary,no,1236,no,no,cellular,29,jul,2,0,0,unknown,0,0.48038515660058306
44,management,divorced,tertiary,no,0,no,no,cellular,10,aug,1,0,0,unknown,0,0.48028506440799434
34,technician,single,secondary,no,102,no,no,cellular,30,jan,1,0,0,unknown,0,0.4802042541263888
27,self-employed,single,tertiary,no,560,no,no,telephone,3,sep,9,465,2,failure,1,0.48018107443318814
41,admin.,married,secondary,no,158,yes,no,cellular,1,oct,2,120,4,other,1,0.4801744330959428
45,management,married,tertiary,no,3857,yes,no,cellular,2,feb,1,0,0,unknown,0,0.48015537378063533
29,technician,single,tertiary,no,226,yes,no,cellular,15,may,1,0,0,unknown,0,0.47987867703575593
29,admin.,single,secondary,no,305,yes,no,cellular,6,may,2,0,0,unknown,0,0.47984624532512066
36,management,married,tertiary,no,612,no,no,cellular,25,jul,2,0,0,unknown,0,0.4797055643731239
52,services,married,secondary,no,1645,no,no,cellular,28,aug,1,0,0,unknown,0,0.4795735249380372
33,technician,single,tertiary,no,81,no,no,cellular,18,jul,1,0,0,unknown,0,0.47929820778805876
57,retired,married,secondary,no,6610,no,no,cellular,14,aug,2,0,0,unknown,0,0.47928444824067823
47,management,married,tertiary,no,2597,no,no,cellular,31,jul,2,0,0,unknown,0,0.47917816376036254
47,management,married,tertiary,no,2261,no,no,cellular,31,jul,2,0,0,unknown,0,0.47917816376036254
48,management,married,tertiary,no,1808,yes,no,cellular,26,feb,1,0,0,unknown,0,0.47908963906608565
35,services,married,secondary,no,-50,no,no,cellular,2,feb,1,0,0,unknown,0,0.47902923392096697
32,technician,single,secondary,no,324,no,yes,cellular,23,feb,1,0,0,unknown,0,0.4789803958254872
26,admin.,single,secondary,no,1690,no,yes,cellular,28,jul,3,0,0,unknown,0,0.47895996245377814
56,management,married,tertiary,no,705,no,no,cellular,19,nov,2,0,0,unknown,0,0.47883652529199117
47,housemaid,single,primary,no,2785,yes,no,cellular,13,may,1,0,0,unknown,0,0.4788177293297562
57,retired,married,secondary,no,2714,no,no,cellular,12,aug,2,0,0,unknown,0,0.47861321751250313
47,technician,divorced,secondary,no,691,no,no,cellular,14,aug,2,0,0,unknown,0,0.4786092617736225
33,management,single,secondary,no,802,yes,no,cellular,6,may,1,0,0,unknown,0,0.4784185621986883
31,management,single,tertiary,no,796,no,yes,cellular,21,nov,1,0,0,unknown,0,0.47838962353256187
42,services,single,secondary,no,2348,yes,no,cellular,7,may,2,0,0,unknown,0,0.47835395505169154
31,unemployed,single,secondary,no,284,yes,no,cellular,2,feb,1,0,0,unknown,0,0.4782943208448209
29,technician,married,tertiary,no,676,no,no,cellular,28,jul,4,0,0,unknown,0,0.47822468632116577
31,admin.,single,tertiary,no,0,no,no,cellular,17,nov,1,0,0,unknown,0,0.47784655119644726
29,technician,single,secondary,no,281,yes,no,cellular,7,may,1,0,0,unknown,0,0.4777821457942752
57,management,married,secondary,no,2155,no,yes,cellular,10,nov,3,91,2,failure,1,0.4777756859387447
31,admin.,single,secondary,no,554,yes,no,cellular,5,feb,1,0,0,unknown,0,0.47760192470276785
35,technician,single,tertiary,no,0,no,no,cellular,14,jan,7,0,0,unknown,0,0.4775349491219524
32,management,single,tertiary,no,312,no,no,cellular,7,aug,3,0,0,unknown,0,0.4774883639796862
53,entrepreneur,married,unknown,no,352,no,no,cellular,21,nov,1,0,0,unknown,0,0.4774714741756233
36,management,single,tertiary,no,5340,yes,no,cellular,7,aug,4,0,0,unknown,0,0.47736124915130623
40,entrepreneur,single,secondary,no,943,yes,no,cellular,4,feb,3,0,0,unknown,0,0.47720743663350484
53,management,married,tertiary,no,1313,no,no,cellular,4,aug,2,0,0,unknown,0,0.47720695850648304
28,services,single,secondary,no,168,yes,no,cellular,7,may,1,0,0,unknown,0,0.4772055059317449
31,services,single,secondary,no,3677,yes,no,cellular,5,may,2,0,0,unknown,0,0.477023530406367
35,unemployed,married,secondary,no,759,no,no,cellular,19,nov,3,0,0,unknown,0,0.4769611317076237
35,management,married,tertiary,no,365,no,no,cellular,21,nov,2,0,0,unknown,0,0.47694927926953357
58,management,married,tertiary,no,16264,no,no,telephone,17,nov,3,0,0,unknown,0,0.4768136304732141
61,management,married,tertiary,no,0,yes,yes,cellular,7,dec,2,0,0,unknown,0,0.47674571789812276
54,technician,married,secondary,no,433,no,no,cellular,29,jan,2,0,0,unknown,0,0.47669013335616095
53,retired,married,tertiary,no,7132,no,no,cellular,13,aug,2,0,0,unknown,0,0.4766257027767532
53,unemployed,married,secondary,no,4487,no,no,cellular,31,jul,2,0,0,unknown,0,0.47661452838205226
34,technician,single,tertiary,no,2658,yes,no,cellular,13,aug,2,0,0,unknown,0,0.4763689856190741
55,retired,married,tertiary,no,357,yes,no,cellular,30,apr,1,0,0,unknown,0,0.4763627229833125
38,management,married,tertiary,no,1198,yes,no,cellular,2,feb,1,0,0,unknown,0,0.47634737484019896
34,services,married,secondary,no,2956,no,no,cellular,6,aug,2,0,0,unknown,0,0.47628892757738844
46,technician,married,secondary,no,0,no,no,telephone,20,apr,2,0,0,unknown,0,0.4762443584164838
45,technician,married,primary,no,6535,no,no,cellular,30,jul,2,0,0,unknown,0,0.4758904418442741
49,technician,married,secondary,no,3144,no,no,cellular,31,jul,2,0,0,unknown,0,0.47584106769907847
32,management,single,tertiary,no,4262,yes,no,cellular,19,nov,1,0,0,unknown,0,0.4758035058037813
50,management,married,tertiary,no,2050,no,no,cellular,6,aug,3,0,0,unknown,0,0.47573126718243275
41,admin.,single,secondary,no,242,no,yes,cellular,9,feb,3,0,0,unknown,0,0.4756118546205883
33,technician,single,secondary,no,1733,yes,no,cellular,14,may,3,0,0,unknown,0,0.47550968435150787
30,admin.,single,tertiary,no,0,yes,no,cellular,4,feb,2,0,0,unknown,0,0.4754768348706843
56,retired,married,secondary,no,485,no,no,cellular,30,jul,2,0,0,unknown,0,0.47546785880790565
46,entrepreneur,married,primary,no,0,no,no,cellular,2,feb,1,0,0,unknown,0,0.47543778587401364
51,blue-collar,married,primary,no,720,no,no,cellular,7,jul,5,0,0,unknown,0,0.47543189192375496
33,student,single,tertiary,no,882,yes,no,cellular,6,feb,1,0,0,unknown,0,0.47541252092583297
37,management,married,tertiary,no,4044,no,no,cellular,12,aug,4,0,0,unknown,0,0.4753638365384758
35,management,single,secondary,no,329,no,no,cellular,23,jul,8,0,0,unknown,0,0.4753618173430371
37,technician,married,secondary,no,95,no,no,cellular,6,feb,3,0,0,unknown,0,0.47532267344174167
20,blue-collar,single,secondary,no,423,yes,no,cellular,16,apr,1,0,0,unknown,0,0.4752655091437727
42,technician,single,secondary,no,541,yes,no,cellular,5,feb,1,0,0,unknown,0,0.47514794781706143
44,admin.,married,tertiary,no,688,no,no,telephone,19,nov,1,0,0,unknown,0,0.4751165652426376
31,management,single,tertiary,no,3981,yes,no,cellular,18,jul,1,0,0,unknown,0,0.4750542892087198
29,admin.,single,secondary,no,200,yes,no,cellular,18,may,1,0,0,unknown,0,0.4750186775156212
37,blue-collar,married,secondary,no,-67,no,no,cellular,2,feb,1,0,0,unknown,0,0.47501234419484595
27,blue-collar,single,secondary,no,48,no,no,cellular,10,jul,6,0,0,unknown,0,0.4749756424185296
41,management,married,tertiary,no,217,no,no,cellular,19,nov,1,0,0,unknown,0,0.47495675717279
37,technician,single,secondary,no,194,yes,no,cellular,2,feb,1,0,0,unknown,0,0.47490709464915937
50,management,single,secondary,no,4527,yes,no,cellular,14,may,1,0,0,unknown,0,0.4749006795785493
46,management,married,tertiary,no,1388,no,no,cellular,19,nov,5,0,0,unknown,0,0.47480989179721567
33,services,single,secondary,no,0,no,no,cellular,8,jul,2,0,0,unknown,0,0.47469593078683225
29,technician,single,tertiary,no,2485,no,no,telephone,24,jul,6,0,0,unknown,0,0.47468339729757547
38,management,single,tertiary,no,2454,yes,no,cellular,14,aug,2,0,0,unknown,0,0.4746594414753591
28,technician,single,tertiary,no,230,yes,no,cellular,20,apr,3,0,0,unknown,0,0.47460441313631013
48,management,single,tertiary,no,5904,yes,no,cellular,12,aug,2,0,0,unknown,0,0.474580830682835
44,self-employed,married,secondary,no,465,no,no,cellular,22,aug,1,0,0,unknown,0,0.4741851200718674
27,technician,single,unknown,no,0,yes,no,cellular,2,feb,1,0,0,unknown,0,0.47417141073604946
52,technician,married,secondary,no,137,no,no,cellular,6,jul,2,0,0,unknown,0,0.47416820987291836
38,management,single,tertiary,no,8953,no,yes,cellular,20,nov,1,0,0,unknown,0,0.4741271737932592
43,management,married,tertiary,no,182,no,no,cellular,28,jan,1,0,0,unknown,0,0.474121348415115
53,housemaid,married,secondary,no,637,no,no,cellular,28,jan,2,0,0,unknown,0,0.47410744543583305
34,management,married,tertiary,no,5334,no,no,cellular,7,aug,4,0,0,unknown,0,0.4740590643154173
51,blue-collar,married,secondary,no,2918,no,no,cellular,5,aug,2,0,0,unknown,0,0.4740408437582304
58,management,married,tertiary,no,14922,no,no,cellular,5,aug,2,0,0,unknown,0,0.47396908150015493
36,management,married,tertiary,no,2195,no,no,cellular,14,aug,4,0,0,unknown,0,0.47391353039300244
28,admin.,single,secondary,no,579,yes,no,cellular,21,jul,2,0,0,unknown,0,0.47383778220693934
33,blue-collar,single,secondary,no,1254,yes,no,cellular,14,apr,1,0,0,unknown,0,0.473766852928709
27,unemployed,single,secondary,no,0,no,yes,cellular,3,feb,2,0,0,unknown,0,0.4733694088796657
28,self-employed,single,secondary,no,241,yes,no,cellular,9,jul,1,0,0,unknown,0,0.47334853427619344
32,management,married,tertiary,no,2414,no,no,cellular,12,aug,4,0,0,unknown,0,0.4733145504741161
42,admin.,divorced,secondary,no,490,no,no,cellular,31,jul,4,0,0,unknown,0,0.4732751618036948
31,management,divorced,tertiary,no,416,no,no,cellular,11,aug,2,0,0,unknown,0,0.473201491966702
34,self-employed,single,tertiary,no,1943,yes,no,cellular,16,apr,2,0,0,unknown,0,0.4731528859809558
31,technician,single,secondary,no,388,no,no,cellular,11,aug,2,0,0,unknown,0,0.47307863095431396
52,admin.,married,secondary,no,799,no,no,cellular,21,jul,2,0,0,unknown,0,0.4730577676093891
35,admin.,single,secondary,no,847,yes,no,cellular,11,may,2,0,0,unknown,0,0.47305366858648057
34,blue-collar,single,secondary,no,783,yes,no,cellular,4,feb,1,0,0,unknown,0,0.4730244058325866
58,retired,married,primary,no,4158,no,no,cellular,13,aug,2,0,0,unknown,0,0.4728741936050492
56,retired,married,secondary,no,6114,no,no,telephone,29,jul,2,0,0,unknown,0,0.4727907000355085
58,management,married,tertiary,no,5942,no,no,cellular,12,aug,2,0,0,unknown,0,0.47276464076964964
50,management,married,tertiary,no,3284,yes,no,cellular,4,feb,2,271,3,failure,1,0.4727577406195044
28,admin.,single,secondary,no,-36,yes,no,cellular,18,may,1,0,0,unknown,0,0.4726623655714176
30,management,single,tertiary,no,717,yes,no,cellular,13,aug,3,0,0,unknown,0,0.4726267832744457
30,management,single,tertiary,no,552,yes,no,cellular,5,aug,2,0,0,unknown,0,0.4726135848708121
38,technician,single,tertiary,no,2273,yes,no,cellular,17,apr,1,0,0,unknown,0,0.47258177230820564
48,admin.,single,secondary,no,1234,yes,no,cellular,8,apr,1,0,0,unknown,0,0.4725140710473517
56,blue-collar,married,secondary,no,126,no,no,cellular,14,may,2,0,0,unknown,0,0.472483305525079
29,admin.,single,tertiary,no,8,no,no,cellular,28,jan,1,0,0,unknown,0,0.4723582235966295
31,management,single,tertiary,no,4718,yes,no,cellular,21,nov,1,0,0,unknown,0,0.4722905266977644
38,management,married,tertiary,no,0,yes,no,cellular,30,apr,1,0,0,unknown,0,0.4722023074228253
52,entrepreneur,married,tertiary,no,507,no,no,cellular,18,nov,2,0,0,unknown,0,0.47218404027092586
34,admin.,married,tertiary,no,21,no,yes,cellular,2,jun,1,92,2,failure,1,0.4720227741353533
36,management,single,tertiary,no,20,yes,no,cellular,20,apr,2,150,3,other,1,0.47201537662638804
26,technician,single,secondary,no,-168,no,yes,cellular,3,feb,1,0,0,unknown,0,0.47182154262059844
30,management,married,tertiary,no,4022,no,no,cellular,14,aug,2,0,0,unknown,0,0.4717665129814971
35,technician,married,tertiary,no,1654,no,no,cellular,7,aug,2,0,0,unknown,0,0.47161854001773146
48,technician,married,secondary,no,220,no,no,cellular,28,jan,1,0,0,unknown,0,0.47160648390977017
59,admin.,single,secondary,no,2166,yes,yes,cellular,7,may,1,0,0,unknown,0,0.471473265820492
54,management,married,tertiary,no,2819,no,no,cellular,7,aug,3,0,0,unknown,0,0.4714114401557741
28,blue-collar,single,secondary,no,53,yes,no,cellular,13,may,1,0,0,unknown,0,0.4714108531945404
45,management,married,tertiary,no,1293,no,no,telephone,16,jul,3,0,0,unknown,0,0.47109124963547705
39,technician,divorced,secondary,no,1972,yes,no,cellular,9,feb,3,0,0,unknown,0,0.47099966542088245
27,services,single,tertiary,no,691,no,yes,cellular,6,feb,12,0,0,unknown,0,0.47098787059100367
30,technician,single,secondary,no,411,yes,no,cellular,16,apr,1,0,0,unknown,0,0.4709400884804086
57,unknown,married,primary,no,1884,no,no,telephone,28,jun,4,0,0,unknown,0,0.4708432783068328
31,management,single,tertiary,no,1536,no,no,cellular,22,aug,2,0,0,unknown,0,0.4708117258942098
34,management,single,tertiary,no,1396,yes,no,cellular,17,jul,1,0,0,unknown,0,0.4707987129931815
35,technician,single,secondary,no,2496,yes,no,cellular,20,apr,2,0,0,unknown,0,0.47075057007470383
39,technician,married,secondary,no,130,no,no,cellular,8,jul,2,0,0,unknown,0,0.47072506120710533
54,blue-collar,married,primary,no,258,no,no,telephone,26,feb,1,0,0,unknown,0,0.47067967876728667
27,student,single,tertiary,no,24,yes,no,cellular,2,feb,2,0,0,unknown,0,0.47064407694836063
35,blue-collar,single,secondary,no,3507,yes,no,cellular,8,may,2,0,0,unknown,0,0.47063192161488027
31,management,married,tertiary,no,6980,no,no,cellular,12,aug,2,0,0,unknown,0,0.47060366846402496
42,technician,single,secondary,no,555,yes,no,cellular,5,feb,2,0,0,unknown,0,0.4705984393744093
46,management,married,tertiary,no,1698,yes,no,cellular,6,feb,1,0,0,unknown,0,0.47059687989741117
33,admin.,married,secondary,no,0,no,no,cellular,4,nov,3,0,0,unknown,0,0.4705207491102471
52,management,married,tertiary,no,3508,no,no,cellular,12,aug,2,0,0,unknown,0,0.47044473780019225
59,management,married,tertiary,no,1857,no,no,cellular,14,aug,4,0,0,unknown,0,0.47044122955722206
34,technician,married,secondary,no,672,no,no,cellular,23,jul,3,0,0,unknown,0,0.4704101685578764
28,blue-collar,single,secondary,no,371,yes,no,cellular,23,jul,2,0,0,unknown,0,0.47037972912147114
37,management,single,tertiary,no,4543,yes,no,cellular,8,may,1,340,5,failure,1,0.4703225114273687
42,admin.,married,secondary,no,947,no,no,cellular,30,jul,2,0,0,unknown,0,0.4702718851722254
55,management,married,tertiary,no,42,no,no,cellular,26,may,1,0,0,unknown,0,0.4701067699546929
51,admin.,married,tertiary,no,0,yes,yes,cellular,8,mar,2,0,0,unknown,0,0.47006997589267047
37,management,married,tertiary,no,3288,no,no,cellular,8,aug,2,0,0,unknown,0,0.47002791013118544
35,management,married,tertiary,no,3161,no,no,cellular,8,aug,2,0,0,unknown,0,0.47002791013118544
30,technician,single,secondary,no,281,no,no,cellular,12,aug,2,0,0,unknown,0,0.4699638989105881
72,retired,single,unknown,no,588,no,yes,cellular,5,mar,3,0,0,unknown,0,0.4699018044665931
37,management,single,tertiary,no,0,no,no,cellular,7,jul,3,0,0,unknown,0,0.46986974105989643
41,technician,married,secondary,no,3432,no,no,cellular,6,aug,3,0,0,unknown,0,0.4697737754797153
51,management,married,tertiary,no,10077,no,no,cellular,7,aug,2,0,0,unknown,0,0.46971566730769404
36,management,married,tertiary,no,521,no,yes,cellular,18,nov,2,152,1,other,1,0.4695733968387129
54,self-employed,married,tertiary,no,542,no,no,telephone,6,feb,5,0,0,unknown,0,0.4695341692916214
30,self-employed,single,secondary,no,1031,no,no,unknown,20,oct,1,0,0,unknown,0,0.4694808069374902
58,retired,married,unknown,no,928,no,no,telephone,4,aug,2,0,0,unknown,0,0.469410579562776
31,services,single,secondary,no,8,no,no,cellular,7,jul,3,0,0,unknown,0,0.46930810316414956
45,management,married,tertiary,no,2671,no,no,cellular,14,aug,4,0,0,unknown,0,0.46929964608247937
32,services,single,secondary,no,385,yes,no,cellular,14,may,2,0,0,unknown,0,0.46924473869321
39,admin.,married,secondary,no,159,no,no,cellular,19,nov,1,0,0,unknown,0,0.4692272243977233
33,technician,divorced,secondary,no,801,no,no,cellular,7,aug,5,0,0,unknown,0,0.4692140744031969
42,blue-collar,single,tertiary,no,1736,no,no,telephone,21,jul,2,0,0,unknown,0,0.46918116659378006
33,management,married,tertiary,no,1504,no,no,cellular,12,aug,2,0,0,unknown,0,0.46909692493757327
31,management,single,tertiary,no,574,yes,no,cellular,16,jul,2,0,0,unknown,0,0.4690526897053678
33,blue-collar,single,secondary,no,228,no,no,telephone,5,may,1,89,4,failure,1,0.4690143542620131
37,management,married,tertiary,no,1300,yes,no,cellular,16,apr,1,0,0,unknown,0,0.46900668091098346
50,management,married,tertiary,no,2296,no,no,cellular,12,aug,2,0,0,unknown,0,0.4689944316547189
28,admin.,single,secondary,no,649,yes,no,cellular,25,jul,3,0,0,unknown,0,0.4689226821899134
32,management,married,tertiary,no,1517,no,no,cellular,13,aug,3,0,0,unknown,0,0.4688995967516209
46,services,married,primary,no,13118,no,no,cellular,5,aug,2,0,0,unknown,0,0.4688948418538037
39,management,married,tertiary,no,1572,no,no,cellular,7,aug,4,0,0,unknown,0,0.46881377741977737
25,blue-collar,single,secondary,no,84,yes,no,cellular,18,may,2,0,0,unknown,0,0.46877010574940625
36,management,single,tertiary,no,265,yes,no,cellular,17,apr,1,0,0,unknown,0,0.468742086846867
40,admin.,single,secondary,no,963,yes,no,cellular,7,apr,1,0,0,unknown,0,0.4687135276860619
50,entrepreneur,divorced,tertiary,no,1790,no,yes,cellular,6,feb,3,0,0,unknown,0,0.46867286656780033
25,blue-collar,married,secondary,no,4280,no,yes,cellular,8,jul,2,0,0,unknown,0,0.468655783036285
31,blue-collar,single,secondary,no,210,yes,yes,cellular,15,may,1,0,0,unknown,0,0.46863164067721497
41,management,married,tertiary,no,3353,no,no,cellular,8,aug,2,0,0,unknown,0,0.46861447817919133
30,admin.,single,secondary,no,983,yes,no,cellular,27,may,2,0,0,unknown,0,0.46829115791674214
52,management,married,tertiary,no,547,no,no,cellular,5,aug,2,0,0,unknown,0,0.46828657931142864
42,self-employed,married,secondary,no,399,no,no,cellular,28,jan,2,0,0,unknown,0,0.4682669955242136
41,blue-collar,divorced,secondary,no,388,no,no,cellular,14,aug,2,0,0,unknown,0,0.46825680674163755
30,unemployed,single,primary,no,1,no,no,cellular,18,nov,2,0,0,unknown,0,0.4678319938441177
32,admin.,single,tertiary,no,3816,yes,no,cellular,21,nov,3,0,0,unknown,0,0.46782284325718093
30,services,single,secondary,no,297,yes,no,cellular,12,may,2,0,0,unknown,0,0.46781087833865576
57,management,married,tertiary,no,372,no,no,cellular,21,nov,3,0,0,unknown,0,0.46778940070306746
28,admin.,single,secondary,no,352,yes,yes,cellular,18,may,1,0,0,unknown,0,0.46775965199065456
31,technician,married,secondary,no,84,no,no,cellular,15,may,2,0,0,unknown,0,0.4677459907312758
30,technician,single,secondary,no,4888,yes,no,cellular,20,nov,2,0,0,unknown,0,0.46772942089562425
33,housemaid,single,tertiary,no,23663,yes,no,cellular,16,apr,2,146,2,failure,1,0.46772533503385416
34,blue-collar,single,primary,no,4723,yes,no,cellular,18,may,3,0,0,unknown,0,0.46769166330682377
37,admin.,single,secondary,no,597,yes,no,cellular,5,may,1,0,0,unknown,0,0.467665156293869
36,management,single,tertiary,no,5171,yes,no,cellular,21,nov,1,0,0,unknown,0,0.46752589723972443
31,technician,single,secondary,no,3500,yes,no,cellular,19,nov,1,0,0,unknown,0,0.4675017335807643
48,admin.,married,secondary,no,2088,no,yes,cellular,4,feb,1,0,0,unknown,0,0.4674891846197534
29,management,single,tertiary,no,0,yes,no,cellular,12,may,2,0,0,unknown,0,0.4674275346400815
21,technician,single,tertiary,no,61,no,yes,cellular,8,jul,1,0,0,unknown,0,0.46738776136954263
59,management,divorced,tertiary,no,893,yes,no,cellular,16,apr,4,0,0,unknown,0,0.46728353764875413
39,management,divorced,tertiary,no,5009,yes,no,cellular,15,jul,2,0,0,unknown,0,0.4672690159849764
31,management,single,tertiary,no,518,yes,no,cellular,18,may,1,0,0,unknown,0,0.46726368948909164
32,technician,single,secondary,no,1732,yes,no,cellular,14,aug,3,0,0,unknown,0,0.46725771503149033
31,admin.,single,secondary,no,320,yes,no,cellular,15,may,2,0,0,unknown,0,0.46715333411142945
54,self-employed,married,secondary,no,3529,no,no,cellular,4,aug,2,0,0,unknown,0,0.4671326237862033
30,management,single,tertiary,no,502,no,yes,cellular,18,jul,1,0,0,unknown,0,0.4670141407623929
59,unemployed,married,primary,no,13836,no,no,telephone,20,nov,1,0,0,unknown,0,0.46699512845056196
40,entrepreneur,divorced,secondary,no,1247,yes,no,cellular,2,feb,2,0,0,unknown,0,0.4669905783404784
46,services,divorced,primary,no,3854,yes,no,cellular,17,apr,2,150,4,other,1,0.4668273573255986
26,services,married,secondary,no,199,no,no,cellular,24,jul,6,0,0,unknown,0,0.46679696573192153
35,technician,single,tertiary,no,364,no,yes,cellular,9,jul,3,0,0,unknown,0,0.46672947161462025
56,blue-collar,married,primary,no,115,no,no,telephone,4,feb,1,0,0,unknown,0,0.46661663654692215
50,admin.,married,secondary,no,858,no,no,cellular,9,jul,12,0,0,unknown,0,0.46660777352239213
52,services,divorced,secondary,no,-57,no,no,cellular,5,feb,1,0,0,unknown,0,0.4665483988130355
36,management,single,tertiary,no,953,yes,no,cellular,17,apr,1,346,1,other,1,0.4664375357970711
57,management,married,tertiary,no,4547,no,no,cellular,7,aug,4,0,0,unknown,0,0.4663976562965511
32,management,single,tertiary,no,509,no,yes,cellular,19,nov,2,0,0,unknown,0,0.46638120595184107
40,technician,single,tertiary,no,1646,yes,no,cellular,2,feb,1,242,2,failure,1,0.46636938523793037
32,management,single,tertiary,no,229,yes,no,cellular,18,may,1,0,0,unknown,0,0.4663412305743811
30,services,single,secondary,no,188,no,no,cellular,14,aug,2,0,0,unknown,0,0.4663289337055611
59,management,married,tertiary,no,1308,no,no,cellular,30,jul,4,0,0,unknown,0,0.46627928065380275
28,self-employed,single,tertiary,no,222,no,yes,cellular,21,jul,1,0,0,unknown,0,0.46627736674185416
30,technician,married,tertiary,no,141,no,no,cellular,29,jan,2,0,0,unknown,0,0.46619696902788926
34,self-employed,single,secondary,no,1261,yes,no,cellular,9,apr,2,0,0,unknown,0,0.46618059813208246
60,housemaid,married,primary,no,11904,no,no,telephone,6,jul,3,0,0,unknown,0,0.466117346239084
33,technician,single,tertiary,no,123,no,no,cellular,19,aug,1,0,0,unknown,0,0.466089426104016
32,management,single,tertiary,no,819,yes,no,cellular,20,apr,2,0,0,unknown,0,0.4659622824936202
31,technician,married,tertiary,no,4089,no,no,cellular,12,aug,3,0,0,unknown,0,0.46593984656459303
55,retired,married,primary,no,1821,no,no,cellular,8,aug,2,0,0,unknown,0,0.46588860650891617
35,technician,single,tertiary,no,272,no,no,cellular,11,aug,2,0,0,unknown,0,0.46576078009477084
30,technician,single,secondary,no,1352,yes,no,cellular,13,may,4,0,0,unknown,0,0.4657133414758479
44,housemaid,married,secondary,no,829,no,no,cellular,28,jul,3,0,0,unknown,0,0.4656696069179722
29,management,single,tertiary,no,559,no,no,telephone,27,may,4,0,0,unknown,0,0.4656303508586713
40,admin.,single,secondary,no,-1,no,no,cellular,7,jul,1,0,0,unknown,0,0.4655802107092474
29,management,married,tertiary,no,198,yes,no,cellular,4,aug,1,1,1,failure,1,0.46537240640974353
33,technician,married,secondary,no,2376,no,no,cellular,7,aug,3,0,0,unknown,0,0.4652580345937051
31,services,single,tertiary,no,10122,yes,no,cellular,25,jul,1,0,0,unknown,0,0.465242780893354
35,management,single,tertiary,no,1531,yes,no,cellular,19,nov,1,0,0,unknown,0,0.46510602789809197
32,unemployed,single,secondary,no,747,yes,no,cellular,8,may,2,0,0,unknown,0,0.46504109801604593
57,management,divorced,secondary,no,396,no,no,cellular,12,aug,2,0,0,unknown,0,0.46499400895498416
44,management,married,secondary,no,8262,yes,no,cellular,6,apr,1,257,16,failure,1,0.4648822351810602
36,technician,single,tertiary,no,1324,no,no,cellular,22,aug,2,0,0,unknown,0,0.46477525486010146
55,services,married,secondary,no,4263,no,no,cellular,14,aug,2,0,0,unknown,0,0.46469338430488416
30,technician,single,tertiary,no,290,no,no,cellular,11,aug,5,0,0,unknown,0,0.46467048807566763
26,self-employed,single,tertiary,no,50,no,no,cellular,30,jul,4,0,0,unknown,0,0.4646344937206959
48,management,divorced,tertiary,no,507,yes,no,cellular,9,apr,1,0,0,unknown,0,0.46459588778557603
35,blue-collar,single,secondary,no,3508,yes,no,cellular,15,jul,3,0,0,unknown,0,0.46451668065162316
31,technician,married,secondary,no,5467,yes,no,cellular,13,apr,1,0,0,unknown,0,0.46445837047577726
33,technician,married,tertiary,no,8408,no,no,cellular,11,aug,2,0,0,unknown,0,0.4644084518890037
35,services,divorced,secondary,no,742,no,no,cellular,28,jul,7,0,0,unknown,0,0.4643799873271734
31,management,married,tertiary,no,10088,no,no,cellular,8,aug,6,0,0,unknown,0,0.46429217560866964
27,student,single,tertiary,no,4869,yes,no,cellular,15,may,2,343,4,other,1,0.4642649338220381
35,management,single,tertiary,no,620,yes,no,cellular,17,apr,2,0,0,unknown,0,0.46420018010910996
25,services,single,secondary,no,0,yes,no,cellular,7,may,1,0,0,unknown,0,0.4641424170339714
32,technician,single,secondary,no,303,no,no,cellular,14,aug,3,0,0,unknown,0,0.4641423846119717
56,management,single,tertiary,no,3694,no,no,cellular,25,aug,4,0,0,unknown,0,0.46399437766894536
39,services,single,secondary,no,315,yes,no,cellular,15,may,3,0,0,unknown,0,0.4639275006688775
31,services,single,secondary,no,-205,no,no,cellular,1,sep,1,579,1,failure,1,0.4639071302776039
33,management,single,tertiary,no,383,yes,no,cellular,9,jul,1,0,0,unknown,0,0.4638940379074409
32,management,single,tertiary,no,0,no,no,cellular,19,nov,1,0,0,unknown,0,0.4638916623577631
33,unknown,married,secondary,no,2727,no,no,cellular,6,aug,3,0,0,unknown,0,0.46368327038428936
38,management,married,tertiary,no,1223,no,no,cellular,12,aug,5,0,0,unknown,0,0.46366274542788394
40,technician,married,secondary,no,312,no,no,cellular,25,may,7,0,0,unknown,0,0.46359902046959367
51,blue-collar,married,secondary,no,7225,no,no,cellular,29,jul,2,0,0,unknown,0,0.46352348208984445
30,services,single,secondary,no,438,yes,no,cellular,21,nov,1,0,0,unknown,0,0.46351353706110165
48,technician,married,secondary,no,547,no,no,cellular,5,aug,2,0,0,unknown,0,0.4634357681947161
31,admin.,single,tertiary,no,355,yes,no,cellular,12,may,1,0,0,unknown,0,0.46338722253115916
32,management,single,tertiary,no,4582,yes,no,cellular,20,nov,3,0,0,unknown,0,0.46325756669828233
36,technician,married,secondary,no,1659,no,no,cellular,12,aug,2,0,0,unknown,0,0.46316266313577303
33,management,married,tertiary,no,22867,yes,no,cellular,10,nov,2,92,3,failure,1,0.4631169193301536
45,entrepreneur,married,tertiary,no,2476,no,no,cellular,13,aug,2,0,0,unknown,0,0.46311219705593
30,management,single,tertiary,no,368,yes,no,cellular,12,aug,2,0,0,unknown,0,0.4630083450421896
31,blue-collar,single,secondary,no,16,no,no,cellular,7,jul,1,0,0,unknown,0,0.4629859684366769
31,blue-collar,married,secondary,no,136,no,no,cellular,12,may,2,267,1,failure,1,0.4629000613528976
33,technician,single,tertiary,no,109,yes,yes,cellular,25,may,2,10,7,failure,1,0.4628993661749093
41,management,single,tertiary,no,3013,yes,no,cellular,17,nov,1,0,0,unknown,0,0.46288808701030343
38,management,single,tertiary,no,2357,yes,no,cellular,21,jul,1,0,0,unknown,0,0.46282346991596485
40,management,married,secondary,no,99,no,no,cellular,9,feb,5,0,0,unknown,0,0.46275057119685103
43,technician,married,tertiary,no,5145,no,no,cellular,7,aug,7,0,0,unknown,0,0.4627431813729497
48,admin.,married,secondary,no,1403,no,no,cellular,7,aug,2,0,0,unknown,0,0.4627347027333502
46,admin.,married,secondary,no,1804,no,no,cellular,11,aug,2,0,0,unknown,0,0.46270830528824014
33,management,married,tertiary,no,1071,no,no,cellular,12,aug,4,0,0,unknown,0,0.46268094102744045
47,admin.,married,secondary,no,1210,no,no,cellular,27,jul,4,0,0,unknown,0,0.4625774505190218
22,student,single,secondary,no,241,yes,no,cellular,13,may,1,0,0,unknown,0,0.4625529167927531
43,technician,married,secondary,no,307,no,no,cellular,21,jul,2,0,0,unknown,0,0.46255220926459834
32,management,married,tertiary,no,1208,no,no,cellular,11,aug,3,0,0,unknown,0,0.4625390629936248
55,retired,married,primary,no,3334,no,no,cellular,14,aug,4,0,0,unknown,0,0.4625377537467118
29,services,married,secondary,no,1432,no,no,cellular,22,jul,8,0,0,unknown,0,0.46246814612025244
45,housemaid,married,secondary,no,16358,no,no,telephone,19,nov,1,0,0,unknown,0,0.4622817989701394
31,blue-collar,married,primary,no,196,no,no,cellular,7,aug,1,0,0,unknown,0,0.4622735132185639
50,management,married,tertiary,no,1859,no,no,cellular,11,aug,5,0,0,unknown,0,0.4622103297272996
41,technician,married,tertiary,no,1517,no,no,cellular,8,aug,3,0,0,unknown,0,0.46216364814799243
45,blue-collar,married,primary,no,15515,no,no,cellular,4,aug,2,0,0,unknown,0,0.4621424996033842
34,blue-collar,single,primary,no,18,no,no,cellular,18,may,4,360,3,other,1,0.46204486311017506
31,technician,single,secondary,no,1222,yes,no,cellular,20,apr,3,0,0,unknown,0,0.46197759193012033
26,blue-collar,single,primary,no,16,no,yes,cellular,8,jul,2,0,0,unknown,0,0.4619676868141551
54,management,married,tertiary,no,1411,no,no,cellular,12,aug,2,0,0,unknown,0,0.4619562808928927
33,technician,single,secondary,no,315,yes,no,cellular,18,may,3,374,2,other,1,0.4618868803892241
31,management,single,tertiary,no,350,no,no,cellular,18,aug,2,0,0,unknown,0,0.4618358762941559
38,services,single,primary,no,393,yes,no,cellular,14,may,1,0,0,unknown,0,0.4616465158875877
32,technician,single,tertiary,no,1710,yes,no,cellular,15,may,1,175,3,other,1,0.46162383017220404
32,management,single,tertiary,no,3367,no,no,cellular,25,aug,4,0,0,unknown,0,0.46142441513936794
55,technician,single,secondary,no,1199,no,yes,telephone,11,aug,1,99,10,failure,1,0.46138129749001855
32,technician,single,tertiary,no,1190,yes,no,cellular,8,aug,4,0,0,unknown,0,0.46135337681575
30,management,single,tertiary,no,0,yes,no,cellular,2,apr,2,314,2,failure,1,0.4613257604369037
32,management,divorced,tertiary,no,4393,no,no,cellular,27,aug,3,0,0,unknown,0,0.4612477273623095
26,management,single,tertiary,yes,-130,yes,no,cellular,18,may,1,0,0,unknown,0,0.46114467336051645
45,technician,married,secondary,no,3241,no,no,cellular,12,aug,2,0,0,unknown,0,0.46111533366116697
40,technician,married,tertiary,no,1641,yes,no,cellular,14,apr,1,0,0,unknown,0,0.4610723261472508
56,retired,married,secondary,no,646,no,no,cellular,11,aug,2,0,0,unknown,0,0.4610563396941799
32,services,single,secondary,no,936,yes,no,cellular,18,nov,1,0,0,unknown,0,0.46087507515281345
37,technician,divorced,tertiary,no,1174,yes,no,cellular,7,apr,1,140,2,failure,1,0.4608645297095405
39,technician,single,secondary,no,4380,no,no,telephone,9,jul,8,0,0,unknown,0,0.4607962823903086
40,services,married,secondary,no,518,no,no,telephone,17,jul,1,0,0,unknown,0,0.46078982143693425
32,blue-collar,single,secondary,no,235,yes,no,cellular,12,may,1,0,0,unknown,0,0.46078353595150773
33,technician,married,secondary,no,3470,no,no,cellular,11,aug,2,0,0,unknown,0,0.46072333612075206
29,blue-collar,married,secondary,no,358,no,no,cellular,21,jul,5,0,0,unknown,0,0.4603867611140498
49,technician,married,tertiary,no,1235,no,no,cellular,13,aug,3,0,0,unknown,0,0.46025849574128513
35,blue-collar,single,secondary,no,546,yes,no,cellular,13,may,2,0,0,unknown,0,0.46025170079477534
56,management,married,tertiary,no,247,no,no,cellular,30,jul,2,0,0,unknown,0,0.4602280759978409
31,admin.,single,secondary,no,5248,no,yes,cellular,23,jul,1,0,0,unknown,0,0.46021580671020507
38,technician,married,secondary,no,114,no,no,cellular,11,jul,3,0,0,unknown,0,0.46019349112283636
49,technician,married,tertiary,no,0,no,yes,cellular,28,jul,5,252,1,failure,1,0.46010328421218133
53,services,married,unknown,no,164,no,no,cellular,29,jan,1,0,0,unknown,0,0.4600594853419348
42,services,single,secondary,no,2628,yes,no,cellular,19,nov,1,0,0,unknown,0,0.46003379184872684
32,housemaid,single,tertiary,no,23663,yes,no,cellular,21,nov,2,0,0,unknown,0,0.46000018541875953
35,blue-collar,married,unknown,no,1662,no,no,cellular,31,jul,2,0,0,unknown,0,0.45994178832340515
27,technician,divorced,secondary,no,1977,yes,no,cellular,22,may,1,0,0,unknown,0,0.4599109072385522
33,management,married,tertiary,no,1047,no,no,cellular,8,aug,4,0,0,unknown,0,0.4597774804868731
38,self-employed,single,secondary,no,677,yes,no,cellular,14,may,2,0,0,unknown,0,0.4597465591022816
38,management,single,tertiary,no,-119,yes,no,cellular,14,may,1,0,0,unknown,0,0.4596189330222519
41,technician,single,tertiary,no,15302,no,no,cellular,19,aug,4,0,0,unknown,0,0.45961505483566995
32,blue-collar,single,secondary,no,188,no,yes,cellular,18,jul,1,0,0,unknown,0,0.45957593529827284
31,blue-collar,single,secondary,no,1139,yes,no,cellular,22,jul,1,0,0,unknown,0,0.45949930538587014
48,technician,single,secondary,no,469,no,yes,cellular,9,jul,1,0,0,unknown,0,0.45949687238415554
29,technician,single,secondary,no,1856,yes,yes,cellular,18,may,1,0,0,unknown,0,0.459483411868736
30,services,single,secondary,no,495,yes,no,cellular,21,nov,1,0,0,unknown,0,0.45946867432640626
38,admin.,single,secondary,no,0,no,no,cellular,8,jul,3,0,0,unknown,0,0.45935850136236456
29,blue-collar,single,secondary,no,770,yes,no,cellular,17,apr,1,0,0,unknown,0,0.4593559521867855
27,blue-collar,single,secondary,no,240,yes,no,cellular,18,may,4,0,0,unknown,0,0.45933347060501484
34,management,single,tertiary,no,11350,yes,no,cellular,20,nov,1,0,0,unknown,0,0.45925230859746086
55,services,married,secondary,no,0,no,no,cellular,7,may,1,0,0,unknown,0,0.45913676076645776
37,unemployed,divorced,tertiary,no,1592,yes,no,cellular,16,apr,1,0,0,unknown,0,0.4591136439627659
32,technician,single,tertiary,no,548,no,no,cellular,18,aug,7,0,0,unknown,0,0.4591053441522899
25,blue-collar,single,secondary,no,224,no,yes,telephone,8,jul,4,0,0,unknown,0,0.4590562684344121
36,technician,single,tertiary,no,251,yes,no,cellular,8,may,4,0,0,unknown,0,0.45891247768200216
30,technician,single,secondary,no,156,yes,no,cellular,25,may,4,363,5,failure,1,0.4588195946681144
37,entrepreneur,single,tertiary,no,65,no,no,cellular,21,nov,10,113,4,failure,1,0.45873796180558224
31,admin.,single,tertiary,no,383,no,yes,cellular,7,jul,1,0,0,unknown,0,0.458720527004516
43,technician,divorced,tertiary,no,27,no,no,cellular,7,jul,4,0,0,unknown,0,0.45871519434101216
34,blue-collar,single,secondary,no,1239,yes,no,cellular,18,jul,1,0,0,unknown,0,0.45869307310005136
33,management,single,tertiary,no,1240,yes,no,cellular,4,feb,2,260,1,other,1,0.45867503287388894
59,admin.,divorced,tertiary,no,39,no,no,cellular,11,jul,1,0,0,unknown,0,0.45855993187123373
55,self-employed,married,secondary,no,12159,yes,no,cellular,8,apr,5,139,4,failure,1,0.45854980142941576
38,management,married,tertiary,no,1198,yes,no,cellular,3,sep,3,213,1,failure,1,0.4585134288132186
46,management,single,tertiary,no,653,no,yes,cellular,21,nov,1,0,0,unknown,0,0.4583428592550185
32,services,married,secondary,no,198,no,no,cellular,30,jan,2,0,0,unknown,0,0.4582984214018945
30,management,married,secondary,no,850,no,no,cellular,12,aug,2,0,0,unknown,0,0.45829308630725707
57,management,married,secondary,no,139,no,no,cellular,17,aug,1,0,0,unknown,0,0.45826237537914843
66,housemaid,married,primary,no,40,no,no,telephone,14,oct,2,0,0,unknown,0,0.4580094122340961
49,management,married,tertiary,no,403,no,no,cellular,31,jul,2,0,0,unknown,0,0.45795239664945014
32,management,single,tertiary,no,2629,no,no,cellular,28,aug,4,0,0,unknown,0,0.45790705459812164
36,management,single,tertiary,no,546,yes,no,cellular,6,aug,3,0,0,unknown,0,0.45781942767961664
42,management,divorced,tertiary,no,1064,no,no,cellular,18,aug,2,0,0,unknown,0,0.457722852174591
60,housemaid,married,primary,no,2008,no,no,cellular,7,aug,2,0,0,unknown,0,0.4576578955127989
28,management,single,tertiary,no,3053,no,no,telephone,18,jan,4,0,0,unknown,0,0.45761011933624735
35,management,married,tertiary,no,71,yes,no,cellular,30,apr,2,0,0,unknown,0,0.4575546500010112
40,self-employed,single,tertiary,no,1693,yes,no,cellular,17,nov,1,0,0,unknown,0,0.4575322467381169
31,technician,single,secondary,no,1188,yes,no,cellular,19,nov,1,0,0,unknown,0,0.45752416134142765
30,technician,divorced,secondary,no,2403,no,no,cellular,20,aug,2,0,0,unknown,0,0.457425526787227
22,student,single,secondary,no,466,yes,no,cellular,20,apr,1,0,0,unknown,0,0.4573914496442273
42,technician,married,secondary,no,5455,no,no,cellular,11,aug,4,0,0,unknown,0,0.45735074691160704
33,management,single,tertiary,no,2667,yes,no,cellular,18,may,1,180,3,failure,1,0.45732589364090886
35,management,single,tertiary,no,467,yes,no,cellular,14,aug,2,0,0,unknown,0,0.4572818229946819
32,technician,single,tertiary,no,654,yes,no,cellular,25,may,4,0,0,unknown,0,0.4572561994676719
47,unemployed,married,primary,no,324,no,no,cellular,21,nov,2,0,0,unknown,0,0.45712544700448027
36,management,divorced,tertiary,no,102,yes,no,cellular,14,apr,1,0,0,unknown,0,0.4569888632493342
26,blue-collar,married,secondary,no,155,no,yes,cellular,15,jul,3,0,0,unknown,0,0.45690156290406153
56,blue-collar,married,primary,no,136,no,no,cellular,4,aug,1,0,0,unknown,0,0.45685188692436823
32,blue-collar,married,secondary,no,0,no,no,cellular,6,feb,1,0,0,unknown,0,0.4568323142116876
51,blue-collar,married,secondary,no,717,no,no,cellular,5,aug,2,0,0,unknown,0,0.45679127216901355
32,admin.,single,tertiary,no,497,yes,no,cellular,13,aug,4,0,0,unknown,0,0.4567432020754753
46,blue-collar,married,primary,no,7982,no,no,cellular,8,aug,5,0,0,unknown,0,0.45674270083333596
34,management,married,tertiary,no,832,no,no,cellular,8,aug,4,0,0,unknown,0,0.4567363245788713
35,management,married,tertiary,no,481,no,no,cellular,13,aug,2,0,0,unknown,0,0.45668632264193937
36,unemployed,married,primary,no,0,no,no,cellular,6,feb,1,0,0,unknown,0,0.45668318726504253
44,blue-collar,married,secondary,no,5414,no,no,cellular,30,jul,4,0,0,unknown,0,0.45665810638189924
59,admin.,divorced,secondary,no,636,no,no,cellular,12,aug,4,0,0,unknown,0,0.4564723547342189
33,entrepreneur,married,unknown,no,73,yes,no,cellular,11,aug,1,263,2,failure,1,0.45637422871714284
41,management,married,tertiary,no,881,no,no,cellular,8,aug,2,0,0,unknown,0,0.4563175032797721
24,admin.,single,secondary,no,3505,yes,no,cellular,18,may,1,355,1,other,1,0.45631262350936036
33,management,married,tertiary,no,519,no,no,cellular,12,aug,3,0,0,unknown,0,0.45630418173196374
29,student,single,tertiary,no,652,yes,no,cellular,22,jul,1,0,0,unknown,0,0.4563031939523025
47,management,married,tertiary,no,902,no,no,cellular,8,aug,3,0,0,unknown,0,0.4562205195481572
55,management,married,tertiary,no,543,no,no,cellular,7,aug,2,0,0,unknown,0,0.45621665701974473
26,blue-collar,single,secondary,no,188,yes,yes,cellular,21,jul,1,0,0,unknown,0,0.45618405841273235
51,management,single,tertiary,no,1202,yes,no,cellular,18,nov,1,0,0,unknown,0,0.45610552116910674
30,technician,single,tertiary,no,699,yes,no,cellular,11,aug,4,0,0,unknown,0,0.456098637386212
30,unemployed,single,secondary,no,0,yes,no,cellular,16,apr,1,0,0,unknown,0,0.45603911894935983
42,technician,single,tertiary,no,135,no,no,cellular,6,aug,2,0,0,unknown,0,0.45602263341208277
26,technician,single,secondary,no,1842,yes,yes,cellular,22,jul,1,0,0,unknown,0,0.45600394079431156
49,technician,married,secondary,no,2765,no,no,cellular,13,aug,4,0,0,unknown,0,0.45597701573995586
30,management,single,tertiary,no,347,no,no,cellular,22,aug,2,0,0,unknown,0,0.45595427519292897
45,blue-collar,married,secondary,no,9680,no,no,cellular,7,aug,4,0,0,unknown,0,0.4559415129399174
48,blue-collar,married,primary,no,3886,no,no,cellular,11,aug,2,0,0,unknown,0,0.4559115567825206
34,blue-collar,single,secondary,no,4536,yes,no,cellular,21,nov,1,0,0,unknown,0,0.4558659254615731
59,housemaid,married,secondary,no,0,no,no,telephone,5,jun,1,0,0,unknown,0,0.4558602866519733
35,technician,divorced,secondary,no,2777,yes,no,cellular,7,may,1,0,0,unknown,0,0.4558600739858772
27,self-employed,single,tertiary,no,108,no,yes,cellular,8,jul,2,0,0,unknown,0,0.4556297587379256
39,blue-collar,married,secondary,no,1756,yes,no,cellular,3,apr,1,0,0,unknown,0,0.45562843989821294
46,technician,divorced,secondary,no,1547,yes,no,cellular,3,feb,4,0,0,unknown,0,0.45561403076730356
57,services,married,primary,no,1896,no,no,cellular,29,jul,4,0,0,unknown,0,0.4554736773039837
57,admin.,married,secondary,no,3242,no,no,cellular,8,aug,4,0,0,unknown,0,0.45539882354131067
39,technician,single,secondary,no,506,yes,no,cellular,7,jul,2,0,0,unknown,0,0.455282281502726
34,management,married,tertiary,no,1116,yes,no,cellular,13,apr,1,262,5,failure,1,0.4552429280867184
28,management,married,tertiary,no,3589,yes,no,cellular,13,may,1,0,0,unknown,0,0.4551551209392122
47,housemaid,married,tertiary,no,333,no,no,telephone,7,jul,1,0,0,unknown,0,0.45510896208965046
40,services,married,secondary,no,961,no,yes,cellular,19,nov,1,133,4,other,1,0.45510271402766966
23,technician,single,secondary,no,1587,yes,yes,cellular,14,may,2,0,0,unknown,0,0.4550602237124356
44,management,divorced,tertiary,no,2058,no,yes,cellular,21,nov,1,0,0,unknown,0,0.4550175935563011
32,blue-collar,single,secondary,no,1143,yes,yes,cellular,10,jul,1,0,0,unknown,0,0.45494966198841114
53,admin.,married,secondary,no,2924,no,no,cellular,19,nov,6,0,0,unknown,0,0.4549236052863838
39,technician,single,secondary,no,-168,no,no,cellular,4,feb,5,0,0,unknown,0,0.45492278954910254
33,management,married,tertiary,no,685,no,no,cellular,12,aug,2,0,0,unknown,0,0.4547331457365221
34,technician,married,secondary,no,883,no,no,cellular,14,aug,3,0,0,unknown,0,0.4547233268504317
39,self-employed,married,tertiary,no,127,no,no,cellular,22,jul,1,0,0,unknown,0,0.45465451893807407
54,blue-collar,married,secondary,no,3002,no,no,cellular,13,aug,4,0,0,unknown,0,0.454653320860743
38,services,married,secondary,no,5003,no,no,cellular,6,aug,9,0,0,unknown,0,0.4546529426070441
25,management,single,tertiary,no,1,yes,no,cellular,13,may,5,0,0,unknown,0,0.4546098776017659
37,technician,single,tertiary,no,453,no,no,cellular,18,aug,4,0,0,unknown,0,0.4545802913175083
59,retired,married,primary,no,3400,yes,no,cellular,5,aug,3,0,0,unknown,0,0.45452086351612164
55,management,single,tertiary,no,1498,no,no,cellular,25,aug,5,0,0,unknown,0,0.45446319118453293
31,technician,single,secondary,no,200,no,no,cellular,6,aug,2,0,0,unknown,0,0.4543463026221603
50,admin.,married,secondary,no,3608,yes,no,cellular,14,may,8,182,4,success,1,0.45434624899574244
58,self-employed,married,tertiary,no,2596,no,no,telephone,18,nov,2,0,0,unknown,0,0.4542905915870991
31,technician,single,tertiary,no,53,no,no,cellular,28,jan,2,0,0,unknown,0,0.45425199493399787
53,technician,married,secondary,no,9146,no,no,cellular,13,aug,4,0,0,unknown,0,0.4541886325184032
34,technician,divorced,secondary,no,259,no,no,cellular,11,aug,2,0,0,unknown,0,0.45415558740068185
32,management,married,tertiary,no,1230,yes,no,cellular,4,feb,3,253,4,failure,1,0.4541233894032955
31,management,single,tertiary,no,448,yes,no,cellular,11,aug,2,0,0,unknown,0,0.45408108195289243
34,technician,single,secondary,no,27446,yes,no,cellular,21,nov,2,0,0,unknown,0,0.45408015827338793
30,management,single,tertiary,no,0,yes,no,cellular,5,may,1,0,0,unknown,0,0.45404150989442954
31,management,married,tertiary,no,155,yes,no,cellular,8,sep,1,99,1,failure,1,0.4540306943605286
57,management,married,tertiary,no,12048,no,no,telephone,19,nov,3,0,0,unknown,0,0.4540053199855265
51,unemployed,married,secondary,no,234,no,no,cellular,22,aug,1,0,0,unknown,0,0.45400310904672186
46,admin.,single,secondary,no,1070,yes,no,cellular,6,apr,2,0,0,unknown,0,0.4538768189839503
34,blue-collar,single,secondary,no,62,yes,no,cellular,14,may,1,0,0,unknown,0,0.45385345516836606
30,services,single,secondary,no,311,yes,no,cellular,22,jul,1,0,0,unknown,0,0.4538460339103139
47,housemaid,married,secondary,no,131,no,no,cellular,8,aug,1,0,0,unknown,0,0.4538336157296296
47,blue-collar,married,unknown,no,1660,no,no,cellular,7,aug,2,0,0,unknown,0,0.4537529841405547
58,retired,married,secondary,no,764,no,no,cellular,12,aug,4,0,0,unknown,0,0.45373544637941016
35,blue-collar,married,secondary,no,563,no,yes,cellular,4,jun,1,119,3,failure,1,0.45367570719207967
41,unemployed,married,secondary,no,0,no,no,cellular,5,feb,2,0,0,unknown,0,0.45366858218079964
34,management,single,tertiary,no,6766,no,no,cellular,28,aug,5,0,0,unknown,0,0.45365168328961486
39,management,single,tertiary,no,0,yes,no,cellular,18,feb,3,0,0,unknown,0,0.4536067186179464
29,admin.,single,secondary,no,27,yes,no,cellular,6,may,1,0,0,unknown,0,0.4534728914987552
56,management,divorced,tertiary,no,3885,yes,no,cellular,10,jul,1,0,0,unknown,0,0.453376531910163
50,self-employed,married,secondary,no,10052,no,no,cellular,13,aug,2,0,0,unknown,0,0.4533576791144197
42,blue-collar,married,primary,no,1520,yes,no,cellular,5,feb,1,0,0,unknown,0,0.4533547573277059
36,self-employed,married,secondary,no,328,no,no,cellular,20,nov,2,0,0,unknown,0,0.4533232603518222
48,management,married,tertiary,no,732,no,no,cellular,14,aug,2,0,0,unknown,0,0.45326835628032236
31,admin.,married,tertiary,no,608,yes,no,cellular,29,apr,2,0,0,unknown,0,0.45321761072184813
30,technician,married,secondary,no,1099,yes,no,cellular,5,feb,1,0,0,unknown,0,0.4532045863394534
36,admin.,single,secondary,no,319,yes,no,cellular,18,may,2,0,0,unknown,0,0.4531235524678675
45,technician,divorced,tertiary,no,206,no,no,cellular,13,aug,4,0,0,unknown,0,0.4530781828795712
30,management,married,tertiary,no,151,no,no,cellular,21,aug,1,0,0,unknown,0,0.45301406624142293
38,management,divorced,tertiary,no,76,no,no,cellular,30,jan,3,0,0,unknown,0,0.4530025772763871
45,self-employed,married,secondary,no,629,no,no,cellular,4,aug,2,0,0,unknown,0,0.4529424643094264
39,technician,single,tertiary,no,1043,no,no,cellular,18,aug,10,0,0,unknown,0,0.4528388837441782
36,management,married,tertiary,no,393,yes,no,cellular,30,apr,2,0,0,unknown,0,0.4528320675491519
32,services,single,secondary,no,159,yes,yes,cellular,14,may,1,0,0,unknown,0,0.45282100978241435
44,management,divorced,secondary,no,5757,yes,no,cellular,18,may,1,0,0,unknown,0,0.4527467223654231
41,services,divorced,tertiary,no,1583,yes,no,cellular,9,jul,1,0,0,unknown,0,0.4526929099230609
33,management,married,tertiary,no,644,no,no,cellular,11,aug,2,0,0,unknown,0,0.4525539964089733
30,technician,single,secondary,no,1052,no,no,cellular,28,aug,2,0,0,unknown,0,0.4525349696176869
32,admin.,single,secondary,no,458,no,yes,cellular,23,jul,2,0,0,unknown,0,0.4523547347318218
28,student,single,secondary,no,1377,yes,no,cellular,14,may,2,0,0,unknown,0,0.45217310740956274
35,self-employed,single,tertiary,no,577,yes,no,cellular,21,jul,1,0,0,unknown,0,0.45206186977605456
50,entrepreneur,married,tertiary,no,6825,no,no,cellular,21,nov,9,0,0,unknown,0,0.4520577059297566
49,management,divorced,tertiary,no,1904,no,yes,cellular,17,nov,2,0,0,unknown,0,0.4518670979780468
33,technician,single,tertiary,no,1190,yes,no,cellular,17,apr,2,252,4,failure,1,0.45175463933097326
52,blue-collar,married,secondary,no,1493,no,no,cellular,8,aug,2,0,0,unknown,0,0.45174564342137424
45,technician,married,secondary,no,268,no,no,cellular,7,jul,14,0,0,unknown,0,0.4517451274529714
30,management,single,tertiary,no,409,yes,no,cellular,14,aug,4,0,0,unknown,0,0.4515017907628938
50,blue-collar,married,secondary,no,1176,no,no,cellular,7,aug,2,0,0,unknown,0,0.4514973539671198
49,admin.,married,secondary,no,1058,no,no,telephone,17,nov,3,0,0,unknown,0,0.45143863975276255
32,blue-collar,single,secondary,no,551,yes,no,cellular,14,aug,3,0,0,unknown,0,0.451363979422815
29,admin.,single,secondary,no,306,yes,no,cellular,18,may,4,0,0,unknown,0,0.4513550493755887
52,technician,married,secondary,no,1064,no,no,cellular,14,aug,2,0,0,unknown,0,0.4511962624770407
28,management,single,tertiary,no,1252,yes,yes,cellular,8,jul,4,0,0,unknown,0,0.4511161499639493
53,technician,single,secondary,no,6164,yes,no,cellular,17,nov,1,0,0,unknown,0,0.45106796278887856
37,technician,single,secondary,no,1127,yes,no,cellular,20,apr,2,0,0,unknown,0,0.45105380811970974
36,admin.,single,secondary,no,587,yes,no,cellular,13,apr,3,0,0,unknown,0,0.45103007099738734
53,technician,married,tertiary,no,2336,no,no,telephone,30,jan,2,2,3,other,1,0.45102450859894444
49,housemaid,married,secondary,no,114,no,no,cellular,8,jul,2,0,0,unknown,0,0.45098900658053387
57,technician,divorced,secondary,no,372,no,no,cellular,14,aug,4,0,0,unknown,0,0.45087377531825806
37,management,single,tertiary,no,1572,no,no,cellular,20,aug,6,0,0,unknown,0,0.4508590784012331
37,technician,single,secondary,no,123,no,yes,cellular,5,feb,1,0,0,unknown,0,0.45077750644901216
35,management,single,tertiary,no,657,yes,no,cellular,23,jul,2,0,0,unknown,0,0.45075247675316726
51,entrepreneur,married,primary,no,538,no,no,cellular,18,nov,4,0,0,unknown,0,0.4506932561931121
38,blue-collar,married,secondary,no,1391,yes,no,telephone,5,jun,2,0,0,unknown,0,0.45067554412395483
33,management,single,tertiary,no,7084,no,no,cellular,27,aug,8,0,0,unknown,0,0.4506258428660546
33,technician,married,secondary,no,575,no,yes,cellular,4,feb,2,0,0,unknown,0,0.45053181230929895
37,blue-collar,married,unknown,no,557,no,no,cellular,31,jul,2,0,0,unknown,0,0.45041445998061524
32,management,single,tertiary,no,769,no,no,cellular,29,aug,2,0,0,unknown,0,0.450413710400125
25,admin.,single,secondary,no,0,no,yes,cellular,25,jul,1,0,0,unknown,0,0.4503194120095324
30,blue-collar,single,primary,no,296,no,no,telephone,5,feb,7,0,0,unknown,0,0.4503191429217858
53,services,single,secondary,no,1162,yes,no,cellular,21,nov,1,0,0,unknown,0,0.45030503995726207
27,admin.,single,secondary,no,592,yes,yes,cellular,5,feb,3,0,0,unknown,0,0.4502821032407441
52,blue-collar,married,primary,no,1949,no,no,cellular,14,aug,2,0,0,unknown,0,0.4502230109948168
50,blue-collar,married,primary,no,2167,no,no,cellular,11,aug,2,0,0,unknown,0,0.4502230109948168
42,services,single,secondary,no,7704,yes,no,cellular,20,nov,3,0,0,unknown,0,0.45013372976450283
59,blue-collar,married,primary,no,699,no,no,cellular,28,jan,1,154,6,failure,1,0.4500129745797258
57,blue-collar,married,primary,no,2112,no,no,cellular,12,aug,2,0,0,unknown,0,0.449990343220799
27,self-employed,single,secondary,no,23,yes,no,cellular,8,may,1,0,0,unknown,0,0.44985426535012185
59,management,married,tertiary,no,3779,no,no,cellular,18,aug,3,0,0,unknown,0,0.449849711626657
40,management,single,secondary,no,10378,yes,no,cellular,17,nov,3,0,0,unknown,0,0.44984013386709315
31,services,single,secondary,no,712,no,no,cellular,31,jul,25,0,0,unknown,0,0.4498041587995422
38,management,divorced,primary,no,2064,yes,no,cellular,11,may,1,0,0,unknown,0,0.4497590970757475
60,retired,divorced,tertiary,no,129,no,no,cellular,17,jul,7,0,0,unknown,0,0.44969170348759796
37,admin.,divorced,secondary,no,3975,yes,no,cellular,11,may,2,0,0,unknown,0,0.44967593844557263
36,management,married,tertiary,no,3007,yes,no,cellular,4,aug,1,0,0,unknown,0,0.44967386594547987
58,unemployed,divorced,secondary,no,729,no,yes,cellular,9,feb,2,0,0,unknown,0,0.4496204273683569
38,technician,divorced,tertiary,no,1425,yes,no,cellular,15,jul,4,0,0,unknown,0,0.44952937955858807
44,blue-collar,married,secondary,no,841,no,no,cellular,28,jul,4,0,0,unknown,0,0.44952498216890086
37,management,single,tertiary,no,361,no,no,cellular,20,aug,2,0,0,unknown,0,0.4495120160765927
29,blue-collar,single,secondary,no,-61,no,no,cellular,17,jul,1,0,0,unknown,0,0.4494947528277053
49,management,married,tertiary,no,22520,no,no,cellular,21,nov,9,0,0,unknown,0,0.44947613174191386
45,admin.,married,secondary,no,129,yes,no,cellular,9,sep,2,191,1,failure,1,0.4494445332905289
32,management,single,tertiary,no,1882,no,no,cellular,25,aug,5,0,0,unknown,0,0.44942594700896976
37,housemaid,single,secondary,no,465,yes,no,cellular,18,may,3,0,0,unknown,0,0.4493567649401447
52,management,divorced,tertiary,no,64,no,no,cellular,5,aug,3,0,0,unknown,0,0.44928180006692586
59,blue-collar,married,secondary,no,12928,no,no,cellular,8,aug,2,0,0,unknown,0,0.4491905611372011
56,admin.,married,secondary,no,150,no,no,cellular,22,aug,1,0,0,unknown,0,0.4491457955896116
52,blue-collar,divorced,secondary,no,497,no,yes,cellular,7,jul,2,0,0,unknown,0,0.4491337633283559
35,management,single,tertiary,no,361,yes,no,cellular,11,aug,2,0,0,unknown,0,0.44910360246448333
27,services,single,secondary,no,-195,yes,no,cellular,18,may,1,0,0,unknown,0,0.4490632629390769
53,blue-collar,married,primary,no,1868,no,no,cellular,8,aug,4,0,0,unknown,0,0.4486144085051752
32,management,single,secondary,no,1615,yes,no,cellular,21,nov,3,0,0,unknown,0,0.44856122738291243
48,blue-collar,divorced,secondary,no,4597,yes,no,cellular,10,jul,1,0,0,unknown,0,0.44850881379903207
58,technician,married,tertiary,no,332,no,no,cellular,5,aug,3,0,0,unknown,0,0.4484069128972709
39,blue-collar,divorced,secondary,no,150,no,no,cellular,29,jul,4,0,0,unknown,0,0.4483887968830921
54,technician,divorced,secondary,no,320,no,no,cellular,6,aug,4,0,0,unknown,0,0.44836904926450794
36,management,married,tertiary,no,2987,yes,no,cellular,12,aug,1,0,0,unknown,0,0.44835363492520985
48,blue-collar,married,unknown,no,459,no,no,cellular,5,feb,1,8,1,other,1,0.44829321902696173
22,student,single,secondary,no,252,yes,no,cellular,7,may,3,0,0,unknown,0,0.4482762132740759
36,entrepreneur,married,secondary,no,227,no,no,cellular,19,nov,2,0,0,unknown,0,0.4482655313538506
42,technician,single,tertiary,no,166,no,no,cellular,12,aug,4,0,0,unknown,0,0.44822510701453433
58,management,married,tertiary,no,648,no,no,cellular,8,aug,2,0,0,unknown,0,0.44821624798559623
25,admin.,single,tertiary,no,11,no,yes,cellular,27,aug,3,0,0,unknown,0,0.44809253896687146
59,retired,married,primary,no,3079,no,no,telephone,31,jul,2,0,0,unknown,0,0.44805303261943247
42,technician,single,secondary,no,-853,yes,no,cellular,11,may,1,0,0,unknown,0,0.4480139550232932
38,technician,single,secondary,no,12926,yes,no,cellular,6,apr,2,307,1,failure,1,0.4477954286951588
55,technician,married,secondary,yes,-308,no,no,cellular,2,feb,1,0,0,unknown,0,0.4477944066142343
38,management,married,unknown,no,1257,no,no,cellular,21,nov,6,0,0,unknown,0,0.44773588516719137
30,housemaid,single,tertiary,no,2017,yes,no,cellular,17,apr,5,0,0,unknown,0,0.44767050328090113
37,blue-collar,married,secondary,no,417,no,no,cellular,28,jan,1,181,5,failure,1,0.44755555765880134
43,technician,divorced,tertiary,no,1088,no,no,cellular,20,aug,3,0,0,unknown,0,0.4474744555776982
34,technician,married,tertiary,no,218,no,no,cellular,5,aug,2,0,0,unknown,0,0.44738406168172623
58,housemaid,married,tertiary,no,2858,no,no,cellular,31,jul,6,0,0,unknown,0,0.44730873579375774
34,admin.,single,secondary,no,266,yes,no,cellular,6,apr,2,0,0,unknown,0,0.4472028017825939
33,student,single,secondary,no,706,yes,no,cellular,4,feb,2,0,0,unknown,0,0.4471340097498235
33,technician,single,tertiary,no,8047,yes,no,cellular,18,may,1,263,13,failure,1,0.44705521542287335
53,admin.,single,secondary,no,233,yes,no,cellular,13,may,1,0,0,unknown,0,0.4470299731348765
34,management,single,tertiary,no,2343,no,no,telephone,21,nov,9,0,0,unknown,0,0.4469115452676189
45,technician,married,secondary,no,89,yes,no,cellular,30,apr,2,350,2,failure,1,0.44682634579141806
33,management,single,tertiary,no,9135,yes,no,cellular,25,aug,4,0,0,unknown,0,0.4468211688533101
47,entrepreneur,married,tertiary,no,0,no,no,cellular,5,may,3,0,0,unknown,0,0.4466811171893182
48,unemployed,married,tertiary,no,1571,yes,no,cellular,24,feb,3,0,0,unknown,0,0.4465168270208179
54,technician,divorced,secondary,no,221,no,no,cellular,11,aug,2,0,0,unknown,0,0.4464694339965585
22,admin.,single,secondary,no,1157,yes,yes,cellular,18,may,2,0,0,unknown,0,0.4464613086631125
24,technician,single,secondary,no,-232,yes,no,cellular,18,may,1,0,0,unknown,0,0.4464419002349954
38,blue-collar,single,tertiary,no,14058,no,no,telephone,17,jul,20,0,0,unknown,0,0.4462608405535562
57,services,married,secondary,no,504,no,no,cellular,8,aug,2,0,0,unknown,0,0.44619654021054656
30,admin.,divorced,secondary,no,4,no,no,cellular,8,jul,3,0,0,unknown,0,0.44607296976921695
50,housemaid,married,primary,no,5296,no,no,cellular,19,nov,7,0,0,unknown,0,0.4460388388246983
56,admin.,single,secondary,no,-273,no,no,cellular,8,jul,2,0,0,unknown,0,0.44598026665283974
55,technician,married,secondary,no,756,no,no,cellular,11,aug,3,0,0,unknown,0,0.4459588227379088
29,student,married,tertiary,no,10596,yes,no,cellular,12,apr,1,0,0,unknown,0,0.4458523785917782
36,management,married,tertiary,no,105,no,no,cellular,28,jan,1,0,0,unknown,0,0.4458160983808629
49,management,divorced,tertiary,no,4961,yes,no,cellular,3,feb,2,231,1,failure,1,0.44578298743774497
58,technician,married,secondary,no,1476,yes,no,cellular,17,apr,1,0,0,unknown,0,0.4457162173965659
60,retired,divorced,secondary,no,306,yes,no,cellular,18,may,3,0,0,unknown,0,0.44563826477761664
36,management,married,tertiary,no,406,no,no,cellular,14,aug,2,0,0,unknown,0,0.4455690160619998
44,management,divorced,tertiary,no,2422,yes,no,cellular,16,apr,2,269,2,failure,1,0.445493570617695
26,blue-collar,single,secondary,no,0,yes,no,cellular,6,may,1,0,0,unknown,0,0.44548941962794714
38,services,single,secondary,no,70,yes,no,cellular,15,may,3,0,0,unknown,0,0.4454881082229471
47,blue-collar,married,secondary,no,1021,no,no,cellular,13,aug,3,0,0,unknown,0,0.445335080637888
44,management,single,tertiary,no,1356,no,yes,cellular,18,nov,2,134,2,other,1,0.44523947978164863
27,student,single,secondary,no,89,yes,no,cellular,14,may,3,0,0,unknown,0,0.44518498823409053
37,housemaid,married,secondary,no,1558,no,no,cellular,6,aug,2,0,0,unknown,0,0.44513487464384655
30,management,single,tertiary,no,222,yes,no,cellular,12,aug,4,0,0,unknown,0,0.445078586792764
39,admin.,single,secondary,no,4917,yes,yes,cellular,6,may,1,0,0,unknown,0,0.44505524537834723
30,technician,single,secondary,no,224,yes,no,cellular,8,aug,2,0,0,unknown,0,0.445026705040836
29,technician,single,tertiary,no,2269,yes,no,cellular,20,apr,1,346,1,failure,1,0.44500541888065426
44,blue-collar,married,unknown,no,879,no,no,telephone,31,jul,1,0,0,unknown,0,0.4449728992166308
34,management,married,secondary,no,243,no,no,cellular,30,jan,4,0,0,unknown,0,0.4448833544239944
44,services,single,secondary,no,5,no,no,cellular,21,jul,2,0,0,unknown,0,0.4448764098297437
60,unemployed,divorced,secondary,no,385,yes,no,cellular,4,feb,1,0,0,unknown,0,0.44487288001364506
33,blue-collar,divorced,primary,no,1022,yes,no,cellular,5,may,1,0,0,unknown,0,0.44486865740342274
57,blue-collar,married,secondary,no,14093,no,no,cellular,11,aug,5,0,0,unknown,0,0.4448395231731351
42,technician,single,secondary,no,716,yes,no,cellular,21,nov,1,0,0,unknown,0,0.4448195644368166
41,technician,divorced,secondary,no,1499,no,yes,cellular,11,jul,2,0,0,unknown,0,0.44477470419247306
31,self-employed,single,tertiary,no,84,no,no,cellular,6,aug,4,0,0,unknown,0,0.4447738440443625
31,technician,married,secondary,no,535,no,no,cellular,8,aug,2,0,0,unknown,0,0.44473679939277916
34,services,single,secondary,no,2,yes,no,cellular,15,may,2,0,0,unknown,0,0.4446031039843487
39,blue-collar,married,primary,no,108,no,no,cellular,17,nov,1,0,0,unknown,0,0.4445715336060943
28,technician,single,secondary,no,250,no,yes,cellular,29,jan,1,0,0,unknown,0,0.444502024865836
58,unemployed,married,secondary,no,687,yes,no,cellular,30,apr,2,0,0,unknown,0,0.44447694987060954
38,blue-collar,single,secondary,no,2707,yes,no,cellular,17,jul,3,0,0,unknown,0,0.444448603262721
31,management,single,tertiary,no,-234,yes,no,cellular,18,may,1,0,0,unknown,0,0.4444352257900909
46,admin.,married,secondary,no,0,no,no,cellular,5,aug,1,0,0,unknown,0,0.4443269850693966
30,blue-collar,single,primary,no,464,yes,no,cellular,13,apr,1,0,0,unknown,0,0.4442902548846189
46,technician,married,secondary,no,3434,no,yes,cellular,27,feb,1,0,0,unknown,0,0.44428182322659704
51,admin.,married,secondary,no,-229,no,no,cellular,9,feb,3,12,1,other,1,0.4441914173708982
30,management,married,tertiary,no,10639,no,no,cellular,18,aug,2,0,0,unknown,0,0.444166359062346
39,technician,married,secondary,no,508,yes,no,cellular,2,apr,2,135,5,failure,1,0.44416092361831955
41,technician,divorced,secondary,no,0,no,no,cellular,7,jul,4,0,0,unknown,0,0.4441560238992894
18,student,single,unknown,no,35,no,no,telephone,21,aug,2,0,0,unknown,0,0.44407895864170116
32,self-employed,single,tertiary,no,519,yes,no,cellular,18,nov,1,0,0,unknown,0,0.44395735285254356
39,entrepreneur,married,secondary,no,10200,yes,no,cellular,3,apr,4,0,0,unknown,0,0.44390709754627156
53,management,divorced,tertiary,no,913,no,no,cellular,20,aug,3,0,0,unknown,0,0.44387080879248875
55,housemaid,divorced,tertiary,no,1241,no,no,cellular,21,nov,7,154,5,failure,1,0.4438584642610599
34,admin.,divorced,secondary,no,564,no,yes,cellular,7,jul,1,0,0,unknown,0,0.4438250925493932
49,services,married,secondary,no,653,no,no,cellular,11,aug,2,0,0,unknown,0,0.44378172041046376
53,blue-collar,married,secondary,no,2531,yes,no,cellular,7,apr,1,0,0,unknown,0,0.4436904594167722
33,blue-collar,single,secondary,no,4404,yes,no,cellular,20,nov,3,0,0,unknown,0,0.44362941536497597
58,management,divorced,tertiary,no,372,no,yes,unknown,29,oct,1,0,0,unknown,0,0.4433766531990949
46,blue-collar,married,secondary,no,1352,yes,no,cellular,6,feb,1,0,0,unknown,0,0.4433745221304961
35,blue-collar,divorced,secondary,no,0,no,no,cellular,15,jul,2,0,0,unknown,0,0.44313774844402665
53,retired,divorced,secondary,no,84,no,no,cellular,23,jul,1,0,0,unknown,0,0.4429980943573254
46,management,married,tertiary,no,3115,no,no,cellular,18,aug,2,0,0,unknown,0,0.44295622478815444
37,management,married,tertiary,no,1780,yes,no,cellular,7,may,1,0,0,unknown,0,0.4427331563841732
39,management,single,tertiary,no,-145,yes,no,cellular,2,feb,2,196,2,failure,1,0.44271667143917326
32,unemployed,single,primary,yes,0,no,no,cellular,21,nov,1,0,0,unknown,0,0.4426954911837378
34,admin.,married,tertiary,no,10,no,no,cellular,22,may,1,0,0,unknown,0,0.4426356446334232
34,technician,single,secondary,no,22,yes,no,cellular,6,may,1,0,0,unknown,0,0.44262890924386555
53,blue-collar,married,primary,no,1388,no,no,cellular,7,aug,4,0,0,unknown,0,0.44255523016173093
30,management,divorced,tertiary,no,726,yes,no,cellular,18,may,1,0,0,unknown,0,0.4424414131622321
28,technician,single,tertiary,no,172,yes,yes,cellular,2,feb,2,0,0,unknown,0,0.4424101053415183
41,services,married,secondary,no,1785,no,no,cellular,30,jul,7,0,0,unknown,0,0.4424015113004882
38,technician,divorced,secondary,no,410,no,no,cellular,11,aug,6,0,0,unknown,0,0.44238251124991446
29,management,single,tertiary,no,0,yes,no,cellular,9,jul,1,0,0,unknown,0,0.4423147355002282
41,self-employed,married,secondary,no,3123,yes,no,cellular,3,apr,2,135,2,failure,1,0.44229969289642335
32,housemaid,married,secondary,no,3832,no,no,cellular,11,aug,3,0,0,unknown,0,0.4421342589650108
59,management,married,tertiary,no,2260,yes,no,cellular,14,may,1,0,0,unknown,0,0.44212092037154116
29,services,single,secondary,no,-251,no,no,cellular,25,jul,1,0,0,unknown,0,0.44208272522606384
37,blue-collar,single,secondary,no,5024,no,yes,cellular,25,jul,4,0,0,unknown,0,0.4419612142674383
37,management,married,tertiary,no,2366,yes,no,cellular,11,may,1,0,0,unknown,0,0.4419526505328635
33,technician,single,tertiary,no,0,no,no,cellular,28,jan,2,0,0,unknown,0,0.44184011673154283
47,services,married,primary,no,675,no,no,cellular,7,aug,2,0,0,unknown,0,0.4418108746160644
52,management,divorced,tertiary,no,96,no,no,cellular,19,aug,1,0,0,unknown,0,0.4417877969715863
36,blue-collar,married,secondary,no,1055,yes,no,cellular,4,feb,1,0,0,unknown,0,0.4416172192250759
39,management,married,tertiary,no,514,no,no,telephone,18,nov,4,0,0,unknown,0,0.4416068287619431
31,technician,single,secondary,no,1,yes,no,cellular,12,may,1,0,0,unknown,0,0.44159873471285893
34,management,married,tertiary,no,1184,yes,no,cellular,5,may,1,0,0,unknown,0,0.44157985732560073
31,management,single,tertiary,no,98,no,no,cellular,11,aug,2,0,0,unknown,0,0.44155670309003187
45,technician,divorced,secondary,no,-14,no,no,cellular,14,jul,3,0,0,unknown,0,0.4415437581647252
56,admin.,single,secondary,no,791,yes,no,cellular,18,may,2,0,0,unknown,0,0.44152681255194254
52,technician,married,secondary,no,195,yes,no,cellular,18,feb,1,63,5,failure,1,0.44152035522304617
29,entrepreneur,married,secondary,no,5918,yes,no,cellular,13,may,1,0,0,unknown,0,0.4414419229397679
39,services,single,secondary,no,26,yes,no,cellular,14,may,3,0,0,unknown,0,0.4413878512247918
33,management,single,tertiary,no,3655,no,no,cellular,19,aug,20,0,0,unknown,0,0.4413637429234455
29,technician,single,secondary,no,-13,yes,no,cellular,14,may,3,0,0,unknown,0,0.4412799584622204
36,management,single,tertiary,yes,-508,yes,no,cellular,17,apr,2,0,0,unknown,0,0.44127543231306227
34,management,single,tertiary,no,4782,yes,no,cellular,15,may,1,277,1,failure,1,0.44121792425522166
52,retired,married,secondary,no,5423,no,yes,cellular,17,nov,1,115,1,failure,1,0.44120821432176416
41,services,divorced,secondary,no,840,yes,no,cellular,2,feb,1,0,0,unknown,0,0.4411835919237918
31,management,divorced,tertiary,no,414,no,yes,cellular,16,jul,1,0,0,unknown,0,0.44107956089907574
30,management,married,tertiary,no,0,no,no,cellular,10,jul,1,0,0,unknown,0,0.44089827519208524
26,blue-collar,single,primary,no,-887,yes,no,cellular,18,may,2,0,0,unknown,0,0.4408758911989966
48,admin.,divorced,secondary,no,341,no,yes,cellular,5,feb,4,0,0,unknown,0,0.44083691204489667
34,blue-collar,divorced,secondary,no,368,no,yes,cellular,7,jul,1,0,0,unknown,0,0.4408209769451546
25,technician,single,tertiary,no,184,yes,yes,cellular,20,apr,1,0,0,unknown,0,0.44026982488784966
39,technician,single,secondary,no,14,yes,no,cellular,7,may,1,0,0,unknown,0,0.44016939877453
45,blue-collar,single,primary,no,695,yes,no,cellular,21,jul,1,0,0,unknown,0,0.4401366247765555
51,entrepreneur,single,tertiary,no,0,no,no,cellular,30,jan,1,0,0,unknown,0,0.4401125021597342
33,technician,single,unknown,no,135,yes,no,cellular,18,may,1,0,0,unknown,0,0.44010304518233734
36,blue-collar,married,secondary,no,2454,yes,no,cellular,6,apr,1,0,0,unknown,0,0.4400560771666917
58,blue-collar,married,secondary,no,1894,no,no,cellular,11,aug,6,0,0,unknown,0,0.4400296367278512
37,technician,married,secondary,no,952,yes,no,cellular,16,apr,1,0,0,unknown,0,0.43998786514155797
37,technician,married,secondary,no,448,no,no,cellular,14,aug,3,0,0,unknown,0,0.4398460834042553
49,self-employed,married,tertiary,no,503,yes,no,cellular,27,feb,5,21,5,failure,1,0.43973892641491896
53,management,married,tertiary,no,1356,yes,no,cellular,9,nov,2,96,4,failure,1,0.4397197843398422
43,retired,married,primary,no,222,no,no,cellular,24,jul,2,0,0,unknown,0,0.43969736246421737
38,admin.,single,secondary,no,2329,yes,no,cellular,29,jan,1,0,0,unknown,0,0.4396735705383375
36,technician,single,secondary,yes,-487,yes,no,cellular,17,apr,1,0,0,unknown,0,0.43960547748197565
60,blue-collar,married,secondary,no,5450,no,no,cellular,18,aug,4,0,0,unknown,0,0.43958484173225437
26,blue-collar,single,secondary,yes,81,no,yes,cellular,8,jul,2,0,0,unknown,0,0.43955179690080953
32,self-employed,single,tertiary,no,386,yes,no,cellular,18,nov,1,0,0,unknown,0,0.43953984682348385
30,management,married,tertiary,no,4948,no,no,cellular,21,aug,2,0,0,unknown,0,0.4394819170827499
55,blue-collar,married,secondary,no,196,no,no,cellular,21,aug,1,0,0,unknown,0,0.43943253337958565
78,retired,married,unknown,no,38,no,no,telephone,4,aug,1,1,3,other,1,0.43930254881680886
60,retired,married,secondary,no,18967,yes,no,cellular,29,jan,2,0,0,unknown,0,0.43925030552427835
30,services,single,secondary,no,62,yes,no,cellular,21,nov,1,0,0,unknown,0,0.4391661595764949
31,blue-collar,single,secondary,no,5607,no,no,cellular,20,nov,2,184,1,failure,1,0.43911409575051125
31,technician,married,secondary,no,4182,yes,no,cellular,4,may,2,0,0,unknown,0,0.43910521040322825
50,blue-collar,married,primary,no,167,no,no,cellular,19,nov,1,0,0,unknown,0,0.43904225513046063
44,blue-collar,married,secondary,no,4236,yes,no,cellular,4,may,3,0,0,unknown,0,0.438971220316497
55,technician,divorced,tertiary,no,0,no,no,cellular,18,aug,1,0,0,unknown,0,0.4389383065240582
31,blue-collar,single,secondary,no,1207,yes,no,cellular,17,apr,2,0,0,unknown,0,0.438841360774601
42,admin.,single,tertiary,no,168,yes,no,cellular,17,jul,1,0,0,unknown,0,0.4388348028068472
34,management,divorced,tertiary,no,1173,no,yes,cellular,18,jul,1,0,0,unknown,0,0.4387175483114048
40,technician,single,secondary,no,191,yes,no,cellular,18,may,4,374,1,other,1,0.4386872662170026
32,technician,single,secondary,no,321,yes,no,cellular,11,aug,2,0,0,unknown,0,0.4386849729796567
40,management,single,primary,no,259,yes,no,cellular,8,may,1,0,0,unknown,0,0.43855286831225243
37,admin.,single,secondary,no,176,yes,no,cellular,18,may,2,0,0,unknown,0,0.4385521890736443
46,technician,divorced,tertiary,no,532,no,no,cellular,22,aug,2,0,0,unknown,0,0.438538510595072
24,technician,single,secondary,no,-156,yes,no,cellular,18,may,2,0,0,unknown,0,0.43839692235657907
40,management,married,tertiary,no,4381,no,no,telephone,29,jul,2,0,0,unknown,0,0.43837783518103374
43,management,single,tertiary,no,483,no,no,cellular,19,aug,6,0,0,unknown,0,0.4383337373322929
26,admin.,single,secondary,no,681,yes,no,cellular,14,may,2,322,3,failure,1,0.43827827110992823
44,technician,married,secondary,no,10888,yes,no,cellular,5,aug,1,0,0,unknown,0,0.4382752928201816
32,management,single,tertiary,no,28,no,no,cellular,8,aug,2,0,0,unknown,0,0.4381239142561811
51,management,married,tertiary,no,1394,yes,no,cellular,5,aug,1,0,0,unknown,0,0.4381157227149384
41,management,single,secondary,no,1138,no,no,cellular,31,jul,18,0,0,unknown,0,0.4379497209343965
29,management,married,tertiary,no,54,no,no,cellular,28,jan,3,0,0,unknown,0,0.4379057630185821
27,student,single,secondary,no,24,yes,no,cellular,17,jul,2,0,0,unknown,0,0.43786054465230684
37,entrepreneur,single,secondary,no,-22,yes,no,cellular,15,may,1,0,0,unknown,0,0.4378581324870883
33,technician,married,secondary,no,218,yes,yes,cellular,10,aug,1,161,4,failure,1,0.43777042966001856
42,technician,single,secondary,no,2646,yes,no,cellular,23,jul,4,0,0,unknown,0,0.43762756253238594
32,technician,single,tertiary,no,47,yes,no,cellular,14,jul,3,0,0,unknown,0,0.4375531266430778
55,management,divorced,tertiary,no,271,yes,no,cellular,9,apr,4,0,0,unknown,0,0.43754990190736626
42,management,married,secondary,yes,-34,no,no,cellular,5,feb,1,0,0,unknown,0,0.43747983507493143
32,technician,single,secondary,no,271,yes,yes,cellular,11,may,2,0,0,unknown,0,0.4373460833488154
47,management,married,tertiary,no,434,no,no,cellular,12,aug,4,0,0,unknown,0,0.4372777344124054
41,management,married,tertiary,no,102,no,no,cellular,28,jan,1,0,0,unknown,0,0.43725670554271084
59,management,married,tertiary,no,98417,no,no,telephone,20,nov,5,0,0,unknown,0,0.43722075240381747
28,blue-collar,married,secondary,no,2257,yes,no,cellular,15,may,1,0,0,unknown,0,0.4372196850986258
49,technician,married,secondary,no,12531,no,no,cellular,13,aug,8,0,0,unknown,0,0.43719065057314843
53,management,divorced,tertiary,no,6649,yes,no,cellular,31,aug,1,55,1,failure,1,0.43718775992588893
39,management,married,tertiary,no,271,yes,no,cellular,8,apr,1,0,0,unknown,0,0.4371103673302871
54,admin.,divorced,secondary,no,791,no,yes,cellular,10,jul,1,0,0,unknown,0,0.43694692803913193
45,admin.,single,secondary,no,597,no,yes,telephone,17,nov,1,0,0,unknown,0,0.43678015136072346
25,self-employed,single,tertiary,no,931,yes,no,cellular,11,may,2,348,4,failure,1,0.4367319685123927
53,technician,married,secondary,no,65,no,no,cellular,17,nov,1,0,0,unknown,0,0.43671167365383434
35,management,married,tertiary,no,1432,yes,no,cellular,5,may,3,0,0,unknown,0,0.4366493272393964
31,management,single,tertiary,no,37,no,no,cellular,8,aug,2,0,0,unknown,0,0.4365910280595344
59,self-employed,married,secondary,no,201,no,no,cellular,18,nov,2,0,0,unknown,0,0.4365697701653731
34,technician,married,secondary,no,390,yes,no,cellular,27,mar,2,231,2,failure,1,0.43656665105293413
42,technician,married,secondary,no,1355,no,no,cellular,13,aug,6,0,0,unknown,0,0.43655918734954413
38,management,married,tertiary,no,184,no,no,cellular,6,aug,2,0,0,unknown,0,0.4365542081134644
46,blue-collar,married,primary,no,2118,no,no,telephone,14,aug,2,0,0,unknown,0,0.4365166642967307
34,technician,married,secondary,no,1641,yes,no,cellular,17,apr,1,0,0,unknown,0,0.4364929191779078
32,blue-collar,single,secondary,no,118,yes,no,cellular,17,jul,1,0,0,unknown,0,0.4364619051438654
34,management,divorced,tertiary,no,528,yes,no,cellular,17,apr,2,0,0,unknown,0,0.43645763912820484
44,management,married,tertiary,no,5004,no,no,cellular,20,aug,2,0,0,unknown,0,0.43638324262360295
57,admin.,married,primary,no,286,no,no,cellular,5,aug,3,0,0,unknown,0,0.4363231145514132
31,blue-collar,single,primary,no,538,yes,no,cellular,14,may,4,0,0,unknown,0,0.4362547094726997
56,housemaid,married,secondary,no,559,no,no,cellular,29,jul,5,0,0,unknown,0,0.43623484440458066
31,management,single,tertiary,no,18,no,no,cellular,8,aug,2,0,0,unknown,0,0.43613416086632706
32,management,single,tertiary,no,11,yes,yes,cellular,5,may,1,0,0,unknown,0,0.43606265169783576
37,self-employed,single,tertiary,no,1286,no,no,telephone,31,jul,7,0,0,unknown,0,0.4360308572380571
58,retired,divorced,secondary,no,-370,no,no,cellular,17,nov,1,0,0,unknown,0,0.43600354000507296
34,management,single,tertiary,no,1494,yes,no,cellular,18,nov,1,182,1,other,1,0.4359566510003361
53,blue-collar,married,primary,no,880,no,no,cellular,31,jul,4,0,0,unknown,0,0.4359365595907159
40,management,divorced,secondary,no,1148,yes,no,cellular,11,aug,2,0,0,unknown,0,0.43588421668406085
48,management,divorced,tertiary,no,2939,no,no,cellular,22,aug,4,0,0,unknown,0,0.43574062923194967
39,admin.,married,secondary,no,406,no,no,cellular,30,jul,5,0,0,unknown,0,0.43573695238503374
58,unknown,married,unknown,no,1547,no,no,telephone,5,aug,4,0,0,unknown,0,0.4356794765786322
35,management,single,tertiary,no,181,yes,no,cellular,8,aug,4,0,0,unknown,0,0.4356404448037267
50,technician,divorced,secondary,no,1303,no,no,telephone,30,jul,2,0,0,unknown,0,0.43558351298855574
42,admin.,married,secondary,no,176,no,no,cellular,31,jul,2,0,0,unknown,0,0.43548055190155166
54,blue-collar,married,secondary,no,2047,no,no,telephone,9,feb,7,194,6,failure,1,0.43545750099173075
28,management,single,tertiary,no,278,no,yes,cellular,29,jan,1,0,0,unknown,0,0.43544466892209144
35,self-employed,married,tertiary,no,0,no,no,cellular,8,jul,1,0,0,unknown,0,0.4353788965321027
32,management,single,tertiary,no,0,no,no,cellular,19,aug,1,0,0,unknown,0,0.4353514626493016
47,admin.,divorced,secondary,no,980,yes,no,cellular,14,may,1,0,0,unknown,0,0.43520739495518546
41,services,divorced,secondary,no,727,yes,no,cellular,11,may,1,0,0,unknown,0,0.43513630364676487
50,blue-collar,divorced,primary,no,1629,yes,no,cellular,14,may,1,0,0,unknown,0,0.434750473327199
36,self-employed,married,secondary,no,1245,yes,no,cellular,9,feb,7,248,9,success,1,0.4347045538810088
37,services,married,secondary,no,1960,yes,yes,cellular,15,oct,5,0,0,unknown,0,0.4345834821121588
38,technician,single,secondary,no,3278,no,no,cellular,19,aug,14,0,0,unknown,0,0.4345644825780161
38,entrepreneur,divorced,secondary,no,36,no,no,cellular,18,nov,2,0,0,unknown,0,0.4345099759261135
32,entrepreneur,divorced,secondary,no,252,no,yes,cellular,8,jul,2,0,0,unknown,0,0.4344912093751471
33,management,married,tertiary,no,296,no,no,cellular,13,aug,4,0,0,unknown,0,0.43449070052001504
28,student,single,secondary,no,378,yes,no,cellular,17,apr,1,0,0,unknown,0,0.43436010514956985
36,self-employed,single,tertiary,no,1296,yes,no,cellular,19,nov,4,0,0,unknown,0,0.4343574010123419
39,services,married,secondary,no,53,no,no,unknown,5,mar,1,394,1,failure,1,0.4342786180851783
28,management,single,tertiary,no,0,yes,no,cellular,16,jul,5,0,0,unknown,0,0.43422410476832746
33,technician,married,tertiary,no,300,no,no,cellular,14,aug,3,0,0,unknown,0,0.4341776750498792
29,services,single,secondary,no,37,no,yes,cellular,17,jul,2,0,0,unknown,0,0.4341432568320475
40,management,married,secondary,no,752,no,yes,cellular,21,nov,1,157,1,failure,1,0.434121080455749
48,management,married,tertiary,no,4060,no,no,cellular,19,aug,2,0,0,unknown,0,0.4341090283391933
27,blue-collar,single,secondary,no,87,no,no,telephone,10,jul,1,0,0,unknown,0,0.4340583853289883
40,services,single,secondary,no,65,yes,no,cellular,15,may,3,0,0,unknown,0,0.4340527256704993
59,technician,divorced,tertiary,no,3331,yes,no,cellular,24,jul,3,0,0,unknown,0,0.43405048195239254
30,blue-collar,single,secondary,no,155,yes,yes,cellular,9,jul,3,0,0,unknown,0,0.4339807227258226
25,services,single,secondary,no,5533,yes,no,cellular,28,jul,4,0,0,unknown,0,0.43389135710294774
30,student,single,tertiary,no,228,yes,no,cellular,13,may,2,0,0,unknown,0,0.43367206234692945
33,technician,married,secondary,no,390,no,no,cellular,13,aug,2,0,0,unknown,0,0.43364188631576817
29,technician,married,secondary,no,-28,no,no,cellular,7,jul,1,0,0,unknown,0,0.43363768964670074
55,technician,divorced,secondary,no,929,no,yes,telephone,28,sep,3,0,0,unknown,0,0.43363228297002576
25,student,single,secondary,no,41,yes,no,telephone,5,aug,2,93,2,failure,1,0.43352850417475636
36,management,single,secondary,no,0,no,no,cellular,19,nov,3,0,0,unknown,0,0.43344928602510263
43,management,married,tertiary,no,3529,yes,no,cellular,4,aug,3,0,0,unknown,0,0.4334154204053642
57,blue-collar,single,primary,no,3495,no,yes,cellular,19,nov,3,0,0,unknown,0,0.43331466517351475
39,management,married,tertiary,no,380,no,no,cellular,11,aug,4,0,0,unknown,0,0.43327997473597024
36,management,married,tertiary,no,2178,yes,no,cellular,14,may,3,0,0,unknown,0,0.4332720054614232
47,unemployed,divorced,secondary,yes,342,yes,no,cellular,15,apr,1,0,0,unknown,0,0.43326354253616606
37,technician,single,secondary,no,353,yes,no,cellular,12,aug,2,0,0,unknown,0,0.433227040150072
34,services,single,secondary,no,-374,yes,no,cellular,11,may,1,0,0,unknown,0,0.43311069208219327
44,blue-collar,single,secondary,no,184,yes,no,cellular,11,may,2,0,0,unknown,0,0.4331087800030757
38,technician,divorced,secondary,no,1803,no,yes,cellular,17,jul,1,0,0,unknown,0,0.4330921324256829
39,management,single,tertiary,no,1143,yes,no,cellular,8,may,6,0,0,unknown,0,0.4330747094586775
31,admin.,single,secondary,no,507,yes,no,cellular,13,may,2,299,3,other,1,0.43304902903757303
32,management,single,tertiary,no,438,no,no,cellular,21,aug,5,0,0,unknown,0,0.43294052067841593
25,admin.,single,tertiary,no,1141,yes,no,cellular,5,may,1,347,1,failure,1,0.43293116803525034
35,management,married,tertiary,no,337,no,no,cellular,11,aug,5,0,0,unknown,0,0.4329090502267529
34,management,single,tertiary,no,2159,no,no,unknown,18,feb,1,0,0,unknown,0,0.43289370090012064
33,management,married,tertiary,no,1064,yes,no,cellular,13,may,1,0,0,unknown,0,0.4328347722134721
34,blue-collar,single,secondary,no,3043,yes,yes,cellular,20,nov,1,0,0,unknown,0,0.43283235320104557
54,management,married,tertiary,no,8509,yes,no,cellular,7,may,1,0,0,unknown,0,0.43280697783860944
25,student,single,primary,no,373,yes,no,cellular,11,may,2,0,0,unknown,0,0.4327957764776819
26,admin.,single,secondary,no,140,yes,no,cellular,15,may,5,0,0,unknown,0,0.43276315415016475
44,management,married,tertiary,no,4460,no,no,telephone,31,jul,2,0,0,unknown,0,0.432615973269665
47,admin.,single,secondary,no,1544,yes,no,cellular,6,apr,1,312,1,failure,1,0.43255807482906605
60,self-employed,married,tertiary,no,2149,no,no,cellular,19,aug,4,0,0,unknown,0,0.43240881355627253
31,technician,single,tertiary,no,319,no,yes,cellular,7,aug,1,0,0,unknown,0,0.43239223624154044
34,technician,single,tertiary,no,228,yes,no,cellular,22,jul,4,0,0,unknown,0,0.4323335759087466
34,admin.,single,secondary,no,63,yes,no,cellular,17,apr,1,0,0,unknown,0,0.43216988708446263
35,technician,married,secondary,no,294,yes,no,cellular,2,sep,6,79,11,failure,1,0.4320906587794945
33,technician,married,secondary,no,277,no,no,cellular,7,aug,2,0,0,unknown,0,0.4320307276883981
58,retired,married,primary,no,1241,no,no,cellular,18,aug,2,0,0,unknown,0,0.43200597918732503
29,admin.,single,secondary,no,454,no,no,telephone,16,jul,11,0,0,unknown,0,0.4319584556975415
43,entrepreneur,married,tertiary,no,903,yes,no,cellular,7,apr,1,0,0,unknown,0,0.43193204138931707
36,management,single,tertiary,no,142,yes,no,cellular,25,jul,1,0,0,unknown,0,0.43192776482361706
36,management,single,tertiary,no,0,no,no,cellular,11,aug,2,0,0,unknown,0,0.43181753778288523
43,technician,married,primary,no,2586,yes,no,cellular,20,apr,1,0,0,unknown,0,0.4316679171133964
42,entrepreneur,single,primary,no,388,no,yes,cellular,17,jul,3,0,0,unknown,0,0.43161135963843833
60,management,married,tertiary,no,2222,yes,no,cellular,11,jul,2,0,0,unknown,0,0.43150206759822957
33,blue-collar,single,secondary,no,-38,yes,no,cellular,18,may,1,0,0,unknown,0,0.43149653754913275
33,management,divorced,tertiary,no,990,yes,no,cellular,24,jul,2,0,0,unknown,0,0.43146024404245337
37,blue-collar,single,secondary,no,392,yes,no,cellular,18,jul,3,0,0,unknown,0,0.43142155715279346
35,management,single,tertiary,no,31,yes,no,cellular,14,jul,3,0,0,unknown,0,0.431410144104233
56,retired,married,tertiary,no,87,no,no,cellular,8,jul,2,0,0,unknown,0,0.4313983802957083
25,admin.,single,secondary,no,18,yes,no,cellular,22,jul,1,0,0,unknown,0,0.43137729950829823
37,blue-collar,single,primary,yes,21,no,no,cellular,6,may,2,0,0,unknown,0,0.4313120240168737
38,technician,single,secondary,no,103,yes,no,cellular,2,feb,1,187,3,failure,1,0.43124760520500255
33,management,single,tertiary,no,134,no,no,cellular,18,aug,2,0,0,unknown,0,0.4312129264804571
58,retired,married,unknown,no,662,yes,no,cellular,2,feb,1,0,0,unknown,0,0.4312117918079663
55,management,divorced,tertiary,no,1598,no,no,cellular,22,aug,4,0,0,unknown,0,0.43119657466852795
46,retired,divorced,tertiary,no,-48,no,no,cellular,4,aug,4,0,0,unknown,0,0.43112702522091845
38,management,divorced,tertiary,no,349,yes,no,cellular,11,jul,2,0,0,unknown,0,0.43111699883475835
32,management,single,tertiary,no,0,no,no,cellular,21,nov,6,0,0,unknown,0,0.43110012552239163
41,technician,single,secondary,no,650,yes,no,cellular,20,nov,3,0,0,unknown,0,0.4310966183962105
56,unemployed,married,primary,no,5496,yes,no,cellular,3,feb,3,0,0,unknown,0,0.43106806589582625
32,admin.,single,secondary,no,5,yes,yes,cellular,8,apr,1,0,0,unknown,0,0.43105140421918287
59,admin.,married,secondary,no,4196,no,no,telephone,31,jul,2,0,0,unknown,0,0.4308201659726037
50,blue-collar,married,primary,no,12519,yes,no,unknown,18,oct,1,0,0,unknown,0,0.43075559854501194
37,management,married,tertiary,no,7785,yes,no,cellular,17,apr,2,0,0,unknown,0,0.4307318102505595
31,technician,single,secondary,no,-348,yes,no,cellular,18,may,1,0,0,unknown,0,0.43071638330680806
44,management,single,tertiary,no,3,yes,no,cellular,6,may,1,0,0,unknown,0,0.43070181119027984
58,retired,divorced,tertiary,no,1321,no,no,telephone,29,jul,6,0,0,unknown,0,0.43069565584422503
32,management,single,tertiary,no,611,yes,yes,cellular,9,jul,1,0,0,unknown,0,0.43066967202543566
45,unemployed,married,primary,no,2,no,no,cellular,4,aug,1,0,0,unknown,0,0.430630285764666
58,management,single,tertiary,no,331,no,yes,cellular,28,jul,3,0,0,unknown,0,0.43060407278090024
41,management,single,tertiary,no,601,yes,yes,cellular,2,feb,2,0,0,unknown,0,0.4305864036156617
39,entrepreneur,divorced,secondary,no,990,yes,no,cellular,23,jul,1,0,0,unknown,0,0.43057006119619734
29,services,single,secondary,no,2,yes,no,cellular,6,may,4,0,0,unknown,0,0.4304882517900828
49,self-employed,single,secondary,no,766,yes,no,cellular,7,jul,4,0,0,unknown,0,0.43039049093996595
45,management,married,tertiary,no,324,no,no,cellular,13,aug,4,0,0,unknown,0,0.4303593204411824
45,self-employed,married,primary,no,1288,no,no,cellular,7,aug,6,0,0,unknown,0,0.43034421143688634
32,admin.,married,secondary,no,389,yes,no,cellular,28,jul,3,233,3,failure,1,0.430316222203197
29,technician,married,tertiary,no,858,yes,no,cellular,12,jun,7,330,1,failure,1,0.4302272690553179
35,management,married,tertiary,no,520,yes,no,cellular,4,may,3,17,5,failure,1,0.4300688884939787
32,blue-collar,single,secondary,no,123,yes,no,cellular,8,jul,4,0,0,unknown,0,0.4300313088637885
36,management,married,tertiary,no,171,no,no,cellular,12,aug,2,0,0,unknown,0,0.4300058386405614
29,blue-collar,married,secondary,no,1052,yes,no,cellular,13,may,1,0,0,unknown,0,0.42998963650281885
58,unemployed,married,tertiary,no,744,no,no,telephone,28,jan,1,0,0,unknown,0,0.42996242410180413
46,admin.,married,secondary,no,5169,no,no,cellular,22,jul,14,0,0,unknown,0,0.42995675516186665
53,technician,single,tertiary,no,1,no,no,cellular,21,aug,1,0,0,unknown,0,0.4299458224965834
33,management,married,tertiary,no,5792,yes,no,cellular,18,may,2,0,0,unknown,0,0.42992326720113583
44,management,married,tertiary,no,1850,yes,no,cellular,6,may,1,0,0,unknown,0,0.42974363593135956
42,entrepreneur,divorced,tertiary,no,626,yes,no,cellular,14,aug,2,0,0,unknown,0,0.42973094635449516
41,technician,married,secondary,no,2851,no,no,cellular,18,aug,3,0,0,unknown,0,0.429724661437829
49,management,married,tertiary,no,15,no,no,cellular,30,jan,3,2,2,other,1,0.42968176614964426
34,management,single,tertiary,no,0,no,no,cellular,24,jul,3,0,0,unknown,0,0.4296816290682569
32,services,divorced,secondary,no,454,yes,no,cellular,18,jul,1,0,0,unknown,0,0.4296716133939652
31,technician,divorced,secondary,no,345,yes,no,cellular,5,may,3,0,0,unknown,0,0.42965031459479036
35,management,single,secondary,no,1189,no,yes,cellular,14,aug,2,0,0,unknown,0,0.4296171465711578
31,unemployed,single,secondary,no,0,no,no,cellular,20,nov,5,0,0,unknown,0,0.42959050990989545
57,management,married,tertiary,no,163,no,no,cellular,6,aug,3,0,0,unknown,0,0.429530836443153
33,student,single,tertiary,no,4,yes,no,cellular,18,nov,2,0,0,unknown,0,0.4295078383218573
33,admin.,single,secondary,no,745,yes,no,cellular,17,apr,2,333,1,other,1,0.4293884492888546
26,blue-collar,married,secondary,no,5795,yes,no,cellular,14,may,2,0,0,unknown,0,0.4293639987071176
60,retired,married,tertiary,no,225,no,no,cellular,19,aug,2,0,0,unknown,0,0.4292943286063068
33,management,married,tertiary,no,4054,yes,no,cellular,10,jul,1,0,0,unknown,0,0.4292734165772417
33,services,single,tertiary,no,-452,no,no,cellular,29,jan,2,0,0,unknown,0,0.42924270418784405
32,management,married,tertiary,no,-149,no,no,cellular,5,feb,1,8,1,other,1,0.4292416064211528
47,management,married,tertiary,no,6637,yes,no,cellular,17,apr,2,0,0,unknown,0,0.42897154771286095
34,management,single,tertiary,no,138,yes,no,cellular,18,may,5,0,0,unknown,0,0.42896956018450716
36,admin.,married,tertiary,no,1145,yes,no,cellular,29,sep,1,239,2,failure,1,0.42896546129096924
35,admin.,married,secondary,no,3854,yes,no,cellular,5,may,1,0,0,unknown,0,0.42891916324068896
38,technician,single,secondary,no,294,no,yes,cellular,25,jul,2,0,0,unknown,0,0.42890747605768637
38,management,single,tertiary,no,231,no,no,cellular,19,aug,2,0,0,unknown,0,0.428904374844917
34,services,married,secondary,no,2825,yes,no,cellular,12,may,1,0,0,unknown,0,0.42875086328213174
26,technician,single,secondary,no,-213,no,yes,cellular,21,jul,5,0,0,unknown,0,0.4287051073316823
50,technician,single,secondary,no,246,yes,no,cellular,17,jul,2,0,0,unknown,0,0.4284608884038702
31,blue-collar,single,primary,no,2488,yes,no,cellular,20,apr,1,0,0,unknown,0,0.42840931427266055
32,management,married,tertiary,no,2853,yes,yes,cellular,4,feb,1,0,0,unknown,0,0.4283420464165252
35,services,married,secondary,no,2791,yes,no,cellular,15,may,1,0,0,unknown,0,0.42820387310001906
33,management,married,tertiary,no,0,yes,no,cellular,7,apr,1,0,0,unknown,0,0.4281498625202922
34,management,single,tertiary,no,-292,yes,no,cellular,11,aug,2,0,0,unknown,0,0.428108842922031
45,admin.,single,secondary,no,341,yes,yes,cellular,5,may,2,0,0,unknown,0,0.42809115709769996
43,blue-collar,divorced,primary,no,1234,yes,no,cellular,7,may,1,0,0,unknown,0,0.4280584053876496
56,services,married,secondary,no,4914,no,no,cellular,18,aug,4,0,0,unknown,0,0.42804502432554864
38,self-employed,married,tertiary,no,2084,yes,no,cellular,16,apr,2,330,2,failure,1,0.4280034720932608
38,management,married,tertiary,no,1187,yes,yes,cellular,2,feb,1,0,0,unknown,0,0.427976860898599
56,retired,married,secondary,no,4577,no,no,cellular,29,aug,2,0,0,unknown,0,0.42787819808226646
49,technician,divorced,tertiary,no,596,yes,no,telephone,15,sep,1,0,0,unknown,0,0.42783743348120323
32,admin.,married,tertiary,no,57,no,no,cellular,9,jul,2,0,0,unknown,0,0.4275945352893984
34,admin.,married,secondary,no,0,yes,no,cellular,10,feb,1,85,1,failure,1,0.42744426010596626
45,management,divorced,primary,no,274,no,yes,cellular,4,feb,1,0,0,unknown,0,0.4274318706509163
38,management,married,tertiary,no,165,yes,no,cellular,17,apr,1,260,2,other,1,0.4274299185526538
43,services,single,secondary,no,-63,yes,no,cellular,18,may,3,374,1,other,1,0.42742265001026963
37,entrepreneur,single,tertiary,no,65,no,no,cellular,31,jul,4,0,0,unknown,0,0.4274045233333862
59,retired,married,primary,no,4450,no,no,cellular,28,aug,3,0,0,unknown,0,0.4272878014084046
50,management,married,tertiary,no,78,yes,no,cellular,14,jan,3,161,9,other,1,0.42726289618494684
55,management,divorced,tertiary,no,36,no,no,cellular,23,jul,2,0,0,unknown,0,0.4272509360660915
42,unemployed,divorced,primary,no,1699,no,yes,cellular,17,jul,2,0,0,unknown,0,0.42713217380144664
32,admin.,divorced,secondary,no,187,yes,no,cellular,14,jul,2,0,0,unknown,0,0.427120992981497
24,services,single,secondary,no,496,yes,no,cellular,3,apr,1,323,2,failure,1,0.4271194589495409
31,technician,married,secondary,no,246,no,no,cellular,7,aug,2,0,0,unknown,0,0.42705947628054985
29,self-employed,single,tertiary,no,814,no,no,unknown,13,aug,1,0,0,unknown,0,0.42697330018557134
37,management,divorced,tertiary,no,2519,yes,no,cellular,19,nov,1,0,0,unknown,0,0.4269693046075828
37,housemaid,single,secondary,no,1358,no,no,telephone,28,jan,1,0,0,unknown,0,0.42685847578540226
32,student,single,secondary,no,61,no,yes,cellular,5,jul,3,515,7,failure,1,0.4268489516440475
46,blue-collar,married,primary,no,648,no,no,cellular,14,aug,4,0,0,unknown,0,0.42675841376547646
33,technician,single,tertiary,no,849,yes,no,cellular,15,may,2,291,5,failure,1,0.42671286828171673
37,management,married,tertiary,no,1949,yes,no,cellular,12,may,2,0,0,unknown,0,0.42666568487558254
25,blue-collar,single,secondary,no,0,yes,no,cellular,22,jul,1,0,0,unknown,0,0.42654938752809074
55,blue-collar,married,secondary,no,388,no,no,cellular,12,aug,2,0,0,unknown,0,0.42645146140502177
50,technician,married,tertiary,no,0,no,yes,cellular,6,jul,1,85,7,failure,1,0.4263988774498293
36,technician,married,secondary,no,-531,no,no,cellular,14,may,3,0,0,unknown,0,0.4263341546869233
34,management,single,tertiary,no,250,no,no,cellular,26,aug,2,0,0,unknown,0,0.42604233524170054
34,technician,single,secondary,no,124,no,no,telephone,14,aug,2,0,0,unknown,0,0.4260215063458205
51,blue-collar,married,secondary,no,3370,yes,no,cellular,11,may,1,0,0,unknown,0,0.42590292691755843
41,technician,married,secondary,no,799,no,no,cellular,31,jul,6,0,0,unknown,0,0.42588150668370717
31,management,married,tertiary,no,357,yes,no,cellular,13,apr,2,228,5,failure,1,0.42588070606647827
42,management,single,tertiary,no,515,yes,no,cellular,19,nov,2,0,0,unknown,0,0.4258444317506085
39,management,single,tertiary,no,202,yes,no,cellular,12,may,1,301,1,other,1,0.42577517194633996
42,management,divorced,tertiary,no,357,yes,no,cellular,8,may,1,0,0,unknown,0,0.4256836126310457
45,services,single,secondary,no,1757,yes,no,cellular,20,apr,3,326,1,other,1,0.42565366334891874
59,services,divorced,primary,no,6290,yes,no,cellular,17,apr,4,0,0,unknown,0,0.42560438319888516
47,blue-collar,married,primary,no,2749,yes,no,cellular,30,apr,2,164,1,failure,1,0.42558602888660224
43,entrepreneur,single,tertiary,no,744,no,yes,cellular,29,jul,4,0,0,unknown,0,0.4255242489126481
42,management,divorced,tertiary,no,1243,no,no,cellular,26,aug,4,0,0,unknown,0,0.42542018435233103
60,retired,married,secondary,no,0,no,no,cellular,5,aug,3,0,0,unknown,0,0.4253051804868877
41,blue-collar,divorced,primary,no,0,no,no,cellular,30,jul,2,0,0,unknown,0,0.4253036135344933
53,technician,single,secondary,no,0,no,no,cellular,4,aug,2,0,0,unknown,0,0.42529049798861424
34,technician,divorced,secondary,no,1301,yes,no,cellular,25,jul,2,0,0,unknown,0,0.42522597032175274
37,technician,single,secondary,no,133,yes,no,cellular,24,jul,2,0,0,unknown,0,0.42519654004111973
49,management,married,tertiary,no,596,yes,no,cellular,3,apr,2,0,0,unknown,0,0.4251688701850537
51,housemaid,divorced,secondary,no,330,no,no,telephone,21,nov,3,0,0,unknown,0,0.42516860897894687
53,self-employed,married,secondary,no,248,no,yes,cellular,17,nov,1,126,3,failure,1,0.4251110269437692
41,management,divorced,secondary,no,0,no,no,cellular,6,aug,2,0,0,unknown,0,0.4250145066285541
50,admin.,divorced,secondary,no,202,no,yes,cellular,17,nov,1,0,0,unknown,0,0.42500486546507865
30,services,married,secondary,no,1222,yes,no,cellular,14,may,1,0,0,unknown,0,0.42496544612288945
60,technician,married,tertiary,no,131,no,no,cellular,12,aug,6,0,0,unknown,0,0.42491422524024236
49,admin.,single,secondary,no,827,yes,no,cellular,30,jan,1,0,0,unknown,0,0.4248556082352596
37,blue-collar,married,secondary,no,417,no,no,cellular,31,jul,5,0,0,unknown,0,0.42471092631136437
56,management,married,tertiary,no,25290,no,no,cellular,31,jul,12,0,0,unknown,0,0.42456302591159223
32,management,married,tertiary,no,1270,no,no,cellular,19,aug,3,0,0,unknown,0,0.42455923375707294
29,technician,married,secondary,no,767,yes,no,cellular,5,feb,1,0,0,unknown,0,0.42447324752331334
35,unemployed,single,primary,no,-17,no,no,cellular,28,jan,1,0,0,unknown,0,0.4243386804170632
36,services,single,secondary,no,-253,yes,no,cellular,14,apr,1,0,0,unknown,0,0.4241533767869637
33,blue-collar,single,unknown,no,514,yes,no,cellular,17,apr,1,0,0,unknown,0,0.42409266950949975
34,entrepreneur,single,secondary,no,318,yes,no,cellular,21,nov,2,0,0,unknown,0,0.42408624044209764
43,technician,single,secondary,no,463,yes,no,cellular,17,nov,2,0,0,unknown,0,0.42407824615613315
37,technician,divorced,secondary,no,566,yes,no,cellular,6,aug,2,0,0,unknown,0,0.4239967607694179
27,admin.,single,secondary,no,-550,yes,no,cellular,9,feb,3,195,15,other,1,0.4239405055934624
51,admin.,single,tertiary,no,394,no,no,telephone,28,jan,2,0,0,unknown,0,0.42380480100062884
27,management,single,tertiary,no,498,yes,no,cellular,12,may,1,369,3,failure,1,0.4237476866584472
35,blue-collar,single,secondary,no,398,yes,no,cellular,20,apr,1,0,0,unknown,0,0.4237312001173017
57,blue-collar,married,primary,no,856,no,no,cellular,11,aug,6,0,0,unknown,0,0.4237116392156606
30,entrepreneur,married,tertiary,no,366,no,no,cellular,13,aug,6,0,0,unknown,0,0.42356692851520655
52,self-employed,single,secondary,no,207,no,yes,cellular,18,nov,1,0,0,unknown,0,0.4234625631018053
39,blue-collar,divorced,primary,no,3970,yes,no,cellular,18,nov,1,0,0,unknown,0,0.42341140629934104
59,management,married,secondary,no,42,no,no,cellular,21,nov,1,0,0,unknown,0,0.4231783494493737
40,housemaid,married,secondary,no,4136,yes,no,cellular,11,may,3,173,5,failure,1,0.4231077110819691
20,student,single,secondary,no,602,yes,no,cellular,6,may,4,0,0,unknown,0,0.4230956751404627
37,admin.,divorced,secondary,no,141,yes,no,cellular,14,may,1,0,0,unknown,0,0.42304781787996176
51,technician,divorced,secondary,no,43,no,no,cellular,30,jul,2,0,0,unknown,0,0.4230213404663053
35,management,single,tertiary,no,1396,yes,no,cellular,13,may,1,300,1,failure,1,0.422923553802734
40,services,divorced,secondary,no,768,yes,no,cellular,12,may,3,0,0,unknown,0,0.42288192518035295
58,services,divorced,secondary,no,796,no,no,cellular,18,aug,7,0,0,unknown,0,0.42286704629492844
45,management,divorced,tertiary,no,6572,yes,no,cellular,17,nov,2,0,0,unknown,0,0.4228625156104009
50,blue-collar,divorced,primary,no,171,no,no,cellular,14,aug,3,0,0,unknown,0,0.42280795351256806
34,technician,married,secondary,no,0,no,no,cellular,9,jul,1,0,0,unknown,0,0.4227886958891805
37,admin.,single,tertiary,no,3954,yes,no,cellular,17,apr,1,331,1,failure,1,0.4227730609235391
36,management,single,tertiary,no,0,no,yes,cellular,18,nov,1,96,4,failure,1,0.4227200750501421
28,services,single,secondary,no,2992,yes,no,cellular,30,jan,4,0,0,unknown,0,0.42261538022713047
35,technician,divorced,tertiary,no,4515,yes,no,cellular,19,nov,2,0,0,unknown,0,0.422570731392605
36,blue-collar,married,secondary,no,0,no,no,cellular,4,feb,1,244,1,failure,1,0.42255345897250396
51,blue-collar,married,primary,no,4712,no,no,telephone,20,nov,2,0,0,unknown,0,0.4224711478353349
45,management,divorced,tertiary,no,3150,yes,no,cellular,17,nov,2,0,0,unknown,0,0.4224310885879435
55,blue-collar,married,secondary,no,2854,yes,no,cellular,7,may,1,0,0,unknown,0,0.4223506695828553
37,admin.,single,secondary,no,0,yes,no,cellular,16,apr,2,0,0,unknown,0,0.42226964607894
32,management,single,tertiary,no,813,no,no,cellular,28,aug,7,0,0,unknown,0,0.4222294084133212
37,admin.,divorced,tertiary,no,-65,no,no,cellular,21,jul,1,0,0,unknown,0,0.4221117280485214
44,management,married,tertiary,no,-61,no,no,cellular,11,aug,1,0,0,unknown,0,0.42207800879297197
29,management,single,tertiary,no,13,yes,no,cellular,15,may,6,0,0,unknown,0,0.42206632620057044
31,management,married,tertiary,yes,0,no,no,cellular,14,jul,4,0,0,unknown,0,0.42200205812604286
37,housemaid,married,secondary,no,7433,no,yes,cellular,5,feb,3,0,0,unknown,0,0.42196996985045926
33,blue-collar,married,secondary,no,1130,yes,no,cellular,7,apr,1,0,0,unknown,0,0.4219508785123774
32,technician,single,secondary,no,540,no,yes,cellular,29,jan,1,0,0,unknown,0,0.42186824254585636
35,entrepreneur,married,secondary,no,4872,yes,no,cellular,15,may,3,0,0,unknown,0,0.4218511903685166
38,technician,single,secondary,no,260,no,no,cellular,20,aug,2,0,0,unknown,0,0.42185020036453946
35,technician,single,tertiary,no,2277,no,yes,cellular,11,aug,2,0,0,unknown,0,0.42176572310946203
54,retired,married,primary,no,309,no,no,cellular,13,aug,2,0,0,unknown,0,0.4217131393566856
41,blue-collar,married,secondary,no,5517,yes,no,cellular,10,jul,1,0,0,unknown,0,0.4216504992784012
31,management,married,tertiary,no,927,no,no,cellular,18,aug,4,0,0,unknown,0,0.4215800654132005
32,blue-collar,single,primary,no,121,yes,no,cellular,20,nov,1,0,0,unknown,0,0.4215709639430603
26,student,single,tertiary,no,251,yes,no,cellular,18,may,5,0,0,unknown,0,0.4215694924133331
52,management,married,tertiary,no,576,no,no,cellular,18,aug,3,0,0,unknown,0,0.4214152162383844
44,technician,married,secondary,no,2776,yes,no,cellular,27,jan,1,0,0,unknown,0,0.4213735186236024
27,blue-collar,single,secondary,no,103,no,yes,cellular,28,jul,5,0,0,unknown,0,0.42136963540754147
40,admin.,married,secondary,no,767,yes,no,cellular,6,feb,1,0,0,unknown,0,0.4213669942312764
31,management,married,tertiary,no,4148,yes,no,cellular,21,nov,3,99,9,other,1,0.42135164299261896
46,unemployed,married,primary,no,1251,yes,no,cellular,6,feb,2,0,0,unknown,0,0.42128046562946936
41,technician,divorced,tertiary,no,533,yes,no,cellular,14,jul,4,0,0,unknown,0,0.42126133893981554
38,blue-collar,married,secondary,no,814,yes,no,cellular,4,feb,1,0,0,unknown,0,0.42125396033852125
33,entrepreneur,married,tertiary,no,606,yes,no,cellular,2,feb,1,0,0,unknown,0,0.42115108437193216
40,admin.,single,secondary,no,782,yes,no,cellular,21,dec,5,202,17,failure,1,0.4211469078988521
44,blue-collar,divorced,primary,no,3953,yes,no,cellular,20,nov,1,0,0,unknown,0,0.4210674765513497
52,technician,married,tertiary,no,3440,yes,no,cellular,9,jul,1,0,0,unknown,0,0.4209706463161849
30,blue-collar,married,secondary,no,4389,yes,no,cellular,30,apr,6,0,0,unknown,0,0.42089483742751044
45,technician,married,tertiary,no,2359,no,no,cellular,18,aug,7,0,0,unknown,0,0.42086533395140163
33,management,married,tertiary,no,1163,yes,no,cellular,10,jul,1,0,0,unknown,0,0.42084794193579145
42,entrepreneur,divorced,tertiary,no,367,yes,no,cellular,10,jul,1,0,0,unknown,0,0.42080233667567524
59,admin.,married,secondary,no,1914,yes,no,cellular,7,jul,3,0,0,unknown,0,0.4207980240638968
35,blue-collar,divorced,primary,no,289,yes,no,cellular,13,may,1,0,0,unknown,0,0.4207979865637258
45,services,single,secondary,no,303,yes,no,cellular,20,apr,3,0,0,unknown,0,0.4207731644181628
41,technician,single,secondary,no,1508,no,yes,cellular,28,jan,2,0,0,unknown,0,0.4207065002763982
41,services,single,secondary,no,-68,yes,no,cellular,3,apr,3,0,0,unknown,0,0.42070190397257184
51,services,single,primary,no,2499,yes,no,cellular,12,may,5,0,0,unknown,0,0.4207006366639559
54,blue-collar,married,primary,no,4503,no,no,telephone,21,nov,3,0,0,unknown,0,0.42068845513525344
60,self-employed,married,secondary,no,3105,no,no,telephone,28,jul,4,0,0,unknown,0,0.420581693729617
58,blue-collar,divorced,primary,no,2246,yes,no,cellular,14,may,2,0,0,unknown,0,0.42049373197932527
53,technician,divorced,tertiary,no,6503,yes,no,cellular,20,nov,1,0,0,unknown,0,0.4204399356822867
33,services,single,tertiary,no,1268,yes,no,cellular,6,may,1,350,1,other,1,0.42042811118340273
39,blue-collar,single,secondary,no,383,yes,yes,cellular,4,feb,2,0,0,unknown,0,0.42042092227842326
30,blue-collar,married,primary,no,935,yes,no,cellular,5,feb,2,0,0,unknown,0,0.42034537461547644
45,management,single,tertiary,no,16,no,no,cellular,31,jul,2,0,0,unknown,0,0.4203382391208965
44,entrepreneur,married,tertiary,no,1808,yes,no,cellular,9,jul,1,0,0,unknown,0,0.42032286606710273
36,management,single,secondary,no,0,no,no,cellular,13,aug,5,0,0,unknown,0,0.4202905739571744
32,technician,single,tertiary,no,514,yes,yes,cellular,20,nov,1,0,0,unknown,0,0.42027262711273666
30,technician,single,secondary,no,54,no,no,cellular,11,aug,2,0,0,unknown,0,0.42016635683797326
28,blue-collar,single,secondary,no,-127,yes,no,cellular,4,jul,3,0,0,unknown,0,0.42009826995365446
26,services,single,secondary,no,127,yes,yes,cellular,23,jul,3,0,0,unknown,0,0.41992630388533747
29,services,single,secondary,no,9,yes,no,cellular,18,may,5,0,0,unknown,0,0.4199203028093666
49,management,married,tertiary,no,1311,yes,no,cellular,8,may,1,0,0,unknown,0,0.4199199989055565
31,self-employed,single,secondary,no,202,yes,no,cellular,18,nov,1,0,0,unknown,0,0.41989008675464723
32,management,single,secondary,no,86,yes,no,cellular,21,nov,1,0,0,unknown,0,0.4198598721177684
30,blue-collar,single,secondary,no,163,yes,yes,cellular,23,jul,2,0,0,unknown,0,0.41984704879545215
25,blue-collar,single,secondary,no,-375,yes,no,cellular,14,jul,2,0,0,unknown,0,0.41984480699218907
40,admin.,single,secondary,no,208,yes,yes,cellular,11,may,2,0,0,unknown,0,0.4197646919272336
31,technician,single,secondary,no,49,yes,no,cellular,7,jul,1,0,0,unknown,0,0.41969578110105066
59,blue-collar,married,primary,no,3062,yes,no,cellular,14,aug,2,0,0,unknown,0,0.41968654264460653
55,unemployed,married,primary,no,8585,no,no,telephone,28,jan,2,0,0,unknown,0,0.4195855590346045
33,blue-collar,married,tertiary,no,870,no,yes,cellular,8,jul,3,0,0,unknown,0,0.41953542442508024
34,unemployed,married,secondary,no,428,yes,no,cellular,7,apr,2,267,3,other,1,0.4194036136045399
27,admin.,married,secondary,no,639,no,yes,cellular,14,jul,3,0,0,unknown,0,0.4193419199235503
55,services,married,secondary,no,2990,yes,no,cellular,17,apr,1,0,0,unknown,0,0.41932245372565047
34,blue-collar,married,secondary,no,855,no,yes,cellular,14,jul,3,0,0,unknown,0,0.4192287230941225
49,blue-collar,married,secondary,no,1838,yes,no,cellular,8,jul,1,0,0,unknown,0,0.4191482264472816
35,management,single,tertiary,no,-353,yes,no,cellular,16,jul,1,0,0,unknown,0,0.4191473881217746
47,technician,divorced,secondary,no,84,no,no,cellular,8,aug,2,0,0,unknown,0,0.4191189388572704
59,retired,married,primary,no,3000,no,yes,cellular,6,feb,1,0,0,unknown,0,0.41906546092558344
32,technician,married,tertiary,no,3850,yes,no,cellular,20,apr,4,0,0,unknown,0,0.41905060155401486
35,blue-collar,married,unknown,no,1084,yes,no,cellular,10,jul,1,0,0,unknown,0,0.4190403093048933
32,management,single,tertiary,no,347,yes,no,cellular,18,may,1,264,6,failure,1,0.4189991699207238
36,blue-collar,single,secondary,no,0,yes,no,cellular,5,feb,2,0,0,unknown,0,0.4189783130587464
38,technician,single,secondary,no,311,yes,no,cellular,28,may,2,0,0,unknown,0,0.4188693656957882
30,management,single,tertiary,yes,35,no,no,cellular,30,jul,4,0,0,unknown,0,0.41884005086523807
54,blue-collar,married,primary,no,2110,yes,no,cellular,16,apr,1,0,0,unknown,0,0.4188180975729123
53,housemaid,divorced,primary,no,2253,yes,no,cellular,24,jul,1,0,0,unknown,0,0.4187897547938878
36,management,divorced,tertiary,no,1406,yes,no,cellular,18,aug,4,0,0,unknown,0,0.41859117727595146
60,management,married,tertiary,no,3029,no,no,cellular,28,aug,9,0,0,unknown,0,0.4185694573237639
34,services,single,secondary,no,49,no,yes,cellular,9,jul,1,0,0,unknown,0,0.41854466420778214
50,technician,divorced,tertiary,no,1679,yes,no,cellular,24,jul,2,0,0,unknown,0,0.4184971058644414
49,services,divorced,secondary,no,579,yes,no,cellular,11,may,1,0,0,unknown,0,0.41839034343724946
41,blue-collar,married,secondary,no,1521,yes,no,cellular,8,apr,4,0,0,unknown,0,0.418350775255017
33,unemployed,single,secondary,no,559,yes,no,cellular,9,feb,6,0,0,unknown,0,0.41832191254212253
40,blue-collar,single,primary,no,-187,yes,no,cellular,5,feb,1,0,0,unknown,0,0.41825144149802596
31,technician,single,secondary,no,40,no,no,cellular,7,aug,2,0,0,unknown,0,0.4182317723209503
30,management,married,tertiary,no,6432,yes,no,cellular,5,may,6,165,5,failure,1,0.41820840995153546
23,entrepreneur,married,tertiary,no,489,no,yes,cellular,18,aug,4,0,0,unknown,0,0.4181935126824056
29,management,single,tertiary,no,21,yes,no,cellular,14,may,4,371,3,failure,1,0.41815618380481356
48,management,single,tertiary,no,460,yes,no,cellular,3,feb,3,264,2,other,1,0.41810040091518536
45,technician,married,secondary,no,1477,yes,no,cellular,8,jul,1,0,0,unknown,0,0.4180626273110668
40,management,single,tertiary,no,171,no,no,cellular,19,aug,3,0,0,unknown,0,0.418060777201528
32,technician,single,secondary,no,12,no,no,cellular,7,aug,2,0,0,unknown,0,0.4180337212128521
50,admin.,single,primary,no,1367,no,no,telephone,30,jul,2,0,0,unknown,0,0.4180205951559989
27,admin.,married,secondary,no,941,yes,no,cellular,11,jul,1,0,0,unknown,0,0.4179713481491632
31,blue-collar,single,primary,no,817,yes,no,cellular,17,apr,1,0,0,unknown,0,0.41792837248538744
52,entrepreneur,married,secondary,no,330,no,yes,cellular,4,feb,1,0,0,unknown,0,0.41791307341138706
37,unemployed,married,secondary,no,86,no,no,cellular,29,jan,1,0,0,unknown,0,0.41789058851470673
32,admin.,married,secondary,no,0,yes,no,cellular,30,apr,2,0,0,unknown,0,0.4178102720179202
36,management,married,tertiary,no,139,yes,no,cellular,20,apr,1,0,0,unknown,0,0.4177799549359531
37,management,divorced,tertiary,no,-42,yes,no,cellular,14,may,2,0,0,unknown,0,0.4177754235765403
28,technician,married,secondary,no,7102,yes,no,cellular,20,apr,3,325,9,failure,1,0.41773601628110585
43,management,married,unknown,no,595,no,no,telephone,28,jan,1,0,0,unknown,0,0.417545641191758
25,student,single,secondary,no,1765,yes,no,telephone,14,apr,3,326,2,failure,1,0.41751981909450075
58,retired,divorced,secondary,no,439,no,yes,cellular,10,jul,2,0,0,unknown,0,0.4175115818355571
55,management,single,tertiary,no,430,no,no,cellular,29,aug,4,0,0,unknown,0,0.41750333529267514
43,self-employed,married,primary,yes,385,no,no,cellular,6,aug,2,0,0,unknown,0,0.41747278624996725
43,services,single,secondary,no,0,yes,no,cellular,14,may,4,0,0,unknown,0,0.41747229487723136
30,admin.,married,secondary,no,3750,yes,no,cellular,20,nov,1,0,0,unknown,0,0.4174554723847017
43,admin.,divorced,secondary,no,587,yes,no,cellular,17,jul,1,0,0,unknown,0,0.4173700581158236
45,unknown,married,unknown,no,356,no,no,cellular,11,aug,2,0,0,unknown,0,0.4173542578524919
52,technician,divorced,secondary,no,106,no,no,cellular,12,aug,4,0,0,unknown,0,0.41732483989471836
39,unemployed,married,secondary,no,1309,yes,no,cellular,4,feb,2,0,0,unknown,0,0.41731289786832393
43,admin.,single,secondary,no,375,no,yes,cellular,5,feb,2,199,4,failure,1,0.4172683012113201
27,entrepreneur,single,secondary,no,2,yes,no,cellular,17,jul,1,0,0,unknown,0,0.4172006287618131
41,entrepreneur,married,secondary,no,1249,yes,no,cellular,9,jul,1,0,0,unknown,0,0.41719826297936663
56,management,married,tertiary,no,2366,yes,yes,cellular,3,feb,2,188,4,failure,1,0.41713563692099426
39,admin.,divorced,secondary,no,7,yes,no,cellular,2,feb,1,0,0,unknown,0,0.41709515609239844
35,unknown,married,primary,no,4144,no,no,cellular,21,aug,3,0,0,unknown,0,0.4170834759280485
46,admin.,divorced,secondary,no,0,yes,no,cellular,2,feb,1,0,0,unknown,0,0.4170661811119365
41,management,divorced,tertiary,no,846,no,yes,cellular,23,jul,3,0,0,unknown,0,0.4169733735945204
43,management,single,secondary,no,469,yes,no,cellular,17,nov,4,0,0,unknown,0,0.4169657231901499
33,technician,divorced,secondary,no,751,yes,no,cellular,18,nov,1,0,0,unknown,0,0.41683628683066404
58,management,married,tertiary,no,3948,no,yes,cellular,13,aug,1,0,0,unknown,0,0.4167763497495324
34,blue-collar,divorced,primary,no,172,yes,no,cellular,17,apr,1,0,0,unknown,0,0.4167360519655766
58,retired,married,primary,no,745,yes,no,cellular,20,apr,1,0,0,unknown,0,0.4166285538260454
59,retired,married,primary,no,2568,no,no,cellular,20,aug,5,0,0,unknown,0,0.4166243509321076
43,blue-collar,married,primary,no,548,no,no,cellular,30,jul,9,0,0,unknown,0,0.4166033085316888
30,student,single,primary,no,1527,no,no,telephone,22,apr,7,0,0,unknown,0,0.4164963019488197
58,management,married,tertiary,no,1271,yes,no,cellular,28,jan,1,0,0,unknown,0,0.416482034445545
27,blue-collar,single,secondary,no,1,yes,no,cellular,18,jul,2,0,0,unknown,0,0.4163926050397577
32,blue-collar,married,primary,no,187,no,no,cellular,20,nov,1,134,1,failure,1,0.4163519992285616
30,technician,single,secondary,no,13,no,no,cellular,21,aug,1,0,0,unknown,0,0.41614019818489467
55,entrepreneur,married,tertiary,no,78,no,no,cellular,18,nov,2,0,0,unknown,0,0.4160870722639685
57,retired,married,secondary,no,2774,no,no,cellular,18,aug,6,0,0,unknown,0,0.4158951771871768
45,blue-collar,married,unknown,no,0,no,no,cellular,4,aug,1,0,0,unknown,0,0.41583741752246584
35,blue-collar,married,secondary,no,2737,yes,no,cellular,13,may,3,0,0,unknown,0,0.41582843907224737
25,blue-collar,single,secondary,no,0,no,no,telephone,8,jul,1,0,0,unknown,0,0.41582772723465644
41,admin.,married,secondary,no,158,yes,no,cellular,13,may,1,50,2,failure,1,0.41578025294762616
38,services,married,secondary,no,968,yes,no,cellular,6,apr,1,0,0,unknown,0,0.4157389000659958
26,admin.,single,secondary,no,321,yes,no,cellular,22,jul,7,0,0,unknown,0,0.41566383674849455
39,blue-collar,married,primary,no,2288,yes,no,cellular,15,may,1,0,0,unknown,0,0.4156344263016819
41,admin.,single,tertiary,no,873,yes,no,cellular,9,feb,9,0,0,unknown,0,0.41555552142682667
37,admin.,divorced,unknown,no,471,yes,no,cellular,18,may,1,0,0,unknown,0,0.41553424424960356
27,technician,married,secondary,no,2460,yes,no,cellular,15,may,2,0,0,unknown,0,0.41546377021740727
46,self-employed,married,unknown,no,-257,no,no,cellular,21,nov,1,189,2,failure,1,0.41542347598909535
27,technician,single,tertiary,no,372,yes,yes,cellular,25,jul,2,0,0,unknown,0,0.41539339741548487
34,blue-collar,single,secondary,no,0,yes,no,cellular,10,jul,1,0,0,unknown,0,0.41535718366729724
44,blue-collar,single,secondary,no,276,yes,no,unknown,29,jun,1,411,6,failure,1,0.4152830714272992
34,technician,single,secondary,no,318,no,yes,cellular,25,jul,5,0,0,unknown,0,0.4152552442296692
32,self-employed,divorced,primary,no,0,yes,no,cellular,17,apr,2,0,0,unknown,0,0.4152427671193758
44,admin.,divorced,secondary,no,163,yes,no,cellular,14,jul,2,0,0,unknown,0,0.41522232652249985
43,admin.,married,secondary,no,764,yes,no,cellular,2,feb,1,0,0,unknown,0,0.41521129737582335
46,blue-collar,divorced,primary,no,916,yes,no,cellular,11,may,2,0,0,unknown,0,0.41519696184525245
45,entrepreneur,married,tertiary,no,169,no,no,cellular,7,aug,4,0,0,unknown,0,0.41519625322369047
45,services,married,secondary,no,4971,no,no,cellular,18,aug,9,0,0,unknown,0,0.4149930692925857
35,technician,single,secondary,no,3490,yes,no,cellular,29,aug,2,0,0,unknown,0,0.4149885978166957
51,technician,married,secondary,no,317,no,no,cellular,13,aug,4,0,0,unknown,0,0.4148626304630302
40,blue-collar,married,primary,no,1389,yes,no,cellular,9,feb,5,0,0,unknown,0,0.41482169068206626
32,admin.,single,secondary,no,566,yes,no,cellular,29,jan,1,0,0,unknown,0,0.4148071559592131
48,services,single,secondary,no,0,yes,yes,cellular,5,may,1,0,0,unknown,0,0.41474704017981656
51,management,married,tertiary,no,0,yes,yes,cellular,19,aug,1,84,1,other,1,0.41466251966386886
60,retired,married,secondary,no,262,no,no,cellular,18,aug,4,0,0,unknown,0,0.41461361480308695
43,entrepreneur,married,tertiary,no,11532,yes,no,telephone,25,jul,1,0,0,unknown,0,0.41458367473895
53,technician,married,tertiary,no,856,yes,no,cellular,4,feb,2,0,0,unknown,0,0.4144664939143911
29,technician,single,tertiary,no,940,yes,no,cellular,15,may,1,330,1,failure,1,0.4144338925235214
33,entrepreneur,single,tertiary,no,484,yes,no,cellular,29,jan,1,0,0,unknown,0,0.4144305717294631
59,services,married,primary,no,4295,no,no,telephone,29,jul,3,0,0,unknown,0,0.4144217707088793
53,management,divorced,tertiary,no,243,yes,no,cellular,7,jul,2,0,0,unknown,0,0.4143877262005736
31,management,single,tertiary,no,62,yes,no,cellular,18,may,1,293,5,failure,1,0.4143561467338005
35,student,single,tertiary,no,873,yes,no,cellular,11,may,1,277,2,failure,1,0.4143120256001903
29,unemployed,married,primary,no,639,no,yes,cellular,4,feb,2,0,0,unknown,0,0.4143088916425648
39,services,divorced,secondary,no,282,yes,no,cellular,17,jul,1,0,0,unknown,0,0.41427100723492033
35,housemaid,married,secondary,no,495,no,no,cellular,14,aug,4,0,0,unknown,0,0.414227569495091
57,technician,married,secondary,no,1753,yes,no,cellular,7,may,1,0,0,unknown,0,0.4142043697301023
49,self-employed,divorced,secondary,no,6116,yes,no,cellular,21,nov,1,0,0,unknown,0,0.41408897984232435
42,technician,single,secondary,no,3,no,no,cellular,19,aug,1,0,0,unknown,0,0.41404843608151154
60,housemaid,divorced,secondary,no,555,yes,no,cellular,22,jul,3,0,0,unknown,0,0.4140261951599571
28,blue-collar,single,secondary,no,1285,no,no,telephone,30,jan,2,2,17,other,1,0.41393821653138063
45,admin.,single,secondary,no,-11,yes,no,cellular,5,may,1,0,0,unknown,0,0.41390123599538625
38,self-employed,divorced,secondary,no,0,yes,no,cellular,20,apr,1,0,0,unknown,0,0.4138918822593298
33,blue-collar,single,secondary,no,266,yes,yes,cellular,17,apr,2,0,0,unknown,0,0.41389168256472864
46,admin.,married,secondary,no,1437,yes,no,cellular,12,may,1,0,0,unknown,0,0.4136993824231981
40,self-employed,married,primary,no,2077,yes,no,cellular,13,may,1,173,24,other,1,0.4136879651310204
38,technician,single,tertiary,no,221,no,no,cellular,20,aug,3,0,0,unknown,0,0.4136698425028854
33,admin.,single,secondary,no,2554,yes,no,telephone,6,apr,3,249,15,failure,1,0.41363932038171997
49,unknown,married,unknown,no,301,no,no,cellular,14,aug,2,0,0,unknown,0,0.41353055454617144
49,admin.,married,tertiary,no,8413,no,no,cellular,19,aug,6,0,0,unknown,0,0.4135202699644611
38,management,single,tertiary,no,574,yes,no,cellular,28,jan,1,0,0,unknown,0,0.41345968545937645
58,management,married,tertiary,no,37,no,no,cellular,28,jan,2,0,0,unknown,0,0.41342467133464106
36,technician,divorced,tertiary,no,1174,yes,no,cellular,18,nov,2,0,0,unknown,0,0.413284910205434
30,services,single,secondary,no,194,yes,no,cellular,12,may,3,301,3,other,1,0.41321151754966196
46,management,married,tertiary,no,2732,yes,no,telephone,11,feb,2,0,0,unknown,0,0.4131896088403981
57,retired,married,secondary,no,1354,no,no,cellular,31,jul,9,0,0,unknown,0,0.413082961230637
27,blue-collar,single,primary,no,68,yes,yes,cellular,11,may,5,0,0,unknown,0,0.4130446535989378
44,entrepreneur,married,secondary,no,781,no,yes,cellular,14,jul,2,0,0,unknown,0,0.4129430268530514
48,management,married,secondary,no,2204,yes,no,cellular,12,may,1,0,0,unknown,0,0.41288815239545396
35,technician,married,secondary,no,0,no,no,cellular,14,jul,2,0,0,unknown,0,0.4128829719326202
35,services,married,secondary,no,1728,yes,no,cellular,17,apr,1,0,0,unknown,0,0.41285083065924083
38,management,married,tertiary,no,546,no,no,cellular,22,aug,2,0,0,unknown,0,0.4128300251584983
47,technician,divorced,secondary,no,22,no,no,cellular,18,may,6,0,0,unknown,0,0.41276610565960353
42,admin.,divorced,secondary,no,2133,yes,no,cellular,5,may,5,0,0,unknown,0,0.4127610043357064
54,management,married,tertiary,no,0,no,no,cellular,16,jul,5,0,0,unknown,0,0.4127502445432576
51,technician,married,secondary,no,223,no,no,cellular,6,aug,3,0,0,unknown,0,0.41269814511527725
33,blue-collar,married,secondary,no,1101,yes,no,cellular,6,apr,2,0,0,unknown,0,0.4126092475112095
46,management,married,secondary,no,790,yes,no,cellular,17,apr,1,0,0,unknown,0,0.4125895669092036
36,admin.,divorced,secondary,no,50,yes,no,cellular,6,may,1,0,0,unknown,0,0.4125888822785471
26,services,married,secondary,no,864,yes,yes,cellular,14,may,1,0,0,unknown,0,0.4124693842465742
33,technician,single,tertiary,no,469,no,no,cellular,26,aug,9,0,0,unknown,0,0.41238908744449004
31,technician,married,tertiary,no,1496,yes,no,cellular,11,aug,2,0,0,unknown,0,0.41238842681406246
54,admin.,married,secondary,no,0,no,no,cellular,27,jan,1,0,0,unknown,0,0.4123627811884669
33,management,married,secondary,no,4040,yes,no,cellular,20,apr,2,0,0,unknown,0,0.41235114594262945
34,technician,married,tertiary,no,1611,yes,no,cellular,11,may,2,0,0,unknown,0,0.4123119866258631
59,management,married,secondary,no,966,no,no,telephone,21,jul,4,0,0,unknown,0,0.41226934039087415
32,management,married,tertiary,no,8300,no,yes,cellular,14,jul,3,0,0,unknown,0,0.412228411247277
50,admin.,married,secondary,no,1431,no,no,cellular,20,aug,4,0,0,unknown,0,0.41210846112882066
30,admin.,married,secondary,no,2284,yes,no,cellular,19,nov,1,0,0,unknown,0,0.4121021424624003
49,blue-collar,married,secondary,no,1157,no,no,cellular,18,aug,4,0,0,unknown,0,0.41209913287009586
41,management,single,tertiary,no,0,no,no,cellular,31,jul,4,0,0,unknown,0,0.4120891594922966
30,technician,single,secondary,no,77,no,yes,cellular,8,jul,4,0,0,unknown,0,0.4119262434402151
45,blue-collar,married,secondary,no,226,no,no,telephone,7,jul,2,0,0,unknown,0,0.41186303057269597
56,retired,married,tertiary,no,89,no,no,telephone,10,jul,1,0,0,unknown,0,0.4118502283789723
35,technician,single,tertiary,no,147,no,no,cellular,21,aug,2,0,0,unknown,0,0.41182566156913913
29,management,married,tertiary,no,-346,no,no,cellular,29,jan,2,0,0,unknown,0,0.4117843426599203
28,housemaid,married,primary,no,5,no,no,cellular,28,jan,1,0,0,unknown,0,0.4117510897059702
42,admin.,single,secondary,no,30,yes,no,cellular,4,feb,1,266,3,failure,1,0.41168879919914986
35,management,single,tertiary,no,-146,yes,no,cellular,21,aug,1,0,0,unknown,0,0.41164594032151824
40,management,married,secondary,no,6695,yes,no,cellular,6,feb,1,252,1,failure,1,0.41163760419301026
27,technician,single,secondary,no,2293,yes,no,cellular,18,may,3,364,1,other,1,0.41163177396433576
33,services,married,secondary,no,2184,yes,no,cellular,20,apr,1,0,0,unknown,0,0.41161916901874823
39,management,married,secondary,no,215,no,no,cellular,11,aug,4,0,0,unknown,0,0.411566979961983
55,technician,divorced,secondary,yes,4,no,no,cellular,28,jan,1,0,0,unknown,0,0.41154713787169933
50,blue-collar,married,secondary,no,1400,yes,no,cellular,11,may,1,0,0,unknown,0,0.41150368367144546
48,management,single,tertiary,no,3713,yes,yes,cellular,18,nov,2,0,0,unknown,0,0.4114529896964554
50,unemployed,divorced,tertiary,no,64,no,no,cellular,31,jul,6,0,0,unknown,0,0.4113568080430492
35,technician,single,tertiary,no,4,yes,no,cellular,24,jul,1,0,0,unknown,0,0.4112196448406163
21,admin.,single,secondary,no,66,yes,no,cellular,15,may,1,330,2,failure,1,0.4112085591979262
59,unemployed,married,secondary,no,4497,yes,no,cellular,4,feb,1,251,1,failure,1,0.41120236081162465
34,blue-collar,married,primary,no,1451,yes,no,cellular,9,apr,3,0,0,unknown,0,0.41114548171647597
46,blue-collar,married,secondary,no,942,no,no,telephone,22,jul,2,0,0,unknown,0,0.41113945770355625
31,blue-collar,married,secondary,no,1407,yes,no,cellular,6,may,3,0,0,unknown,0,0.41113774654623064
40,admin.,divorced,secondary,no,4,no,no,cellular,30,jul,3,0,0,unknown,0,0.411080462886694
60,management,married,tertiary,no,3876,no,yes,cellular,5,aug,3,0,0,unknown,0,0.41105168560097466
57,technician,married,secondary,no,950,yes,no,cellular,9,jul,1,0,0,unknown,0,0.41102805252875385
44,technician,single,tertiary,no,900,yes,no,cellular,29,jan,2,0,0,unknown,0,0.41102781445981557
40,services,divorced,secondary,no,131,yes,no,cellular,14,may,3,0,0,unknown,0,0.4110065882587732
32,admin.,married,secondary,no,1604,no,yes,cellular,7,jul,1,0,0,unknown,0,0.4109324583045941
52,technician,married,secondary,no,3554,no,yes,cellular,8,jul,1,0,0,unknown,0,0.41092498467324307
53,management,married,tertiary,no,34230,yes,yes,cellular,7,may,1,358,9,other,1,0.41086706521075683
57,unemployed,divorced,secondary,no,3,no,no,cellular,20,nov,3,0,0,unknown,0,0.41082065723804967
58,blue-collar,married,secondary,no,1075,yes,no,cellular,18,may,1,0,0,unknown,0,0.41077011108504585
46,management,married,tertiary,no,-191,yes,no,cellular,5,feb,3,202,3,failure,1,0.410654318777406
60,management,married,tertiary,no,261,yes,yes,cellular,1,jun,1,192,1,failure,1,0.4106501022339875
42,housemaid,single,primary,no,1179,yes,no,cellular,14,may,1,337,4,failure,1,0.41063868466474146
42,management,single,tertiary,no,1608,no,no,cellular,28,aug,21,0,0,unknown,0,0.41061581602956465
46,blue-collar,married,unknown,no,209,no,no,cellular,11,aug,2,0,0,unknown,0,0.41047478686797495
43,services,married,secondary,no,1625,yes,no,cellular,20,apr,1,0,0,unknown,0,0.4104708008587903
43,self-employed,divorced,primary,no,0,no,no,cellular,30,jul,6,0,0,unknown,0,0.4103555619756939
47,services,married,secondary,no,1629,yes,no,cellular,7,may,1,0,0,unknown,0,0.4103272266366591
58,technician,married,secondary,no,4717,yes,no,cellular,19,nov,1,0,0,unknown,0,0.4103184466173784
33,blue-collar,married,secondary,no,7048,yes,no,cellular,17,apr,2,0,0,unknown,0,0.41028576529417526
38,management,married,secondary,no,3500,yes,no,cellular,16,jul,4,0,0,unknown,0,0.41022416021509217
33,technician,married,secondary,no,-805,no,no,cellular,7,jul,2,0,0,unknown,0,0.41014798406477837
38,blue-collar,single,primary,no,0,yes,no,cellular,7,may,2,0,0,unknown,0,0.4100586352006209
31,self-employed,married,tertiary,no,3220,no,no,cellular,26,aug,4,0,0,unknown,0,0.4099974950797416
44,entrepreneur,married,secondary,no,4389,yes,no,cellular,15,jul,4,0,0,unknown,0,0.4099795591073176
48,management,single,tertiary,no,0,yes,yes,cellular,8,may,1,0,0,unknown,0,0.4099774193157558
45,management,married,tertiary,no,273,yes,no,cellular,27,feb,2,0,0,unknown,0,0.4099648815073774
46,unknown,married,unknown,no,2911,no,no,telephone,7,jul,9,0,0,unknown,0,0.4099604683067939
47,housemaid,married,primary,no,1747,yes,no,cellular,20,apr,1,0,0,unknown,0,0.40993442675876524
45,technician,single,secondary,no,1196,yes,no,cellular,14,jul,6,0,0,unknown,0,0.4098722652950954
32,services,divorced,secondary,no,-34,yes,no,cellular,15,may,2,0,0,unknown,0,0.4097376306428043
35,admin.,single,secondary,no,-101,yes,no,cellular,16,apr,1,318,1,other,1,0.4095695534826328
50,admin.,single,secondary,no,167,no,yes,cellular,28,jul,3,0,0,unknown,0,0.40954563572074976
31,management,married,unknown,no,68,yes,no,cellular,5,feb,2,189,27,other,1,0.4095121942921074
36,management,married,tertiary,no,1318,yes,no,cellular,7,aug,2,0,0,unknown,0,0.4094708634580117
33,management,single,tertiary,no,1530,no,no,cellular,28,aug,25,0,0,unknown,0,0.4094403853871846
39,admin.,single,secondary,no,2345,yes,no,cellular,8,may,2,344,2,failure,1,0.4094354977166579
32,blue-collar,married,secondary,no,0,no,no,cellular,10,jul,1,0,0,unknown,0,0.4094304103719105
40,blue-collar,married,secondary,no,4853,no,no,cellular,19,nov,1,111,2,failure,1,0.40940994356878335
35,services,married,unknown,no,1935,yes,no,cellular,17,apr,2,318,2,other,1,0.40935950371110086
27,services,single,primary,no,140,yes,yes,cellular,25,jul,1,0,0,unknown,0,0.4092601620339801
32,management,single,tertiary,no,135,yes,yes,cellular,18,nov,1,0,0,unknown,0,0.40922101969968067
45,blue-collar,married,secondary,no,1003,yes,no,cellular,14,may,1,0,0,unknown,0,0.4091360095679915
30,management,married,tertiary,no,105,no,no,cellular,8,aug,2,0,0,unknown,0,0.4091030202803212
43,blue-collar,married,primary,no,1968,yes,no,cellular,10,jul,1,0,0,unknown,0,0.40908024046500885
31,technician,single,secondary,no,591,yes,yes,cellular,15,may,5,0,0,unknown,0,0.4090602563456379
52,entrepreneur,divorced,secondary,no,7,no,no,cellular,24,jul,5,0,0,unknown,0,0.40899409491270045
42,services,single,secondary,no,-193,yes,no,cellular,13,may,4,0,0,unknown,0,0.40894941282209
28,blue-collar,single,secondary,no,-403,no,yes,cellular,23,jul,2,0,0,unknown,0,0.40893162248213855
30,management,married,secondary,no,1439,yes,no,cellular,18,nov,1,0,0,unknown,0,0.40893120117465054
50,technician,divorced,secondary,no,8,no,no,cellular,2,feb,2,5,1,other,1,0.40890828203771834
38,management,married,tertiary,no,3440,no,no,cellular,20,aug,10,0,0,unknown,0,0.40890354087196906
44,management,married,secondary,no,3286,yes,no,cellular,18,jul,1,0,0,unknown,0,0.40887794666831767
47,blue-collar,married,secondary,no,665,no,no,cellular,18,aug,3,0,0,unknown,0,0.408813036571189
38,admin.,divorced,tertiary,no,2801,yes,yes,cellular,7,may,2,0,0,unknown,0,0.4088104022578051
36,blue-collar,married,secondary,no,0,no,no,cellular,15,jul,1,0,0,unknown,0,0.4087934710962849
32,blue-collar,married,secondary,no,1905,yes,no,cellular,16,jul,2,0,0,unknown,0,0.4086951308970299
47,management,married,secondary,no,894,yes,no,cellular,10,jul,1,0,0,unknown,0,0.40869152461687036
49,blue-collar,married,primary,no,408,no,no,cellular,12,aug,4,0,0,unknown,0,0.40867224264801516
36,unemployed,single,secondary,no,1806,yes,no,cellular,11,may,6,0,0,unknown,0,0.4086238463949075
36,technician,married,tertiary,no,473,no,no,cellular,22,aug,2,0,0,unknown,0,0.40860316374474126
54,management,married,tertiary,no,0,no,no,cellular,5,aug,3,0,0,unknown,0,0.4086031080008628
30,technician,divorced,tertiary,no,33,yes,no,cellular,8,may,3,0,0,unknown,0,0.40855812153244786
53,technician,married,secondary,no,3429,no,no,cellular,19,aug,4,0,0,unknown,0,0.40845790531313136
48,services,married,secondary,no,2850,yes,no,cellular,6,aug,3,0,0,unknown,0,0.40845302939921685
47,management,married,unknown,no,4567,no,no,telephone,31,jul,4,0,0,unknown,0,0.4084174370492105
45,technician,divorced,secondary,no,5862,yes,no,cellular,18,nov,1,110,3,other,1,0.40834043086559646
30,technician,single,secondary,no,341,no,no,unknown,23,feb,1,0,0,unknown,0,0.4082434883413984
35,technician,married,secondary,no,327,yes,no,cellular,13,apr,3,0,0,unknown,0,0.408240891145695
33,blue-collar,single,primary,no,1,yes,no,cellular,20,apr,1,0,0,unknown,0,0.4082377609251359
30,management,single,secondary,no,293,yes,no,cellular,5,feb,1,253,2,failure,1,0.40814766049339773
41,admin.,single,unknown,no,419,yes,no,cellular,11,may,1,370,3,failure,1,0.4081285964974332
37,blue-collar,single,primary,no,147,no,no,cellular,28,jul,19,0,0,unknown,0,0.4080934034729129
51,blue-collar,married,secondary,no,950,no,no,cellular,19,aug,2,0,0,unknown,0,0.40799604128963934
53,unemployed,single,secondary,no,4,no,no,cellular,30,jul,3,0,0,unknown,0,0.40793795692015344
33,self-employed,married,tertiary,no,627,yes,no,cellular,10,feb,2,0,0,unknown,0,0.40789035070371205
44,management,married,tertiary,no,0,no,no,cellular,28,jan,2,0,0,unknown,0,0.40777286368405785
39,blue-collar,married,primary,no,52,no,no,cellular,13,aug,1,0,0,unknown,0,0.40776767044650924
29,blue-collar,married,primary,no,50,no,no,cellular,8,jul,2,0,0,unknown,0,0.4077219405910727
51,retired,married,secondary,no,0,yes,no,cellular,11,oct,4,0,0,unknown,0,0.40766130445185156
33,blue-collar,married,secondary,no,1834,yes,no,cellular,7,jul,3,0,0,unknown,0,0.40762026463472295
25,services,married,secondary,no,4522,yes,no,cellular,18,may,4,0,0,unknown,0,0.4076036056648577
30,services,single,secondary,no,572,yes,no,cellular,5,may,1,319,4,other,1,0.40760125765346605
38,admin.,divorced,secondary,no,673,yes,no,cellular,7,may,1,170,3,other,1,0.4075967747449594
32,technician,married,tertiary,no,432,yes,no,cellular,19,nov,2,195,1,other,1,0.4075716593941091
41,admin.,married,tertiary,no,108,yes,no,cellular,2,feb,1,0,0,unknown,0,0.40749389072271336
35,blue-collar,single,secondary,no,218,yes,no,cellular,20,apr,4,0,0,unknown,0,0.40744710428734315
49,management,divorced,secondary,no,613,no,yes,cellular,28,jan,1,0,0,unknown,0,0.4073902741839689
40,management,married,tertiary,no,2840,yes,no,cellular,8,jul,4,0,0,unknown,0,0.4073172555394304
49,blue-collar,married,primary,no,3478,no,no,cellular,26,aug,4,0,0,unknown,0,0.40730783077557525
44,services,married,secondary,no,850,no,yes,cellular,16,jul,5,0,0,unknown,0,0.40720895152286934
26,admin.,single,secondary,no,96,yes,no,cellular,13,may,2,348,3,other,1,0.4071996470900842
34,housemaid,married,secondary,no,265,no,no,cellular,6,aug,2,0,0,unknown,0,0.4071912755900915
30,management,married,tertiary,no,604,no,no,cellular,25,aug,2,0,0,unknown,0,0.4071808832113749
34,services,divorced,tertiary,no,800,yes,yes,cellular,8,may,2,0,0,unknown,0,0.4071323758469641
57,retired,married,secondary,no,8,no,no,cellular,11,jul,2,0,0,unknown,0,0.407097206978538
38,entrepreneur,married,tertiary,no,228,yes,no,cellular,5,feb,1,0,0,unknown,0,0.40706281197551986
36,housemaid,divorced,secondary,no,181,yes,no,cellular,18,jul,1,0,0,unknown,0,0.40704965877083
33,blue-collar,single,unknown,no,129,yes,yes,cellular,20,nov,1,0,0,unknown,0,0.40702650270783564
35,technician,single,secondary,no,225,yes,no,cellular,18,may,5,0,0,unknown,0,0.40701266132580066
35,unemployed,single,primary,yes,-84,no,no,cellular,9,feb,11,0,0,unknown,0,0.4070074303152802
56,entrepreneur,married,primary,no,84,no,no,cellular,29,jan,2,0,0,unknown,0,0.4070047650218468
35,admin.,divorced,tertiary,no,262,yes,no,cellular,20,apr,2,335,4,other,1,0.40698042788646016
32,management,married,tertiary,no,0,no,no,cellular,19,nov,1,0,0,unknown,0,0.40691407609973285
46,admin.,divorced,secondary,no,98,yes,yes,cellular,12,may,1,0,0,unknown,0,0.40686586782191553
25,blue-collar,single,secondary,no,-247,yes,no,cellular,23,jul,1,0,0,unknown,0,0.4067839193055469
55,technician,married,tertiary,no,1354,no,no,cellular,21,aug,4,0,0,unknown,0,0.40670022980828885
28,services,single,secondary,no,1636,yes,no,cellular,18,may,1,355,2,failure,1,0.4066352786836967
56,blue-collar,married,primary,no,379,no,no,cellular,13,aug,5,0,0,unknown,0,0.40656825862140716
47,housemaid,married,secondary,no,1152,no,no,telephone,7,jul,13,0,0,unknown,0,0.406556974676829
47,management,married,tertiary,no,5049,no,no,cellular,22,aug,7,0,0,unknown,0,0.4065548540832527
54,services,married,secondary,no,131,no,no,cellular,14,aug,2,0,0,unknown,0,0.40651942766248744
27,entrepreneur,married,tertiary,no,59,no,no,cellular,28,jul,6,0,0,unknown,0,0.40638464062796376
50,technician,divorced,secondary,no,148,yes,no,cellular,17,apr,2,0,0,unknown,0,0.4063224634965947
36,management,married,tertiary,no,190,yes,no,cellular,5,feb,1,0,0,unknown,0,0.4062914064172199
31,blue-collar,married,secondary,no,864,yes,yes,cellular,13,may,1,0,0,unknown,0,0.40623833489647354
56,self-employed,married,secondary,no,14,no,no,cellular,16,jul,1,0,0,unknown,0,0.40622777078793104
46,admin.,single,unknown,no,306,yes,no,cellular,11,may,5,0,0,unknown,0,0.4062045809198628
41,management,divorced,tertiary,no,4495,yes,no,cellular,11,aug,5,0,0,unknown,0,0.4061605940787078
42,entrepreneur,married,secondary,no,2239,yes,no,cellular,22,jul,1,0,0,unknown,0,0.40611626646265314
37,management,married,tertiary,no,1094,yes,no,cellular,15,jul,2,0,0,unknown,0,0.4060749873841868
29,admin.,married,secondary,no,488,no,yes,cellular,7,jul,1,0,0,unknown,0,0.40606914430734753
35,management,married,tertiary,no,16,no,no,cellular,19,nov,1,0,0,unknown,0,0.4060575433291493
48,services,married,secondary,no,665,yes,no,cellular,7,apr,2,230,3,failure,1,0.40595881311521154
30,admin.,divorced,secondary,no,55,yes,no,cellular,13,may,4,0,0,unknown,0,0.4059447234412824
36,technician,married,secondary,no,295,no,no,cellular,12,aug,6,0,0,unknown,0,0.40593640849606244
58,blue-collar,married,secondary,no,1626,no,no,cellular,20,aug,4,0,0,unknown,0,0.4059240105982053
43,management,married,tertiary,no,0,no,no,cellular,18,jul,1,0,0,unknown,0,0.405922300405013
40,blue-collar,divorced,secondary,no,178,yes,no,cellular,15,may,1,0,0,unknown,0,0.40590383273282504
35,management,single,tertiary,no,51,no,no,cellular,18,aug,5,0,0,unknown,0,0.40583439694543594
58,self-employed,married,secondary,no,28318,yes,no,cellular,14,may,2,0,0,unknown,0,0.40579375211919827
30,services,single,secondary,no,-114,yes,no,cellular,21,jul,2,0,0,unknown,0,0.40577227874396876
36,management,married,tertiary,no,1584,yes,no,cellular,18,jul,1,0,0,unknown,0,0.4057230919506821
43,blue-collar,married,secondary,no,10910,yes,no,cellular,15,may,2,0,0,unknown,0,0.4056359101796367
32,blue-collar,single,tertiary,no,60,yes,yes,cellular,11,aug,2,462,1,failure,1,0.40558709998310055
39,blue-collar,single,tertiary,no,172,yes,no,cellular,9,feb,2,183,2,failure,1,0.40554073024869103
41,management,married,tertiary,no,25,no,no,cellular,18,nov,2,0,0,unknown,0,0.4055037847729026
22,blue-collar,single,secondary,no,104,yes,no,cellular,17,apr,1,339,1,other,1,0.4054671432029376
58,management,divorced,tertiary,no,1573,yes,yes,cellular,17,nov,1,0,0,unknown,0,0.4053500036734426
41,unemployed,divorced,secondary,no,142,yes,no,cellular,17,jul,3,0,0,unknown,0,0.4053362513068541
59,admin.,divorced,primary,no,191,yes,no,cellular,5,may,1,0,0,unknown,0,0.40530633676949657
59,management,married,unknown,no,3428,yes,yes,cellular,19,nov,1,0,0,unknown,0,0.40528636742852775
60,retired,divorced,tertiary,no,-134,no,no,cellular,12,may,1,271,4,failure,1,0.4052322214306686
45,blue-collar,single,secondary,no,-100,yes,no,cellular,9,jul,1,0,0,unknown,0,0.40519962146336946
33,management,single,tertiary,no,335,no,no,cellular,29,aug,4,0,0,unknown,0,0.40512845466848124
55,self-employed,married,tertiary,no,1810,yes,no,cellular,13,may,1,0,0,unknown,0,0.40512243522491564
31,blue-collar,married,secondary,no,5345,yes,no,cellular,18,nov,1,0,0,unknown,0,0.40508887063973403
56,technician,divorced,secondary,no,5,no,no,cellular,19,aug,1,0,0,unknown,0,0.4050373043217313
33,admin.,single,secondary,no,0,yes,no,cellular,19,nov,2,0,0,unknown,0,0.40503503600295787
38,technician,married,secondary,no,37,no,no,cellular,17,jul,1,0,0,unknown,0,0.40503490783208407
29,self-employed,married,tertiary,no,1,no,no,cellular,18,jul,3,0,0,unknown,0,0.4049683668794847
37,services,single,secondary,no,43,yes,no,cellular,17,jul,2,0,0,unknown,0,0.40495254660922453
29,management,married,tertiary,no,1022,yes,no,cellular,24,jul,1,0,0,unknown,0,0.40490519805102443
43,technician,married,secondary,no,481,no,no,cellular,20,aug,2,0,0,unknown,0,0.4048932094640709
42,blue-collar,married,primary,no,2003,yes,no,cellular,17,apr,3,0,0,unknown,0,0.40488412378252986
32,services,single,tertiary,no,143,yes,yes,cellular,22,jul,3,0,0,unknown,0,0.40482510481020995
40,unemployed,divorced,secondary,no,507,yes,no,cellular,2,feb,1,266,7,failure,1,0.4048248914694998
41,unemployed,married,tertiary,no,0,no,no,cellular,30,jan,1,0,0,unknown,0,0.40479202053147817
37,management,divorced,tertiary,no,896,no,yes,cellular,14,aug,2,0,0,unknown,0,0.40475436515964525
50,management,married,tertiary,no,414,yes,no,cellular,3,apr,1,302,3,failure,1,0.404746116181453
46,unemployed,married,secondary,no,3533,yes,no,cellular,12,aug,2,0,0,unknown,0,0.40469114922012955
54,services,married,secondary,no,3601,no,no,telephone,18,aug,3,0,0,unknown,0,0.40467447010046703
51,management,divorced,tertiary,no,71,yes,no,cellular,14,aug,2,0,0,unknown,0,0.4046668434806655
29,management,single,tertiary,no,187,yes,no,cellular,28,jan,2,555,2,failure,1,0.4046620944467096
52,admin.,married,secondary,no,3703,yes,no,cellular,23,jul,1,0,0,unknown,0,0.40461481583515224
57,retired,married,primary,no,243,no,no,cellular,8,aug,4,0,0,unknown,0,0.40450321992226745
57,management,divorced,tertiary,no,909,yes,no,cellular,25,jul,2,0,0,unknown,0,0.40449498563682273
32,admin.,single,secondary,no,64,yes,no,cellular,21,jul,3,0,0,unknown,0,0.40449006306448815
29,admin.,married,secondary,no,792,yes,no,cellular,14,may,2,0,0,unknown,0,0.4044789168199882
42,entrepreneur,married,tertiary,no,2249,yes,no,telephone,3,apr,2,136,6,failure,1,0.40441445013771987
44,technician,married,secondary,no,2126,no,yes,cellular,18,nov,1,0,0,unknown,0,0.4042982348296937
32,services,married,secondary,no,8043,yes,no,cellular,21,nov,1,0,0,unknown,0,0.4042127221983302
47,technician,divorced,secondary,no,2836,no,yes,cellular,14,aug,2,0,0,unknown,0,0.4041155691046196
55,technician,divorced,secondary,no,852,no,no,cellular,20,aug,6,0,0,unknown,0,0.4040977922502114
33,management,single,tertiary,no,-149,yes,no,cellular,22,jul,3,0,0,unknown,0,0.404087631733214
33,technician,single,tertiary,no,176,no,no,cellular,29,aug,2,0,0,unknown,0,0.40405162722156723
52,technician,married,secondary,no,195,yes,no,cellular,17,dec,2,205,3,failure,1,0.40403743840606415
32,management,single,tertiary,no,473,yes,no,cellular,11,may,2,361,1,other,1,0.40394085944691044
29,blue-collar,divorced,secondary,no,-19,yes,no,cellular,20,apr,4,0,0,unknown,0,0.4039003722684696
33,entrepreneur,single,secondary,yes,-1,yes,no,cellular,21,nov,2,0,0,unknown,0,0.40388556098746803
43,management,married,tertiary,no,175,yes,no,cellular,17,apr,4,337,1,other,1,0.4038807159386311
36,technician,single,secondary,no,480,yes,no,cellular,28,jan,1,0,0,unknown,0,0.4037102260323266
31,management,single,tertiary,no,404,no,no,cellular,27,aug,7,0,0,unknown,0,0.403680735292266
33,management,divorced,tertiary,no,433,no,no,cellular,21,aug,4,0,0,unknown,0,0.40352251228288444
45,retired,divorced,secondary,no,187,yes,no,cellular,11,may,2,0,0,unknown,0,0.4035196514200789
45,management,married,tertiary,no,4693,no,yes,cellular,9,jul,2,0,0,unknown,0,0.4035136853859509
31,student,single,tertiary,no,2030,yes,no,cellular,14,may,2,351,2,failure,1,0.4034837412745222
31,management,single,secondary,no,783,yes,no,cellular,2,feb,2,272,1,failure,1,0.4034695147985125
37,services,married,secondary,no,1399,yes,no,cellular,17,apr,1,0,0,unknown,0,0.4033539234712352
46,management,married,secondary,no,0,no,no,cellular,18,nov,1,0,0,unknown,0,0.40333516277637516
29,services,married,secondary,no,-597,no,no,cellular,7,jul,2,0,0,unknown,0,0.4032764522955584
31,management,married,tertiary,no,491,yes,no,cellular,20,apr,1,326,1,other,1,0.40319322402507773
47,blue-collar,married,secondary,no,4101,yes,no,cellular,23,jul,1,0,0,unknown,0,0.4031766654694284
29,services,single,secondary,no,-293,no,yes,cellular,10,jul,1,0,0,unknown,0,0.40315952024278007
37,management,single,tertiary,no,0,yes,no,cellular,13,may,1,344,1,failure,1,0.4031403726212623
44,technician,divorced,secondary,no,316,yes,no,cellular,21,jul,3,0,0,unknown,0,0.4031006471841326
39,technician,married,tertiary,no,94,no,no,cellular,7,aug,2,0,0,unknown,0,0.4030988139294319
39,admin.,divorced,tertiary,no,1087,no,yes,cellular,23,jul,2,0,0,unknown,0,0.4030862977520215
48,entrepreneur,married,secondary,no,725,no,yes,cellular,10,jul,1,0,0,unknown,0,0.4030572465058318
40,technician,married,secondary,no,158,yes,no,cellular,16,apr,1,0,0,unknown,0,0.4030148756254834
36,housemaid,married,primary,no,4324,yes,no,cellular,14,jul,4,0,0,unknown,0,0.40298719144597
44,management,married,tertiary,no,1646,yes,no,cellular,29,jul,6,251,1,failure,1,0.40293243464967815
26,management,married,tertiary,no,3360,yes,no,cellular,29,jan,1,0,0,unknown,0,0.40286713250643663
36,admin.,divorced,secondary,no,-811,yes,no,cellular,12,may,2,0,0,unknown,0,0.40283412330823454
56,blue-collar,married,secondary,no,317,no,no,cellular,7,aug,7,0,0,unknown,0,0.40278726920547475
51,blue-collar,married,secondary,no,2007,yes,no,cellular,12,aug,3,0,0,unknown,0,0.40273604091573745
50,management,married,tertiary,no,5124,yes,no,cellular,18,aug,2,0,0,unknown,0,0.4027084362011073
37,blue-collar,married,secondary,no,2364,yes,no,cellular,12,may,4,0,0,unknown,0,0.4027055273370599
50,blue-collar,married,secondary,no,907,no,yes,cellular,16,jul,1,0,0,unknown,0,0.40268044194108293
60,blue-collar,married,unknown,no,2090,yes,no,cellular,7,may,2,0,0,unknown,0,0.4026003198442653
36,management,married,tertiary,no,806,yes,no,cellular,3,feb,2,259,1,failure,1,0.4025514223274948
36,blue-collar,single,secondary,no,459,yes,yes,cellular,20,apr,2,0,0,unknown,0,0.40249638920625846
39,services,married,secondary,no,0,no,no,cellular,7,jul,5,0,0,unknown,0,0.402476120341942
38,admin.,married,secondary,no,-33,no,no,cellular,29,jan,1,0,0,unknown,0,0.40245588797184617
35,admin.,single,secondary,no,0,yes,no,cellular,3,feb,1,273,1,failure,1,0.40244671211130123
51,blue-collar,divorced,primary,no,37,yes,no,cellular,13,may,1,0,0,unknown,0,0.40243340630901614
42,entrepreneur,married,secondary,no,0,yes,no,cellular,9,apr,1,140,4,failure,1,0.4024188141850572
35,technician,married,secondary,no,4508,yes,no,cellular,18,nov,1,0,0,unknown,0,0.40235171328304814
35,management,married,tertiary,no,82,no,no,cellular,8,aug,4,0,0,unknown,0,0.40232875885745595
41,technician,single,tertiary,no,445,yes,no,cellular,17,apr,1,267,1,failure,1,0.4023124977373811
31,technician,married,secondary,no,1072,no,no,cellular,19,aug,3,0,0,unknown,0,0.4022428949227852
24,technician,married,secondary,no,556,yes,no,cellular,18,aug,2,0,0,unknown,0,0.40220135075903274
34,management,single,tertiary,no,2633,yes,no,cellular,21,nov,6,0,0,unknown,0,0.40219225666033337
44,blue-collar,divorced,secondary,no,427,yes,no,cellular,18,jul,1,0,0,unknown,0,0.40217533234105596
57,management,divorced,tertiary,no,429,yes,no,cellular,17,jul,1,0,0,unknown,0,0.40215135210960695
35,management,married,tertiary,no,77,no,no,cellular,12,aug,4,0,0,unknown,0,0.40211938403557
33,housemaid,married,tertiary,no,0,no,no,cellular,19,nov,1,0,0,unknown,0,0.4021092385113423
33,student,married,secondary,no,0,no,no,cellular,21,jul,1,0,0,unknown,0,0.4020803432237118
31,services,married,secondary,no,655,no,yes,cellular,9,feb,6,0,0,unknown,0,0.4020555731388008
25,blue-collar,married,primary,no,0,no,no,cellular,7,jul,1,0,0,unknown,0,0.4020178162401374
25,blue-collar,married,primary,no,0,no,no,cellular,7,jul,1,0,0,unknown,0,0.4020178162401374
44,blue-collar,married,primary,no,1265,yes,no,cellular,16,jul,1,0,0,unknown,0,0.40198190895866565
47,blue-collar,married,primary,no,3067,yes,no,cellular,13,may,2,0,0,unknown,0,0.4019509732859873
50,blue-collar,divorced,primary,no,1545,yes,no,cellular,20,nov,1,0,0,unknown,0,0.4017523689942875
34,admin.,married,secondary,no,642,yes,no,cellular,17,apr,1,0,0,unknown,0,0.40174649097039217
33,admin.,married,secondary,no,680,yes,no,cellular,6,may,1,0,0,unknown,0,0.4017204460451876
36,admin.,married,secondary,no,131,yes,no,cellular,2,feb,1,0,0,unknown,0,0.4016158329859126
32,admin.,married,secondary,no,2555,yes,no,cellular,20,nov,1,0,0,unknown,0,0.401584702770053
46,technician,divorced,tertiary,no,147,yes,no,cellular,12,may,1,0,0,unknown,0,0.40153504712054267
34,management,married,secondary,no,2311,yes,no,cellular,19,nov,1,0,0,unknown,0,0.40150431121178753
31,management,married,secondary,no,1368,yes,no,cellular,12,aug,4,0,0,unknown,0,0.40147149029292534
41,blue-collar,single,secondary,no,1880,no,yes,cellular,14,may,1,356,10,other,1,0.4014672373747824
55,blue-collar,married,primary,no,1470,no,no,telephone,28,jan,2,0,0,unknown,0,0.4014448909295156
33,blue-collar,married,secondary,no,780,yes,no,cellular,13,may,2,0,0,unknown,0,0.40142608016412473
51,blue-collar,married,primary,no,7134,no,no,cellular,25,aug,7,0,0,unknown,0,0.40140561442603245
32,management,married,secondary,no,1477,yes,no,cellular,18,nov,1,0,0,unknown,0,0.4013946907945018
38,self-employed,married,tertiary,no,1029,no,no,cellular,29,aug,2,0,0,unknown,0,0.4013502932757705
36,management,single,tertiary,no,4,yes,no,cellular,7,may,2,342,1,failure,1,0.40133515669187547
38,technician,divorced,secondary,no,631,yes,no,cellular,25,aug,2,0,0,unknown,0,0.40132084648650895
39,services,married,secondary,no,208,no,yes,cellular,9,feb,2,0,0,unknown,0,0.4011492793968975
47,management,divorced,tertiary,no,8226,yes,no,cellular,30,jul,2,0,0,unknown,0,0.40110009109916406
47,management,divorced,tertiary,no,140,no,yes,cellular,20,nov,2,0,0,unknown,0,0.4010657429199342
36,management,married,secondary,no,0,no,no,cellular,20,nov,1,0,0,unknown,0,0.40104875489677966
40,entrepreneur,divorced,tertiary,no,992,yes,no,cellular,31,jul,2,0,0,unknown,0,0.40101794430450083
31,services,married,secondary,no,14387,yes,no,cellular,20,nov,1,0,0,unknown,0,0.4009666471827037
33,blue-collar,married,secondary,no,705,yes,no,cellular,14,may,2,0,0,unknown,0,0.4009020652830174
36,admin.,single,secondary,no,0,yes,no,cellular,21,nov,2,0,0,unknown,0,0.40089000947347864
25,blue-collar,single,secondary,no,-350,yes,no,unknown,23,jun,3,0,0,unknown,0,0.4008860461187993
36,blue-collar,married,secondary,no,1272,yes,no,cellular,17,apr,1,0,0,unknown,0,0.4008746099391597
50,blue-collar,married,secondary,no,1832,yes,no,cellular,17,jul,1,0,0,unknown,0,0.40075039347817976
40,management,married,tertiary,no,409,no,no,cellular,19,aug,2,0,0,unknown,0,0.4007228640264796
54,technician,married,secondary,no,187,no,yes,cellular,4,jul,3,0,0,unknown,0,0.4006660862754325
39,blue-collar,single,primary,no,554,no,no,telephone,31,jul,5,0,0,unknown,0,0.4006337100553186
46,blue-collar,single,secondary,no,0,yes,no,cellular,8,may,2,0,0,unknown,0,0.4005722563658287
42,management,married,tertiary,no,5,no,no,cellular,21,nov,2,0,0,unknown,0,0.4005609128734325
33,self-employed,single,tertiary,no,61,no,no,cellular,19,aug,3,0,0,unknown,0,0.4005389460731468
30,management,single,tertiary,no,0,no,no,cellular,18,aug,3,0,0,unknown,0,0.40052780352143336
36,blue-collar,married,secondary,no,2894,yes,no,cellular,17,jul,1,0,0,unknown,0,0.40045852945778226
34,management,married,tertiary,no,4714,yes,yes,cellular,11,may,2,0,0,unknown,0,0.40041119637056255
32,entrepreneur,married,secondary,no,1996,yes,no,cellular,18,nov,1,0,0,unknown,0,0.40036725554007296
57,technician,married,secondary,no,7766,yes,no,cellular,21,nov,1,0,0,unknown,0,0.40031911144527577
49,blue-collar,married,secondary,no,4259,no,no,cellular,19,nov,3,111,7,failure,1,0.40031773264042536
37,entrepreneur,married,secondary,no,3,no,no,cellular,20,nov,1,0,0,unknown,0,0.40028161329889655
30,technician,single,tertiary,yes,23,no,no,cellular,12,aug,4,0,0,unknown,0,0.4002467334387246
54,management,married,primary,no,1691,yes,no,cellular,20,nov,1,0,0,unknown,0,0.40013238546005875
46,entrepreneur,married,primary,no,8873,yes,no,cellular,24,jul,2,0,0,unknown,0,0.400122349728232
51,services,married,secondary,no,867,yes,no,cellular,3,feb,2,211,3,failure,1,0.4001139620448199
41,management,single,tertiary,no,236,no,no,cellular,26,aug,4,0,0,unknown,0,0.4001007934340516
37,self-employed,married,secondary,no,2203,no,yes,cellular,5,feb,8,0,0,unknown,0,0.40007500777813637
34,management,single,tertiary,no,1070,no,no,cellular,28,aug,15,0,0,unknown,0,0.4000575179677408
28,admin.,single,secondary,no,-181,yes,yes,cellular,7,may,2,343,4,failure,1,0.4000379925918684
46,blue-collar,married,secondary,no,1147,yes,no,cellular,20,apr,1,0,0,unknown,0,0.39999725515903456
56,self-employed,married,tertiary,no,719,no,no,cellular,27,aug,2,0,0,unknown,0,0.39992978023851605
31,blue-collar,single,secondary,no,-538,no,yes,cellular,6,feb,1,0,0,unknown,0,0.3999132464635011
24,services,single,secondary,no,281,yes,no,cellular,8,may,2,337,3,other,1,0.3998915382488758
53,technician,married,secondary,no,112,no,no,telephone,4,may,4,0,0,unknown,0,0.3998642649351135
45,self-employed,married,secondary,no,3098,yes,no,cellular,7,aug,2,0,0,unknown,0,0.3998402086872695
27,admin.,divorced,secondary,no,0,no,yes,cellular,14,jul,4,0,0,unknown,0,0.39973978511696856
34,management,married,tertiary,no,1339,no,no,cellular,20,aug,8,0,0,unknown,0,0.3997307795280048
31,management,single,tertiary,no,0,yes,yes,cellular,14,may,3,352,3,failure,1,0.3996687185025359
59,retired,married,secondary,no,1066,yes,no,cellular,28,jan,2,0,0,unknown,0,0.3995527576937037
53,entrepreneur,divorced,tertiary,no,321,yes,no,cellular,5,may,1,0,0,unknown,0,0.3995219179357199
31,management,married,tertiary,no,2652,no,no,cellular,25,aug,9,0,0,unknown,0,0.3995163814983966
37,technician,single,secondary,no,442,yes,no,cellular,20,apr,4,349,1,other,1,0.3994827906518223
53,entrepreneur,married,tertiary,no,0,no,no,cellular,20,nov,2,0,0,unknown,0,0.39942560305698144
33,technician,married,tertiary,no,75,no,no,cellular,21,jul,4,0,0,unknown,0,0.39935802456942143
48,management,married,tertiary,no,3419,yes,no,cellular,17,nov,1,0,0,unknown,0,0.3993542346625793
38,management,single,tertiary,no,175,yes,yes,cellular,4,feb,5,0,0,unknown,0,0.39934233248809575
32,blue-collar,married,secondary,no,17332,yes,yes,cellular,20,apr,1,0,0,unknown,0,0.399329803856305
49,technician,divorced,secondary,no,0,yes,no,cellular,11,feb,3,0,0,unknown,0,0.39931791362063157
45,technician,single,secondary,no,113,yes,yes,cellular,13,aug,2,0,0,unknown,0,0.39930122467286694
39,management,married,secondary,no,0,no,no,cellular,28,jan,2,0,0,unknown,0,0.399266622015138
39,services,married,secondary,no,554,yes,no,cellular,14,apr,1,0,0,unknown,0,0.39926189372530485
37,self-employed,married,secondary,no,2575,yes,no,cellular,14,jul,2,0,0,unknown,0,0.3992407004701105
33,technician,divorced,secondary,no,558,yes,no,cellular,20,aug,3,0,0,unknown,0,0.39915922515664265
34,unemployed,divorced,tertiary,yes,530,yes,no,cellular,7,may,1,0,0,unknown,0,0.39915204733465337
35,self-employed,married,secondary,no,598,yes,no,cellular,20,apr,1,0,0,unknown,0,0.39902991443806923
43,technician,married,secondary,no,473,yes,no,cellular,3,feb,3,211,5,failure,1,0.3989998847847922
29,management,single,tertiary,no,572,yes,no,telephone,8,nov,1,0,0,unknown,0,0.3989520176895038
50,technician,married,secondary,no,3149,yes,no,cellular,19,nov,1,190,1,other,1,0.39892764443121076
54,entrepreneur,married,tertiary,no,84,no,no,cellular,29,jul,2,0,0,unknown,0,0.3988778416725855
38,services,married,secondary,no,7708,yes,no,cellular,14,may,4,331,3,other,1,0.3988114520410337
34,management,single,secondary,no,194,no,no,cellular,29,aug,2,0,0,unknown,0,0.39878705162733463
34,blue-collar,married,secondary,no,840,yes,no,cellular,12,may,3,0,0,unknown,0,0.39873403329251533
27,admin.,married,secondary,no,1417,yes,no,cellular,15,may,2,343,3,failure,1,0.39862019094532863
35,management,married,tertiary,no,0,no,no,cellular,6,aug,4,0,0,unknown,0,0.3986136305297937
30,services,single,secondary,no,346,yes,no,cellular,6,may,3,345,5,other,1,0.39857573289431414
34,blue-collar,single,secondary,no,47,yes,no,cellular,18,nov,2,0,0,unknown,0,0.39857502275282003
27,student,single,tertiary,no,37,yes,no,cellular,7,may,1,364,1,failure,1,0.3985546189012891
31,blue-collar,married,secondary,no,2591,yes,no,cellular,20,nov,1,0,0,unknown,0,0.398529346115794
26,self-employed,single,tertiary,no,3044,yes,yes,cellular,17,apr,1,325,1,other,1,0.3985222233281271
59,self-employed,married,tertiary,no,6237,yes,no,cellular,8,may,1,169,2,failure,1,0.3983915041800892
50,services,married,secondary,yes,892,yes,no,cellular,10,jul,1,0,0,unknown,0,0.39837623217441775
41,management,married,tertiary,no,472,yes,no,cellular,10,jul,1,0,0,unknown,0,0.3983032551717988
55,management,married,tertiary,no,1713,no,no,cellular,27,aug,5,0,0,unknown,0,0.39830305721256054
39,entrepreneur,married,secondary,no,1171,no,yes,cellular,21,nov,2,0,0,unknown,0,0.3982677238425251
41,admin.,divorced,secondary,no,6046,yes,yes,telephone,14,sep,2,0,0,unknown,0,0.3982379816982389
41,entrepreneur,married,secondary,no,557,no,yes,cellular,9,jul,1,0,0,unknown,0,0.39820150521483283
56,management,married,tertiary,no,6798,yes,no,cellular,17,nov,1,0,0,unknown,0,0.39817692299304935
36,management,married,tertiary,no,96,no,no,cellular,30,jul,4,0,0,unknown,0,0.3981728942645911
35,technician,married,secondary,no,746,no,yes,cellular,27,jan,1,0,0,unknown,0,0.39807812786615904
47,management,married,tertiary,no,2919,yes,no,cellular,17,nov,1,0,0,unknown,0,0.3980706758045325
33,blue-collar,married,secondary,no,2994,yes,no,cellular,20,nov,1,0,0,unknown,0,0.39803209232068665
29,admin.,married,secondary,no,300,yes,no,cellular,16,apr,3,0,0,unknown,0,0.39800903121198306
58,management,divorced,tertiary,no,315,yes,no,cellular,17,nov,2,0,0,unknown,0,0.3980064168674524
43,management,married,secondary,no,2115,yes,no,cellular,18,nov,1,0,0,unknown,0,0.39791848531713425
55,blue-collar,married,secondary,no,644,no,no,cellular,21,aug,3,0,0,unknown,0,0.39790325127667603
28,self-employed,single,secondary,no,242,yes,no,cellular,30,jan,1,0,0,unknown,0,0.3978914637652837
35,technician,single,secondary,no,126,no,no,cellular,22,aug,2,0,0,unknown,0,0.397861225188036
43,blue-collar,divorced,primary,no,515,yes,no,cellular,18,nov,1,0,0,unknown,0,0.39782739550932095
48,blue-collar,single,secondary,no,339,no,yes,telephone,14,jul,4,0,0,unknown,0,0.3977085985608619
32,management,married,tertiary,no,2213,no,no,cellular,28,aug,7,0,0,unknown,0,0.39770809643268384
39,admin.,single,secondary,no,720,yes,no,telephone,22,apr,8,14,5,other,1,0.39770384058050157
43,technician,married,primary,no,2309,yes,no,cellular,22,jul,1,0,0,unknown,0,0.3976711506286405
32,blue-collar,married,secondary,no,10142,yes,no,cellular,20,nov,1,0,0,unknown,0,0.3976178368391203
54,admin.,married,secondary,no,3136,yes,no,telephone,14,apr,1,146,1,failure,1,0.3975941301783634
43,blue-collar,married,primary,no,12618,yes,no,cellular,19,nov,1,0,0,unknown,0,0.397589227845885
47,management,married,tertiary,no,1028,no,yes,cellular,17,nov,1,0,0,unknown,0,0.397569873392797
37,management,married,tertiary,no,0,yes,no,cellular,4,feb,1,0,0,unknown,0,0.39753049306478955
45,technician,married,secondary,no,1441,yes,no,cellular,18,nov,1,113,2,other,1,0.39748252700701037
39,admin.,divorced,unknown,no,64,yes,no,cellular,18,jul,1,0,0,unknown,0,0.3974039209110385
35,admin.,divorced,secondary,no,0,no,no,cellular,30,jul,6,0,0,unknown,0,0.397389570287202
30,technician,single,secondary,no,-127,no,no,cellular,7,aug,3,0,0,unknown,0,0.39735592376980605
40,management,married,tertiary,no,6008,yes,no,cellular,18,nov,1,0,0,unknown,0,0.3973527348714795
45,technician,married,secondary,no,2269,yes,no,cellular,18,nov,1,0,0,unknown,0,0.3973035608781773
49,management,single,tertiary,no,588,no,no,cellular,28,aug,9,0,0,unknown,0,0.3972524729850413
37,management,married,secondary,no,857,yes,no,cellular,28,jan,1,0,0,unknown,0,0.3972158821432533
36,management,married,tertiary,no,0,yes,no,cellular,5,feb,2,8,1,other,1,0.39714771586007047
50,management,divorced,tertiary,no,201,yes,no,cellular,24,jul,1,0,0,unknown,0,0.39701130436485693
32,admin.,married,secondary,no,0,no,no,cellular,30,jan,3,0,0,unknown,0,0.39700770826448417
48,management,married,secondary,no,117,yes,no,cellular,16,apr,1,0,0,unknown,0,0.39699695595049134
50,technician,divorced,secondary,no,0,yes,no,cellular,14,may,3,92,3,failure,1,0.3967960704542435
31,management,single,secondary,no,99,yes,yes,cellular,18,nov,1,0,0,unknown,0,0.3967623753953963
35,services,single,secondary,no,1742,yes,no,cellular,31,jul,2,0,0,unknown,0,0.3967187814854734
30,services,single,secondary,no,405,yes,no,cellular,5,feb,1,265,2,other,1,0.3966927580986319
35,blue-collar,married,secondary,no,1287,yes,no,cellular,14,jul,2,0,0,unknown,0,0.39654528001494926
32,blue-collar,married,primary,no,1504,yes,no,cellular,17,apr,2,0,0,unknown,0,0.39653035371850975
39,blue-collar,married,secondary,no,576,yes,no,cellular,8,may,1,0,0,unknown,0,0.3964693781917751
57,management,married,tertiary,no,17118,yes,no,cellular,21,nov,1,0,0,unknown,0,0.39644322575648716
41,technician,single,secondary,no,297,no,yes,cellular,12,aug,2,0,0,unknown,0,0.39638566792875196
30,admin.,single,secondary,no,1223,yes,no,cellular,30,jul,5,0,0,unknown,0,0.39636180406969274
26,management,married,tertiary,no,877,yes,no,cellular,22,jul,1,0,0,unknown,0,0.39632918021380914
50,management,married,secondary,no,1457,no,yes,cellular,9,jul,1,0,0,unknown,0,0.39631597856077483
45,technician,married,secondary,no,1415,yes,no,cellular,24,jul,1,0,0,unknown,0,0.39630151312942574
32,technician,married,secondary,no,282,yes,no,cellular,4,may,2,0,0,unknown,0,0.39625002004949905
26,technician,married,secondary,no,518,yes,no,cellular,7,may,3,0,0,unknown,0,0.3962116469281397
50,management,married,tertiary,no,1174,yes,no,cellular,7,may,2,0,0,unknown,0,0.39619269140924934
43,management,married,tertiary,no,-183,no,no,cellular,24,jul,1,0,0,unknown,0,0.39618408575523895
32,technician,single,tertiary,no,388,yes,no,cellular,15,may,1,266,2,failure,1,0.3961704130266406
32,management,single,tertiary,no,0,yes,yes,cellular,17,nov,2,0,0,unknown,0,0.39612817147392837
37,technician,single,secondary,yes,-56,yes,no,cellular,6,aug,4,0,0,unknown,0,0.3960278391674251
32,technician,married,primary,no,3774,yes,no,cellular,20,nov,3,0,0,unknown,0,0.3960053703042759
36,technician,single,secondary,yes,12,no,no,cellular,12,aug,2,0,0,unknown,0,0.3959219290770982
47,blue-collar,married,secondary,no,1536,yes,no,cellular,17,apr,1,301,4,other,1,0.3958835325516179
53,entrepreneur,married,unknown,no,7,no,no,cellular,20,nov,1,0,0,unknown,0,0.3958657880398967
34,technician,single,secondary,no,105,yes,no,cellular,7,may,2,171,3,failure,1,0.39579050667414634
58,technician,married,secondary,no,1,no,no,cellular,28,jan,2,0,0,unknown,0,0.3957631940310978
41,admin.,single,secondary,no,90,yes,no,cellular,15,may,2,347,4,failure,1,0.3956930215893525
36,management,married,tertiary,no,242,yes,no,cellular,14,may,1,0,0,unknown,0,0.39564768584967025
31,services,married,secondary,no,1062,yes,yes,cellular,6,apr,1,0,0,unknown,0,0.39564331492759264
41,blue-collar,married,secondary,no,1236,yes,no,cellular,11,may,3,0,0,unknown,0,0.3956043827083441
38,technician,married,tertiary,no,536,no,no,cellular,20,aug,4,0,0,unknown,0,0.39557198378709335
41,management,married,tertiary,no,2251,no,no,cellular,26,aug,9,0,0,unknown,0,0.3955710895428837
37,management,married,tertiary,no,4293,yes,no,cellular,29,aug,2,0,0,unknown,0,0.3955438583266542
39,technician,single,secondary,no,391,no,yes,cellular,30,jul,4,0,0,unknown,0,0.3954840061714052
43,technician,married,secondary,no,69,yes,yes,cellular,20,oct,1,337,1,failure,1,0.3954627849007806
33,technician,single,secondary,no,79,yes,no,cellular,25,aug,3,0,0,unknown,0,0.3954118318000026
36,management,married,tertiary,no,1235,no,no,cellular,25,aug,6,0,0,unknown,0,0.39535848519963296
36,technician,married,secondary,no,0,yes,no,cellular,6,apr,3,335,2,other,1,0.39533422120350636
40,admin.,married,secondary,no,540,yes,no,cellular,10,jul,1,0,0,unknown,0,0.39517400012718623
41,management,married,tertiary,no,6563,no,no,cellular,27,aug,8,0,0,unknown,0,0.3951383490605537
33,management,married,tertiary,no,62,yes,no,cellular,2,feb,1,264,1,failure,1,0.3951226874307473
51,entrepreneur,married,unknown,no,2396,yes,no,cellular,6,may,2,0,0,unknown,0,0.39501016809811146
27,services,divorced,secondary,no,10,yes,no,cellular,22,jul,1,0,0,unknown,0,0.3949734965719379
48,blue-collar,single,primary,no,244,yes,no,cellular,15,may,5,0,0,unknown,0,0.39495546957516403
46,blue-collar,divorced,secondary,no,709,yes,no,cellular,18,jul,4,0,0,unknown,0,0.3949452929164736
41,management,married,tertiary,no,15449,no,no,cellular,22,aug,9,0,0,unknown,0,0.3949176595212891
32,admin.,single,secondary,no,92,yes,no,cellular,18,may,1,315,2,failure,1,0.3949158726753916
36,services,divorced,secondary,no,223,yes,yes,cellular,11,may,1,0,0,unknown,0,0.39491221103932184
34,blue-collar,married,secondary,no,34,no,no,cellular,30,jan,1,0,0,unknown,0,0.39484943761056124
27,blue-collar,single,primary,no,497,yes,no,cellular,20,apr,2,272,1,other,1,0.39482675432247477
32,blue-collar,married,secondary,no,1520,yes,no,cellular,19,nov,1,0,0,unknown,0,0.3948170082486974
46,entrepreneur,married,tertiary,no,954,yes,yes,cellular,4,feb,2,0,0,unknown,0,0.39481355070227947
30,blue-collar,married,primary,no,190,no,no,telephone,12,may,2,370,1,failure,1,0.3948010228988679
37,management,married,tertiary,no,0,no,no,cellular,11,aug,4,0,0,unknown,0,0.39479924517096093
36,services,married,secondary,no,11462,yes,no,cellular,20,nov,1,0,0,unknown,0,0.39479480370451014
27,blue-collar,married,secondary,no,872,yes,no,cellular,17,apr,3,0,0,unknown,0,0.39476930916382236
35,self-employed,married,tertiary,no,1340,no,yes,cellular,19,nov,1,0,0,unknown,0,0.3947631341379417
27,blue-collar,divorced,secondary,no,1,yes,no,cellular,14,jul,3,0,0,unknown,0,0.39472537342289016
34,entrepreneur,married,tertiary,no,842,yes,no,cellular,6,may,2,0,0,unknown,0,0.39471551725532833
39,management,divorced,tertiary,no,267,yes,yes,cellular,16,apr,1,0,0,unknown,0,0.39453900842056666
36,services,married,secondary,no,3988,yes,yes,cellular,14,may,1,0,0,unknown,0,0.39447814697484185
52,blue-collar,married,secondary,no,1405,no,yes,cellular,17,jul,2,0,0,unknown,0,0.39447032214287786
46,housemaid,divorced,primary,no,41,no,no,cellular,11,aug,2,0,0,unknown,0,0.39445328316725464
43,management,married,tertiary,no,715,no,no,cellular,20,aug,4,0,0,unknown,0,0.3944362483070966
34,management,married,tertiary,no,63,no,no,cellular,8,aug,2,0,0,unknown,0,0.39438008813173586
53,unemployed,married,secondary,no,7,no,no,cellular,30,jan,2,0,0,unknown,0,0.394227683651473
45,admin.,single,primary,no,1811,no,no,telephone,31,jul,7,0,0,unknown,0,0.39414748769796226
51,management,married,tertiary,no,630,yes,no,cellular,5,may,1,0,0,unknown,0,0.39408556639803716
25,services,single,secondary,no,5,no,yes,cellular,30,jul,6,0,0,unknown,0,0.3940677593174388
46,management,married,tertiary,no,1906,no,no,cellular,28,aug,6,0,0,unknown,0,0.39402257171027555
46,technician,divorced,secondary,yes,-11,no,no,cellular,11,aug,2,0,0,unknown,0,0.39399663926202044
48,services,single,secondary,no,133,yes,yes,cellular,16,jul,1,0,0,unknown,0,0.3939906692051476
33,management,married,tertiary,no,331,yes,no,cellular,13,may,3,0,0,unknown,0,0.39397320068848324
45,management,married,tertiary,no,0,no,no,cellular,24,jul,2,0,0,unknown,0,0.3939612641071164
31,management,married,tertiary,no,1400,yes,no,cellular,30,jan,2,2,1,other,1,0.3939166785385684
37,management,married,tertiary,no,292,no,no,cellular,21,aug,2,0,0,unknown,0,0.39374449255808025
53,admin.,married,secondary,no,8892,yes,no,cellular,20,nov,1,0,0,unknown,0,0.39371533325905717
24,admin.,married,secondary,no,0,yes,no,cellular,16,apr,1,0,0,unknown,0,0.3936972977539104
34,blue-collar,married,secondary,no,2305,yes,no,cellular,18,nov,1,0,0,unknown,0,0.3936515578946975
39,management,married,tertiary,no,710,yes,no,cellular,11,jul,2,0,0,unknown,0,0.39362190825346566
31,blue-collar,married,secondary,no,990,yes,yes,cellular,7,may,1,0,0,unknown,0,0.3935780707915604
26,services,single,secondary,no,46,yes,no,cellular,15,may,3,351,6,other,1,0.39344955329165343
33,technician,single,secondary,no,287,yes,no,cellular,14,may,1,358,8,failure,1,0.3934304425854371
48,unemployed,divorced,secondary,no,1266,yes,no,telephone,3,feb,1,0,0,unknown,0,0.39341874138680444
36,technician,married,secondary,no,1840,no,no,cellular,19,aug,6,0,0,unknown,0,0.3933853715575965
44,technician,divorced,secondary,no,2179,no,no,cellular,28,aug,10,0,0,unknown,0,0.39334002470681007
54,blue-collar,single,secondary,no,40,yes,no,cellular,18,jul,2,0,0,unknown,0,0.39333238902279766
40,blue-collar,divorced,secondary,no,0,yes,no,cellular,15,may,2,0,0,unknown,0,0.3932145328040846
37,technician,married,secondary,no,5380,no,no,cellular,25,aug,6,0,0,unknown,0,0.3931479083336357
35,blue-collar,married,primary,no,46,no,no,cellular,8,jul,3,0,0,unknown,0,0.3931193628637421
41,blue-collar,married,secondary,no,2152,yes,no,cellular,17,nov,1,0,0,unknown,0,0.3931185030942678
59,retired,married,secondary,no,2396,no,no,cellular,27,aug,6,0,0,unknown,0,0.39311053512511374
50,entrepreneur,married,tertiary,no,5420,yes,no,cellular,17,nov,1,0,0,unknown,0,0.3930970414294302
52,blue-collar,married,secondary,no,543,yes,no,cellular,13,apr,2,0,0,unknown,0,0.39304742483320076
48,technician,married,secondary,no,14148,yes,no,cellular,18,aug,2,0,0,unknown,0,0.39301816317208155
35,services,married,secondary,no,1385,yes,no,cellular,29,jan,1,0,0,unknown,0,0.39294132783201235
44,management,single,secondary,no,3684,yes,no,cellular,15,may,5,179,3,failure,1,0.3929296149941082
39,blue-collar,single,primary,no,6,yes,no,cellular,19,nov,2,0,0,unknown,0,0.39289191006899604
31,technician,married,secondary,no,1951,yes,no,cellular,21,jul,2,0,0,unknown,0,0.39282237864876957
39,management,single,tertiary,yes,-401,yes,no,cellular,19,aug,4,0,0,unknown,0,0.39279401777364287
30,blue-collar,divorced,primary,no,-258,yes,no,cellular,18,may,2,0,0,unknown,0,0.3927273672865196
50,blue-collar,married,secondary,no,562,yes,no,cellular,8,apr,2,0,0,unknown,0,0.39265573258311987
47,blue-collar,married,secondary,no,327,yes,no,cellular,16,apr,1,0,0,unknown,0,0.3926415520877786
38,technician,single,secondary,no,553,yes,no,cellular,15,may,2,270,8,other,1,0.3926266099312196
38,blue-collar,married,secondary,no,2008,yes,no,cellular,18,nov,1,0,0,unknown,0,0.3925506462182341
54,technician,divorced,secondary,no,-369,no,no,cellular,22,jul,4,0,0,unknown,0,0.3925141596355784
59,blue-collar,married,primary,no,6271,yes,no,cellular,25,aug,5,0,0,unknown,0,0.39251315854802493
45,blue-collar,married,secondary,no,1239,no,no,telephone,31,jul,4,0,0,unknown,0,0.3924919611298982
30,services,divorced,secondary,no,1336,yes,no,cellular,18,may,3,355,5,failure,1,0.39249189745301777
26,entrepreneur,single,secondary,no,101,yes,no,cellular,5,feb,1,268,1,failure,1,0.39248631394305744
54,services,divorced,unknown,no,0,yes,no,cellular,16,apr,1,0,0,unknown,0,0.3924834532361439
44,admin.,divorced,secondary,no,49,yes,no,cellular,6,may,2,0,0,unknown,0,0.3923878205560078
46,management,divorced,secondary,no,177,no,no,cellular,20,aug,2,0,0,unknown,0,0.39235321266613077
52,entrepreneur,married,tertiary,yes,-2,no,no,cellular,18,nov,1,0,0,unknown,0,0.39233497206338086
36,blue-collar,married,secondary,no,382,yes,no,cellular,6,apr,1,0,0,unknown,0,0.3923329195282279
36,blue-collar,married,secondary,no,2452,yes,no,cellular,21,nov,1,0,0,unknown,0,0.3922941086813392
32,blue-collar,married,primary,no,103,no,no,cellular,23,jul,1,0,0,unknown,0,0.39228728389102435
44,admin.,married,secondary,no,1074,yes,no,cellular,11,jul,2,0,0,unknown,0,0.3922828743940054
28,blue-collar,single,secondary,yes,0,no,yes,cellular,10,jul,1,0,0,unknown,0,0.392260376976796
32,technician,married,tertiary,no,2976,yes,no,cellular,14,aug,5,0,0,unknown,0,0.39225954700536825
44,blue-collar,married,secondary,no,16178,yes,no,cellular,21,nov,1,0,0,unknown,0,0.39222624199761946
52,services,divorced,secondary,no,43,yes,yes,cellular,11,may,2,0,0,unknown,0,0.3921754595331866
46,technician,married,secondary,no,198,yes,no,cellular,30,jan,1,2,6,other,1,0.3920977569392411
32,technician,married,secondary,no,1026,no,no,cellular,28,aug,3,0,0,unknown,0,0.39209221758666885
59,retired,married,secondary,no,11,no,no,cellular,20,nov,2,0,0,unknown,0,0.3920879977691461
33,management,married,tertiary,no,2744,yes,no,telephone,19,nov,1,0,0,unknown,0,0.3920653005575728
32,technician,single,tertiary,no,1094,yes,no,cellular,11,may,7,0,0,unknown,0,0.392048136074785
34,admin.,single,secondary,no,10,no,yes,cellular,18,nov,1,173,3,failure,1,0.3920350247795505
46,technician,married,tertiary,no,16,no,no,cellular,30,jul,3,0,0,unknown,0,0.3920306180642944
33,admin.,married,secondary,no,258,yes,no,cellular,5,may,1,0,0,unknown,0,0.3920237636664251
49,management,married,tertiary,no,0,no,no,cellular,6,aug,2,0,0,unknown,0,0.39197631191549354
31,services,single,secondary,no,1510,yes,no,cellular,13,may,4,176,1,failure,1,0.3919670903653497
41,self-employed,married,secondary,no,323,yes,no,cellular,17,apr,2,254,6,other,1,0.39196030799814063
58,management,married,tertiary,no,541,yes,no,cellular,8,may,1,0,0,unknown,0,0.3918817434312914
35,unemployed,married,primary,no,4564,yes,no,telephone,5,feb,1,0,0,unknown,0,0.39183590061531043
51,management,married,tertiary,no,-898,no,no,cellular,29,jan,2,0,0,unknown,0,0.3918325715233961
32,management,married,tertiary,no,282,no,no,cellular,22,aug,2,0,0,unknown,0,0.3918276912589739
50,services,divorced,secondary,no,339,yes,no,cellular,7,may,3,0,0,unknown,0,0.39182368852765154
44,blue-collar,single,primary,no,0,yes,no,cellular,24,jul,1,0,0,unknown,0,0.3917915947064081
45,services,married,secondary,no,-32,no,no,cellular,28,jan,2,0,0,unknown,0,0.3917718933799126
43,self-employed,married,secondary,yes,-1415,no,no,cellular,10,jul,1,0,0,unknown,0,0.3916113136220622
35,blue-collar,married,unknown,no,520,yes,no,cellular,17,apr,1,0,0,unknown,0,0.3915634080782051
55,blue-collar,married,secondary,no,1011,yes,no,cellular,12,aug,2,0,0,unknown,0,0.3915542056748827
55,blue-collar,married,secondary,no,630,no,no,cellular,26,aug,2,0,0,unknown,0,0.3915334623135828
43,admin.,divorced,secondary,no,540,yes,no,cellular,30,jan,1,0,0,unknown,0,0.3914590780748592
35,admin.,married,secondary,no,0,no,no,cellular,7,jul,11,0,0,unknown,0,0.39137562292280387
33,entrepreneur,married,secondary,no,5809,yes,no,cellular,22,aug,4,0,0,unknown,0,0.3913195881426765
30,management,single,tertiary,no,222,no,yes,cellular,4,feb,1,204,2,other,1,0.39131622514213776
52,blue-collar,married,primary,no,924,no,no,cellular,21,aug,4,0,0,unknown,0,0.3912417733425406
50,management,married,tertiary,no,1396,no,no,cellular,25,aug,6,0,0,unknown,0,0.3912366340317404
37,technician,divorced,secondary,no,5957,yes,no,cellular,14,may,3,177,2,failure,1,0.3912120878685063
43,management,married,tertiary,no,690,yes,no,cellular,6,aug,3,0,0,unknown,0,0.39118827032994785
59,retired,married,primary,no,13,no,no,cellular,28,jan,2,0,0,unknown,0,0.391167322026852
34,management,married,tertiary,no,813,yes,no,cellular,28,may,3,0,0,unknown,0,0.3911248495697691
54,management,married,tertiary,no,7249,yes,yes,cellular,11,may,1,96,3,failure,1,0.39109871039319627
33,management,single,tertiary,no,0,yes,yes,cellular,21,nov,2,0,0,unknown,0,0.39106845147506347
36,services,single,secondary,no,568,yes,no,cellular,15,may,3,364,2,failure,1,0.3910569795779081
58,retired,divorced,tertiary,no,2086,yes,no,cellular,29,jul,2,0,0,unknown,0,0.39104581224689305
46,management,married,tertiary,no,4,no,no,cellular,8,aug,4,0,0,unknown,0,0.3910348321742611
55,blue-collar,married,primary,no,1086,yes,no,cellular,7,aug,2,0,0,unknown,0,0.39099797993041463
27,blue-collar,married,secondary,no,102,no,yes,cellular,7,jul,2,0,0,unknown,0,0.39097578327207005
31,management,single,tertiary,no,1598,yes,no,cellular,7,jul,33,0,0,unknown,0,0.3909488691427385
42,blue-collar,married,secondary,no,5639,yes,no,cellular,17,jul,2,0,0,unknown,0,0.39093417619309334
38,services,married,tertiary,no,535,yes,no,cellular,4,feb,2,0,0,unknown,0,0.39093204199537224
46,services,married,secondary,no,184,yes,no,cellular,1,apr,1,0,0,unknown,0,0.3909272764128376
52,management,married,tertiary,no,0,yes,no,cellular,3,feb,1,249,1,failure,1,0.3908165457333236
37,technician,married,secondary,no,277,yes,no,cellular,4,feb,2,0,0,unknown,0,0.3907608691365618
30,admin.,married,secondary,no,350,no,yes,cellular,9,jul,5,0,0,unknown,0,0.3907455632350875
54,management,married,tertiary,no,1114,yes,no,cellular,21,nov,2,175,1,other,1,0.39071280168317785
35,technician,married,secondary,no,1546,yes,no,cellular,13,may,1,174,4,failure,1,0.3906849183170538
52,technician,married,secondary,no,279,no,yes,cellular,14,jul,3,0,0,unknown,0,0.3906599775019251
57,blue-collar,married,secondary,no,1540,yes,no,cellular,17,nov,1,0,0,unknown,0,0.39061948298968135
31,management,married,tertiary,no,351,no,no,cellular,21,aug,3,0,0,unknown,0,0.39050623904887677
47,blue-collar,married,secondary,no,2173,yes,no,cellular,30,apr,3,344,5,failure,1,0.3905050808810554
41,entrepreneur,divorced,secondary,no,-29,yes,no,cellular,10,jul,1,0,0,unknown,0,0.3904958455765519
31,management,married,tertiary,no,0,no,no,cellular,11,aug,2,0,0,unknown,0,0.39048262234831094
37,self-employed,married,tertiary,no,804,yes,no,cellular,19,nov,1,170,1,other,1,0.39046959470929204
53,management,married,tertiary,no,261,no,no,cellular,19,aug,2,0,0,unknown,0,0.3904508293327191
45,management,married,secondary,no,724,yes,yes,cellular,7,aug,1,0,0,unknown,0,0.390405092926722
52,management,married,tertiary,no,0,no,no,cellular,12,aug,2,0,0,unknown,0,0.3903623995360548
40,admin.,married,secondary,no,526,yes,no,cellular,8,may,1,0,0,unknown,0,0.3903618532052166
25,services,single,secondary,no,-371,yes,no,cellular,18,may,2,347,3,other,1,0.39026858576664397
50,blue-collar,married,primary,no,1052,no,no,cellular,22,aug,4,0,0,unknown,0,0.39025128060898084
57,self-employed,married,secondary,no,2109,no,no,cellular,21,aug,6,0,0,unknown,0,0.3902477436281486
33,technician,single,secondary,no,541,no,yes,cellular,20,aug,2,0,0,unknown,0,0.3902217972998092
50,management,married,tertiary,no,4,no,no,cellular,13,aug,2,0,0,unknown,0,0.3902152368538458
41,management,married,tertiary,no,1199,yes,no,cellular,18,nov,1,0,0,unknown,0,0.3902061203236737
48,self-employed,married,tertiary,no,0,no,no,cellular,29,jan,3,0,0,unknown,0,0.39020395576007627
52,blue-collar,married,secondary,no,633,yes,no,cellular,14,may,1,0,0,unknown,0,0.3901981253477249
56,admin.,married,secondary,no,510,yes,no,cellular,10,jul,1,0,0,unknown,0,0.3901740441968586
41,blue-collar,married,unknown,no,402,yes,no,cellular,15,jul,2,0,0,unknown,0,0.3900964512703219
30,self-employed,single,tertiary,no,0,yes,no,cellular,5,may,1,301,1,failure,1,0.3900797179752653
40,blue-collar,married,primary,no,-310,yes,yes,cellular,26,may,2,363,5,failure,1,0.3900602771578587
39,admin.,married,secondary,no,248,yes,no,cellular,17,apr,1,0,0,unknown,0,0.39004156249845523
29,technician,divorced,secondary,no,328,yes,yes,cellular,4,feb,1,0,0,unknown,0,0.39001390903536715
43,services,divorced,secondary,no,957,no,yes,cellular,22,jul,4,0,0,unknown,0,0.3900123328417777
41,blue-collar,married,secondary,no,780,yes,no,cellular,15,may,3,0,0,unknown,0,0.3899785367217207
35,blue-collar,married,secondary,no,1290,yes,no,cellular,24,jul,1,0,0,unknown,0,0.3899349118426968
32,management,married,tertiary,no,62,yes,no,cellular,14,may,1,0,0,unknown,0,0.3898981866857386
58,retired,married,unknown,no,911,no,no,cellular,27,aug,4,0,0,unknown,0,0.3898963226612343
59,blue-collar,married,primary,no,3713,yes,yes,cellular,4,aug,2,0,0,unknown,0,0.3898420867114568
52,management,married,unknown,no,414,yes,no,cellular,8,jul,1,0,0,unknown,0,0.389836390494548
45,blue-collar,married,primary,no,512,no,no,cellular,26,aug,2,0,0,unknown,0,0.38980920200593255
35,technician,single,secondary,no,1609,yes,no,unknown,30,may,3,0,0,unknown,0,0.38978524933014214
57,admin.,married,secondary,no,1275,no,yes,cellular,15,jul,4,0,0,unknown,0,0.3897832323968551
31,self-employed,single,unknown,no,7118,yes,no,cellular,19,nov,1,168,2,other,1,0.389775908151353
33,technician,married,secondary,no,3572,yes,no,cellular,18,nov,2,0,0,unknown,0,0.3897716900893555
36,technician,divorced,tertiary,no,1023,yes,no,cellular,31,jul,4,0,0,unknown,0,0.3897695481787484
58,admin.,married,secondary,no,1813,yes,no,telephone,17,jul,1,0,0,unknown,0,0.38975078385915557
56,management,married,tertiary,no,1674,yes,yes,cellular,10,jul,1,0,0,unknown,0,0.3896769655884193
50,blue-collar,married,secondary,no,3558,no,no,cellular,26,aug,10,0,0,unknown,0,0.3896662860383428
32,unemployed,married,secondary,no,869,yes,no,cellular,29,jan,1,0,0,unknown,0,0.38959700255109697
42,services,divorced,unknown,no,-291,yes,no,cellular,14,jul,2,0,0,unknown,0,0.38951744297139845
52,admin.,divorced,secondary,no,121,yes,no,cellular,24,jul,2,0,0,unknown,0,0.3894949965686625
47,technician,divorced,tertiary,no,694,yes,no,cellular,11,may,4,0,0,unknown,0,0.389446647888538
50,technician,married,secondary,no,315,no,no,cellular,8,aug,10,0,0,unknown,0,0.38937638617123294
46,blue-collar,married,primary,no,1227,no,no,telephone,28,jan,3,0,0,unknown,0,0.38932586479132825
39,technician,married,secondary,no,834,yes,yes,cellular,20,apr,1,0,0,unknown,0,0.38931365782193866
34,unemployed,married,tertiary,no,181,yes,no,cellular,2,feb,1,0,0,unknown,0,0.3892098393045646
34,blue-collar,married,secondary,no,678,yes,no,cellular,17,apr,1,0,0,unknown,0,0.3892096964766448
41,blue-collar,divorced,secondary,no,-224,yes,no,cellular,2,feb,2,0,0,unknown,0,0.389205937207863
43,management,married,tertiary,no,6,no,no,cellular,8,aug,2,0,0,unknown,0,0.3892042803265969
30,technician,married,tertiary,no,564,yes,no,cellular,11,aug,2,0,0,unknown,0,0.3892003892284709
52,management,married,tertiary,no,0,no,no,cellular,7,aug,4,0,0,unknown,0,0.389002995905138
35,management,married,tertiary,no,506,yes,no,cellular,5,feb,4,0,0,unknown,0,0.3889907282268639
34,entrepreneur,married,tertiary,no,-508,yes,no,cellular,2,feb,1,0,0,unknown,0,0.38895598108167156
37,entrepreneur,married,tertiary,no,227,yes,no,cellular,10,jul,1,0,0,unknown,0,0.3889350955778836
28,services,single,secondary,yes,-7,no,yes,cellular,23,jul,5,0,0,unknown,0,0.38885644688471666
53,housemaid,married,primary,no,421,no,no,cellular,6,aug,4,0,0,unknown,0,0.38884884013225923
32,blue-collar,married,secondary,no,290,yes,no,cellular,6,may,1,0,0,unknown,0,0.38879105782628043
53,blue-collar,married,secondary,no,2047,no,no,telephone,30,jul,6,0,0,unknown,0,0.388742001202023
32,entrepreneur,married,tertiary,no,964,yes,no,cellular,22,jul,2,0,0,unknown,0,0.38871607524849433
43,management,married,tertiary,no,676,no,no,cellular,25,aug,4,0,0,unknown,0,0.3886350857455623
47,admin.,divorced,secondary,no,225,no,no,cellular,28,aug,4,0,0,unknown,0,0.38863252089652234
41,blue-collar,married,primary,no,1821,no,yes,cellular,14,jul,3,0,0,unknown,0,0.38862205848698284
36,admin.,single,secondary,no,191,yes,no,cellular,25,jul,7,0,0,unknown,0,0.38859665044074687
33,services,single,secondary,no,310,yes,no,cellular,12,may,2,371,1,failure,1,0.3885431651477985
26,management,married,secondary,no,288,yes,no,cellular,22,jul,1,0,0,unknown,0,0.38853971991898617
43,management,married,tertiary,no,78,yes,no,cellular,21,nov,1,109,1,other,1,0.38853072647089176
46,blue-collar,married,primary,no,6150,yes,no,cellular,20,nov,2,0,0,unknown,0,0.38852215852163857
43,management,married,tertiary,no,348,no,yes,cellular,15,jul,3,0,0,unknown,0,0.3885211932805527
35,management,single,tertiary,yes,-1980,yes,yes,cellular,11,aug,1,0,0,unknown,0,0.3885002428448176
47,blue-collar,married,secondary,no,1203,yes,no,cellular,17,apr,2,0,0,unknown,0,0.3884753492911013
43,management,married,tertiary,no,479,yes,no,cellular,6,feb,1,254,2,failure,1,0.3884023818870796
43,management,married,tertiary,no,1336,yes,yes,cellular,27,may,2,309,1,failure,1,0.3883896393958479
59,self-employed,married,tertiary,no,3800,no,yes,cellular,9,jul,1,0,0,unknown,0,0.38838722772332657
37,admin.,married,secondary,no,250,yes,no,cellular,10,aug,1,0,0,unknown,0,0.38834125215007836
36,blue-collar,married,secondary,no,576,yes,no,cellular,10,jul,2,0,0,unknown,0,0.3883204676381143
49,self-employed,married,tertiary,no,147,no,yes,cellular,2,feb,1,189,4,failure,1,0.3882839389688111
56,technician,married,secondary,no,1750,no,no,cellular,19,aug,7,0,0,unknown,0,0.38824155867782895
41,blue-collar,married,secondary,no,1394,yes,no,cellular,21,nov,1,0,0,unknown,0,0.3882083759373905
54,admin.,married,secondary,no,1335,yes,no,cellular,24,jul,1,0,0,unknown,0,0.38814924247086074
33,blue-collar,married,secondary,no,308,yes,no,cellular,13,may,2,0,0,unknown,0,0.3881256966604797
46,blue-collar,married,primary,no,575,no,no,cellular,25,aug,3,0,0,unknown,0,0.38802491303404496
39,management,married,tertiary,no,1738,yes,no,cellular,14,may,1,358,1,other,1,0.38802113141563965
41,housemaid,married,primary,no,1618,yes,no,cellular,7,jul,2,0,0,unknown,0,0.38801374953727785
60,blue-collar,married,primary,no,1477,yes,no,cellular,16,jul,3,0,0,unknown,0,0.38799736750863384
32,services,single,secondary,no,671,yes,no,cellular,17,apr,2,345,3,failure,1,0.3879903123360643
30,management,married,tertiary,no,0,no,no,cellular,14,aug,2,0,0,unknown,0,0.3878094730053917
39,services,married,secondary,no,1068,yes,no,cellular,14,jul,3,0,0,unknown,0,0.38777747500908083
46,technician,married,secondary,no,278,yes,no,cellular,10,jul,1,0,0,unknown,0,0.3877018251509471
33,management,single,tertiary,no,109,no,no,cellular,21,aug,5,0,0,unknown,0,0.3876383024683145
47,services,married,secondary,no,756,no,no,cellular,25,aug,4,0,0,unknown,0,0.38751566438913676
30,technician,divorced,tertiary,no,317,yes,no,cellular,15,may,3,294,5,failure,1,0.387477086604632
58,retired,single,secondary,no,-158,yes,no,cellular,5,feb,1,8,1,other,1,0.38746340840541005
42,management,married,tertiary,no,17,no,no,cellular,13,aug,6,0,0,unknown,0,0.387390340675071
51,blue-collar,married,primary,no,864,yes,no,cellular,13,may,1,0,0,unknown,0,0.3873453460531168
43,technician,married,secondary,no,994,yes,yes,cellular,5,may,1,0,0,unknown,0,0.3872049777248293
44,technician,married,secondary,no,266,yes,no,cellular,9,jul,1,0,0,unknown,0,0.3871713981312192
28,management,divorced,secondary,no,-76,no,yes,cellular,14,jul,2,0,0,unknown,0,0.38714467320170476
45,technician,single,secondary,no,21,yes,no,cellular,25,aug,3,0,0,unknown,0,0.3871288922101326
46,management,married,tertiary,no,445,yes,no,cellular,10,jul,1,0,0,unknown,0,0.38710049559816156
49,blue-collar,married,tertiary,no,1769,yes,no,cellular,14,may,2,0,0,unknown,0,0.38707923612360795
55,admin.,married,secondary,no,1232,no,no,cellular,27,aug,7,0,0,unknown,0,0.3870717781111409
30,self-employed,single,secondary,no,-617,no,yes,cellular,19,nov,1,0,0,unknown,0,0.38700692502973355
43,self-employed,married,secondary,no,14144,yes,no,cellular,21,nov,1,0,0,unknown,0,0.38699613523175996
46,technician,single,secondary,no,182,no,no,cellular,19,aug,4,0,0,unknown,0,0.38697317256202496
36,blue-collar,divorced,primary,no,-308,yes,no,cellular,12,may,1,0,0,unknown,0,0.3869550269245562
50,admin.,divorced,secondary,no,81,no,yes,cellular,21,nov,1,0,0,unknown,0,0.38689026238667984
57,retired,married,primary,no,0,no,no,cellular,5,aug,2,0,0,unknown,0,0.38674288455900585
32,blue-collar,single,secondary,no,3658,yes,yes,cellular,20,nov,4,0,0,unknown,0,0.3867299222162678
41,blue-collar,married,primary,no,1356,yes,no,cellular,13,may,2,0,0,unknown,0,0.38670938393359905
32,management,married,tertiary,no,205,yes,no,cellular,5,feb,4,0,0,unknown,0,0.38667632427730964
38,technician,married,secondary,no,1960,yes,no,cellular,21,aug,2,0,0,unknown,0,0.3866424944744014
39,management,married,secondary,no,1007,yes,no,cellular,18,nov,1,0,0,unknown,0,0.38661438917951074
30,blue-collar,divorced,secondary,no,0,no,yes,cellular,8,jul,1,0,0,unknown,0,0.3865890490514235
35,technician,married,secondary,no,483,yes,no,cellular,11,jul,2,0,0,unknown,0,0.3865728165682264
33,technician,married,tertiary,no,236,yes,no,cellular,11,jul,1,0,0,unknown,0,0.3865692648454786
42,entrepreneur,married,secondary,no,324,yes,no,cellular,15,jul,3,0,0,unknown,0,0.38655077654297904
45,blue-collar,married,primary,no,2523,yes,no,cellular,13,may,4,0,0,unknown,0,0.386473601668882
34,management,married,tertiary,no,520,yes,no,cellular,12,aug,4,0,0,unknown,0,0.38646307076805725
41,housemaid,married,primary,no,365,no,no,cellular,8,aug,5,0,0,unknown,0,0.38645832570305694
53,services,divorced,unknown,no,1012,yes,no,cellular,28,jul,2,0,0,unknown,0,0.386402470730893
58,retired,married,secondary,no,225,no,no,cellular,7,aug,6,0,0,unknown,0,0.3863580946670638
29,technician,married,secondary,no,3615,yes,no,cellular,30,jul,3,0,0,unknown,0,0.3863222838713416
53,technician,married,secondary,no,-46,no,no,cellular,29,jan,2,0,0,unknown,0,0.38620516165931695
41,management,single,tertiary,no,537,yes,no,cellular,29,jan,2,0,0,unknown,0,0.38613020083755323
35,management,married,tertiary,no,1361,no,yes,cellular,7,jul,11,0,0,unknown,0,0.3860648756004057
52,management,married,tertiary,no,291,no,no,cellular,21,aug,3,0,0,unknown,0,0.38604382639505097
30,services,single,secondary,no,114,no,yes,cellular,18,jul,10,0,0,unknown,0,0.38601574333530336
35,blue-collar,married,secondary,no,74,no,no,cellular,23,jul,2,0,0,unknown,0,0.3860049880572705
54,blue-collar,married,primary,no,532,no,no,telephone,31,jul,2,0,0,unknown,0,0.3859832647229323
52,technician,married,secondary,no,279,no,yes,cellular,2,feb,1,203,3,failure,1,0.38597755232998665
36,unemployed,married,secondary,no,608,yes,no,cellular,2,feb,1,263,3,other,1,0.38597333268759215
34,technician,married,secondary,no,0,no,no,cellular,5,aug,2,0,0,unknown,0,0.3859648108046656
30,admin.,married,secondary,no,2678,yes,no,cellular,18,may,5,0,0,unknown,0,0.3859574909142199
50,management,married,secondary,no,1580,no,yes,cellular,19,nov,3,0,0,unknown,0,0.3859533205635137
33,admin.,married,secondary,no,177,yes,no,cellular,11,may,1,0,0,unknown,0,0.38595253620175723
40,technician,single,secondary,no,287,yes,no,cellular,8,may,1,298,3,failure,1,0.3859409520318773
32,management,married,tertiary,no,3651,yes,no,cellular,20,nov,3,0,0,unknown,0,0.38591945654307813
30,services,married,secondary,no,1286,yes,yes,cellular,17,jul,1,0,0,unknown,0,0.38587249948020363
51,blue-collar,married,primary,no,3185,yes,no,cellular,20,nov,2,0,0,unknown,0,0.3858445819390161
33,technician,married,tertiary,no,35,no,no,cellular,7,aug,4,0,0,unknown,0,0.3858103757980246
33,blue-collar,single,unknown,no,129,yes,yes,cellular,30,apr,1,161,1,failure,1,0.3857825339917255
43,blue-collar,divorced,primary,no,75,yes,no,cellular,9,jul,1,0,0,unknown,0,0.3857660989570919
40,admin.,married,secondary,no,0,no,no,cellular,16,jul,8,0,0,unknown,0,0.3857600824948094
54,services,married,secondary,no,386,yes,no,cellular,2,aug,2,0,0,unknown,0,0.3857528211253378
53,self-employed,married,tertiary,no,2013,no,no,cellular,19,aug,14,0,0,unknown,0,0.3857051331089129
29,technician,married,tertiary,no,604,yes,no,cellular,14,may,4,0,0,unknown,0,0.3856105596572161
45,management,married,tertiary,no,0,no,no,cellular,11,aug,4,0,0,unknown,0,0.3855951483067953
30,management,single,tertiary,no,14,no,yes,cellular,22,jul,1,0,0,unknown,0,0.38558462204789207
35,management,single,tertiary,no,0,no,yes,cellular,14,aug,4,0,0,unknown,0,0.38558458525047973
56,technician,married,tertiary,no,655,yes,yes,cellular,8,apr,1,0,0,unknown,0,0.3855346933034335
38,admin.,single,tertiary,no,4,yes,yes,cellular,18,nov,3,0,0,unknown,0,0.3855330030347488
33,admin.,single,secondary,no,-281,yes,yes,cellular,20,nov,1,0,0,unknown,0,0.38550772407458533
45,management,single,secondary,no,142,no,yes,cellular,6,aug,4,0,0,unknown,0,0.38550019967957655
44,blue-collar,married,secondary,no,233,no,yes,cellular,9,jul,3,0,0,unknown,0,0.3854350061035926
53,blue-collar,married,secondary,no,913,yes,no,cellular,23,jul,1,0,0,unknown,0,0.38543472404284446
40,admin.,married,secondary,no,275,yes,no,cellular,9,jul,1,0,0,unknown,0,0.3853575518544058
43,technician,married,secondary,no,-57,no,no,cellular,28,jan,1,0,0,unknown,0,0.385355533046284
27,technician,single,secondary,yes,0,no,yes,cellular,8,jul,1,0,0,unknown,0,0.38524384276039497
54,retired,married,secondary,no,1826,yes,no,cellular,17,nov,4,0,0,unknown,0,0.38521159254995646
59,blue-collar,married,secondary,no,-139,no,no,cellular,18,jul,1,0,0,unknown,0,0.3852036161845347
32,management,single,tertiary,no,-217,yes,yes,cellular,18,aug,4,0,0,unknown,0,0.38517794838216496
34,technician,married,secondary,no,272,yes,no,cellular,4,feb,1,201,2,failure,1,0.3851461007711006
34,technician,single,secondary,yes,103,yes,yes,cellular,24,jul,1,0,0,unknown,0,0.38508462597778326
51,blue-collar,married,primary,no,5206,yes,no,cellular,20,nov,3,0,0,unknown,0,0.3850534142953531
31,housemaid,married,secondary,no,3902,yes,no,cellular,21,jul,4,0,0,unknown,0,0.3849599300593228
43,blue-collar,married,secondary,no,917,yes,no,cellular,8,may,2,0,0,unknown,0,0.38494801533631856
54,technician,married,secondary,no,3967,no,yes,cellular,29,jul,3,0,0,unknown,0,0.3849035967539855
35,technician,married,secondary,no,1364,yes,yes,cellular,20,apr,2,0,0,unknown,0,0.3848947937807573
42,blue-collar,married,secondary,no,349,yes,no,cellular,7,apr,2,0,0,unknown,0,0.38489156519473444
50,unemployed,divorced,secondary,no,717,yes,no,cellular,30,jan,1,0,0,unknown,0,0.38485706022202776
28,admin.,married,secondary,no,49,yes,no,cellular,20,apr,3,0,0,unknown,0,0.3847994802136958
36,management,married,secondary,no,-148,no,no,cellular,18,nov,2,0,0,unknown,0,0.3847955142641281
29,services,single,secondary,no,79,yes,no,cellular,6,may,1,334,3,other,1,0.3847570210935258
52,admin.,divorced,tertiary,no,0,yes,yes,cellular,27,apr,1,0,0,unknown,0,0.38473344644565477
33,services,single,secondary,no,406,yes,no,cellular,5,feb,1,275,1,failure,1,0.3846775727459908
38,blue-collar,married,primary,no,290,yes,no,cellular,16,apr,1,0,0,unknown,0,0.38467642811262887
39,management,married,tertiary,no,1070,yes,yes,cellular,9,jul,1,0,0,unknown,0,0.3846470105219367
44,blue-collar,married,primary,no,318,no,no,telephone,22,jul,2,0,0,unknown,0,0.38464422551750926
40,blue-collar,married,secondary,no,275,yes,no,cellular,1,feb,2,0,0,unknown,0,0.38464101203313456
57,admin.,married,secondary,no,1218,no,no,cellular,29,aug,7,0,0,unknown,0,0.3845717048804725
49,management,married,tertiary,no,53,no,no,cellular,12,aug,6,0,0,unknown,0,0.38455872389004975
44,management,married,tertiary,no,792,no,no,cellular,25,aug,7,0,0,unknown,0,0.3845517044111645
30,admin.,married,secondary,no,4457,yes,no,cellular,21,nov,4,0,0,unknown,0,0.38450566929021784
52,management,divorced,tertiary,no,427,no,yes,telephone,20,nov,3,0,0,unknown,0,0.3844892771183368
29,technician,married,secondary,no,1180,yes,no,cellular,17,apr,3,323,3,failure,1,0.3844632882216108
36,admin.,married,secondary,no,1733,no,yes,cellular,22,jul,3,0,0,unknown,0,0.38438254688427465
42,technician,married,secondary,no,422,yes,no,cellular,16,jul,1,0,0,unknown,0,0.3843758654918642
45,blue-collar,married,secondary,no,-96,no,no,cellular,28,jan,2,0,0,unknown,0,0.38434196815590504
36,admin.,divorced,tertiary,no,289,yes,yes,cellular,28,aug,3,280,4,failure,1,0.3842852249221131
33,services,married,secondary,no,930,no,yes,cellular,24,jul,2,0,0,unknown,0,0.3842286278272345
37,entrepreneur,married,primary,no,62,no,no,cellular,31,jul,2,0,0,unknown,0,0.38421301656657386
32,management,married,primary,no,5,yes,no,cellular,16,apr,2,0,0,unknown,0,0.38421215962811656
33,technician,married,secondary,no,359,yes,no,cellular,20,apr,1,242,1,other,1,0.3841690299027072
45,self-employed,divorced,tertiary,no,963,yes,no,cellular,12,may,5,0,0,unknown,0,0.38413701078177764
60,technician,married,secondary,no,216,yes,yes,cellular,2,feb,1,0,0,unknown,0,0.3840981187564358
59,retired,married,secondary,no,2291,no,yes,cellular,14,jul,3,0,0,unknown,0,0.3840868785502085
47,blue-collar,married,primary,no,3440,no,no,cellular,28,aug,10,0,0,unknown,0,0.3840356962437788
33,blue-collar,married,secondary,no,93,no,no,telephone,9,feb,5,0,0,unknown,0,0.38403427307590526
38,admin.,married,secondary,no,1767,yes,no,cellular,12,nov,7,0,0,unknown,0,0.3840258292238262
44,blue-collar,married,primary,no,1139,no,yes,cellular,8,jul,2,0,0,unknown,0,0.3839369734203155
35,management,married,tertiary,no,1725,yes,yes,cellular,8,apr,2,254,7,failure,1,0.38378274222098896
59,retired,married,primary,no,1064,yes,no,cellular,6,may,2,0,0,unknown,0,0.38375921056959406
40,admin.,single,secondary,no,576,yes,yes,cellular,20,apr,3,0,0,unknown,0,0.383725474369558
30,blue-collar,married,primary,no,837,yes,no,cellular,15,apr,2,0,0,unknown,0,0.38371815059364467
27,management,married,tertiary,no,1109,yes,no,cellular,21,jul,5,0,0,unknown,0,0.38352196462596616
33,entrepreneur,married,secondary,no,137,yes,no,cellular,15,jul,3,0,0,unknown,0,0.3835068968063303
47,technician,married,secondary,no,3519,no,yes,telephone,22,may,1,0,0,unknown,0,0.3834688455837725
45,technician,married,secondary,no,49,no,no,cellular,29,jul,2,0,0,unknown,0,0.3834603696752439
31,management,married,tertiary,no,2344,yes,no,cellular,14,aug,6,0,0,unknown,0,0.3834117908958818
39,housemaid,married,tertiary,no,94,no,no,cellular,6,aug,2,0,0,unknown,0,0.38338621381510607
35,blue-collar,married,secondary,no,63,yes,no,cellular,9,apr,1,0,0,unknown,0,0.38337776216584124
58,retired,divorced,secondary,no,1080,yes,no,cellular,29,jul,2,0,0,unknown,0,0.3832635749199655
54,admin.,divorced,secondary,no,459,no,yes,telephone,20,nov,3,0,0,unknown,0,0.3832294533541429
51,housemaid,married,secondary,no,603,no,no,cellular,25,aug,3,0,0,unknown,0,0.38315977285657227
54,admin.,married,secondary,no,3136,yes,no,telephone,19,nov,1,0,0,unknown,0,0.3831453731537097
51,services,single,secondary,no,513,yes,no,cellular,29,jul,2,0,0,unknown,0,0.3831412087182705
30,blue-collar,single,secondary,no,103,yes,no,cellular,17,apr,2,317,1,other,1,0.38306372675556744
40,management,married,tertiary,no,193,no,no,cellular,18,aug,6,0,0,unknown,0,0.3830532494826727
35,management,married,tertiary,no,1471,yes,yes,cellular,13,aug,3,0,0,unknown,0,0.38302586081030554
39,self-employed,married,tertiary,no,5,yes,no,cellular,17,nov,2,131,1,other,1,0.3830230238285448
51,blue-collar,married,primary,no,0,no,no,cellular,20,nov,1,0,0,unknown,0,0.38298766414566754
33,technician,single,tertiary,no,137,no,no,cellular,25,aug,4,0,0,unknown,0,0.3829385153620563
36,technician,single,secondary,no,-272,no,yes,cellular,4,jul,6,0,0,unknown,0,0.3829137679757079
58,housemaid,married,secondary,no,196,no,yes,cellular,27,may,3,0,0,unknown,0,0.38277558409410817
45,blue-collar,married,secondary,no,1335,yes,no,cellular,25,aug,2,0,0,unknown,0,0.38274025544533236
53,management,divorced,tertiary,no,0,yes,no,cellular,14,jul,3,0,0,unknown,0,0.3825186766542277
51,unemployed,married,secondary,no,1760,no,yes,cellular,19,nov,1,0,0,unknown,0,0.38247832788564684
34,management,married,tertiary,no,10031,yes,no,cellular,18,nov,2,0,0,unknown,0,0.38246733223753515
33,management,single,tertiary,no,20,no,no,cellular,21,aug,2,0,0,unknown,0,0.3824368948941758
50,blue-collar,married,primary,no,533,no,no,cellular,21,aug,4,0,0,unknown,0,0.3824159341435999
39,management,single,tertiary,no,759,yes,no,cellular,28,jul,5,0,0,unknown,0,0.38236317701908024
45,services,married,secondary,no,-33,no,no,cellular,28,jan,3,0,0,unknown,0,0.38232084120433446
31,admin.,married,secondary,no,314,yes,no,cellular,17,apr,1,0,0,unknown,0,0.3823036205828889
40,admin.,married,secondary,no,0,yes,no,cellular,3,feb,1,201,1,failure,1,0.3822923509320622
45,management,married,tertiary,no,634,yes,no,cellular,25,jul,1,0,0,unknown,0,0.38227182288991174
34,management,divorced,secondary,no,124,yes,no,cellular,21,nov,1,163,4,other,1,0.38222902318123597
25,services,single,secondary,no,-141,yes,no,cellular,18,may,2,348,2,failure,1,0.38222200885495333
46,technician,married,secondary,no,2045,yes,no,cellular,21,nov,2,0,0,unknown,0,0.3822109257980273
43,admin.,married,secondary,no,0,yes,no,cellular,4,feb,1,0,0,unknown,0,0.382200295125177
32,self-employed,married,tertiary,no,3601,no,no,cellular,22,aug,15,0,0,unknown,0,0.3821874626828871
37,self-employed,single,tertiary,no,2087,no,no,unknown,18,jun,1,0,0,unknown,0,0.38217397305806167
53,services,married,secondary,no,1461,no,no,cellular,25,aug,6,0,0,unknown,0,0.38216562152694633
41,admin.,married,secondary,no,2661,yes,no,telephone,24,jul,1,0,0,unknown,0,0.3821572915115717
32,admin.,married,tertiary,no,2831,yes,no,cellular,18,nov,2,0,0,unknown,0,0.38212685734484686
36,admin.,married,secondary,no,-206,yes,no,cellular,2,feb,1,0,0,unknown,0,0.38210284832808766
32,management,married,secondary,no,375,no,no,cellular,20,aug,3,0,0,unknown,0,0.3820819632814004
43,technician,married,tertiary,no,591,yes,no,cellular,8,aug,2,0,0,unknown,0,0.381997358844596
32,services,married,secondary,no,1273,yes,no,cellular,16,apr,2,328,1,failure,1,0.38197799353153405
35,management,single,tertiary,no,75,no,no,cellular,21,aug,5,0,0,unknown,0,0.38195127454582634
48,management,married,tertiary,no,770,no,yes,cellular,5,aug,2,0,0,unknown,0,0.38194245986517517
30,technician,single,tertiary,no,4321,yes,no,cellular,28,jul,6,0,0,unknown,0,0.3819045845459451
31,technician,single,secondary,no,218,no,no,cellular,26,aug,4,0,0,unknown,0,0.38188840530066487
26,blue-collar,single,primary,yes,344,no,yes,cellular,29,jul,4,0,0,unknown,0,0.38182402114378916
57,admin.,married,secondary,no,567,yes,no,cellular,2,feb,2,265,3,other,1,0.38182026673014596
58,blue-collar,married,unknown,no,1496,no,no,telephone,31,jul,6,0,0,unknown,0,0.3818126372755023
45,unemployed,married,unknown,no,490,yes,no,cellular,5,feb,3,0,0,unknown,0,0.3817861186756774
48,blue-collar,married,secondary,no,1039,yes,no,cellular,17,nov,1,0,0,unknown,0,0.3816948900288695
35,management,single,tertiary,no,-146,yes,no,cellular,14,may,1,266,1,failure,1,0.3816345745098637
50,housemaid,divorced,primary,no,120,yes,no,cellular,21,jul,1,0,0,unknown,0,0.3815786058584311
52,housemaid,divorced,secondary,no,131,yes,yes,cellular,11,may,1,0,0,unknown,0,0.38154812168702607
45,management,single,secondary,no,-57,no,yes,cellular,7,jul,1,0,0,unknown,0,0.3815177417400117
50,blue-collar,married,secondary,no,716,yes,no,cellular,5,may,2,0,0,unknown,0,0.38149154125931367
56,management,married,tertiary,no,2551,yes,no,cellular,17,nov,2,0,0,unknown,0,0.3814592581794753
42,admin.,single,secondary,no,1143,yes,yes,telephone,17,nov,1,0,0,unknown,0,0.3813581160413521
38,blue-collar,married,secondary,no,0,no,no,cellular,20,nov,3,0,0,unknown,0,0.3813457832059049
28,blue-collar,married,secondary,no,83,yes,no,cellular,15,may,1,0,0,unknown,0,0.38128346519082107
51,admin.,married,secondary,no,101,no,no,cellular,7,aug,3,0,0,unknown,0,0.38125935309864517
36,admin.,married,secondary,no,39,yes,no,cellular,7,apr,2,0,0,unknown,0,0.3811895857178882
59,admin.,married,secondary,no,231,no,yes,cellular,17,nov,1,0,0,unknown,0,0.3811799616127783
32,technician,married,secondary,no,465,yes,no,cellular,12,may,2,0,0,unknown,0,0.3811645095574752
37,technician,married,secondary,no,2707,yes,no,telephone,16,jul,1,0,0,unknown,0,0.38115428220045083
48,blue-collar,married,secondary,no,865,yes,no,cellular,13,may,2,0,0,unknown,0,0.38113001590102835
42,management,married,tertiary,no,2819,yes,no,cellular,18,nov,2,0,0,unknown,0,0.381064297748836
51,housemaid,divorced,tertiary,no,370,yes,no,cellular,19,aug,3,0,0,unknown,0,0.3810579630034926
42,management,married,tertiary,no,2187,yes,no,cellular,17,nov,3,0,0,unknown,0,0.3810501217819042
41,technician,married,secondary,no,112,yes,no,cellular,9,jul,1,0,0,unknown,0,0.3810199667564138
38,management,divorced,tertiary,no,637,yes,no,cellular,8,may,2,343,1,other,1,0.38100978438119476
47,services,single,secondary,no,870,yes,no,cellular,9,feb,7,0,0,unknown,0,0.38099283438926357
43,blue-collar,married,primary,no,601,yes,no,cellular,16,apr,2,0,0,unknown,0,0.3809827271008015
34,management,single,tertiary,no,0,no,no,cellular,21,aug,2,0,0,unknown,0,0.38092843882329797
44,blue-collar,married,secondary,no,797,yes,no,cellular,17,apr,2,0,0,unknown,0,0.3809019070395286
31,blue-collar,single,secondary,no,183,no,no,cellular,27,aug,4,0,0,unknown,0,0.3808524678401585
33,self-employed,married,secondary,no,711,yes,no,cellular,18,may,2,0,0,unknown,0,0.38080090160742885
38,blue-collar,divorced,secondary,no,814,yes,no,cellular,21,nov,1,155,3,other,1,0.3807833975195749
33,management,divorced,tertiary,no,525,yes,yes,cellular,17,apr,1,281,1,other,1,0.38075855561787875
42,blue-collar,married,primary,no,1532,yes,no,cellular,23,jul,3,0,0,unknown,0,0.3807569584713811
35,services,single,secondary,no,-291,yes,no,cellular,20,apr,3,0,0,unknown,0,0.3807434105452892
35,services,married,secondary,no,128,yes,no,cellular,12,may,1,0,0,unknown,0,0.38074165260994897
50,admin.,divorced,secondary,no,-194,yes,no,cellular,13,apr,2,0,0,unknown,0,0.3806520651282916
46,services,married,secondary,no,244,no,no,cellular,21,aug,2,0,0,unknown,0,0.3805755639921459
43,management,married,tertiary,no,177,yes,no,cellular,10,jul,1,0,0,unknown,0,0.38056423406655476
31,admin.,divorced,secondary,no,93,yes,no,cellular,18,nov,1,0,0,unknown,0,0.3805515656100242
52,management,married,tertiary,no,7900,yes,no,cellular,20,nov,2,0,0,unknown,0,0.3804614377387107
38,blue-collar,married,unknown,no,0,no,no,cellular,22,jul,1,0,0,unknown,0,0.38037776415079294
37,services,single,secondary,no,174,yes,no,cellular,2,feb,1,271,2,failure,1,0.380370376283835
32,management,married,tertiary,no,943,yes,no,cellular,30,jan,2,2,2,other,1,0.3803623260716554
46,unemployed,married,secondary,no,2017,yes,no,cellular,19,nov,1,0,0,unknown,0,0.38034275401607565
32,admin.,married,secondary,no,3540,yes,no,cellular,18,may,1,178,1,failure,1,0.3803268397061283
32,technician,single,secondary,no,109,no,no,cellular,27,aug,3,0,0,unknown,0,0.3802600697238126
49,retired,married,secondary,no,993,yes,yes,cellular,8,may,1,301,2,other,1,0.3802111214696717
51,blue-collar,married,primary,no,2095,yes,yes,cellular,2,feb,4,0,0,unknown,0,0.3801863194796093
49,blue-collar,married,secondary,no,1127,yes,yes,cellular,10,jul,1,0,0,unknown,0,0.38018592903873427
47,admin.,married,secondary,no,73,no,no,cellular,8,aug,3,0,0,unknown,0,0.3801746362601924
34,management,married,tertiary,no,186,yes,no,cellular,14,may,3,0,0,unknown,0,0.38017269055630737
41,admin.,divorced,secondary,no,2550,yes,no,cellular,15,may,2,347,2,failure,1,0.38006879768153
60,retired,married,secondary,no,1141,no,yes,cellular,8,jul,2,0,0,unknown,0,0.38003728274421406
46,admin.,married,secondary,no,1083,no,no,cellular,25,aug,9,0,0,unknown,0,0.38003593441798367
40,admin.,married,secondary,no,2591,yes,yes,cellular,7,apr,1,266,2,other,1,0.3800181965019391
43,admin.,single,secondary,no,243,yes,no,cellular,17,apr,3,338,5,failure,1,0.37993238844371646
40,management,married,tertiary,yes,0,no,no,cellular,28,jul,5,0,0,unknown,0,0.3798840556319005
31,technician,married,tertiary,no,1385,no,no,cellular,25,aug,8,0,0,unknown,0,0.37977752153085137
37,admin.,married,secondary,no,1396,yes,no,cellular,22,jul,2,0,0,unknown,0,0.3797764364315852
40,blue-collar,married,secondary,no,3765,yes,no,cellular,20,nov,2,0,0,unknown,0,0.3796911665252099
50,blue-collar,divorced,primary,no,602,yes,no,cellular,31,jul,2,0,0,unknown,0,0.379669124678884
43,blue-collar,married,secondary,no,105,no,yes,cellular,4,jul,2,0,0,unknown,0,0.3796473992837036
45,management,divorced,tertiary,yes,-946,yes,no,cellular,13,may,1,0,0,unknown,0,0.3796209686806258
60,retired,married,tertiary,no,0,no,no,cellular,25,aug,3,0,0,unknown,0,0.3795217076134425
44,management,married,tertiary,no,13853,yes,no,cellular,18,nov,3,0,0,unknown,0,0.3794774751874614
49,management,married,secondary,no,1623,yes,no,cellular,19,nov,2,0,0,unknown,0,0.3794663482935284
56,management,married,tertiary,no,935,yes,no,cellular,17,nov,1,0,0,unknown,0,0.37945318201303097
47,blue-collar,married,secondary,no,33,no,no,telephone,17,nov,1,0,0,unknown,0,0.37941245974419247
33,management,married,tertiary,no,150,no,no,cellular,21,aug,2,0,0,unknown,0,0.37937919099043454
36,blue-collar,married,tertiary,no,-534,yes,no,cellular,4,feb,1,0,0,unknown,0,0.3793791054507706
49,admin.,married,secondary,no,12226,yes,no,cellular,17,nov,2,0,0,unknown,0,0.3793574104023484
45,technician,married,secondary,no,1081,yes,no,cellular,17,jul,3,0,0,unknown,0,0.3791599825529823
30,technician,single,tertiary,no,6619,yes,no,cellular,21,aug,8,0,0,unknown,0,0.3791130313653573
31,management,single,tertiary,no,0,no,no,cellular,21,aug,2,0,0,unknown,0,0.37908954939533557
53,blue-collar,married,secondary,no,483,yes,no,cellular,3,feb,3,0,0,unknown,0,0.37905546273731305
29,entrepreneur,single,tertiary,no,135,yes,no,cellular,12,may,1,356,1,failure,1,0.37895729224326075
33,housemaid,married,primary,no,813,no,no,telephone,18,aug,2,0,0,unknown,0,0.37890509046443716
38,management,married,tertiary,no,14190,yes,no,cellular,31,jul,3,0,0,unknown,0,0.3788841414563872
52,management,married,secondary,no,0,no,no,cellular,30,jul,3,0,0,unknown,0,0.37885351461215583
31,student,married,secondary,no,200,yes,no,cellular,4,may,5,0,0,unknown,0,0.3788534733982703
45,blue-collar,single,primary,yes,-183,no,yes,cellular,15,jul,4,0,0,unknown,0,0.3787400490486968
29,technician,single,secondary,no,738,no,no,unknown,5,jul,1,0,0,unknown,0,0.37873927990986866
34,technician,married,secondary,no,6324,yes,no,cellular,21,jul,4,0,0,unknown,0,0.37873058927598735
39,retired,divorced,primary,no,284,no,no,telephone,31,jul,8,0,0,unknown,0,0.37870422752133115
32,entrepreneur,single,primary,no,1770,no,yes,cellular,31,jul,6,0,0,unknown,0,0.3786570347948566
42,management,married,tertiary,no,4617,yes,no,cellular,31,jul,2,0,0,unknown,0,0.37854792227062023
34,technician,single,secondary,no,27,no,no,cellular,12,aug,9,0,0,unknown,0,0.37851609990152
47,unemployed,married,tertiary,no,1172,no,yes,cellular,19,nov,1,0,0,unknown,0,0.37849459498024257
47,technician,married,secondary,no,17206,yes,no,cellular,19,aug,4,0,0,unknown,0,0.3784835188691925
37,management,married,tertiary,no,727,no,no,cellular,21,aug,10,0,0,unknown,0,0.3784805881777672
37,admin.,single,secondary,no,-117,no,yes,cellular,7,jul,1,0,0,unknown,0,0.37845864103423466
41,housemaid,married,primary,no,216,no,no,cellular,13,aug,2,0,0,unknown,0,0.3784572360272037
47,services,divorced,secondary,no,28,yes,no,cellular,16,jul,1,0,0,unknown,0,0.37844865747074247
41,services,married,secondary,no,6687,yes,no,cellular,21,jul,3,0,0,unknown,0,0.37839377610694486
54,admin.,married,secondary,no,276,yes,yes,cellular,27,apr,1,0,0,unknown,0,0.37836981514718654
33,services,married,secondary,no,-124,no,no,cellular,17,apr,2,325,1,failure,1,0.3783501633827769
29,technician,single,unknown,no,0,no,yes,cellular,22,jul,6,0,0,unknown,0,0.3783336597410999
36,management,married,tertiary,no,1619,yes,no,cellular,21,nov,2,0,0,unknown,0,0.3783314961339923
56,management,married,secondary,no,0,no,no,telephone,18,nov,1,0,0,unknown,0,0.37827921923911645
30,technician,married,tertiary,no,0,no,no,cellular,7,aug,5,0,0,unknown,0,0.3782450934600199
51,blue-collar,married,primary,no,1016,yes,no,cellular,20,apr,1,0,0,unknown,0,0.3781574862505386
56,blue-collar,married,secondary,no,385,no,no,cellular,20,aug,3,0,0,unknown,0,0.37812705228785587
44,management,divorced,primary,no,641,yes,no,cellular,5,feb,2,269,3,other,1,0.3780800105803595
50,blue-collar,married,secondary,no,325,yes,no,cellular,17,apr,1,0,0,unknown,0,0.37807298165830505
27,technician,single,secondary,no,126,yes,yes,cellular,5,feb,2,216,4,failure,1,0.3780612933659198
42,technician,single,secondary,no,275,no,no,cellular,26,aug,8,0,0,unknown,0,0.37795345221375165
41,management,married,tertiary,no,397,yes,no,cellular,18,jul,1,0,0,unknown,0,0.37793446743380055
52,services,married,secondary,no,416,yes,no,cellular,2,feb,2,0,0,unknown,0,0.3779287270202137
33,admin.,married,tertiary,no,1636,yes,yes,cellular,3,apr,1,136,1,failure,1,0.3777773824011572
49,management,married,tertiary,no,4374,yes,no,cellular,31,jul,3,0,0,unknown,0,0.3776722523297636
44,management,married,secondary,no,597,yes,no,cellular,7,aug,2,0,0,unknown,0,0.3776573976445941
37,technician,married,secondary,no,177,yes,no,cellular,16,jul,3,0,0,unknown,0,0.3776290709193432
55,services,married,secondary,no,642,yes,no,cellular,11,jul,2,0,0,unknown,0,0.3776264494538511
58,admin.,married,secondary,no,310,yes,yes,cellular,21,apr,1,0,0,unknown,0,0.3775667478270945
41,blue-collar,married,primary,no,1491,yes,no,cellular,19,nov,2,0,0,unknown,0,0.3774741251543727
49,blue-collar,married,unknown,no,5,no,no,cellular,19,aug,1,0,0,unknown,0,0.37738955165229976
32,technician,single,secondary,no,82,no,no,cellular,18,aug,4,0,0,unknown,0,0.37735095756794423
51,admin.,married,tertiary,no,1463,yes,no,telephone,23,jul,1,0,0,unknown,0,0.37734789559473986
60,retired,married,primary,no,97,no,no,cellular,14,aug,4,0,0,unknown,0,0.37733005761014626
35,blue-collar,married,secondary,no,603,yes,no,cellular,17,apr,2,0,0,unknown,0,0.37732397579741955
40,technician,single,secondary,no,3,yes,yes,cellular,11,may,1,305,9,failure,1,0.3773076453502467
58,technician,divorced,secondary,no,553,yes,no,cellular,28,jul,2,0,0,unknown,0,0.3772630368199976
36,unemployed,single,primary,no,0,no,no,telephone,20,nov,3,0,0,unknown,0,0.3772063593727451
44,admin.,married,secondary,no,2403,yes,no,cellular,28,jan,2,0,0,unknown,0,0.37716127186962617
25,admin.,married,unknown,no,349,yes,no,cellular,22,jul,8,0,0,unknown,0,0.3771564663105708
53,management,married,unknown,no,527,yes,no,cellular,23,jul,3,0,0,unknown,0,0.3771417542440942
40,management,married,tertiary,no,2168,yes,yes,cellular,19,nov,1,0,0,unknown,0,0.37713592114057193
30,technician,married,secondary,no,384,no,no,cellular,25,aug,3,0,0,unknown,0,0.3771353125162646
30,blue-collar,married,primary,no,-336,no,no,cellular,10,jul,6,0,0,unknown,0,0.3770555459358843
36,technician,married,secondary,no,6384,yes,yes,cellular,18,nov,1,0,0,unknown,0,0.3769332515006036
30,management,married,tertiary,no,294,no,no,cellular,20,aug,4,0,0,unknown,0,0.37688062433218666
39,services,married,secondary,no,186,yes,no,cellular,17,apr,1,0,0,unknown,0,0.37682398939751033
35,blue-collar,married,secondary,no,3188,yes,no,cellular,30,jul,3,0,0,unknown,0,0.3767852106514723
41,entrepreneur,married,tertiary,no,0,yes,no,cellular,3,feb,3,0,0,unknown,0,0.3767823400724377
38,technician,single,tertiary,no,178,yes,no,cellular,7,may,1,351,1,failure,1,0.3767326372500758
33,admin.,married,secondary,no,394,yes,no,telephone,1,sep,3,0,0,unknown,0,0.37671586001214763
58,retired,married,secondary,no,919,yes,yes,cellular,30,apr,2,346,2,failure,1,0.37656230543404784
34,management,married,tertiary,no,997,yes,yes,cellular,21,nov,1,0,0,unknown,0,0.376537165593309
45,blue-collar,married,secondary,no,2603,yes,yes,cellular,7,aug,2,0,0,unknown,0,0.3765371031798882
46,technician,divorced,secondary,no,111,yes,no,cellular,19,nov,3,183,2,other,1,0.37649256760931876
54,blue-collar,married,secondary,no,983,no,no,cellular,25,aug,6,0,0,unknown,0,0.37649160752607913
52,management,married,tertiary,no,2428,yes,no,cellular,28,jul,3,0,0,unknown,0,0.3764839632212365
47,blue-collar,married,secondary,no,2128,yes,no,telephone,17,apr,1,0,0,unknown,0,0.37648151108556654
41,management,married,tertiary,no,1735,yes,no,cellular,21,nov,3,0,0,unknown,0,0.376480623608999
28,admin.,married,secondary,no,0,yes,no,cellular,7,may,1,0,0,unknown,0,0.3764005632222448
51,blue-collar,married,secondary,no,1840,yes,no,cellular,18,aug,3,0,0,unknown,0,0.37638819493890696
31,unknown,married,secondary,no,3,no,no,cellular,20,jul,2,0,0,unknown,0,0.37638078612457837
43,technician,single,secondary,no,-266,yes,yes,cellular,15,may,5,0,0,unknown,0,0.37614214107147526
29,admin.,married,secondary,no,795,yes,yes,cellular,10,jul,2,0,0,unknown,0,0.3760570812614825
51,technician,single,secondary,no,527,yes,no,cellular,30,jan,1,2,3,other,1,0.3760228574298255
34,unemployed,married,secondary,no,2126,yes,no,cellular,17,jul,2,0,0,unknown,0,0.3760215215846949
36,management,married,tertiary,no,789,yes,yes,cellular,10,jul,1,0,0,unknown,0,0.37601859077942273
33,technician,single,tertiary,no,2164,yes,no,cellular,18,may,11,0,0,unknown,0,0.3759527274141021
33,management,married,tertiary,no,271,yes,no,cellular,14,aug,2,0,0,unknown,0,0.37590764295208123
26,self-employed,married,secondary,no,492,yes,yes,cellular,15,may,4,0,0,unknown,0,0.3759048098471764
51,technician,married,secondary,no,563,yes,no,cellular,17,jul,3,0,0,unknown,0,0.3758920095769639
29,admin.,single,secondary,no,305,yes,no,cellular,18,may,4,304,1,failure,1,0.3758888768519282
37,admin.,divorced,tertiary,no,43,yes,no,cellular,20,apr,2,264,2,failure,1,0.3757790004477433
48,blue-collar,married,unknown,no,434,no,no,cellular,18,aug,6,0,0,unknown,0,0.3757681594190379
47,self-employed,married,tertiary,no,0,no,no,telephone,21,nov,1,0,0,unknown,0,0.37567132659533675
32,management,single,tertiary,no,0,no,no,cellular,22,aug,2,0,0,unknown,0,0.37558976808967187
39,blue-collar,married,unknown,no,0,no,no,cellular,24,jul,3,0,0,unknown,0,0.3755070793182896
46,admin.,married,secondary,no,517,yes,no,cellular,5,may,3,0,0,unknown,0,0.3754694663128443
51,blue-collar,married,secondary,no,528,yes,no,cellular,17,apr,3,0,0,unknown,0,0.3753538025965833
33,technician,married,secondary,no,844,yes,no,cellular,23,jul,3,0,0,unknown,0,0.3753507086987302
44,technician,divorced,secondary,no,242,no,no,cellular,25,aug,4,0,0,unknown,0,0.37531590308356366
45,admin.,divorced,secondary,no,-176,no,yes,cellular,7,jul,1,0,0,unknown,0,0.37531531440823834
45,blue-collar,single,primary,no,92,no,yes,cellular,25,jul,7,0,0,unknown,0,0.375243241097591
47,services,married,secondary,no,1269,yes,no,cellular,7,may,1,253,6,other,1,0.3752210512392358
29,technician,married,secondary,no,655,yes,no,cellular,3,feb,3,270,2,failure,1,0.3752008796272541
31,services,single,secondary,no,1709,no,yes,telephone,28,jan,3,0,0,unknown,0,0.3751899441732563
55,housemaid,married,primary,no,1563,yes,no,cellular,17,nov,2,0,0,unknown,0,0.37518637571764635
44,admin.,married,secondary,no,266,yes,no,cellular,17,apr,2,0,0,unknown,0,0.3750663595526009
35,admin.,married,secondary,no,159,yes,no,cellular,9,apr,2,262,1,failure,1,0.37502854605753966
45,blue-collar,married,secondary,no,2644,yes,no,cellular,21,nov,2,0,0,unknown,0,0.374944460737794
32,admin.,single,tertiary,no,89,no,no,telephone,28,jan,1,0,0,unknown,0,0.3749319121364102
33,services,married,secondary,no,288,yes,no,cellular,17,apr,1,0,0,unknown,0,0.37491839185142156
31,technician,married,tertiary,no,1503,yes,yes,cellular,8,aug,2,0,0,unknown,0,0.3748978609246537
30,blue-collar,married,primary,no,374,yes,no,cellular,8,jul,2,0,0,unknown,0,0.3748917446216949
38,admin.,married,primary,no,3913,yes,no,cellular,20,apr,2,315,2,failure,1,0.37485533978709173
45,admin.,married,unknown,no,323,no,no,telephone,4,feb,4,7,6,other,1,0.37483882055939755
59,retired,married,primary,no,-411,no,no,cellular,29,jan,1,0,0,unknown,0,0.3748094882371824
46,blue-collar,single,primary,no,259,no,yes,cellular,31,jul,7,0,0,unknown,0,0.374786388529867
46,blue-collar,married,primary,no,771,yes,no,cellular,18,nov,1,0,0,unknown,0,0.3746959825773082
40,services,married,secondary,no,28,no,no,telephone,17,nov,1,0,0,unknown,0,0.3746675241934965
33,technician,married,secondary,no,3071,yes,yes,cellular,21,jul,1,0,0,unknown,0,0.3745090943725187
53,admin.,single,primary,no,0,yes,no,cellular,17,jul,6,0,0,unknown,0,0.37441583022093444
30,technician,married,secondary,no,239,yes,no,cellular,20,apr,3,150,10,failure,1,0.3743262117340725
36,services,married,secondary,no,257,yes,no,cellular,12,may,2,0,0,unknown,0,0.37429149915812204
52,blue-collar,married,secondary,no,372,yes,no,cellular,8,may,1,0,0,unknown,0,0.37425589759772804
50,blue-collar,divorced,secondary,no,-441,yes,no,cellular,8,may,2,0,0,unknown,0,0.3742183078652879
37,admin.,married,secondary,no,0,no,no,cellular,29,jul,4,0,0,unknown,0,0.3742055727821127
27,unemployed,married,secondary,no,724,yes,yes,cellular,17,apr,3,0,0,unknown,0,0.37419402482409203
40,technician,single,secondary,no,556,yes,no,cellular,17,apr,1,323,1,failure,1,0.37413942810312256
35,services,single,secondary,no,544,yes,no,cellular,7,may,1,345,2,failure,1,0.37410065721581387
37,management,single,tertiary,no,230,yes,yes,cellular,2,feb,2,272,1,failure,1,0.37400738443920817
37,blue-collar,married,secondary,no,223,yes,no,cellular,14,jul,2,0,0,unknown,0,0.3739697377395154
29,technician,single,secondary,no,213,yes,no,cellular,15,may,1,361,1,failure,1,0.3738635211318737
53,blue-collar,married,secondary,no,684,yes,yes,cellular,10,jul,1,0,0,unknown,0,0.373862900435199
29,technician,single,tertiary,no,183,yes,yes,cellular,6,may,1,343,2,failure,1,0.37384775344666393
44,blue-collar,married,secondary,no,2455,yes,no,telephone,18,nov,1,0,0,unknown,0,0.37383600893090835
33,blue-collar,married,primary,no,0,no,no,cellular,21,jul,2,0,0,unknown,0,0.3738031151767786
40,management,single,tertiary,no,269,yes,no,cellular,15,may,8,0,0,unknown,0,0.37379671662470737
40,unemployed,single,secondary,no,356,yes,no,cellular,4,may,2,339,2,failure,1,0.3737929780508803
54,blue-collar,married,primary,no,2440,no,yes,cellular,17,nov,1,0,0,unknown,0,0.37376604580498024
45,blue-collar,married,primary,no,751,no,no,cellular,28,aug,4,0,0,unknown,0,0.37375856816537684
31,services,married,secondary,no,1167,yes,yes,cellular,20,nov,1,0,0,unknown,0,0.3737493418198733
30,admin.,married,secondary,no,874,yes,no,cellular,22,jul,2,0,0,unknown,0,0.37374409496891475
36,blue-collar,single,secondary,no,661,yes,no,cellular,11,may,8,0,0,unknown,0,0.373694115494693
39,admin.,married,secondary,no,9618,yes,no,cellular,13,may,2,338,1,failure,1,0.3736381983823477
48,technician,married,secondary,no,1449,yes,yes,cellular,28,jan,1,0,0,unknown,0,0.3736071028752567
38,blue-collar,married,secondary,no,279,yes,no,cellular,11,may,3,0,0,unknown,0,0.3735170811973446
42,technician,married,secondary,no,613,yes,no,cellular,11,may,2,0,0,unknown,0,0.3735089789528191
31,technician,single,secondary,no,798,no,no,telephone,26,aug,10,0,0,unknown,0,0.3735071677828682
58,housemaid,single,tertiary,no,145,yes,yes,cellular,16,jul,2,0,0,unknown,0,0.37343609084401436
44,services,divorced,tertiary,no,2279,no,yes,cellular,19,nov,1,146,1,failure,1,0.373394084411844
41,blue-collar,married,primary,no,484,yes,no,cellular,7,jul,3,0,0,unknown,0,0.3733426830044534
32,management,married,tertiary,no,1900,no,no,cellular,25,aug,16,0,0,unknown,0,0.3733366886524493
60,services,divorced,primary,no,58,no,yes,cellular,11,jul,2,0,0,unknown,0,0.37329742538155125
25,blue-collar,single,secondary,no,150,yes,no,unknown,5,jun,2,0,0,unknown,0,0.3731929089482536
33,admin.,married,tertiary,no,1636,yes,yes,cellular,18,nov,1,0,0,unknown,0,0.37318391480478924
57,technician,married,secondary,no,29,no,no,cellular,6,aug,2,0,0,unknown,0,0.37317552145440075
52,technician,divorced,secondary,no,-558,no,no,cellular,14,aug,5,0,0,unknown,0,0.37313237568168994
46,management,married,secondary,no,1363,yes,yes,cellular,7,may,4,0,0,unknown,0,0.3730152532502917
28,admin.,single,secondary,no,392,yes,yes,cellular,4,feb,2,259,2,failure,1,0.37293165279855556
59,services,married,secondary,no,33,yes,no,cellular,11,may,1,0,0,unknown,0,0.3729153637238815
39,services,married,secondary,no,247,yes,no,cellular,17,apr,2,0,0,unknown,0,0.3728351202665081
31,entrepreneur,divorced,secondary,no,82,no,no,telephone,21,nov,5,0,0,unknown,0,0.37282399078305956
34,technician,married,secondary,no,50,no,no,cellular,11,aug,3,0,0,unknown,0,0.3727712181738785
40,technician,married,secondary,no,42,no,no,cellular,13,aug,2,0,0,unknown,0,0.372732477433824
34,technician,married,tertiary,no,477,no,no,telephone,29,jul,11,0,0,unknown,0,0.3726970504581284
33,services,married,secondary,no,210,yes,no,cellular,13,may,2,0,0,unknown,0,0.37262424206021594
37,housemaid,divorced,secondary,no,226,no,yes,cellular,19,nov,2,167,3,other,1,0.3725420250187442
43,housemaid,divorced,tertiary,no,42,yes,no,cellular,19,aug,2,0,0,unknown,0,0.37252998066216914
60,retired,married,secondary,no,-240,no,no,cellular,11,aug,6,0,0,unknown,0,0.3725198913928185
33,management,single,tertiary,no,0,no,no,cellular,19,aug,4,0,0,unknown,0,0.37249531124519153
40,management,married,tertiary,no,1777,yes,no,cellular,18,nov,4,0,0,unknown,0,0.3724851217234965
33,admin.,married,secondary,no,0,no,yes,cellular,6,feb,5,0,0,unknown,0,0.3724356690154821
49,management,married,secondary,no,338,no,no,cellular,25,aug,3,0,0,unknown,0,0.37233929993186093
51,management,married,tertiary,no,2934,yes,no,cellular,18,nov,4,0,0,unknown,0,0.372289960847084
35,technician,divorced,secondary,no,0,yes,no,cellular,21,nov,1,0,0,unknown,0,0.372285518849369
48,blue-collar,married,primary,no,1080,yes,no,cellular,11,may,2,0,0,unknown,0,0.3722550842072321
26,technician,single,secondary,no,-859,yes,no,unknown,19,jun,1,0,0,unknown,0,0.37225074843998385
34,management,single,tertiary,no,-444,yes,yes,cellular,17,apr,2,148,4,other,1,0.3722312369601338
31,entrepreneur,married,secondary,no,1302,yes,no,cellular,30,jul,3,0,0,unknown,0,0.3720997110574777
34,management,married,secondary,no,1007,yes,no,cellular,21,jul,2,0,0,unknown,0,0.3719997829157322
33,blue-collar,married,secondary,no,463,yes,no,cellular,15,may,5,0,0,unknown,0,0.3719913352601061
33,management,married,tertiary,no,1782,yes,no,cellular,20,nov,4,0,0,unknown,0,0.371975304691562
33,blue-collar,single,secondary,no,22,no,no,cellular,30,jan,2,207,1,failure,1,0.3719551056492974
37,admin.,married,primary,no,214,yes,no,cellular,9,jul,1,0,0,unknown,0,0.37194529334167725
30,blue-collar,married,secondary,no,246,yes,no,cellular,17,apr,1,150,7,failure,1,0.3718843734237932
42,self-employed,married,tertiary,no,0,no,no,cellular,8,aug,6,0,0,unknown,0,0.3718728519523019
39,technician,single,tertiary,no,0,no,no,cellular,21,aug,2,0,0,unknown,0,0.37185714831880085
57,services,married,secondary,no,140,yes,no,cellular,9,jul,1,0,0,unknown,0,0.3718267420017486
46,technician,married,secondary,no,0,no,no,cellular,6,aug,2,0,0,unknown,0,0.37181002271857194
48,technician,married,secondary,no,0,no,no,cellular,28,jan,4,0,0,unknown,0,0.3717758476522011
32,technician,married,tertiary,no,231,yes,no,cellular,17,jul,2,0,0,unknown,0,0.3717710609187638
30,management,married,tertiary,no,1235,yes,no,cellular,28,jul,3,0,0,unknown,0,0.3717653090350488
36,services,married,secondary,no,321,yes,no,cellular,15,jul,2,0,0,unknown,0,0.37176340436761185
34,blue-collar,single,secondary,no,-199,no,no,cellular,22,jul,10,0,0,unknown,0,0.3716529880253671
34,management,divorced,tertiary,no,0,yes,no,cellular,19,nov,1,0,0,unknown,0,0.37159634929597396
59,unknown,married,secondary,no,402,no,no,telephone,25,jul,5,0,0,unknown,0,0.37149856313987084
41,technician,single,secondary,no,-618,yes,yes,cellular,11,jul,1,0,0,unknown,0,0.37148893113422027
47,management,married,tertiary,no,3844,yes,no,cellular,20,nov,4,0,0,unknown,0,0.37144425844877593
40,admin.,married,secondary,no,2574,yes,no,cellular,15,may,1,176,1,failure,1,0.37142683104667457
60,housemaid,married,secondary,no,681,no,yes,cellular,9,jul,1,0,0,unknown,0,0.3713151587413628
54,management,married,primary,no,3859,no,yes,cellular,20,nov,3,0,0,unknown,0,0.37114268095971814
43,blue-collar,married,secondary,no,408,yes,no,unknown,14,sep,1,838,3,other,1,0.37113853231737876
37,self-employed,married,tertiary,no,865,yes,yes,cellular,9,jul,1,0,0,unknown,0,0.3711339030071967
51,unemployed,married,primary,no,1162,yes,no,cellular,25,jul,1,0,0,unknown,0,0.371112413742544
41,technician,married,secondary,no,1946,no,no,cellular,28,aug,9,0,0,unknown,0,0.3711063709432482
52,admin.,married,secondary,no,2347,no,yes,cellular,12,aug,3,0,0,unknown,0,0.3710850547115797
33,services,single,secondary,no,148,yes,no,cellular,17,apr,1,150,1,failure,1,0.37105639137878654
48,admin.,divorced,secondary,no,1282,yes,no,cellular,11,may,2,343,2,other,1,0.3709025562349792
54,management,married,tertiary,no,500,yes,no,cellular,11,aug,4,0,0,unknown,0,0.37081126825494515
30,technician,married,secondary,no,289,yes,no,cellular,14,aug,4,0,0,unknown,0,0.3707217670843893
35,services,married,secondary,no,2048,yes,no,cellular,11,may,1,173,2,failure,1,0.3705486066449191
51,technician,married,primary,no,260,no,no,cellular,19,aug,2,0,0,unknown,0,0.37049891763841286
50,technician,married,secondary,no,503,yes,no,cellular,24,jul,2,0,0,unknown,0,0.3704867827418115
34,admin.,single,tertiary,no,-199,no,yes,cellular,8,jul,1,0,0,unknown,0,0.37040807804845294
47,admin.,divorced,primary,no,1095,yes,no,cellular,18,nov,1,110,2,other,1,0.3703535510203278
53,services,married,secondary,no,1378,yes,no,cellular,18,jul,2,0,0,unknown,0,0.3703351282115848
30,services,single,primary,no,5746,yes,no,telephone,20,nov,2,0,0,unknown,0,0.37032631759037604
50,services,married,unknown,no,37,no,no,cellular,5,aug,4,0,0,unknown,0,0.3703135122084003
30,technician,single,tertiary,no,3,yes,no,cellular,18,nov,1,195,1,failure,1,0.37030839665972315
30,admin.,married,secondary,yes,23,no,yes,cellular,4,feb,2,0,0,unknown,0,0.3703004700198671
45,admin.,married,secondary,no,-405,no,no,cellular,31,jul,3,0,0,unknown,0,0.37028439119050327
47,self-employed,married,tertiary,no,192,no,no,telephone,30,jul,6,0,0,unknown,0,0.37027435274596754
49,management,married,tertiary,no,1468,yes,no,cellular,28,jul,3,0,0,unknown,0,0.37021947034378877
32,technician,single,secondary,no,90,no,no,cellular,22,aug,2,0,0,unknown,0,0.3702098196317858
48,housemaid,married,secondary,no,0,no,no,cellular,28,jul,5,0,0,unknown,0,0.3701712217943011
24,technician,single,secondary,no,681,yes,no,unknown,4,jun,2,0,0,unknown,0,0.37016522730122225
28,technician,married,secondary,no,916,yes,no,cellular,15,may,1,371,2,other,1,0.370124819007226
41,technician,married,secondary,no,965,no,no,cellular,22,aug,10,0,0,unknown,0,0.37011558301827824
35,management,married,tertiary,no,451,yes,no,cellular,17,apr,6,0,0,unknown,0,0.3700909205674009
50,technician,divorced,secondary,no,380,yes,no,cellular,29,jan,1,0,0,unknown,0,0.37001544820725185
39,management,married,tertiary,no,208,no,no,cellular,20,aug,4,0,0,unknown,0,0.37000689963342687
39,technician,married,secondary,no,52,no,no,cellular,12,aug,2,0,0,unknown,0,0.3699718390154976
40,management,married,tertiary,no,226,yes,no,cellular,12,may,2,0,0,unknown,0,0.369916223816406
35,blue-collar,married,secondary,no,645,yes,no,cellular,29,jan,1,0,0,unknown,0,0.3696280263552214
26,admin.,married,secondary,no,383,yes,yes,cellular,7,jul,2,0,0,unknown,0,0.36960005822716324
47,blue-collar,married,primary,no,1452,yes,yes,cellular,4,aug,2,0,0,unknown,0,0.36950476511547387
33,housemaid,married,primary,no,212,yes,no,cellular,11,jul,2,0,0,unknown,0,0.3694984709092112
54,management,married,secondary,no,1134,yes,no,cellular,25,jul,3,0,0,unknown,0,0.3694889378875494
42,services,married,secondary,no,466,yes,no,cellular,15,may,3,0,0,unknown,0,0.36944517160042706
40,management,married,tertiary,no,342,yes,no,cellular,13,may,4,0,0,unknown,0,0.3694184584067381
35,management,married,tertiary,no,244,yes,no,cellular,11,may,2,173,1,failure,1,0.3693757336650372
30,self-employed,married,secondary,no,0,no,no,cellular,12,aug,3,0,0,unknown,0,0.36934430238424154
30,blue-collar,single,primary,no,1395,yes,no,cellular,21,nov,1,175,3,other,1,0.3693367497104647
40,blue-collar,married,secondary,no,178,yes,no,cellular,11,jul,2,0,0,unknown,0,0.36933513355144787
32,blue-collar,single,secondary,no,1402,yes,no,cellular,7,may,3,295,5,other,1,0.3693320284565453
36,technician,single,secondary,no,-206,yes,no,cellular,14,may,1,360,4,failure,1,0.36930414338601514
39,technician,married,secondary,no,738,no,yes,cellular,29,jul,2,0,0,unknown,0,0.3693022279899839
28,admin.,married,secondary,no,-76,yes,no,cellular,18,may,1,0,0,unknown,0,0.3692902952783407
31,management,married,tertiary,no,792,no,no,cellular,20,aug,14,0,0,unknown,0,0.3692006641772817
51,management,married,tertiary,no,401,no,no,cellular,19,aug,6,0,0,unknown,0,0.3690935977140433
42,services,married,secondary,no,174,yes,no,cellular,11,may,1,0,0,unknown,0,0.36908985147248813
28,management,single,tertiary,no,4937,yes,no,telephone,13,may,3,0,0,unknown,0,0.369084064831517
42,technician,married,tertiary,no,13410,no,yes,cellular,14,aug,2,0,0,unknown,0,0.3690769204752554
38,entrepreneur,married,secondary,no,351,yes,no,cellular,4,feb,1,244,3,failure,1,0.3690606360148535
33,blue-collar,married,secondary,no,1924,yes,yes,cellular,22,jul,1,0,0,unknown,0,0.36892026699982244
46,management,married,primary,no,312,yes,no,cellular,7,jul,2,0,0,unknown,0,0.36884082239394134
29,admin.,married,secondary,no,252,yes,no,cellular,15,may,3,371,1,failure,1,0.36877838558638176
32,services,married,primary,no,218,yes,no,cellular,4,feb,3,0,0,unknown,0,0.3686544409618604
40,technician,single,secondary,yes,96,no,yes,cellular,21,jul,2,0,0,unknown,0,0.36862839719944623
44,technician,divorced,secondary,no,-865,yes,no,cellular,20,apr,1,0,0,unknown,0,0.36856098473480053
34,technician,married,secondary,no,1234,yes,no,cellular,8,may,1,288,6,failure,1,0.36853896072421044
32,technician,divorced,tertiary,no,31,no,yes,cellular,8,jul,1,0,0,unknown,0,0.3684982032381416
36,technician,married,secondary,no,197,yes,no,cellular,7,may,2,0,0,unknown,0,0.3684736341651573
30,technician,single,tertiary,no,0,no,no,cellular,22,aug,2,0,0,unknown,0,0.3683847401678553
38,blue-collar,married,secondary,no,43,no,yes,cellular,4,jul,3,0,0,unknown,0,0.36835342230008017
45,technician,married,secondary,no,0,no,no,telephone,13,aug,1,0,0,unknown,0,0.3683473678485252
33,technician,single,secondary,no,145,yes,no,cellular,29,jan,2,0,0,unknown,0,0.368324746417793
38,technician,married,secondary,no,581,yes,no,cellular,2,feb,2,272,1,failure,1,0.36825807394240984
35,blue-collar,married,primary,no,0,no,no,cellular,21,jul,3,0,0,unknown,0,0.3682262528248138
48,management,married,tertiary,no,1741,yes,yes,telephone,18,nov,1,0,0,unknown,0,0.36821792617037663
35,services,divorced,secondary,no,440,yes,no,cellular,5,feb,1,248,1,failure,1,0.36820583293643594
47,unemployed,married,secondary,yes,0,no,no,cellular,18,nov,2,0,0,unknown,0,0.3681536502808882
37,self-employed,married,tertiary,no,1624,yes,no,cellular,20,nov,2,0,0,unknown,0,0.36806974951606003
50,management,single,tertiary,no,0,no,no,cellular,22,aug,4,0,0,unknown,0,0.3679169547589901
53,self-employed,married,tertiary,no,4675,yes,no,cellular,29,jul,4,0,0,unknown,0,0.36781487363517484
28,admin.,married,secondary,no,-97,yes,no,cellular,13,may,1,0,0,unknown,0,0.36781097315439765
31,blue-collar,married,secondary,no,43,yes,no,cellular,12,may,1,0,0,unknown,0,0.36780445066466655
44,management,married,tertiary,no,1242,yes,no,cellular,6,aug,6,0,0,unknown,0,0.3677796767125328
37,technician,single,secondary,no,786,yes,no,unknown,30,may,2,0,0,unknown,0,0.3677524400444206
39,blue-collar,married,primary,no,976,yes,no,cellular,30,jan,1,2,2,other,1,0.3677429249179597
31,management,single,tertiary,no,47,no,no,cellular,22,aug,4,0,0,unknown,0,0.3677098589455337
59,retired,married,tertiary,no,422,yes,no,cellular,14,may,4,0,0,unknown,0,0.367671709513821
44,blue-collar,married,primary,no,6,no,no,cellular,10,jul,9,0,0,unknown,0,0.36766548298560303
32,technician,married,secondary,no,0,no,no,cellular,19,aug,1,0,0,unknown,0,0.36764504318337715
41,admin.,single,secondary,no,621,yes,no,telephone,19,nov,1,0,0,unknown,0,0.3675458544171129
32,management,married,tertiary,no,183,yes,no,cellular,7,aug,3,0,0,unknown,0,0.36753121992944265
54,technician,divorced,secondary,no,0,yes,yes,cellular,3,feb,2,203,5,failure,1,0.36746485813735974
42,blue-collar,married,secondary,no,413,yes,no,cellular,11,aug,2,0,0,unknown,0,0.3674227029959141
56,services,married,secondary,no,159,yes,no,cellular,20,apr,3,0,0,unknown,0,0.3674170509983537
35,technician,single,tertiary,no,144,yes,yes,cellular,4,feb,4,113,20,failure,1,0.36732844930669495
49,services,married,primary,no,784,yes,no,cellular,14,jul,4,0,0,unknown,0,0.3672791648163987
51,retired,married,primary,no,670,yes,no,cellular,7,may,1,0,0,unknown,0,0.3672231069953416
33,blue-collar,single,secondary,no,1211,yes,no,cellular,15,may,1,361,4,failure,1,0.3670966933568417
36,technician,married,secondary,no,25,no,no,cellular,14,aug,2,0,0,unknown,0,0.3670777003417313
58,blue-collar,divorced,primary,no,474,yes,yes,cellular,18,jul,1,0,0,unknown,0,0.3670625246002771
35,blue-collar,married,primary,no,2490,yes,no,cellular,18,may,1,180,3,failure,1,0.36705984351198695
56,retired,divorced,secondary,no,275,yes,yes,cellular,10,jul,1,0,0,unknown,0,0.3670388935454507
34,management,married,tertiary,no,775,yes,no,cellular,25,jul,2,0,0,unknown,0,0.36697906829898036
52,technician,single,secondary,no,436,no,yes,unknown,22,mar,1,0,0,unknown,0,0.36696615869805776
40,technician,married,secondary,no,8536,yes,yes,cellular,14,may,2,0,0,unknown,0,0.3669047081476322
43,unemployed,married,secondary,no,1943,yes,no,cellular,18,nov,2,0,0,unknown,0,0.366901524222027
35,admin.,married,secondary,no,430,yes,no,cellular,17,apr,1,270,4,failure,1,0.36682169565689376
33,technician,married,tertiary,no,463,no,no,cellular,25,aug,7,0,0,unknown,0,0.36671178261129633
31,blue-collar,single,secondary,no,609,yes,no,cellular,14,apr,1,335,1,failure,1,0.36671117803739506
41,management,married,tertiary,no,725,no,no,cellular,26,aug,10,0,0,unknown,0,0.3666980660599679
40,technician,single,tertiary,no,47,no,no,cellular,20,aug,4,0,0,unknown,0,0.36662538790140453
39,entrepreneur,married,secondary,yes,0,no,no,cellular,16,jul,9,0,0,unknown,0,0.36660361264143454
51,technician,married,secondary,no,1113,no,yes,cellular,8,aug,4,0,0,unknown,0,0.3665923411251951
40,technician,divorced,secondary,no,700,yes,yes,cellular,18,jul,2,0,0,unknown,0,0.36659170483919484
41,blue-collar,married,secondary,no,1915,yes,no,cellular,25,jul,4,0,0,unknown,0,0.36656061492186404
33,technician,married,secondary,no,0,yes,no,cellular,9,feb,2,262,2,failure,1,0.3665532012870928
43,housemaid,married,secondary,no,743,no,yes,cellular,23,jul,3,0,0,unknown,0,0.36654583265032314
51,services,married,unknown,no,7175,no,no,cellular,28,aug,14,0,0,unknown,0,0.36651151252489755
34,management,married,tertiary,no,224,no,no,cellular,25,aug,5,0,0,unknown,0,0.36648943565646547
31,management,married,tertiary,no,0,yes,no,cellular,4,may,2,167,1,failure,1,0.366486796082802
36,management,married,tertiary,no,0,yes,no,cellular,8,may,3,0,0,unknown,0,0.3664626911159338
34,blue-collar,single,primary,yes,-2,no,yes,cellular,7,jul,1,0,0,unknown,0,0.3664116949754787
31,technician,divorced,tertiary,no,0,no,no,cellular,22,aug,2,0,0,unknown,0,0.36638868569146704
33,unemployed,married,secondary,no,-144,no,no,cellular,30,jul,3,0,0,unknown,0,0.3663133617440188
32,management,single,tertiary,yes,62,no,yes,cellular,24,jul,3,0,0,unknown,0,0.36629672559629184
55,admin.,married,primary,no,343,yes,no,cellular,14,jul,3,0,0,unknown,0,0.36629285052048766
39,entrepreneur,married,secondary,no,2139,yes,no,cellular,15,may,4,371,1,failure,1,0.3662897200924874
25,management,married,tertiary,no,3,yes,yes,cellular,21,jul,3,0,0,unknown,0,0.36625702859000264
34,technician,single,tertiary,no,2047,yes,no,cellular,18,nov,2,113,5,failure,1,0.3661863525674643
43,management,married,tertiary,no,-526,no,no,cellular,12,aug,2,0,0,unknown,0,0.3661518776265894
41,blue-collar,married,primary,no,4593,yes,yes,cellular,17,nov,1,0,0,unknown,0,0.36613679206664257
37,blue-collar,married,secondary,no,395,yes,no,cellular,17,apr,2,0,0,unknown,0,0.366104990147119
52,technician,married,secondary,no,2944,no,no,cellular,22,aug,18,0,0,unknown,0,0.36603701761448976
34,technician,married,secondary,no,33,no,no,cellular,28,aug,1,0,0,unknown,0,0.36601556450342154
47,self-employed,married,primary,no,1056,no,no,telephone,29,aug,2,0,0,unknown,0,0.36593262290623374
27,services,single,secondary,no,-74,yes,no,cellular,15,may,1,345,1,failure,1,0.36587591368504774
48,services,married,secondary,no,288,yes,no,cellular,5,may,3,0,0,unknown,0,0.36586779158667815
40,blue-collar,married,primary,no,0,no,no,cellular,24,jul,1,0,0,unknown,0,0.3658339357759939
31,services,single,tertiary,no,1626,no,no,unknown,31,jul,1,0,0,unknown,0,0.36583174118767003
46,blue-collar,married,secondary,no,870,no,yes,cellular,31,jul,2,0,0,unknown,0,0.3658048971618879
25,blue-collar,married,secondary,no,-288,no,yes,cellular,30,jul,4,0,0,unknown,0,0.36579232626429403
39,blue-collar,divorced,secondary,yes,-202,yes,yes,cellular,15,may,4,0,0,unknown,0,0.36575741049363564
53,admin.,divorced,secondary,no,-163,yes,no,cellular,17,apr,2,343,2,other,1,0.36573853079698293
33,admin.,married,tertiary,no,55,yes,no,cellular,10,jul,1,0,0,unknown,0,0.3657245957967252
42,blue-collar,married,primary,no,208,yes,no,cellular,20,apr,1,0,0,unknown,0,0.365684399884903
38,services,single,secondary,no,-196,yes,no,cellular,2,feb,1,271,1,failure,1,0.36566968329998467
33,technician,single,secondary,no,151,yes,no,cellular,27,aug,6,0,0,unknown,0,0.36565709584296213
54,admin.,married,secondary,no,66,yes,no,cellular,11,nov,1,0,0,unknown,0,0.365651912252046
36,technician,divorced,secondary,no,-94,yes,no,cellular,2,feb,1,252,2,failure,1,0.36560874052301817
34,entrepreneur,single,secondary,no,339,yes,no,cellular,6,may,2,359,2,failure,1,0.3655945675126492
59,management,married,tertiary,no,20798,yes,no,cellular,21,nov,7,0,0,unknown,0,0.36555073711261005
55,services,married,secondary,no,617,yes,no,cellular,20,apr,3,0,0,unknown,0,0.36553773720404065
54,management,married,tertiary,no,1460,no,yes,cellular,3,feb,3,202,7,other,1,0.36543370942272824
32,admin.,married,tertiary,no,176,yes,no,cellular,25,jul,1,0,0,unknown,0,0.36542312676103544
27,management,single,tertiary,no,0,yes,no,cellular,30,jan,4,0,0,unknown,0,0.365413756046177
41,blue-collar,married,primary,no,951,yes,no,cellular,20,apr,4,0,0,unknown,0,0.3653545636809044
40,services,married,secondary,no,51,yes,no,cellular,11,may,1,0,0,unknown,0,0.3653002718264072
35,technician,married,secondary,no,1067,no,yes,cellular,12,aug,6,0,0,unknown,0,0.3652504798754987
29,services,single,secondary,no,40,yes,no,cellular,18,may,1,355,2,failure,1,0.3652331526021198
50,management,divorced,tertiary,no,100,yes,yes,cellular,13,may,1,299,3,failure,1,0.3650549199603754
52,technician,married,tertiary,no,214,no,no,cellular,29,aug,3,0,0,unknown,0,0.3650538838072726
46,blue-collar,married,primary,no,1533,no,yes,cellular,14,aug,4,0,0,unknown,0,0.3650447180205527
33,services,single,secondary,no,3269,no,yes,cellular,21,nov,1,126,1,failure,1,0.3649883225917511
37,blue-collar,married,secondary,no,0,yes,no,cellular,21,nov,1,113,5,other,1,0.36496990625022313
27,blue-collar,single,secondary,no,940,yes,no,cellular,15,may,1,343,3,failure,1,0.36487199223498756
30,management,married,tertiary,no,0,yes,no,cellular,9,jul,1,0,0,unknown,0,0.3648566498664001
37,management,married,tertiary,no,293,yes,no,cellular,11,may,1,349,4,failure,1,0.364844418733935
39,entrepreneur,married,tertiary,no,350,yes,no,cellular,24,jul,2,0,0,unknown,0,0.36483286163039785
38,technician,single,secondary,no,61,yes,no,cellular,13,may,1,359,8,failure,1,0.36476847146500524
53,admin.,divorced,secondary,no,28,yes,yes,cellular,12,may,4,0,0,unknown,0,0.36469773225965646
44,unemployed,divorced,secondary,no,2108,yes,no,cellular,13,may,2,369,1,other,1,0.3646934955806158
40,blue-collar,married,primary,no,328,yes,no,cellular,13,may,1,0,0,unknown,0,0.3646648711774749
29,blue-collar,married,primary,no,248,yes,no,cellular,18,may,1,0,0,unknown,0,0.3646193344542262
32,management,married,tertiary,no,913,yes,no,cellular,19,nov,3,0,0,unknown,0,0.3646098033931468
33,technician,divorced,secondary,no,558,yes,no,cellular,21,nov,2,93,3,failure,1,0.3645366131631996
33,technician,married,tertiary,no,575,yes,no,cellular,19,nov,1,0,0,unknown,0,0.36451049844985883
34,management,married,tertiary,no,169,no,no,cellular,25,aug,4,0,0,unknown,0,0.36446767496664784
34,services,married,tertiary,no,277,yes,no,cellular,17,apr,4,0,0,unknown,0,0.36444066833220146
31,student,single,tertiary,no,2010,yes,no,cellular,5,feb,5,261,1,other,1,0.36443645147200704
29,blue-collar,married,primary,no,18,yes,no,cellular,13,apr,3,0,0,unknown,0,0.3643338471628653
30,technician,single,secondary,no,3,no,no,cellular,22,aug,2,0,0,unknown,0,0.36430723616036625
43,blue-collar,married,secondary,no,1255,yes,yes,cellular,7,may,2,0,0,unknown,0,0.3643064692315494
38,technician,single,secondary,no,46,no,no,cellular,25,aug,2,0,0,unknown,0,0.36430208574423384
33,blue-collar,married,secondary,no,23,yes,no,cellular,5,may,1,0,0,unknown,0,0.36426962553692394
41,admin.,married,secondary,no,124,yes,no,cellular,12,may,3,0,0,unknown,0,0.36423935812979985
31,blue-collar,married,secondary,no,152,yes,yes,cellular,8,jul,1,0,0,unknown,0,0.36423902736271496
30,unemployed,married,secondary,yes,19,no,no,cellular,19,nov,5,0,0,unknown,0,0.36422860471216595
31,admin.,married,secondary,no,734,no,no,cellular,26,aug,9,0,0,unknown,0,0.3642118439357951
25,management,single,tertiary,no,710,no,no,unknown,9,jul,1,0,0,unknown,0,0.36421068061871487
33,technician,married,secondary,no,1264,no,yes,cellular,8,aug,6,0,0,unknown,0,0.36420678640940657
35,technician,single,secondary,no,0,no,no,cellular,20,aug,2,0,0,unknown,0,0.36414935327558956
54,retired,divorced,secondary,no,13,yes,no,cellular,15,jul,2,0,0,unknown,0,0.3641124571844883
46,management,divorced,tertiary,no,225,yes,no,cellular,14,may,1,345,1,other,1,0.36408823474919666
47,blue-collar,married,primary,no,9346,no,no,cellular,22,aug,21,0,0,unknown,0,0.3639904879796811
40,blue-collar,married,secondary,no,187,yes,no,cellular,15,may,3,0,0,unknown,0,0.363979897418254
50,entrepreneur,married,secondary,no,533,yes,no,cellular,11,may,2,0,0,unknown,0,0.36395972829882356
42,blue-collar,married,secondary,no,634,yes,no,cellular,24,jul,2,0,0,unknown,0,0.36390934149490817
51,technician,married,secondary,no,219,no,no,telephone,18,aug,2,0,0,unknown,0,0.3638833212297957
43,technician,married,tertiary,no,1201,yes,yes,cellular,13,aug,3,0,0,unknown,0,0.36387866497425875
41,admin.,single,secondary,no,224,yes,no,cellular,12,may,8,0,0,unknown,0,0.3637919049917806
38,services,divorced,secondary,no,904,yes,no,cellular,16,apr,1,339,1,failure,1,0.3637369496420471
31,admin.,married,secondary,no,-106,yes,no,cellular,3,feb,4,0,0,unknown,0,0.3637195372758917
37,housemaid,married,secondary,no,589,yes,no,cellular,25,jul,2,0,0,unknown,0,0.3636551721280645
43,blue-collar,divorced,secondary,no,590,yes,yes,cellular,20,apr,2,0,0,unknown,0,0.363632622966829
46,blue-collar,married,primary,no,2558,yes,no,telephone,20,nov,1,167,1,other,1,0.36358485970128
35,management,married,tertiary,no,126,no,yes,cellular,7,jul,2,0,0,unknown,0,0.36352492502068545
53,services,married,secondary,no,125,yes,no,cellular,8,may,1,0,0,unknown,0,0.36351888084102657
51,technician,single,secondary,no,-463,yes,no,cellular,5,may,1,343,3,failure,1,0.36349057069048674
46,technician,married,secondary,no,783,yes,no,cellular,22,jul,4,0,0,unknown,0,0.3634778608124474
57,admin.,married,secondary,no,128,no,no,telephone,29,jul,8,0,0,unknown,0,0.36345819215710173
48,blue-collar,married,primary,no,104,no,no,cellular,8,aug,4,0,0,unknown,0,0.3633430798393483
27,student,single,tertiary,no,3733,yes,no,telephone,13,feb,6,0,0,unknown,0,0.36321193573510446
42,management,married,tertiary,no,2110,no,yes,cellular,31,jul,2,0,0,unknown,0,0.3631923144188547
36,self-employed,married,secondary,no,0,yes,no,cellular,11,may,1,0,0,unknown,0,0.36311686656758835
47,technician,married,secondary,no,734,yes,no,cellular,17,nov,3,0,0,unknown,0,0.3630973857851996
36,entrepreneur,married,secondary,no,246,yes,no,cellular,18,may,4,0,0,unknown,0,0.36308294322629275
26,entrepreneur,married,secondary,no,321,yes,yes,cellular,23,jul,2,0,0,unknown,0,0.3630662447712805
35,admin.,married,secondary,no,1286,yes,no,cellular,5,may,3,337,1,other,1,0.36306044593149667
43,technician,married,secondary,no,308,yes,no,cellular,3,feb,3,264,4,other,1,0.3630199949504871
45,technician,married,secondary,no,256,no,no,cellular,18,aug,7,0,0,unknown,0,0.3629633119625835
34,technician,single,secondary,no,0,no,no,cellular,21,aug,2,0,0,unknown,0,0.36294662018005547
34,technician,single,secondary,no,0,no,no,cellular,20,aug,2,0,0,unknown,0,0.36294662018005547
59,retired,married,primary,yes,-1,no,no,cellular,5,aug,2,0,0,unknown,0,0.36292372823199437
41,blue-collar,married,primary,no,1428,yes,yes,cellular,8,may,1,0,0,unknown,0,0.36291918474696283
48,management,divorced,tertiary,no,266,yes,no,cellular,17,apr,2,343,1,failure,1,0.3629005534322005
32,services,married,secondary,no,99,yes,no,cellular,13,may,3,0,0,unknown,0,0.36289241192271293
55,technician,married,secondary,no,956,yes,yes,cellular,5,feb,4,0,0,unknown,0,0.3628181967711116
40,self-employed,divorced,tertiary,no,4647,yes,no,telephone,8,may,2,0,0,unknown,0,0.36277762710570344
57,blue-collar,married,secondary,no,6004,yes,no,cellular,12,aug,6,0,0,unknown,0,0.3626897119913366
36,management,single,tertiary,no,-155,yes,no,cellular,29,jan,1,0,0,unknown,0,0.3626005306788953
52,blue-collar,married,primary,yes,0,no,no,cellular,23,jul,3,0,0,unknown,0,0.36258145218769
33,self-employed,married,tertiary,no,210,yes,no,cellular,5,may,1,167,1,failure,1,0.3625704314796064
49,blue-collar,married,primary,no,239,no,no,cellular,22,aug,3,0,0,unknown,0,0.3625453681830353
38,management,married,tertiary,no,595,yes,no,cellular,18,nov,1,0,0,unknown,0,0.3625394027312474
52,admin.,divorced,unknown,no,0,no,no,cellular,26,aug,4,0,0,unknown,0,0.3625243971276192
26,blue-collar,married,primary,no,595,yes,yes,cellular,18,may,3,0,0,unknown,0,0.3625013041147914
46,technician,married,secondary,no,190,yes,no,cellular,12,aug,2,0,0,unknown,0,0.3625011572919904
48,blue-collar,married,primary,no,2519,no,no,telephone,22,aug,5,0,0,unknown,0,0.36249433982886764
44,services,married,secondary,no,0,no,no,cellular,31,jul,5,0,0,unknown,0,0.36246079502696943
32,management,married,tertiary,no,396,yes,no,cellular,20,aug,3,0,0,unknown,0,0.3623665527099622
38,technician,married,tertiary,no,2453,yes,yes,cellular,18,nov,1,0,0,unknown,0,0.36224037422258976
36,technician,married,secondary,no,331,no,no,cellular,22,aug,4,0,0,unknown,0,0.36212211949693185
40,technician,married,secondary,no,318,no,no,cellular,21,aug,4,0,0,unknown,0,0.3621029432786667
34,services,married,secondary,no,1637,yes,no,cellular,21,nov,4,0,0,unknown,0,0.36209708957941333
45,admin.,married,secondary,no,1214,yes,no,cellular,28,jul,2,0,0,unknown,0,0.36207266496359497
27,management,single,tertiary,no,1,yes,no,cellular,30,jul,4,0,0,unknown,0,0.36207047047363466
49,services,married,secondary,no,29,yes,no,cellular,17,apr,1,0,0,unknown,0,0.3620020473393101
33,management,married,tertiary,no,584,yes,no,cellular,25,aug,5,0,0,unknown,0,0.36198818359843365
32,technician,married,secondary,no,91,yes,no,cellular,12,may,1,0,0,unknown,0,0.36195201827082585
46,admin.,divorced,secondary,no,-637,yes,no,cellular,17,nov,1,0,0,unknown,0,0.3618642385603834
40,services,married,secondary,no,949,yes,no,cellular,12,may,3,287,8,failure,1,0.3618251958670712
31,technician,single,secondary,no,0,yes,no,cellular,11,may,1,370,1,failure,1,0.36180258083374683
38,entrepreneur,married,tertiary,no,4,yes,no,cellular,16,jul,1,0,0,unknown,0,0.3617676140776069
45,technician,married,tertiary,no,285,no,no,cellular,25,aug,7,0,0,unknown,0,0.36171866246721196
36,blue-collar,married,secondary,no,0,yes,no,cellular,5,may,1,0,0,unknown,0,0.36169580995584655
49,technician,single,secondary,no,-120,yes,yes,cellular,9,jul,5,0,0,unknown,0,0.361678816732587
48,admin.,married,secondary,no,1060,yes,no,cellular,20,apr,2,318,3,failure,1,0.3616695417009796
46,blue-collar,married,primary,no,327,no,yes,cellular,16,jul,4,0,0,unknown,0,0.3616354483533984
34,entrepreneur,married,tertiary,no,-28,yes,no,cellular,16,jul,1,0,0,unknown,0,0.36163475702139314
39,blue-collar,married,secondary,no,167,yes,yes,cellular,12,may,1,0,0,unknown,0,0.3616268242572553
45,blue-collar,married,secondary,no,0,no,no,cellular,14,aug,2,0,0,unknown,0,0.3616177285327617
26,blue-collar,married,primary,no,133,no,yes,cellular,25,jul,3,0,0,unknown,0,0.3616043435919516
37,management,married,secondary,no,10,no,yes,cellular,2,feb,1,250,2,failure,1,0.3615985236681687
46,technician,married,secondary,no,167,no,no,cellular,19,aug,3,0,0,unknown,0,0.3615790028725241
45,admin.,married,secondary,no,985,yes,no,telephone,4,feb,1,267,1,failure,1,0.36149605022881365
33,technician,married,secondary,no,256,yes,no,cellular,18,nov,1,0,0,unknown,0,0.3614164696757834
45,blue-collar,married,secondary,no,2246,yes,yes,cellular,21,nov,2,99,2,other,1,0.36137207402809424
34,services,married,secondary,no,790,yes,no,cellular,20,apr,2,350,1,failure,1,0.3613394293625793
43,blue-collar,single,primary,yes,69,no,yes,cellular,28,jul,5,0,0,unknown,0,0.36129297822192674
51,retired,married,secondary,no,0,no,no,cellular,7,aug,4,0,0,unknown,0,0.3612516299754526
39,management,married,tertiary,no,5495,yes,no,cellular,19,aug,6,0,0,unknown,0,0.36120030780632256
37,technician,single,secondary,no,103,yes,no,cellular,30,jul,3,0,0,unknown,0,0.36119240772459466
36,management,married,tertiary,no,591,yes,no,cellular,25,aug,5,0,0,unknown,0,0.36116807178577653
41,self-employed,married,secondary,no,28,yes,no,cellular,11,may,1,0,0,unknown,0,0.3609873179676032
30,management,divorced,tertiary,no,415,yes,yes,cellular,6,may,1,343,4,failure,1,0.36096126763690506
28,services,single,secondary,no,118,yes,yes,cellular,15,may,3,368,1,failure,1,0.3609580414519783
40,blue-collar,married,primary,no,106,yes,no,cellular,17,apr,2,0,0,unknown,0,0.36091883717464357
34,blue-collar,divorced,secondary,no,1125,yes,yes,cellular,19,nov,2,0,0,unknown,0,0.36089978911643716
51,management,married,tertiary,no,409,yes,no,cellular,28,jan,1,0,0,unknown,0,0.36082775554965724
37,admin.,married,secondary,no,0,yes,no,cellular,25,may,1,0,0,unknown,0,0.3607426637752472
47,technician,divorced,tertiary,no,8,no,no,cellular,29,aug,2,0,0,unknown,0,0.36071374225716857
45,blue-collar,married,secondary,no,827,yes,yes,cellular,8,aug,2,0,0,unknown,0,0.36061429240871823
36,services,married,tertiary,no,0,yes,no,cellular,8,may,1,0,0,unknown,0,0.3605844098512634
31,blue-collar,single,secondary,no,855,yes,no,cellular,16,apr,1,317,2,failure,1,0.36054554168935427
49,services,married,unknown,no,1990,yes,no,cellular,19,nov,4,0,0,unknown,0,0.36049910951837333
35,management,divorced,tertiary,no,29,no,no,cellular,25,aug,4,0,0,unknown,0,0.36048915830087536
28,blue-collar,single,secondary,no,387,yes,no,cellular,13,mar,11,282,1,other,1,0.36048126048051016
32,admin.,married,tertiary,no,157,no,no,cellular,27,aug,4,0,0,unknown,0,0.36035029619720005
43,technician,divorced,secondary,no,305,yes,no,cellular,5,may,2,250,4,failure,1,0.3603122038112364
35,management,married,tertiary,no,0,yes,no,cellular,5,aug,2,0,0,unknown,0,0.36030741238016434
56,management,divorced,tertiary,no,2959,yes,no,telephone,18,may,1,0,0,unknown,0,0.3602605055130621
29,management,married,tertiary,no,1,yes,no,cellular,17,jul,1,0,0,unknown,0,0.36019139897166835
36,blue-collar,married,primary,no,345,yes,no,cellular,25,jul,2,0,0,unknown,0,0.36016470720742055
27,housemaid,single,secondary,yes,-319,no,yes,cellular,30,jul,2,0,0,unknown,0,0.36015614302983434
37,entrepreneur,single,secondary,no,20453,yes,no,telephone,4,may,1,0,0,unknown,0,0.360137530603236
41,admin.,single,secondary,no,-109,yes,yes,cellular,11,may,1,370,1,failure,1,0.36007526244943244
32,blue-collar,married,primary,no,642,no,yes,cellular,8,jul,1,0,0,unknown,0,0.360062290140145
35,unemployed,single,secondary,no,9,yes,no,cellular,13,may,2,364,2,failure,1,0.3600326838241261
38,management,married,tertiary,no,76,yes,no,cellular,7,jul,3,0,0,unknown,0,0.3599747402741738
28,admin.,single,secondary,no,305,yes,no,telephone,18,jul,1,0,0,unknown,0,0.35994432007800137
47,management,married,tertiary,no,109,yes,no,cellular,22,jul,1,0,0,unknown,0,0.35991512490764377
56,admin.,divorced,secondary,no,985,no,yes,cellular,18,aug,2,0,0,unknown,0,0.3598520379458302
29,blue-collar,married,secondary,no,210,no,yes,cellular,22,jul,1,0,0,unknown,0,0.35982701486699736
38,self-employed,married,secondary,no,290,yes,no,cellular,2,feb,1,258,1,failure,1,0.35981832263561764
55,blue-collar,married,primary,no,3297,yes,yes,telephone,30,apr,1,0,0,unknown,0,0.3596692812445192
40,technician,divorced,secondary,no,692,yes,no,unknown,30,may,3,0,0,unknown,0,0.359637799185114
27,services,married,secondary,no,0,yes,no,cellular,17,jul,5,0,0,unknown,0,0.3596160346210971
35,services,married,secondary,no,347,yes,no,cellular,6,may,4,0,0,unknown,0,0.3595542078615361
29,admin.,divorced,secondary,no,2,no,yes,cellular,29,jan,1,0,0,unknown,0,0.35955175052972416
29,admin.,divorced,tertiary,yes,0,no,yes,cellular,9,jul,3,0,0,unknown,0,0.35954997897700103
42,management,divorced,tertiary,no,401,yes,no,cellular,24,jul,9,0,0,unknown,0,0.3595342011557723
32,unemployed,married,tertiary,no,283,yes,no,cellular,22,jul,2,0,0,unknown,0,0.35941481997131314
35,admin.,married,tertiary,no,163,yes,no,cellular,6,aug,6,0,0,unknown,0,0.35935496714010784
35,management,married,tertiary,no,552,yes,yes,cellular,18,jul,1,0,0,unknown,0,0.3590857138931004
29,management,married,tertiary,no,16,yes,no,cellular,16,jul,6,0,0,unknown,0,0.3590756157940616
43,housemaid,married,primary,no,94,no,no,cellular,23,jul,9,0,0,unknown,0,0.3590165553555797
48,management,married,secondary,no,4415,yes,no,cellular,8,aug,6,0,0,unknown,0,0.35900735477093265
46,services,married,secondary,no,561,yes,no,cellular,9,feb,4,256,7,failure,1,0.3589741392235134
52,admin.,married,secondary,no,190,no,no,cellular,27,aug,3,0,0,unknown,0,0.35896251764419523
35,admin.,single,secondary,no,-16,no,yes,cellular,28,jul,3,0,0,unknown,0,0.35886105594116613
55,blue-collar,married,unknown,no,23,no,no,cellular,13,aug,2,0,0,unknown,0,0.3587205451850029
25,student,married,tertiary,no,10,yes,no,cellular,21,jul,4,0,0,unknown,0,0.35868309568374424
53,blue-collar,married,primary,yes,-462,no,no,cellular,29,jan,1,0,0,unknown,0,0.3586243754011777
38,technician,married,secondary,no,183,yes,no,cellular,16,apr,3,339,2,failure,1,0.3585660648189405
42,management,single,tertiary,no,270,yes,no,cellular,31,jul,5,0,0,unknown,0,0.35855533149510493
52,blue-collar,single,secondary,no,201,yes,no,cellular,11,may,1,301,3,other,1,0.3585209224701916
40,technician,single,secondary,no,34,no,no,cellular,20,aug,3,0,0,unknown,0,0.3584712654636056
48,blue-collar,married,primary,no,783,no,yes,cellular,6,aug,2,0,0,unknown,0,0.3584058585725316
38,blue-collar,single,secondary,no,5133,yes,no,cellular,21,nov,2,168,2,other,1,0.3584003122810661
58,retired,married,tertiary,no,4048,no,yes,cellular,15,jul,5,0,0,unknown,0,0.35836823077377894
28,blue-collar,single,secondary,no,975,yes,no,unknown,18,jun,3,0,0,unknown,0,0.358266171568944
55,blue-collar,divorced,secondary,no,-152,yes,no,cellular,7,may,3,0,0,unknown,0,0.35823932503907086
46,technician,divorced,tertiary,no,0,yes,no,cellular,11,aug,5,0,0,unknown,0,0.35812525034705317
39,management,single,tertiary,no,0,no,no,cellular,25,aug,5,0,0,unknown,0,0.3581244957722685
54,management,divorced,tertiary,no,0,no,yes,cellular,10,jul,1,0,0,unknown,0,0.3581065088832559
40,self-employed,married,tertiary,no,355,yes,no,cellular,17,jul,2,0,0,unknown,0,0.3580358555380501
44,management,married,tertiary,no,278,no,no,cellular,28,aug,4,0,0,unknown,0,0.3579619528816126
47,services,married,unknown,no,11,no,no,cellular,8,aug,4,0,0,unknown,0,0.35796040179375654
42,blue-collar,married,secondary,no,-150,yes,no,cellular,20,apr,3,0,0,unknown,0,0.3579334130299376
34,management,married,secondary,yes,879,yes,no,cellular,17,apr,1,344,1,failure,1,0.3578709801094344
43,management,married,tertiary,no,2767,yes,no,cellular,17,nov,1,186,7,failure,1,0.35785089319122454
31,management,married,tertiary,no,3,yes,yes,cellular,11,feb,1,0,0,unknown,0,0.3577916415912905
40,blue-collar,married,secondary,no,384,no,yes,cellular,30,jul,3,0,0,unknown,0,0.3577806246650942
44,unemployed,married,tertiary,no,17747,yes,no,cellular,5,feb,7,0,0,unknown,0,0.35777065631263594
35,blue-collar,married,secondary,no,911,yes,no,cellular,14,may,2,175,7,failure,1,0.35776451003996484
32,admin.,divorced,secondary,no,-46,no,yes,cellular,18,jul,4,0,0,unknown,0,0.35763885675265283
52,management,married,tertiary,no,1453,no,no,telephone,29,jul,21,0,0,unknown,0,0.3576287925508933
30,management,single,secondary,no,7870,yes,no,cellular,28,aug,7,0,0,unknown,0,0.35755373244390576
46,blue-collar,married,primary,no,564,yes,no,cellular,29,jul,2,0,0,unknown,0,0.3574371862802944
57,blue-collar,married,primary,no,649,yes,no,cellular,13,may,2,0,0,unknown,0,0.35742053099774196
33,services,married,secondary,no,-52,yes,no,cellular,18,may,1,0,0,unknown,0,0.35736835514169163
26,entrepreneur,married,secondary,no,1,yes,no,cellular,24,jul,2,0,0,unknown,0,0.3573465385832193
43,management,married,tertiary,no,370,no,no,cellular,28,aug,5,0,0,unknown,0,0.35733794697391036
38,management,married,tertiary,no,5432,yes,yes,cellular,17,apr,1,149,2,failure,1,0.3573046130294384
50,technician,married,secondary,no,-70,no,no,cellular,6,aug,2,0,0,unknown,0,0.35713077866526255
28,admin.,single,secondary,no,6100,no,no,unknown,27,dec,1,0,0,unknown,0,0.35711016283402763
34,self-employed,married,tertiary,no,0,yes,no,cellular,10,jul,1,0,0,unknown,0,0.35696010669027395
57,admin.,married,secondary,no,403,yes,no,cellular,18,may,1,340,2,other,1,0.35692099510772424
23,services,single,secondary,no,500,yes,no,unknown,4,jun,3,0,0,unknown,0,0.3569144811700001
48,management,divorced,tertiary,no,428,yes,no,cellular,4,may,2,167,2,failure,1,0.3568958134425517
35,admin.,married,secondary,no,34,yes,no,cellular,13,may,2,365,3,failure,1,0.3568843291619909
46,admin.,married,secondary,no,38,yes,yes,cellular,12,may,1,0,0,unknown,0,0.35679278080150545
37,self-employed,single,primary,no,235,yes,no,cellular,17,apr,4,323,9,failure,1,0.3567595925788796
59,technician,married,secondary,no,283,no,no,cellular,25,aug,4,0,0,unknown,0,0.356724917239993
32,entrepreneur,married,secondary,no,0,yes,no,cellular,11,jul,2,0,0,unknown,0,0.35669013558327256
31,management,divorced,secondary,no,0,yes,no,cellular,15,jul,7,0,0,unknown,0,0.35668253928048843
33,entrepreneur,married,tertiary,no,407,yes,no,cellular,28,jul,2,0,0,unknown,0,0.35666090471603196
44,management,married,tertiary,no,58,yes,no,cellular,14,jul,3,0,0,unknown,0,0.356646879183533
35,admin.,married,secondary,no,1,yes,no,cellular,9,jul,1,0,0,unknown,0,0.3566425749733154
31,technician,married,tertiary,no,237,yes,no,cellular,31,jul,2,0,0,unknown,0,0.35657691805757835
32,blue-collar,single,secondary,no,33,yes,no,cellular,18,may,1,368,4,failure,1,0.3565618173027067
37,self-employed,divorced,tertiary,yes,353,yes,yes,cellular,18,nov,1,0,0,unknown,0,0.35627722670654266
57,management,married,tertiary,no,4929,yes,no,telephone,31,jul,4,0,0,unknown,0,0.35623936255456273
57,management,divorced,tertiary,no,0,no,yes,cellular,21,nov,2,0,0,unknown,0,0.356156620683883
30,admin.,married,secondary,no,-68,yes,no,cellular,10,jul,1,0,0,unknown,0,0.35614133106761847
44,technician,single,secondary,no,140,yes,no,cellular,8,may,2,268,2,failure,1,0.3560503681650743
51,management,divorced,tertiary,no,-79,yes,no,cellular,21,nov,1,0,0,unknown,0,0.3560142925466861
51,management,married,tertiary,no,257,yes,no,cellular,8,may,2,0,0,unknown,0,0.35590191060300774
46,services,married,secondary,no,375,no,no,telephone,31,jul,6,0,0,unknown,0,0.3558965133340633
29,admin.,married,secondary,no,1,yes,no,cellular,15,jul,3,0,0,unknown,0,0.3558629906930429
24,technician,single,secondary,no,2355,yes,no,unknown,17,jun,3,0,0,unknown,0,0.3558415249092788
46,self-employed,divorced,tertiary,no,8017,yes,yes,cellular,21,nov,2,0,0,unknown,0,0.35582415550221064
36,unemployed,divorced,secondary,no,5,yes,no,cellular,30,jan,1,2,2,other,1,0.3558148220589635
42,management,married,tertiary,no,295,yes,no,cellular,26,aug,3,0,0,unknown,0,0.35579942012935156
23,management,single,tertiary,no,377,no,no,unknown,28,aug,1,0,0,unknown,0,0.35579248051646767
31,technician,married,secondary,no,310,yes,no,cellular,20,aug,2,0,0,unknown,0,0.3555788175215844
44,technician,married,secondary,no,-372,yes,no,cellular,17,apr,3,0,0,unknown,0,0.3554023909785031
34,unemployed,married,tertiary,no,473,no,no,cellular,28,aug,11,0,0,unknown,0,0.3553796096420945
38,services,married,secondary,no,797,yes,no,cellular,20,apr,4,0,0,unknown,0,0.3553312979895864
51,technician,married,secondary,no,130,no,no,cellular,22,aug,3,0,0,unknown,0,0.35531941665902345
28,blue-collar,married,secondary,no,53,yes,yes,cellular,6,feb,1,0,0,unknown,0,0.3552861245003729
58,technician,married,secondary,no,0,yes,no,cellular,15,jul,1,0,0,unknown,0,0.35527630678658484
24,technician,single,secondary,no,3926,yes,no,unknown,16,may,2,0,0,unknown,0,0.35526752204602735
25,technician,married,secondary,no,-559,yes,no,cellular,14,jul,3,0,0,unknown,0,0.35524385193196223
28,technician,married,secondary,no,-579,yes,yes,cellular,9,feb,2,0,0,unknown,0,0.35517102057567
59,services,married,secondary,no,0,yes,no,cellular,12,may,3,0,0,unknown,0,0.355130762111178
43,management,single,tertiary,no,0,no,no,cellular,28,aug,2,0,0,unknown,0,0.35506971375382335
36,management,married,secondary,no,644,yes,no,cellular,18,nov,2,0,0,unknown,0,0.35500246189351453
33,blue-collar,married,secondary,no,216,yes,yes,cellular,17,apr,1,0,0,unknown,0,0.3549857027110349
41,technician,married,secondary,no,-832,no,no,cellular,6,aug,5,0,0,unknown,0,0.35495882564436215
28,blue-collar,single,tertiary,no,727,yes,no,unknown,6,jun,4,0,0,unknown,0,0.3549061224909583
33,admin.,married,secondary,no,796,yes,no,telephone,6,apr,1,0,0,unknown,0,0.3548822095441691
29,blue-collar,single,secondary,no,908,yes,no,unknown,20,jun,1,0,0,unknown,0,0.3548659535720444
40,technician,single,secondary,no,57,no,yes,cellular,6,aug,4,0,0,unknown,0,0.3548497618806061
48,admin.,divorced,secondary,no,162,yes,no,cellular,12,may,1,368,4,failure,1,0.35484317342241206
37,management,married,tertiary,no,675,no,no,cellular,26,aug,13,0,0,unknown,0,0.35479809747808555
35,management,single,tertiary,no,0,no,no,cellular,29,aug,2,0,0,unknown,0,0.35473622755178197
33,management,single,secondary,no,0,no,no,cellular,26,aug,2,0,0,unknown,0,0.35465690498256935
54,services,married,unknown,no,0,yes,no,cellular,5,feb,2,267,1,other,1,0.3546310765777873
54,unknown,married,unknown,no,390,no,no,cellular,20,aug,5,0,0,unknown,0,0.354629207209125
33,management,married,tertiary,no,4,yes,no,cellular,16,jul,5,0,0,unknown,0,0.3546061724579095
37,services,married,secondary,no,47,yes,no,cellular,20,apr,3,0,0,unknown,0,0.3546032911379291
57,management,married,tertiary,no,224,yes,no,cellular,24,jul,4,0,0,unknown,0,0.3545719384430617
45,unemployed,married,tertiary,no,579,yes,no,cellular,30,jul,2,0,0,unknown,0,0.3545608765761311
30,technician,married,secondary,no,274,yes,yes,cellular,11,aug,2,0,0,unknown,0,0.354524961637146
47,blue-collar,single,secondary,yes,-380,no,no,cellular,9,jul,17,0,0,unknown,0,0.35450853527037507
31,management,single,tertiary,no,3967,yes,no,cellular,21,nov,1,182,1,failure,1,0.3544631040672151
45,management,married,tertiary,no,1034,no,yes,cellular,24,jul,4,0,0,unknown,0,0.35445428038574467
56,services,single,secondary,no,-40,yes,no,cellular,15,may,1,368,2,failure,1,0.3544420442573404
30,admin.,married,secondary,no,187,yes,no,cellular,18,nov,1,0,0,unknown,0,0.35440525225116654
58,management,married,secondary,no,407,yes,no,cellular,29,jul,2,0,0,unknown,0,0.35438457437456966
20,admin.,single,secondary,no,66,yes,no,unknown,19,jun,2,0,0,unknown,0,0.3543827590520116
47,admin.,married,secondary,no,3386,no,yes,cellular,10,jul,17,0,0,unknown,0,0.35438065107012706
39,blue-collar,single,secondary,no,519,yes,yes,cellular,5,may,3,166,15,failure,1,0.3543525131427698
27,blue-collar,married,primary,no,237,yes,no,cellular,22,jul,6,0,0,unknown,0,0.3543512760366722
29,blue-collar,married,primary,no,544,no,yes,cellular,21,jul,4,0,0,unknown,0,0.3543489509257941
41,admin.,married,secondary,no,1380,yes,no,cellular,17,apr,1,333,1,failure,1,0.3543411758916139
38,technician,single,secondary,no,435,yes,no,cellular,6,may,4,345,1,failure,1,0.35432227664714366
27,admin.,married,secondary,no,0,yes,yes,cellular,18,may,5,0,0,unknown,0,0.3543180632385974
36,management,divorced,tertiary,no,0,no,no,cellular,28,aug,4,0,0,unknown,0,0.35421339404901475
44,management,married,primary,no,4758,yes,no,cellular,22,jul,6,0,0,unknown,0,0.35413106747764095
35,unknown,married,primary,no,365,no,no,cellular,29,aug,2,0,0,unknown,0,0.3540921111564467
58,services,married,secondary,no,2745,yes,no,cellular,7,may,1,324,2,failure,1,0.35406630934272443
39,blue-collar,married,primary,no,521,no,yes,cellular,10,jul,1,0,0,unknown,0,0.3540562456426912
46,entrepreneur,divorced,secondary,no,-563,no,yes,cellular,15,jul,4,0,0,unknown,0,0.35403650462947406
31,management,single,tertiary,no,0,yes,no,cellular,28,jul,3,0,0,unknown,0,0.35400866581729384
43,management,married,secondary,no,481,yes,no,telephone,18,nov,1,110,2,other,1,0.3539999067620851
36,technician,married,secondary,no,659,yes,no,cellular,29,jan,2,0,0,unknown,0,0.3539612711515261
31,management,single,tertiary,no,0,no,no,cellular,25,aug,5,0,0,unknown,0,0.35391685322850946
30,blue-collar,married,secondary,no,177,yes,no,cellular,9,apr,2,332,3,failure,1,0.35390469411821096
51,blue-collar,married,primary,no,505,no,yes,cellular,7,jul,1,0,0,unknown,0,0.3539038795500515
27,blue-collar,single,primary,no,-579,yes,no,cellular,18,may,1,367,3,failure,1,0.35387717923784867
31,technician,single,secondary,no,4,no,no,cellular,21,aug,3,0,0,unknown,0,0.35378981032227164
28,management,single,tertiary,no,111,yes,yes,cellular,28,jul,2,0,0,unknown,0,0.3537724252440302
51,blue-collar,married,secondary,no,187,yes,no,cellular,6,aug,3,0,0,unknown,0,0.35376958230388666
43,admin.,married,secondary,no,0,no,no,cellular,31,jul,8,0,0,unknown,0,0.3537686537953741
38,management,married,tertiary,no,-70,yes,no,cellular,30,jan,1,2,3,other,1,0.3537628542719418
49,unemployed,divorced,secondary,no,-214,yes,no,cellular,23,jul,1,0,0,unknown,0,0.3537583119610472
30,admin.,married,tertiary,no,42,yes,yes,cellular,16,nov,1,0,0,unknown,0,0.3537299728186173
36,blue-collar,married,secondary,no,129,yes,no,cellular,12,may,4,0,0,unknown,0,0.3536541492575981
34,blue-collar,married,secondary,no,559,yes,no,telephone,18,nov,1,193,1,other,1,0.3536112800487976
43,technician,married,secondary,no,38,yes,no,cellular,14,may,1,0,0,unknown,0,0.3536092645245298
47,admin.,married,secondary,no,663,yes,yes,cellular,12,may,1,274,6,other,1,0.35356510872462876
33,technician,married,secondary,no,162,yes,yes,cellular,14,jul,2,0,0,unknown,0,0.35355685834161343
55,blue-collar,married,unknown,no,2691,yes,no,cellular,20,nov,1,104,2,other,1,0.3535563965009971
47,technician,married,secondary,no,0,yes,no,cellular,8,jul,1,0,0,unknown,0,0.3535518494871955
35,management,married,tertiary,no,4943,yes,no,cellular,18,nov,1,124,2,failure,1,0.35353552358338886
35,self-employed,single,tertiary,no,1129,yes,no,cellular,21,nov,2,184,2,failure,1,0.3535250866693169
33,entrepreneur,married,secondary,no,0,no,yes,cellular,7,jul,4,0,0,unknown,0,0.35350517108016183
41,technician,single,secondary,no,568,yes,no,unknown,30,may,2,0,0,unknown,0,0.3535033987610038
43,technician,divorced,secondary,no,0,no,no,cellular,19,aug,3,0,0,unknown,0,0.35350289423426473
60,retired,married,primary,no,0,no,no,cellular,18,aug,3,0,0,unknown,0,0.35349137153875526
49,entrepreneur,divorced,tertiary,no,1342,yes,yes,cellular,7,apr,1,140,1,failure,1,0.35339546703918806
36,technician,married,secondary,no,-78,yes,no,cellular,6,may,1,0,0,unknown,0,0.35338060807365
56,blue-collar,married,primary,no,278,no,yes,cellular,9,jul,3,0,0,unknown,0,0.3533290132506736
32,blue-collar,married,secondary,no,7365,yes,no,cellular,31,jul,5,0,0,unknown,0,0.35332662553058314
56,retired,married,secondary,no,1333,no,no,cellular,28,aug,14,0,0,unknown,0,0.35331554447434427
42,entrepreneur,married,primary,no,558,yes,no,cellular,6,may,2,0,0,unknown,0,0.35326503739162496
52,blue-collar,married,secondary,no,223,no,no,cellular,20,aug,4,0,0,unknown,0,0.35324165635628596
46,admin.,married,secondary,no,979,no,no,cellular,27,aug,15,0,0,unknown,0,0.35323766076127433
34,entrepreneur,married,tertiary,no,412,yes,yes,cellular,8,jul,1,0,0,unknown,0,0.3531869993933342
40,technician,married,secondary,no,6,yes,no,cellular,16,jul,1,0,0,unknown,0,0.3531596181745955
38,student,single,tertiary,no,3316,no,no,unknown,17,jun,3,0,0,unknown,0,0.3531011805962782
30,blue-collar,married,primary,no,-93,yes,no,cellular,13,apr,4,0,0,unknown,0,0.35308679403179843
27,technician,single,tertiary,no,3083,yes,no,unknown,29,may,2,0,0,unknown,0,0.3530438862909955
35,services,divorced,secondary,no,204,yes,no,cellular,17,nov,1,186,9,other,1,0.3529803811574302
55,services,married,secondary,no,96,no,no,telephone,30,jul,2,0,0,unknown,0,0.352922860717615
32,services,married,secondary,no,1977,yes,yes,cellular,18,may,4,0,0,unknown,0,0.3528651543295538
41,blue-collar,married,primary,no,686,yes,no,cellular,21,nov,3,0,0,unknown,0,0.35282200961579213
32,self-employed,married,secondary,no,8,yes,yes,cellular,13,may,2,0,0,unknown,0,0.35281860861689857
33,services,married,secondary,no,7,yes,yes,cellular,18,may,1,0,0,unknown,0,0.3528180865878669
26,admin.,married,secondary,no,0,yes,no,cellular,18,jul,6,0,0,unknown,0,0.3527557224157221
37,blue-collar,married,unknown,no,722,yes,no,cellular,17,apr,1,150,3,failure,1,0.3526491653349782
32,blue-collar,married,secondary,no,0,yes,no,cellular,20,nov,1,170,1,other,1,0.35263196446839085
39,admin.,married,primary,no,444,yes,no,cellular,8,may,2,0,0,unknown,0,0.3525543641750003
36,self-employed,single,tertiary,no,2000,no,no,unknown,6,jun,1,0,0,unknown,0,0.35250340191028046
55,technician,married,primary,no,938,no,yes,cellular,19,nov,1,0,0,unknown,0,0.35245441151297124
35,management,married,tertiary,no,1684,yes,no,cellular,28,aug,8,0,0,unknown,0,0.35241484777091076
47,management,married,tertiary,no,618,yes,no,cellular,7,may,2,359,3,failure,1,0.35240028331329903
55,technician,married,secondary,no,517,yes,yes,cellular,6,feb,3,263,4,failure,1,0.3523776091687718
54,blue-collar,single,secondary,no,1633,yes,no,unknown,4,oct,1,0,0,unknown,0,0.35237259402640914
47,admin.,married,secondary,no,3936,yes,no,telephone,31,jul,2,0,0,unknown,0,0.3523543618558767
44,blue-collar,married,primary,no,276,yes,no,cellular,30,jul,2,0,0,unknown,0,0.3521477507123671
52,blue-collar,married,primary,no,36,no,no,cellular,13,aug,2,0,0,unknown,0,0.35208792474372413
30,management,single,tertiary,no,234,yes,no,cellular,19,nov,1,169,2,failure,1,0.35206608575642695
30,services,married,secondary,no,-298,no,yes,cellular,10,jul,1,0,0,unknown,0,0.3520270398121164
57,services,married,secondary,no,1113,no,no,cellular,26,aug,20,0,0,unknown,0,0.35201385799939083
29,services,married,secondary,no,10,yes,no,cellular,14,jul,2,0,0,unknown,0,0.3519867095398878
50,services,married,primary,no,12,yes,no,cellular,13,aug,1,0,0,unknown,0,0.35197579067585716
38,admin.,single,secondary,no,3049,yes,yes,cellular,11,may,1,347,1,failure,1,0.3519467425188146
42,services,divorced,secondary,no,0,yes,yes,cellular,23,jul,1,0,0,unknown,0,0.3519013528799011
35,technician,married,secondary,no,410,yes,no,cellular,20,nov,2,0,0,unknown,0,0.3518980700838108
29,blue-collar,married,secondary,no,137,yes,no,cellular,17,apr,2,316,3,other,1,0.3518880054458443
48,blue-collar,divorced,secondary,yes,-535,yes,no,cellular,2,feb,2,187,2,failure,1,0.35186194907190554
41,blue-collar,married,secondary,no,427,yes,yes,cellular,14,may,2,0,0,unknown,0,0.35186161792888143
33,admin.,married,secondary,no,581,yes,no,cellular,19,nov,2,0,0,unknown,0,0.35185341021301225
35,blue-collar,married,secondary,no,-151,yes,no,cellular,5,feb,2,0,0,unknown,0,0.3518233929729683
52,unemployed,married,primary,no,255,no,yes,cellular,10,jul,3,0,0,unknown,0,0.3518098476170121
32,technician,single,secondary,no,-23,no,yes,cellular,7,aug,5,0,0,unknown,0,0.3517778932596407
34,technician,married,secondary,no,260,yes,no,cellular,22,aug,2,0,0,unknown,0,0.3516978275646794
55,technician,married,secondary,no,176,yes,no,cellular,28,jul,2,0,0,unknown,0,0.3516796220345762
37,management,married,tertiary,no,620,yes,no,cellular,17,nov,3,0,0,unknown,0,0.3516445889010958
57,entrepreneur,married,tertiary,no,0,no,no,telephone,18,jun,15,0,0,unknown,0,0.3516037222659863
53,technician,married,secondary,no,2818,yes,no,cellular,16,jul,7,0,0,unknown,0,0.3515625023308565
30,admin.,married,secondary,no,187,yes,no,cellular,7,may,1,170,1,failure,1,0.35156022239253204
43,blue-collar,single,primary,no,-399,no,yes,cellular,28,jul,3,0,0,unknown,0,0.35152475820879614
40,blue-collar,married,secondary,no,565,yes,yes,cellular,20,apr,2,0,0,unknown,0,0.35150487777451045
38,blue-collar,married,primary,no,406,yes,no,cellular,25,jul,5,0,0,unknown,0,0.35146033775988456
33,technician,single,tertiary,no,0,no,no,cellular,28,aug,2,0,0,unknown,0,0.3514552545773246
44,blue-collar,married,secondary,no,167,yes,no,cellular,15,may,2,373,1,failure,1,0.35144387005039784
51,services,married,primary,no,0,no,no,cellular,8,aug,2,0,0,unknown,0,0.3514081122563066
33,management,married,tertiary,no,418,yes,no,cellular,21,nov,1,0,0,unknown,0,0.35140179424864476
36,services,married,secondary,no,-302,yes,no,cellular,13,may,2,0,0,unknown,0,0.3513905804770516
34,management,single,secondary,no,0,no,no,cellular,22,aug,4,0,0,unknown,0,0.35132744886464484
37,management,married,tertiary,no,3770,yes,no,cellular,18,nov,1,110,4,failure,1,0.35129752417477533
32,management,single,tertiary,no,27,no,no,cellular,28,aug,3,0,0,unknown,0,0.3511088808646722
35,blue-collar,single,tertiary,no,1011,yes,no,cellular,20,apr,2,349,1,failure,1,0.35110524946786226
46,management,married,secondary,no,430,yes,no,cellular,18,nov,1,0,0,unknown,0,0.3510431256112156
41,management,married,tertiary,no,-370,yes,no,cellular,8,may,2,0,0,unknown,0,0.3510138004988877
43,management,married,primary,no,1880,yes,no,cellular,17,jul,6,0,0,unknown,0,0.350945122266646
34,management,married,tertiary,no,1273,no,no,unknown,11,aug,2,0,0,unknown,0,0.350915576677574
48,housemaid,divorced,secondary,no,-621,no,yes,cellular,14,jul,3,0,0,unknown,0,0.35091388555176706
47,blue-collar,married,primary,no,48,no,no,cellular,13,aug,2,0,0,unknown,0,0.3508953301032469
40,services,married,secondary,no,471,yes,no,cellular,24,jul,4,0,0,unknown,0,0.3508155697818453
42,admin.,married,secondary,no,645,yes,yes,cellular,11,jul,2,0,0,unknown,0,0.3507909633998607
43,blue-collar,single,secondary,no,1306,yes,no,cellular,16,apr,1,336,1,failure,1,0.3507828833450365
32,self-employed,married,primary,no,102,yes,no,cellular,18,jul,1,0,0,unknown,0,0.3507662951119688
40,admin.,married,secondary,no,79,yes,no,cellular,14,jul,3,0,0,unknown,0,0.35075727973942605
32,services,married,secondary,no,3360,yes,yes,cellular,7,aug,5,0,0,unknown,0,0.35069794113069297
45,services,married,primary,no,2406,yes,yes,cellular,20,apr,2,0,0,unknown,0,0.35062071997228794
42,blue-collar,married,secondary,no,1386,yes,no,cellular,29,jul,5,0,0,unknown,0,0.3505854928988523
42,management,married,tertiary,no,0,yes,no,cellular,15,jul,4,0,0,unknown,0,0.35056185721266325
30,admin.,single,tertiary,no,218,no,no,unknown,4,jul,2,0,0,unknown,0,0.3505350224693411
37,blue-collar,married,primary,no,61,yes,no,cellular,16,jul,3,0,0,unknown,0,0.3505082604505818
32,services,married,secondary,no,-489,yes,yes,cellular,18,may,1,180,3,failure,1,0.35039953589784056
31,entrepreneur,married,secondary,no,162,yes,yes,cellular,11,may,2,0,0,unknown,0,0.3503838840273125
30,blue-collar,married,secondary,no,1,no,yes,cellular,9,jul,1,0,0,unknown,0,0.35037432678478964
51,management,married,tertiary,no,0,yes,no,cellular,22,may,1,0,0,unknown,0,0.35035594998838676
35,management,married,tertiary,no,-273,yes,no,cellular,16,jul,3,0,0,unknown,0,0.35033093632699613
33,blue-collar,married,secondary,no,0,yes,yes,cellular,11,jul,1,0,0,unknown,0,0.35031804257863025
31,blue-collar,married,primary,no,290,yes,no,cellular,28,jul,3,0,0,unknown,0,0.3503054584832592
49,blue-collar,married,secondary,no,1219,yes,no,cellular,26,aug,5,0,0,unknown,0,0.3502770257591741
33,blue-collar,married,secondary,no,89,yes,no,cellular,18,jul,2,0,0,unknown,0,0.350252134430173
55,technician,married,tertiary,no,-466,yes,no,cellular,15,may,1,0,0,unknown,0,0.3501970228808819
31,technician,single,secondary,no,105,no,no,cellular,25,aug,4,0,0,unknown,0,0.3501463953778826
32,technician,single,secondary,no,0,no,no,cellular,26,aug,2,0,0,unknown,0,0.350117367349741
27,management,single,tertiary,no,703,yes,no,unknown,5,jun,3,0,0,unknown,0,0.35009430499841976
37,blue-collar,married,secondary,no,139,yes,no,cellular,18,may,5,0,0,unknown,0,0.3500198574051556
60,retired,married,secondary,no,5632,yes,no,cellular,30,jul,7,0,0,unknown,0,0.35000407563406766
34,management,married,tertiary,no,-123,yes,no,cellular,14,jul,3,0,0,unknown,0,0.34997693297936344
42,admin.,married,secondary,no,0,yes,no,cellular,8,jul,1,0,0,unknown,0,0.3499731214205253
37,admin.,single,secondary,no,31,yes,no,cellular,18,may,9,0,0,unknown,0,0.349922131572919
37,blue-collar,married,secondary,no,0,no,yes,cellular,10,jul,2,0,0,unknown,0,0.3498735462120214
36,blue-collar,married,secondary,no,74,yes,no,cellular,8,may,2,0,0,unknown,0,0.34984591794818326
31,admin.,divorced,secondary,no,525,no,yes,telephone,19,nov,7,0,0,unknown,0,0.34982795050012777
53,retired,divorced,secondary,no,-172,yes,yes,cellular,17,apr,1,0,0,unknown,0,0.3497088355377212
28,management,married,secondary,no,143,yes,no,cellular,22,jul,13,0,0,unknown,0,0.3496142592930424
36,technician,married,secondary,no,145,yes,yes,cellular,5,feb,2,0,0,unknown,0,0.34960967931411546
43,admin.,married,tertiary,no,279,yes,no,cellular,17,nov,1,0,0,unknown,0,0.34959606841029156
24,management,single,tertiary,no,933,yes,no,unknown,4,jun,1,0,0,unknown,0,0.3495404137208671
29,housemaid,single,secondary,no,4537,yes,no,telephone,5,may,1,0,0,unknown,0,0.34945026222303843
53,management,divorced,tertiary,no,15,no,no,cellular,28,aug,5,0,0,unknown,0,0.34938596020893137
46,management,married,tertiary,no,4039,yes,no,cellular,31,jul,9,0,0,unknown,0,0.34938426951610474
59,self-employed,married,tertiary,no,0,yes,no,cellular,23,jul,1,0,0,unknown,0,0.3493662829748488
49,technician,single,secondary,no,114,no,no,cellular,29,aug,6,0,0,unknown,0,0.34936233282483997
35,admin.,married,secondary,no,100,yes,no,cellular,14,may,4,0,0,unknown,0,0.3493265023962641
45,technician,single,tertiary,no,302,yes,no,cellular,21,nov,2,154,4,failure,1,0.3493162332877672
38,management,married,tertiary,no,516,yes,no,telephone,16,apr,3,0,0,unknown,0,0.3492898879162978
57,services,married,primary,no,1728,yes,no,telephone,16,jul,1,0,0,unknown,0,0.34928862199904026
39,technician,married,secondary,no,13165,yes,yes,cellular,22,aug,4,0,0,unknown,0,0.3492386702048542
42,technician,married,tertiary,no,250,no,yes,cellular,12,aug,3,0,0,unknown,0,0.34918186562969017
37,entrepreneur,married,tertiary,no,404,yes,no,cellular,28,jul,10,0,0,unknown,0,0.3491193055615625
40,blue-collar,married,secondary,no,503,yes,yes,cellular,18,may,2,0,0,unknown,0,0.3490926956106232
35,blue-collar,married,secondary,no,911,yes,no,cellular,20,nov,2,181,5,other,1,0.3490515975687068
35,management,married,tertiary,no,0,yes,yes,cellular,6,may,1,351,1,other,1,0.3489619788469719
51,services,single,secondary,no,516,yes,no,cellular,13,may,1,363,1,failure,1,0.34895959507066726
44,technician,married,secondary,no,267,no,yes,cellular,12,aug,3,0,0,unknown,0,0.34891318115137965
46,services,married,secondary,no,301,no,no,cellular,26,aug,7,0,0,unknown,0,0.3488958314644935
44,management,divorced,tertiary,yes,-26,no,no,cellular,22,aug,4,0,0,unknown,0,0.34887635909293524
32,blue-collar,divorced,secondary,no,-289,yes,yes,cellular,21,jul,5,0,0,unknown,0,0.34887572078446316
43,management,married,tertiary,no,28,yes,no,cellular,15,may,1,176,1,failure,1,0.34887022277031465
53,entrepreneur,married,secondary,no,162,yes,no,cellular,7,may,2,0,0,unknown,0,0.3488295402285802
29,technician,single,tertiary,no,2998,no,no,unknown,2,jun,3,0,0,unknown,0,0.34882194135729155
43,management,married,secondary,no,-100,yes,no,cellular,5,may,1,0,0,unknown,0,0.3488081345706449
57,management,married,tertiary,no,1357,yes,yes,cellular,18,nov,2,0,0,unknown,0,0.34878304415670974
48,technician,married,tertiary,no,443,yes,no,cellular,8,may,2,0,0,unknown,0,0.3487683347231084
28,services,married,primary,no,3,yes,no,cellular,14,may,1,0,0,unknown,0,0.34872800948521954
38,entrepreneur,married,tertiary,no,136,yes,yes,cellular,2,feb,2,0,0,unknown,0,0.348723446273914
25,management,single,tertiary,no,493,yes,no,unknown,4,jun,1,0,0,unknown,0,0.3486620985737324
44,blue-collar,divorced,primary,no,-97,yes,yes,cellular,15,may,3,288,4,failure,1,0.34865070926407526
51,management,divorced,tertiary,no,323,yes,no,cellular,25,jul,9,0,0,unknown,0,0.34863180354760975
34,blue-collar,married,secondary,no,808,yes,yes,cellular,17,jul,3,0,0,unknown,0,0.3486127071483104
